wallet,level,segment,n,roi_mean,roi_shrunk,t,winrate,roi_half1,roi_half2,approved
0xfc23869c29e0cda2b3d379c4aa665bbe5b3c2f5e,L1,Esports,1220,0.1961,0.196,5.07,0.58,0.1543,0.238,True
0xfc23869c29e0cda2b3d379c4aa665bbe5b3c2f5e,L2,Esports / Esports,1220,0.1961,0.196,5.07,0.58,0.1543,0.238,True
0xfc23869c29e0cda2b3d379c4aa665bbe5b3c2f5e,L3,Esports / Esports / League of Legends,386,0.3398,0.3323,3.06,0.604,0.2013,0.4784,True
0xfc23869c29e0cda2b3d379c4aa665bbe5b3c2f5e,L3,Esports / Esports / Counter Strike,728,0.1301,0.1316,5.02,0.566,0.1047,0.1555,True
0xfc23869c29e0cda2b3d379c4aa665bbe5b3c2f5e,L3,Esports / Esports / Valorant,82,0.1351,0.1452,3.44,0.61,0.168,0.1021,True
0xfc23869c29e0cda2b3d379c4aa665bbe5b3c2f5e,L2t,Esports / Esports / type=child_moneyline,1021,0.1757,0.1759,6.0,0.581,0.1606,0.1907,True
0xfc23869c29e0cda2b3d379c4aa665bbe5b3c2f5e,L1b,Esports / price=0.10-0.30,223,0.3057,0.296,4.05,0.475,0.321,0.2906,True
0xfc23869c29e0cda2b3d379c4aa665bbe5b3c2f5e,L1b,Esports / price=0.30-0.50,302,0.1926,0.1923,5.27,0.573,0.2158,0.1695,True
0xfc23869c29e0cda2b3d379c4aa665bbe5b3c2f5e,L1b,Esports / price=0.50-0.70,339,0.112,0.1162,5.31,0.634,0.1546,0.0697,True
0xfc23869c29e0cda2b3d379c4aa665bbe5b3c2f5e,L1b,Esports / price=0.70-0.90,217,0.0561,0.0672,3.52,0.659,0.0543,0.0579,True
0xfc23869c29e0cda2b3d379c4aa665bbe5b3c2f5e,L2b,Esports / Esports / price=0.10-0.30,223,0.3057,0.296,4.05,0.475,0.321,0.2906,True
0xfc23869c29e0cda2b3d379c4aa665bbe5b3c2f5e,L2b,Esports / Esports / price=0.30-0.50,302,0.1926,0.1923,5.27,0.573,0.2158,0.1695,True
0xfc23869c29e0cda2b3d379c4aa665bbe5b3c2f5e,L2b,Esports / Esports / price=0.50-0.70,339,0.112,0.1162,5.31,0.634,0.1546,0.0697,True
0xfc23869c29e0cda2b3d379c4aa665bbe5b3c2f5e,L2b,Esports / Esports / price=0.70-0.90,217,0.0561,0.0672,3.52,0.659,0.0543,0.0579,True
0xfc23869c29e0cda2b3d379c4aa665bbe5b3c2f5e,L2l,Esports / Esports / live,1203,0.1973,0.1971,5.03,0.579,0.1569,0.2376,True
0x0063b23cdeb43166d6c0246c05baaf9b9bd72dd2,L1,Esports,1090,0.081,0.0811,4.06,0.514,0.0749,0.0871,True
0x0063b23cdeb43166d6c0246c05baaf9b9bd72dd2,L1,Sports,124,0.1208,0.1158,2.62,0.54,0.0651,0.1765,True
0x0063b23cdeb43166d6c0246c05baaf9b9bd72dd2,L2,Esports / Esports,1090,0.081,0.0811,4.06,0.514,0.0749,0.0871,True
0x0063b23cdeb43166d6c0246c05baaf9b9bd72dd2,L2,Sports / Tennis,32,0.1494,0.1247,2.07,0.562,0.2984,0.0004,True
0x0063b23cdeb43166d6c0246c05baaf9b9bd72dd2,L3,Esports / Esports / Counter Strike,1090,0.081,0.0811,4.06,0.514,0.0749,0.0871,True
0x0063b23cdeb43166d6c0246c05baaf9b9bd72dd2,L3,Sports / Tennis / Counter Strike,32,0.1494,0.1247,2.07,0.562,0.2984,0.0004,True
0x0063b23cdeb43166d6c0246c05baaf9b9bd72dd2,L2t,Esports / Esports / type=child_moneyline,960,0.0735,0.0738,3.56,0.516,0.0598,0.0873,True
0x0063b23cdeb43166d6c0246c05baaf9b9bd72dd2,L2t,Sports / Tennis / type=moneyline,32,0.1494,0.1247,2.07,0.562,0.2984,0.0004,True
0x0063b23cdeb43166d6c0246c05baaf9b9bd72dd2,L1b,Esports / price=0.10-0.30,190,0.2142,0.2019,2.8,0.426,0.1985,0.23,True
0x0063b23cdeb43166d6c0246c05baaf9b9bd72dd2,L1b,Esports / price=0.30-0.50,307,0.0953,0.0947,2.7,0.472,0.0604,0.1301,True
0x0063b23cdeb43166d6c0246c05baaf9b9bd72dd2,L1b,Esports / price=0.50-0.70,275,0.0792,0.0796,3.1,0.564,0.1041,0.0545,True
0x0063b23cdeb43166d6c0246c05baaf9b9bd72dd2,L2b,Esports / Esports / price=0.10-0.30,190,0.2142,0.2019,2.8,0.426,0.1985,0.23,True
0x0063b23cdeb43166d6c0246c05baaf9b9bd72dd2,L2b,Esports / Esports / price=0.30-0.50,307,0.0953,0.0947,2.7,0.472,0.0604,0.1301,True
0x0063b23cdeb43166d6c0246c05baaf9b9bd72dd2,L2b,Esports / Esports / price=0.50-0.70,275,0.0792,0.0796,3.1,0.564,0.1041,0.0545,True
0x0063b23cdeb43166d6c0246c05baaf9b9bd72dd2,L2l,Esports / Esports / live,1064,0.0822,0.0822,4.06,0.515,0.0792,0.0852,True
0x0063b23cdeb43166d6c0246c05baaf9b9bd72dd2,L2l,Sports / Tennis / live,32,0.1494,0.1247,2.07,0.562,0.2984,0.0004,True
0xb26fa000b3b281ba582bebc3457e12f0b8219536,L1,Esports,640,0.0766,0.0766,2.09,0.534,0.0716,0.0815,True
0xb26fa000b3b281ba582bebc3457e12f0b8219536,L2,Esports / Esports,640,0.0766,0.0766,2.09,0.534,0.0716,0.0815,True
0xb26fa000b3b281ba582bebc3457e12f0b8219536,L3,Esports / Esports / Dota 2,454,0.1029,0.1019,2.47,0.562,0.0545,0.1512,True
0xb26fa000b3b281ba582bebc3457e12f0b8219536,L1b,Esports / price=0.70-0.90,86,0.0999,0.096,2.64,0.767,0.1272,0.0726,True
0xb26fa000b3b281ba582bebc3457e12f0b8219536,L2b,Esports / Esports / price=0.70-0.90,86,0.0999,0.096,2.64,0.767,0.1272,0.0726,True
0xb26fa000b3b281ba582bebc3457e12f0b8219536,L2l,Esports / Esports / live,636,0.0765,0.0766,2.08,0.536,0.0739,0.0792,True
0x86df6ce94c9263d09a6052b43d652adb7b51d902,L1,Esports,393,0.0631,0.0629,2.09,0.489,0.0621,0.0641,True
0x86df6ce94c9263d09a6052b43d652adb7b51d902,L2,Esports / Esports,393,0.0631,0.0629,2.09,0.489,0.0621,0.0641,True
0x86df6ce94c9263d09a6052b43d652adb7b51d902,L3,Esports / Esports / Valorant,130,0.0765,0.0742,2.55,0.508,0.0853,0.0677,True
0x86df6ce94c9263d09a6052b43d652adb7b51d902,L2t,Esports / Esports / type=child_moneyline,354,0.0683,0.0679,2.08,0.489,0.0722,0.0644,True
0x86df6ce94c9263d09a6052b43d652adb7b51d902,L1b,Esports / price=0.50-0.70,103,0.0887,0.084,2.55,0.612,0.1431,0.0354,True
0x86df6ce94c9263d09a6052b43d652adb7b51d902,L1b,Esports / price=0.70-0.90,70,0.0724,0.0696,3.26,0.657,0.0854,0.0595,True
0x86df6ce94c9263d09a6052b43d652adb7b51d902,L2b,Esports / Esports / price=0.50-0.70,103,0.0887,0.084,2.55,0.612,0.1431,0.0354,True
0x86df6ce94c9263d09a6052b43d652adb7b51d902,L2b,Esports / Esports / price=0.70-0.90,70,0.0724,0.0696,3.26,0.657,0.0854,0.0595,True
0x86df6ce94c9263d09a6052b43d652adb7b51d902,L2l,Esports / Esports / live,380,0.0649,0.0646,2.09,0.492,0.0685,0.0612,True
0x10d79cc72df76ea3d6bdc2d54f41dbcbbb18bbf6,L1b,Esports / price=0.70-0.90,347,0.0641,0.0607,2.46,0.833,0.0226,0.1053,True
0x10d79cc72df76ea3d6bdc2d54f41dbcbbb18bbf6,L2b,Esports / Esports / price=0.70-0.90,347,0.0641,0.0607,2.46,0.833,0.0226,0.1053,True
0x10d79cc72df76ea3d6bdc2d54f41dbcbbb18bbf6,L2b,Sports / Tennis / price=0.70-0.90,31,0.1779,0.109,2.46,0.903,0.1034,0.2478,True
0xf201a19b43471261a3c1ba9247335d55270e527e,L1b,Esports / price=0.30-0.50,461,0.1313,0.1278,2.54,0.456,0.2172,0.0458,True
0xf201a19b43471261a3c1ba9247335d55270e527e,L2b,Esports / Esports / price=0.30-0.50,461,0.1313,0.1278,2.54,0.456,0.2172,0.0458,True
0xb0ccfba29aaf3c20ce28cf97349c951ba589f09b,L1,Sports,589,0.2263,0.2261,2.07,0.489,0.0897,0.3624,True
0xb0ccfba29aaf3c20ce28cf97349c951ba589f09b,L2,Sports / Other sport,587,0.2305,0.2302,2.1,0.491,0.0935,0.367,True
0xb0ccfba29aaf3c20ce28cf97349c951ba589f09b,L2t,Sports / Other sport / type=binary,587,0.2305,0.2302,2.1,0.491,0.0935,0.367,True
0xb0ccfba29aaf3c20ce28cf97349c951ba589f09b,L1b,Sports / price=0.50-0.70,96,0.1144,0.1329,3.6,0.656,0.0584,0.1703,True
0xb0ccfba29aaf3c20ce28cf97349c951ba589f09b,L1b,Sports / price=0.30-0.50,110,0.0942,0.1138,2.54,0.609,0.0455,0.1429,True
0xb0ccfba29aaf3c20ce28cf97349c951ba589f09b,L2b,Sports / Other sport / price=0.50-0.70,96,0.1144,0.1329,3.6,0.656,0.0584,0.1703,True
0xb0ccfba29aaf3c20ce28cf97349c951ba589f09b,L2b,Sports / Other sport / price=0.30-0.50,110,0.0942,0.1138,2.54,0.609,0.0455,0.1429,True
0xb0ccfba29aaf3c20ce28cf97349c951ba589f09b,L2l,Sports / Other sport / live,572,0.2268,0.2266,2.03,0.495,0.0781,0.3756,True
0x2d395d11014415644fe9a8599fe050e7f3a06053,L1,Esports,2311,0.0741,0.0741,2.28,0.534,0.0709,0.0773,True
0x2d395d11014415644fe9a8599fe050e7f3a06053,L2,Esports / Esports,2311,0.0741,0.0741,2.28,0.534,0.0709,0.0773,True
0x2d395d11014415644fe9a8599fe050e7f3a06053,L2l,Esports / Esports / live,2193,0.0718,0.0719,2.12,0.532,0.0739,0.0697,True
0x3471a897e56a8d3621ca79af87dae4325977f17e,L1,Esports,2392,0.081,0.0811,2.51,0.536,0.0687,0.0934,True
0x3471a897e56a8d3621ca79af87dae4325977f17e,L2,Esports / Esports,2392,0.081,0.0811,2.51,0.536,0.0687,0.0934,True
0x3471a897e56a8d3621ca79af87dae4325977f17e,L1b,Esports / price=0.30-0.50,837,0.0988,0.0985,2.29,0.446,0.1081,0.0896,True
0x3471a897e56a8d3621ca79af87dae4325977f17e,L2b,Esports / Esports / price=0.30-0.50,837,0.0988,0.0985,2.29,0.446,0.1081,0.0896,True
0x3471a897e56a8d3621ca79af87dae4325977f17e,L2l,Esports / Esports / live,2275,0.0763,0.0764,2.27,0.532,0.0615,0.091,True
0x0be34ffafafa7f3a2998b15b05e04d36cb2835fe,L1,Esports,1019,0.0256,0.0252,2.35,0.918,0.0023,0.0489,True
0x0be34ffafafa7f3a2998b15b05e04d36cb2835fe,L2,Esports / Esports,1019,0.0256,0.0252,2.35,0.918,0.0023,0.0489,True
0x0be34ffafafa7f3a2998b15b05e04d36cb2835fe,L3,Esports / Esports / Dota 2,143,0.051,0.0449,2.93,0.958,0.041,0.0609,True
0x0be34ffafafa7f3a2998b15b05e04d36cb2835fe,L3,Sports / Soccer / UEFA Nations League,98,0.0317,0.0265,2.81,0.99,0.0116,0.0517,True
0x0be34ffafafa7f3a2998b15b05e04d36cb2835fe,L2t,Sports / Other sport / type=spreads,38,0.0447,0.0297,8.87,0.974,0.0508,0.0386,True
0x0be34ffafafa7f3a2998b15b05e04d36cb2835fe,L2l,Esports / Esports / live,925,0.0223,0.0219,2.06,0.924,0.0004,0.0441,True
0x0b8cf0871066cbaffecc0579afaf3d44b94ac944,L2,Sports / Soccer,596,0.1948,0.1884,2.13,0.522,0.0652,0.3243,True
0x0b8cf0871066cbaffecc0579afaf3d44b94ac944,L3,Sports / Soccer / UEFA Nations League,74,0.5154,0.4055,2.12,0.662,0.1802,0.8507,True
0x0b8cf0871066cbaffecc0579afaf3d44b94ac944,L2t,Sports / Soccer / type=moneyline,568,0.1987,0.1919,2.09,0.523,0.0591,0.3382,True
0x0b8cf0871066cbaffecc0579afaf3d44b94ac944,L1b,Sports / price=0.10-0.30,191,0.4111,0.372,2.18,0.257,0.4188,0.4035,True
0x0b8cf0871066cbaffecc0579afaf3d44b94ac944,L2b,Sports / Soccer / price=0.10-0.30,115,0.7282,0.6202,2.8,0.313,0.9587,0.5017,True
0x0b8cf0871066cbaffecc0579afaf3d44b94ac944,L2l,Sports / Soccer / live,595,0.1968,0.1903,2.15,0.523,0.0647,0.3284,True
0x4aec70021891ea712aaf3e2dd76c30f6b09a4ce9,L1b,Esports / price=0.70-0.90,319,0.0589,0.0585,2.24,0.834,0.0641,0.0538,True
0x4aec70021891ea712aaf3e2dd76c30f6b09a4ce9,L2b,Esports / Esports / price=0.70-0.90,319,0.0589,0.0585,2.24,0.834,0.0641,0.0538,True
0xddc38b82423310f5bbf2e2dc58745661a624029c,L1,Esports,1442,0.2466,0.2462,2.19,0.603,0.2708,0.2224,True
0xddc38b82423310f5bbf2e2dc58745661a624029c,L2,Esports / Esports,1437,0.2494,0.249,2.21,0.605,0.2731,0.2258,True
0xddc38b82423310f5bbf2e2dc58745661a624029c,L3,Esports / Esports / Counter Strike,1367,0.2541,0.2536,2.14,0.599,0.2845,0.2238,True
0xddc38b82423310f5bbf2e2dc58745661a624029c,L1b,Esports / price=0.70-0.90,292,0.0644,0.0741,2.24,0.815,0.0684,0.0604,True
0xddc38b82423310f5bbf2e2dc58745661a624029c,L1b,Sports / price=0.70-0.90,55,0.1213,0.1466,2.09,0.818,0.0673,0.1734,True
0xddc38b82423310f5bbf2e2dc58745661a624029c,L2b,Esports / Esports / price=0.70-0.90,292,0.0644,0.0741,2.24,0.815,0.0684,0.0604,True
0xddc38b82423310f5bbf2e2dc58745661a624029c,L2l,Esports / Esports / live,957,0.3537,0.3509,2.1,0.606,0.3881,0.3194,True
0xc1797afae01388da7d2271918d92282cfcb05cde,L1b,Sports / price=0.30-0.50,313,0.1374,0.1279,2.02,0.441,0.0792,0.1952,True
0xc1797afae01388da7d2271918d92282cfcb05cde,L2b,Sports / Other sport / price=0.30-0.50,311,0.1447,0.1347,2.12,0.444,0.0861,0.2028,True
0x4a7708ba98bddc8be759c5d8a6bef54450d2e59d,L1b,Esports / price=0.30-0.50,232,0.1833,0.1745,3.28,0.556,0.2347,0.1318,True
0x4a7708ba98bddc8be759c5d8a6bef54450d2e59d,L2b,Esports / Esports / price=0.30-0.50,232,0.1833,0.1745,3.28,0.556,0.2347,0.1318,True
0x0ee73e4bf331424075ba2881962d02b76da16fa6,L1,Sports,785,0.1694,0.169,2.52,0.471,0.2518,0.0872,True
0x0ee73e4bf331424075ba2881962d02b76da16fa6,L2,Sports / Other sport,740,0.1919,0.1909,2.7,0.482,0.2849,0.0988,True
0x0ee73e4bf331424075ba2881962d02b76da16fa6,L3,Sports / Other sport / Elon Tweets 48H,405,0.2782,0.2723,2.18,0.454,0.4414,0.1158,True
0x0ee73e4bf331424075ba2881962d02b76da16fa6,L3,Sports / Other sport / Elon Tweets,335,0.0876,0.0913,3.07,0.516,0.0984,0.0768,True
0x0ee73e4bf331424075ba2881962d02b76da16fa6,L2t,Sports / Other sport / type=binary,740,0.1919,0.1909,2.7,0.482,0.2849,0.0988,True
0x0ee73e4bf331424075ba2881962d02b76da16fa6,L1b,Sports / price=0.10-0.30,263,0.1191,0.1216,2.87,0.498,0.0772,0.1606,True
0x0ee73e4bf331424075ba2881962d02b76da16fa6,L1b,Sports / price=0.30-0.50,163,0.1258,0.129,2.69,0.466,0.1172,0.1344,True
0x0ee73e4bf331424075ba2881962d02b76da16fa6,L2b,Sports / Other sport / price=0.10-0.30,251,0.1427,0.1436,3.36,0.51,0.123,0.1623,True
0x0ee73e4bf331424075ba2881962d02b76da16fa6,L2b,Sports / Other sport / price=0.30-0.50,150,0.1414,0.143,2.92,0.48,0.1373,0.1456,True
0x0ee73e4bf331424075ba2881962d02b76da16fa6,L2l,Sports / Other sport / live,730,0.1945,0.1934,2.7,0.485,0.2868,0.1022,True
0xaf520014bbcbf836722462f29945a75aa2a8efdf,L1b,Esports / price=0.70-0.90,143,0.0756,0.0859,2.09,0.839,0.0703,0.0808,True
0xaf520014bbcbf836722462f29945a75aa2a8efdf,L2b,Esports / Esports / price=0.70-0.90,143,0.0756,0.0859,2.09,0.839,0.0703,0.0808,True
0x0c99d9f172fc4c25fd2aa92f9fc272da5f020c88,L1,Sports,5197,0.0578,0.0578,3.17,0.472,0.0584,0.0572,True
0x0c99d9f172fc4c25fd2aa92f9fc272da5f020c88,L1,Esports,1998,0.0674,0.0674,2.22,0.47,0.0933,0.0416,True
0x0c99d9f172fc4c25fd2aa92f9fc272da5f020c88,L2,Esports / Esports,1998,0.0674,0.0674,2.22,0.47,0.0933,0.0416,True
0x0c99d9f172fc4c25fd2aa92f9fc272da5f020c88,L2,Sports / Tennis,2703,0.0549,0.055,2.13,0.462,0.0621,0.0478,True
0x0c99d9f172fc4c25fd2aa92f9fc272da5f020c88,L2,Sports / Baseball,947,0.0933,0.0927,2.14,0.499,0.1493,0.0375,True
0x0c99d9f172fc4c25fd2aa92f9fc272da5f020c88,L3,Sports / Baseball / MLB,947,0.0933,0.0927,2.14,0.499,0.1493,0.0375,True
0x0c99d9f172fc4c25fd2aa92f9fc272da5f020c88,L3,Esports / Esports / Counter Strike,960,0.0879,0.0873,2.01,0.476,0.1489,0.0269,True
0x0c99d9f172fc4c25fd2aa92f9fc272da5f020c88,L2t,Sports / Baseball / type=totals,344,0.1855,0.1787,3.01,0.552,0.2405,0.1306,True
0x0c99d9f172fc4c25fd2aa92f9fc272da5f020c88,L2t,Sports / American Football / type=spreads,346,0.112,0.1092,2.05,0.552,0.0447,0.1793,True
0x0c99d9f172fc4c25fd2aa92f9fc272da5f020c88,L1b,Sports / price=0.50-0.70,1583,0.0548,0.0549,2.5,0.6,0.0595,0.0501,True
0x0c99d9f172fc4c25fd2aa92f9fc272da5f020c88,L2b,Sports / Baseball / price=0.50-0.70,288,0.1215,0.1176,2.45,0.646,0.2341,0.009,True
0x0c99d9f172fc4c25fd2aa92f9fc272da5f020c88,L2l,Sports / Baseball / live,947,0.0933,0.0927,2.14,0.499,0.1493,0.0375,True
0x0c99d9f172fc4c25fd2aa92f9fc272da5f020c88,L2l,Sports / Tennis / live,2470,0.0568,0.0568,2.1,0.462,0.0612,0.0525,True
0x0c99d9f172fc4c25fd2aa92f9fc272da5f020c88,L2l,Esports / Esports / live,1979,0.0634,0.0634,2.08,0.469,0.0935,0.0333,True
0xda0087a55847e7c61724f73e0fc4cffa56ab61b4,L2b,Sports / Soccer / price=0.30-0.50,77,0.2825,0.217,2.02,0.532,0.2546,0.3097,True
0x08c263965a9cbec5e83ac1d6f14b9bbc957bc023,L1b,Esports / price=0.50-0.70,350,0.1252,0.1221,2.97,0.654,0.0883,0.1622,True
0x08c263965a9cbec5e83ac1d6f14b9bbc957bc023,L1b,Esports / price=0.70-0.90,58,0.1263,0.1112,2.07,0.845,0.001,0.2516,True
0x08c263965a9cbec5e83ac1d6f14b9bbc957bc023,L2b,Esports / Esports / price=0.50-0.70,350,0.1252,0.1221,2.97,0.654,0.0883,0.1622,True
0x08c263965a9cbec5e83ac1d6f14b9bbc957bc023,L2b,Esports / Esports / price=0.70-0.90,58,0.1263,0.1112,2.07,0.845,0.001,0.2516,True
0x7d67f01d3e7b7c56c3df7b2ea08a58917d7f5f14,L1b,Esports / price=0.70-0.90,134,0.0849,0.0802,2.53,0.791,0.0103,0.1595,True
0x7d67f01d3e7b7c56c3df7b2ea08a58917d7f5f14,L2b,Esports / Esports / price=0.70-0.90,134,0.0849,0.0802,2.53,0.791,0.0103,0.1595,True
0x0db3cdef27acb59daa8cda9b698f0baec308547d,L1b,Sports / price=0.30-0.50,328,0.1464,0.1365,2.09,0.451,0.1687,0.1241,True
0x0db3cdef27acb59daa8cda9b698f0baec308547d,L2b,Sports / Other sport / price=0.30-0.50,321,0.1524,0.1419,2.14,0.452,0.1741,0.1309,True
0x26d33662187b4cca1b8ddbe5fee9e256c7338a20,L1,Sports,2938,0.1141,0.1141,3.18,0.745,0.1814,0.0467,True
0x26d33662187b4cca1b8ddbe5fee9e256c7338a20,L2,Sports / Other sport,539,0.1549,0.1535,4.5,0.759,0.2104,0.0996,True
0x26d33662187b4cca1b8ddbe5fee9e256c7338a20,L2,Sports / Soccer,634,0.1362,0.1355,4.4,0.743,0.1369,0.1355,True
0x26d33662187b4cca1b8ddbe5fee9e256c7338a20,L3,Sports / Other sport / Japan J2 League,82,0.2291,0.2066,2.86,0.927,0.1857,0.2726,True
0x26d33662187b4cca1b8ddbe5fee9e256c7338a20,L3,Sports / Baseball / NPB,189,0.1293,0.1279,3.36,0.825,0.0897,0.1685,True
0x26d33662187b4cca1b8ddbe5fee9e256c7338a20,L3,Sports / Other sport / Japan J League,46,0.2737,0.2253,2.4,0.891,0.329,0.2184,True
0x26d33662187b4cca1b8ddbe5fee9e256c7338a20,L2t,Sports / Soccer / type=moneyline,472,0.1481,0.1467,3.65,0.674,0.1913,0.1049,True
0x26d33662187b4cca1b8ddbe5fee9e256c7338a20,L2t,Sports / Other sport / type=moneyline,410,0.146,0.1445,3.36,0.69,0.2848,0.0072,True
0x26d33662187b4cca1b8ddbe5fee9e256c7338a20,L2t,Sports / Baseball / type=moneyline,414,0.0789,0.0805,2.93,0.778,0.0931,0.0647,True
0x26d33662187b4cca1b8ddbe5fee9e256c7338a20,L2t,Sports / Other sport / type=totals,93,0.1688,0.1591,3.18,0.968,0.244,0.0952,True
0x26d33662187b4cca1b8ddbe5fee9e256c7338a20,L2t,Sports / Other sport / type=both_teams_to_score,36,0.2204,0.1824,3.97,1.0,0.3583,0.0825,True
0x26d33662187b4cca1b8ddbe5fee9e256c7338a20,L2t,Sports / Soccer / type=totals,109,0.0931,0.0964,2.63,0.936,0.0466,0.1387,True
0x26d33662187b4cca1b8ddbe5fee9e256c7338a20,L2t,Sports / Soccer / type=both_teams_to_score,52,0.1196,0.1181,3.07,0.962,0.1617,0.0775,True
0x26d33662187b4cca1b8ddbe5fee9e256c7338a20,L1b,Sports / price=0.10-0.30,70,0.8425,0.6806,3.0,0.414,1.0855,0.5995,True
0x26d33662187b4cca1b8ddbe5fee9e256c7338a20,L1b,Sports / price=0.50-0.70,755,0.1201,0.1199,4.78,0.616,0.1517,0.0886,True
0x26d33662187b4cca1b8ddbe5fee9e256c7338a20,L1b,Sports / price=0.30-0.50,249,0.1481,0.1456,2.17,0.458,0.2274,0.0695,True
0x26d33662187b4cca1b8ddbe5fee9e256c7338a20,L1b,Sports / price=0.70-0.90,1184,0.033,0.0344,2.69,0.786,0.0539,0.0122,True
0x26d33662187b4cca1b8ddbe5fee9e256c7338a20,L2b,Sports / Other sport / price=0.10-0.30,30,0.8975,0.5841,2.12,0.433,1.092,0.7029,True
0x26d33662187b4cca1b8ddbe5fee9e256c7338a20,L2b,Sports / Soccer / price=0.50-0.70,172,0.1604,0.1556,3.22,0.622,0.1902,0.1306,True
0x26d33662187b4cca1b8ddbe5fee9e256c7338a20,L2b,Sports / Other sport / price=0.50-0.70,133,0.1732,0.1655,2.95,0.624,0.2869,0.0612,True
0x26d33662187b4cca1b8ddbe5fee9e256c7338a20,L2b,Sports / Soccer / price=0.70-0.90,224,0.0695,0.0731,2.64,0.83,0.0598,0.0792,True
0x26d33662187b4cca1b8ddbe5fee9e256c7338a20,L2b,Sports / Baseball / price=0.70-0.90,231,0.0613,0.0655,2.2,0.823,0.0415,0.0808,True
0x26d33662187b4cca1b8ddbe5fee9e256c7338a20,L2l,Sports / Other sport / live,537,0.154,0.1526,4.46,0.758,0.2124,0.0959,True
0x26d33662187b4cca1b8ddbe5fee9e256c7338a20,L2l,Sports / Soccer / live,618,0.1372,0.1365,4.34,0.741,0.1369,0.1376,True
0x63bcf78f77cef62b4a9b8d101a14247bf90292c5,L2,Sports / Tennis,34,0.4485,0.2977,2.29,0.735,0.2589,0.638,True
0xdd23fa3601b9427ab24fa9eb84f3d5f04164387e,L1,Sports,911,0.2557,0.254,2.08,0.685,0.2225,0.2889,True
0xdd23fa3601b9427ab24fa9eb84f3d5f04164387e,L2,Sports / Rugby,94,0.5786,0.5075,2.12,0.83,0.6084,0.5487,True
0xdd23fa3601b9427ab24fa9eb84f3d5f04164387e,L2t,Sports / Rugby / type=moneyline,94,0.5786,0.5075,2.12,0.83,0.6084,0.5487,True
0xdd23fa3601b9427ab24fa9eb84f3d5f04164387e,L1b,Sports / price=0.30-0.50,181,0.2461,0.2389,2.93,0.547,0.2999,0.1929,True
0xdd23fa3601b9427ab24fa9eb84f3d5f04164387e,L1b,Sports / price=0.50-0.70,155,0.1946,0.1922,3.36,0.71,0.1438,0.2448,True
0xdd23fa3601b9427ab24fa9eb84f3d5f04164387e,L1b,Sports / price=0.70-0.90,147,0.0677,0.0804,2.08,0.85,0.1188,0.0173,True
0xdd23fa3601b9427ab24fa9eb84f3d5f04164387e,L2b,Sports / Tennis / price=0.50-0.70,49,0.2671,0.2399,2.72,0.755,0.3758,0.1627,True
0xdd23fa3601b9427ab24fa9eb84f3d5f04164387e,L2b,Sports / Other sport / price=0.50-0.70,35,0.3143,0.2631,2.6,0.771,0.3298,0.2997,True
0x216050de6080fac3926226b2b8ce3d5544784c78,L1,Sports,1859,0.2053,0.2048,3.11,0.517,0.2441,0.1666,True
0x216050de6080fac3926226b2b8ce3d5544784c78,L2,Sports / Other sport,1395,0.2766,0.2749,3.21,0.492,0.4417,0.1117,True
0x216050de6080fac3926226b2b8ce3d5544784c78,L2t,Sports / Other sport / type=binary,1370,0.2777,0.276,3.17,0.491,0.4354,0.1201,True
0x216050de6080fac3926226b2b8ce3d5544784c78,L1b,Sports / price=0.10-0.30,478,0.2529,0.2492,2.35,0.249,0.4396,0.0663,True
0x216050de6080fac3926226b2b8ce3d5544784c78,L1b,Sports / price=0.50-0.70,363,0.1041,0.1071,2.47,0.645,0.1053,0.103,True
0x216050de6080fac3926226b2b8ce3d5544784c78,L2b,Sports / Other sport / price=0.10-0.30,415,0.2808,0.2752,2.41,0.253,0.524,0.0387,True
0x216050de6080fac3926226b2b8ce3d5544784c78,L2b,Sports / Other sport / price=0.30-0.50,410,0.1389,0.1399,2.21,0.451,0.1692,0.1085,True
0x216050de6080fac3926226b2b8ce3d5544784c78,L2b,Sports / Other sport / price=0.50-0.70,249,0.1108,0.1144,2.17,0.643,0.1535,0.0684,True
0x216050de6080fac3926226b2b8ce3d5544784c78,L2b,Sports / Other sport / price=0.70-0.90,262,0.0759,0.0819,2.77,0.851,0.0654,0.0864,True
0x216050de6080fac3926226b2b8ce3d5544784c78,L2l,Sports / Other sport / pre,1219,0.2062,0.2055,3.98,0.494,0.3007,0.1119,True
0x31864feb9d25dee93728c6225ba891530967e9ca,L1,Esports,2033,0.2116,0.2117,8.39,0.571,0.226,0.1972,True
0x31864feb9d25dee93728c6225ba891530967e9ca,L1,Sports,481,0.2658,0.264,4.92,0.57,0.2401,0.2913,True
0x31864feb9d25dee93728c6225ba891530967e9ca,L2,Esports / Esports,2033,0.2116,0.2117,8.39,0.571,0.226,0.1972,True
0x31864feb9d25dee93728c6225ba891530967e9ca,L2,Sports / Tennis,436,0.244,0.243,4.71,0.567,0.2078,0.2801,True
0x31864feb9d25dee93728c6225ba891530967e9ca,L3,Esports / Esports / League of Legends,2033,0.2116,0.2117,8.39,0.571,0.226,0.1972,True
0x31864feb9d25dee93728c6225ba891530967e9ca,L3,Sports / Tennis / League of Legends,436,0.244,0.243,4.71,0.567,0.2078,0.2801,True
0x31864feb9d25dee93728c6225ba891530967e9ca,L2t,Esports / Esports / type=child_moneyline,1691,0.2158,0.2159,7.6,0.568,0.229,0.2027,True
0x31864feb9d25dee93728c6225ba891530967e9ca,L2t,Sports / Tennis / type=child_moneyline,300,0.2166,0.217,3.81,0.537,0.1541,0.2791,True
0x31864feb9d25dee93728c6225ba891530967e9ca,L2t,Esports / Esports / type=moneyline,342,0.1908,0.1926,3.62,0.585,0.2391,0.1426,True
0x31864feb9d25dee93728c6225ba891530967e9ca,L2t,Sports / Tennis / type=moneyline,136,0.3043,0.2937,2.8,0.632,0.2937,0.3149,True
0x31864feb9d25dee93728c6225ba891530967e9ca,L1b,Esports / price=0.10-0.30,273,0.6015,0.5755,5.46,0.509,0.6206,0.5825,True
0x31864feb9d25dee93728c6225ba891530967e9ca,L1b,Esports / price=0.30-0.50,679,0.198,0.1987,5.65,0.48,0.2318,0.1643,True
0x31864feb9d25dee93728c6225ba891530967e9ca,L1b,Sports / price=0.10-0.30,66,0.5845,0.5002,2.86,0.455,0.6043,0.5647,True
0x31864feb9d25dee93728c6225ba891530967e9ca,L1b,Sports / price=0.30-0.50,181,0.2684,0.2638,3.77,0.486,0.2913,0.2458,True
0x31864feb9d25dee93728c6225ba891530967e9ca,L1b,Esports / price=0.50-0.70,590,0.1241,0.1273,5.23,0.612,0.1203,0.1279,True
0x31864feb9d25dee93728c6225ba891530967e9ca,L1b,Sports / price=0.50-0.70,148,0.1172,0.1297,2.32,0.642,0.081,0.1533,True
0x31864feb9d25dee93728c6225ba891530967e9ca,L2b,Esports / Esports / price=0.10-0.30,273,0.6015,0.5755,5.46,0.509,0.6206,0.5825,True
0x31864feb9d25dee93728c6225ba891530967e9ca,L2b,Esports / Esports / price=0.30-0.50,679,0.198,0.1987,5.65,0.48,0.2318,0.1643,True
0x31864feb9d25dee93728c6225ba891530967e9ca,L2b,Sports / Tennis / price=0.10-0.30,57,0.589,0.4937,2.64,0.439,0.6586,0.5219,True
0x31864feb9d25dee93728c6225ba891530967e9ca,L2b,Sports / Tennis / price=0.30-0.50,167,0.2752,0.2695,3.69,0.479,0.3492,0.2022,True
0x31864feb9d25dee93728c6225ba891530967e9ca,L2b,Esports / Esports / price=0.50-0.70,590,0.1241,0.1273,5.23,0.612,0.1203,0.1279,True
0x31864feb9d25dee93728c6225ba891530967e9ca,L2b,Sports / Tennis / price=0.50-0.70,135,0.1115,0.1258,2.08,0.644,0.041,0.181,True
0x31864feb9d25dee93728c6225ba891530967e9ca,L2l,Esports / Esports / live,2024,0.2115,0.2116,8.35,0.57,0.2266,0.1964,True
0x31864feb9d25dee93728c6225ba891530967e9ca,L2l,Sports / Tennis / live,411,0.256,0.2544,4.76,0.564,0.2062,0.3055,True
0xa054a910cff3f6d3503335577f12d68a169aa95d,L1,Sports,1080,0.3153,0.3152,3.39,0.671,0.077,0.5536,True
0xa054a910cff3f6d3503335577f12d68a169aa95d,L2,Sports / Other sport,1079,0.3155,0.3154,3.39,0.671,0.0773,0.5534,True
0xa054a910cff3f6d3503335577f12d68a169aa95d,L3,Sports / Other sport / Warsaw Daily Weather,168,0.3503,0.3456,3.17,0.679,0.0521,0.6485,True
0xa054a910cff3f6d3503335577f12d68a169aa95d,L3,Sports / Other sport / London Daily Weather,100,0.3113,0.3104,2.36,0.8,0.0151,0.6075,True
0xa054a910cff3f6d3503335577f12d68a169aa95d,L3,Sports / Other sport / Munich Daily Weather,262,0.1042,0.1185,2.23,0.676,0.0429,0.1656,True
0xa054a910cff3f6d3503335577f12d68a169aa95d,L2t,Sports / Other sport / type=binary,1079,0.3155,0.3154,3.39,0.671,0.0773,0.5534,True
0xa054a910cff3f6d3503335577f12d68a169aa95d,L1b,Sports / price=0.10-0.30,151,0.5196,0.4946,3.71,0.483,0.3011,0.7352,True
0xa054a910cff3f6d3503335577f12d68a169aa95d,L1b,Sports / price=0.30-0.50,115,0.2532,0.261,2.62,0.504,0.1416,0.3629,True
0xa054a910cff3f6d3503335577f12d68a169aa95d,L1b,Sports / price=0.50-0.70,253,0.1436,0.1555,4.58,0.708,0.0879,0.199,True
0xa054a910cff3f6d3503335577f12d68a169aa95d,L1b,Sports / price=0.70-0.90,398,0.0868,0.0973,6.68,0.819,0.0675,0.1061,True
0xa054a910cff3f6d3503335577f12d68a169aa95d,L2b,Sports / Other sport / price=0.10-0.30,151,0.5196,0.4946,3.71,0.483,0.3011,0.7352,True
0xa054a910cff3f6d3503335577f12d68a169aa95d,L2b,Sports / Other sport / price=0.30-0.50,115,0.2532,0.261,2.62,0.504,0.1416,0.3629,True
0xa054a910cff3f6d3503335577f12d68a169aa95d,L2b,Sports / Other sport / price=0.50-0.70,253,0.1436,0.1555,4.58,0.708,0.0879,0.199,True
0xa054a910cff3f6d3503335577f12d68a169aa95d,L2b,Sports / Other sport / price=0.70-0.90,397,0.0868,0.0973,6.66,0.819,0.0678,0.1057,True
0xa054a910cff3f6d3503335577f12d68a169aa95d,L2l,Sports / Other sport / live,733,0.4178,0.4149,3.07,0.643,0.5356,0.3004,True
0xa054a910cff3f6d3503335577f12d68a169aa95d,L2l,Sports / Other sport / pre,346,0.0988,0.1101,3.34,0.731,0.1506,0.0471,True
0x482943e8126e83a63695cebde33a9498ee7497eb,L2l,Sports / Soccer / pre,33,0.3555,0.2961,2.47,0.848,0.6961,0.035,True
0x70ac8457ed2aca137619956eed4924b9275e0c7d,L1,Sports,2419,0.0421,0.0421,3.01,0.558,0.0419,0.0423,True
0x70ac8457ed2aca137619956eed4924b9275e0c7d,L2,Sports / Tennis,2360,0.0382,0.0382,2.77,0.558,0.0379,0.0385,True
0x70ac8457ed2aca137619956eed4924b9275e0c7d,L3,Sports / Tennis / ITF,1344,0.0478,0.0477,2.72,0.595,0.0433,0.0523,True
0x70ac8457ed2aca137619956eed4924b9275e0c7d,L2t,Sports / Tennis / type=moneyline,2360,0.0382,0.0382,2.77,0.558,0.0379,0.0385,True
0x70ac8457ed2aca137619956eed4924b9275e0c7d,L1b,Sports / price=0.30-0.50,691,0.0712,0.0704,2.35,0.483,0.009,0.1332,True
0x70ac8457ed2aca137619956eed4924b9275e0c7d,L1b,Sports / price=0.70-0.90,574,0.0333,0.0336,2.35,0.704,0.0514,0.0153,True
0x70ac8457ed2aca137619956eed4924b9275e0c7d,L2b,Sports / Tennis / price=0.30-0.50,672,0.0627,0.0622,2.05,0.478,0.0097,0.1158,True
0x70ac8457ed2aca137619956eed4924b9275e0c7d,L2b,Sports / Tennis / price=0.70-0.90,564,0.0348,0.0351,2.43,0.707,0.0535,0.0162,True
0x70ac8457ed2aca137619956eed4924b9275e0c7d,L2l,Sports / Tennis / live,2289,0.0358,0.0358,2.56,0.558,0.0299,0.0416,True
0x954d15e2ca1e2421e6d996107b6476a6c68ecd39,L1b,Culture / price=0.10-0.30,65,0.5012,0.4385,2.03,0.4,0.172,0.8204,True
0x0b995ff0078ba4f8849b99adfc93d74667498bdd,L1,Esports,2459,0.272,0.272,4.36,0.64,0.3274,0.2167,True
0x0b995ff0078ba4f8849b99adfc93d74667498bdd,L2,Esports / Esports,2459,0.272,0.272,4.36,0.64,0.3274,0.2167,True
0x0b995ff0078ba4f8849b99adfc93d74667498bdd,L3,Esports / Esports / Dota 2,1986,0.2517,0.2519,4.44,0.641,0.3807,0.1227,True
0x0b995ff0078ba4f8849b99adfc93d74667498bdd,L2t,Esports / Esports / type=child_moneyline,1831,0.2847,0.2846,3.5,0.637,0.3227,0.2468,True
0x0b995ff0078ba4f8849b99adfc93d74667498bdd,L2t,Esports / Esports / type=moneyline,618,0.2446,0.2454,4.11,0.65,0.3779,0.1113,True
0x0b995ff0078ba4f8849b99adfc93d74667498bdd,L1b,Esports / price=0.00-0.10,91,3.283,2.74,2.07,0.352,4.0428,2.5397,True
0x0b995ff0078ba4f8849b99adfc93d74667498bdd,L1b,Esports / price=0.10-0.30,434,0.346,0.3426,4.19,0.442,0.4458,0.2461,True
0x0b995ff0078ba4f8849b99adfc93d74667498bdd,L1b,Esports / price=0.30-0.50,645,0.1794,0.1821,4.77,0.566,0.1885,0.1703,True
0x0b995ff0078ba4f8849b99adfc93d74667498bdd,L1b,Esports / price=0.50-0.70,671,0.1012,0.1061,4.42,0.678,0.0822,0.1202,True
0x0b995ff0078ba4f8849b99adfc93d74667498bdd,L1b,Esports / price=0.70-0.90,381,0.0806,0.09,4.82,0.801,0.0796,0.0817,True
0x0b995ff0078ba4f8849b99adfc93d74667498bdd,L2b,Esports / Esports / price=0.00-0.10,91,3.283,2.74,2.07,0.352,4.0428,2.5397,True
0x0b995ff0078ba4f8849b99adfc93d74667498bdd,L2b,Esports / Esports / price=0.10-0.30,434,0.346,0.3426,4.19,0.442,0.4458,0.2461,True
0x0b995ff0078ba4f8849b99adfc93d74667498bdd,L2b,Esports / Esports / price=0.30-0.50,645,0.1794,0.1821,4.77,0.566,0.1885,0.1703,True
0x0b995ff0078ba4f8849b99adfc93d74667498bdd,L2b,Esports / Esports / price=0.50-0.70,671,0.1012,0.1061,4.42,0.678,0.0822,0.1202,True
0x0b995ff0078ba4f8849b99adfc93d74667498bdd,L2b,Esports / Esports / price=0.70-0.90,381,0.0806,0.09,4.82,0.801,0.0796,0.0817,True
0x0b995ff0078ba4f8849b99adfc93d74667498bdd,L2l,Esports / Esports / live,2442,0.2333,0.2336,4.84,0.64,0.3304,0.1362,True
0x32a832894e3fdbd15bf1560098d0804fa1a1be9b,L1,Sports,3373,0.0307,0.0307,3.09,0.904,0.0482,0.0131,True
0x32a832894e3fdbd15bf1560098d0804fa1a1be9b,L2,Sports / Other sport,3373,0.0307,0.0307,3.09,0.904,0.0482,0.0131,True
0x32a832894e3fdbd15bf1560098d0804fa1a1be9b,L3,Sports / Other sport / Busan Daily Weather,76,0.0853,0.074,2.85,0.974,0.0898,0.0808,True
0x32a832894e3fdbd15bf1560098d0804fa1a1be9b,L3,Sports / Other sport / Panama Daily Weather,61,0.0398,0.0376,3.33,1.0,0.067,0.0135,True
0x32a832894e3fdbd15bf1560098d0804fa1a1be9b,L3,Sports / Other sport / Ankara Daily Weather,47,0.0444,0.0404,2.28,1.0,0.0774,0.0128,True
0x32a832894e3fdbd15bf1560098d0804fa1a1be9b,L3,Sports / Other sport / Qingdao Daily Weather,61,0.0318,0.0316,3.89,0.934,0.0407,0.0232,True
0x32a832894e3fdbd15bf1560098d0804fa1a1be9b,L3,Sports / Other sport / Lucknow Daily Weather,40,0.0382,0.0358,2.62,0.975,0.0367,0.0397,True
0x32a832894e3fdbd15bf1560098d0804fa1a1be9b,L2t,Sports / Other sport / type=binary,3373,0.0307,0.0307,3.09,0.904,0.0482,0.0131,True
0x32a832894e3fdbd15bf1560098d0804fa1a1be9b,L1b,Sports / price=0.30-0.50,51,0.4012,0.2969,2.7,0.608,0.3876,0.4144,True
0x32a832894e3fdbd15bf1560098d0804fa1a1be9b,L2b,Sports / Other sport / price=0.30-0.50,51,0.4012,0.2969,2.7,0.608,0.3876,0.4144,True
0x32a832894e3fdbd15bf1560098d0804fa1a1be9b,L2l,Sports / Other sport / live,3339,0.0305,0.0305,3.04,0.904,0.0479,0.0131,True
0x32a832894e3fdbd15bf1560098d0804fa1a1be9b,L2l,Sports / Other sport / pre,34,0.0476,0.0414,2.09,0.941,0.046,0.0491,True
0xb26dfe6953c9814f03b7f16ac4c717305b4673f7,L1,Sports,2897,0.0681,0.068,6.27,0.719,0.0737,0.0624,True
0xb26dfe6953c9814f03b7f16ac4c717305b4673f7,L2,Sports / Other sport,2896,0.0679,0.0678,6.25,0.719,0.0733,0.0625,True
0xb26dfe6953c9814f03b7f16ac4c717305b4673f7,L3,Sports / Other sport / Warsaw Daily Weather,203,0.1395,0.1326,4.08,0.793,0.123,0.1559,True
0xb26dfe6953c9814f03b7f16ac4c717305b4673f7,L3,Sports / Other sport / Milan Daily Weather,506,0.0832,0.0824,4.44,0.765,0.1226,0.0439,True
0xb26dfe6953c9814f03b7f16ac4c717305b4673f7,L3,Sports / Other sport / Ankara Daily Weather,126,0.1069,0.1008,2.53,0.738,0.1274,0.0864,True
0xb26dfe6953c9814f03b7f16ac4c717305b4673f7,L3,Sports / Other sport / Jeddah Daily Weather,350,0.056,0.0563,2.25,0.66,0.0378,0.0741,True
0xb26dfe6953c9814f03b7f16ac4c717305b4673f7,L2t,Sports / Other sport / type=binary,2896,0.0679,0.0678,6.25,0.719,0.0733,0.0625,True
0xb26dfe6953c9814f03b7f16ac4c717305b4673f7,L1b,Sports / price=0.10-0.30,164,0.328,0.2991,3.06,0.47,0.2253,0.4307,True
0xb26dfe6953c9814f03b7f16ac4c717305b4673f7,L1b,Sports / price=0.50-0.70,376,0.1093,0.1069,4.58,0.604,0.1036,0.115,True
0xb26dfe6953c9814f03b7f16ac4c717305b4673f7,L1b,Sports / price=0.30-0.50,305,0.1127,0.1096,2.77,0.544,0.1328,0.0928,True
0xb26dfe6953c9814f03b7f16ac4c717305b4673f7,L1b,Sports / price=0.70-0.90,767,0.0407,0.0413,3.95,0.716,0.0217,0.0597,True
0xb26dfe6953c9814f03b7f16ac4c717305b4673f7,L2b,Sports / Other sport / price=0.10-0.30,164,0.328,0.2991,3.06,0.47,0.2253,0.4307,True
0xb26dfe6953c9814f03b7f16ac4c717305b4673f7,L2b,Sports / Other sport / price=0.50-0.70,375,0.108,0.1057,4.52,0.603,0.101,0.115,True
0xb26dfe6953c9814f03b7f16ac4c717305b4673f7,L2b,Sports / Other sport / price=0.30-0.50,305,0.1127,0.1096,2.77,0.544,0.1328,0.0928,True
0xb26dfe6953c9814f03b7f16ac4c717305b4673f7,L2b,Sports / Other sport / price=0.70-0.90,767,0.0407,0.0413,3.95,0.716,0.0217,0.0597,True
0xb26dfe6953c9814f03b7f16ac4c717305b4673f7,L2l,Sports / Other sport / live,2357,0.0714,0.0713,5.69,0.718,0.0699,0.0728,True
0xb26dfe6953c9814f03b7f16ac4c717305b4673f7,L2l,Sports / Other sport / pre,539,0.0526,0.053,2.64,0.722,0.0849,0.0204,True
0x1df3f772700b970aab865c893cf07e4e0b899ac3,L1,Esports,2331,0.0719,0.0719,2.55,0.507,0.1412,0.0027,True
0x1df3f772700b970aab865c893cf07e4e0b899ac3,L2,Esports / Esports,2331,0.0719,0.0719,2.55,0.507,0.1412,0.0027,True
0x1df3f772700b970aab865c893cf07e4e0b899ac3,L3,Esports / Esports / League of Legends,1571,0.11,0.1095,2.97,0.504,0.13,0.09,True
0x1df3f772700b970aab865c893cf07e4e0b899ac3,L2t,Esports / Esports / type=child_moneyline,1914,0.0796,0.0794,2.54,0.511,0.1316,0.0275,True
0x1df3f772700b970aab865c893cf07e4e0b899ac3,L1b,Esports / price=0.50-0.70,693,0.0702,0.0702,2.24,0.633,0.0554,0.085,True
0x1df3f772700b970aab865c893cf07e4e0b899ac3,L2b,Esports / Esports / price=0.50-0.70,693,0.0702,0.0702,2.24,0.633,0.0554,0.085,True
0x1df3f772700b970aab865c893cf07e4e0b899ac3,L2l,Esports / Esports / live,2285,0.0722,0.0721,2.53,0.506,0.1409,0.0035,True
0xc6beb58b302adbc88a64b34e8f991c283dffa0f3,L1b,Esports / price=0.70-0.90,91,0.1219,0.0963,3.01,0.89,0.1583,0.0864,True
0xc6beb58b302adbc88a64b34e8f991c283dffa0f3,L2b,Esports / CS2 / price=0.70-0.90,30,0.22,0.124,10.55,0.967,0.2334,0.2067,True
0xd692943ba30fcf48a041f75895853300833b8b9a,L1,Other,37,0.9595,0.605,5.28,0.892,1.4971,0.4501,True
0xd692943ba30fcf48a041f75895853300833b8b9a,L2,Other / ?,37,0.9595,0.605,5.28,0.892,1.4971,0.4501,True
0xd692943ba30fcf48a041f75895853300833b8b9a,L3,Other / ? / ?,37,0.9595,0.605,5.28,0.892,1.4971,0.4501,True
0xd692943ba30fcf48a041f75895853300833b8b9a,L2t,Other / ? / type=binary,37,0.9595,0.605,5.28,0.892,1.4971,0.4501,True
0xbfeceb4126b34e7e194c3d02cc107125785f4c6c,L1,Sports,1871,0.4948,0.4939,3.2,0.429,0.547,0.4426,True
0xbfeceb4126b34e7e194c3d02cc107125785f4c6c,L2,Sports / Soccer,1068,0.567,0.5641,2.68,0.415,0.7302,0.4038,True
0xbfeceb4126b34e7e194c3d02cc107125785f4c6c,L3,Sports / Soccer / UEFA Nations League,166,0.4276,0.4255,2.01,0.554,0.5732,0.2819,True
0xbfeceb4126b34e7e194c3d02cc107125785f4c6c,L1b,Sports / price=0.00-0.10,468,1.5307,1.4847,2.53,0.075,1.6297,1.4317,True
0xbfeceb4126b34e7e194c3d02cc107125785f4c6c,L1b,Sports / price=0.10-0.30,360,0.3501,0.3531,2.68,0.247,0.2365,0.4636,True
0xbfeceb4126b34e7e194c3d02cc107125785f4c6c,L1b,Sports / price=0.30-0.50,343,0.2133,0.224,3.14,0.472,0.291,0.136,True
0xbfeceb4126b34e7e194c3d02cc107125785f4c6c,L1b,Esports / price=0.70-0.90,34,0.1571,0.2501,2.37,0.853,0.168,0.1462,True
0xbfeceb4126b34e7e194c3d02cc107125785f4c6c,L2b,Sports / Soccer / price=0.00-0.10,308,1.4509,1.3874,2.02,0.075,2.4372,0.4646,True
0xbfeceb4126b34e7e194c3d02cc107125785f4c6c,L2b,Sports / Soccer / price=0.10-0.30,230,0.4818,0.4759,2.85,0.27,0.1543,0.8094,True
0xbfeceb4126b34e7e194c3d02cc107125785f4c6c,L2b,Sports / Soccer / price=0.30-0.50,145,0.3615,0.3672,3.42,0.51,0.2966,0.4255,True
0xbfeceb4126b34e7e194c3d02cc107125785f4c6c,L2b,Esports / Esports / price=0.70-0.90,34,0.1571,0.2501,2.37,0.853,0.168,0.1462,True
0xbfeceb4126b34e7e194c3d02cc107125785f4c6c,L2l,Sports / Soccer / live,1014,0.5886,0.5851,2.65,0.42,0.7455,0.4316,True
0x1fb8968b2a9c1fbb9357980c0481ccdf06095a88,L1,Esports,1320,0.0618,0.0616,2.01,0.544,0.0955,0.028,True
0x1fb8968b2a9c1fbb9357980c0481ccdf06095a88,L2,Esports / Esports,1320,0.0618,0.0616,2.01,0.544,0.0955,0.028,True
0x1fb8968b2a9c1fbb9357980c0481ccdf06095a88,L3,Esports / Esports / League of Legends,952,0.0998,0.0988,2.71,0.56,0.0895,0.1102,True
0x1fb8968b2a9c1fbb9357980c0481ccdf06095a88,L2t,Esports / Esports / type=child_moneyline,996,0.0783,0.0777,2.2,0.551,0.1098,0.0467,True
0xcf0aca0d7a395202aec661c3666be9cc098e320a,L1,Esports,3198,0.3056,0.3056,5.82,0.634,0.3794,0.2317,True
0xcf0aca0d7a395202aec661c3666be9cc098e320a,L2,Esports / Esports,3198,0.3056,0.3056,5.82,0.634,0.3794,0.2317,True
0xcf0aca0d7a395202aec661c3666be9cc098e320a,L3,Esports / Esports / Dota 2,2406,0.2856,0.2859,4.41,0.643,0.3815,0.1897,True
0xcf0aca0d7a395202aec661c3666be9cc098e320a,L3,Esports / Esports / League of Legends,722,0.3989,0.3968,4.62,0.602,0.3255,0.4723,True
0xcf0aca0d7a395202aec661c3666be9cc098e320a,L2t,Esports / Esports / type=moneyline,862,0.4374,0.4347,3.23,0.654,0.5031,0.3717,True
0xcf0aca0d7a395202aec661c3666be9cc098e320a,L2t,Esports / Esports / type=child_moneyline,2328,0.2557,0.2562,4.94,0.627,0.337,0.1743,True
0xcf0aca0d7a395202aec661c3666be9cc098e320a,L1b,Esports / price=0.00-0.10,223,1.8428,1.7175,2.61,0.265,2.2968,1.3929,True
0xcf0aca0d7a395202aec661c3666be9cc098e320a,L1b,Esports / price=0.10-0.30,544,0.4834,0.4776,6.09,0.489,0.5295,0.4373,True
0xcf0aca0d7a395202aec661c3666be9cc098e320a,L1b,Esports / price=0.30-0.50,786,0.1798,0.1833,5.85,0.583,0.1958,0.1638,True
0xcf0aca0d7a395202aec661c3666be9cc098e320a,L1b,Esports / price=0.50-0.70,864,0.1337,0.1379,6.96,0.685,0.1432,0.1241,True
0xcf0aca0d7a395202aec661c3666be9cc098e320a,L1b,Esports / price=0.70-0.90,577,0.0746,0.0829,5.64,0.801,0.1199,0.0296,True
0xcf0aca0d7a395202aec661c3666be9cc098e320a,L1b,Sports / price=0.30-0.50,37,0.3302,0.3269,2.54,0.676,0.4032,0.2611,True
0xcf0aca0d7a395202aec661c3666be9cc098e320a,L2b,Esports / Esports / price=0.00-0.10,223,1.8428,1.7175,2.61,0.265,2.2968,1.3929,True
0xcf0aca0d7a395202aec661c3666be9cc098e320a,L2b,Esports / Esports / price=0.10-0.30,544,0.4834,0.4776,6.09,0.489,0.5295,0.4373,True
0xcf0aca0d7a395202aec661c3666be9cc098e320a,L2b,Esports / Esports / price=0.30-0.50,786,0.1798,0.1833,5.85,0.583,0.1958,0.1638,True
0xcf0aca0d7a395202aec661c3666be9cc098e320a,L2b,Esports / Esports / price=0.50-0.70,864,0.1337,0.1379,6.96,0.685,0.1432,0.1241,True
0xcf0aca0d7a395202aec661c3666be9cc098e320a,L2b,Esports / Esports / price=0.70-0.90,577,0.0746,0.0829,5.64,0.801,0.1199,0.0296,True
0xcf0aca0d7a395202aec661c3666be9cc098e320a,L2b,Sports / Soccer / price=0.30-0.50,36,0.29,0.301,2.28,0.667,0.3221,0.2579,True
0xcf0aca0d7a395202aec661c3666be9cc098e320a,L2l,Esports / Esports / live,3181,0.3058,0.3059,5.8,0.636,0.378,0.2336,True
0xf928b243eab36df5a6c0e30fcfb0235866902da3,L3,Sports / Other sport / Chongqing Daily Weather,41,0.3758,0.2558,2.52,0.707,0.6875,0.079,True
0xff80bb23621f03fc6300808730316c78abe09b4d,L1b,Sports / price=0.30-0.50,138,0.2872,0.2561,2.7,0.514,0.2648,0.3097,True
0x04edac2e1b006ccae26d41f56cfed64ad48f8809,L1,Sports,9152,0.0276,0.0276,4.14,0.806,0.0287,0.0264,True
0x04edac2e1b006ccae26d41f56cfed64ad48f8809,L2,Sports / Other sport,9152,0.0276,0.0276,4.14,0.806,0.0287,0.0264,True
0x04edac2e1b006ccae26d41f56cfed64ad48f8809,L3,Sports / Other sport / Buenos Aires Daily Weather,209,0.1358,0.1264,3.57,0.928,0.1784,0.0937,True
0x04edac2e1b006ccae26d41f56cfed64ad48f8809,L3,Sports / Other sport / Tel Aviv Daily Weather,220,0.1265,0.1183,3.21,0.873,0.1303,0.1228,True
0x04edac2e1b006ccae26d41f56cfed64ad48f8809,L3,Sports / Other sport / Manila Daily Weather,287,0.1018,0.097,2.92,0.822,0.1329,0.071,True
0x04edac2e1b006ccae26d41f56cfed64ad48f8809,L3,Sports / Other sport / Mexico City Daily Weather,233,0.1082,0.1018,2.55,0.893,0.167,0.0499,True
0x04edac2e1b006ccae26d41f56cfed64ad48f8809,L3,Sports / Other sport / Cape Town Daily Weather,207,0.1025,0.0959,2.54,0.899,0.1863,0.0196,True
0x04edac2e1b006ccae26d41f56cfed64ad48f8809,L3,Sports / Other sport / Toronto Daily Weather,215,0.0833,0.0786,2.08,0.879,0.1021,0.0646,True
0x04edac2e1b006ccae26d41f56cfed64ad48f8809,L3,Sports / Other sport / Seoul Daily Weather,112,0.0953,0.085,2.3,0.893,0.0785,0.112,True
0x04edac2e1b006ccae26d41f56cfed64ad48f8809,L3,Sports / Other sport / Houston Daily Weather,130,0.0723,0.0663,2.27,0.915,0.129,0.0156,True
0x04edac2e1b006ccae26d41f56cfed64ad48f8809,L3,Sports / Other sport / Dallas Daily Weather,105,0.0823,0.0735,2.68,0.962,0.1119,0.0533,True
0x04edac2e1b006ccae26d41f56cfed64ad48f8809,L2t,Sports / Other sport / type=binary,9152,0.0276,0.0276,4.14,0.806,0.0287,0.0264,True
0x04edac2e1b006ccae26d41f56cfed64ad48f8809,L1b,Sports / price=0.10-0.30,303,0.3241,0.3058,2.48,0.264,0.2956,0.3525,True
0x04edac2e1b006ccae26d41f56cfed64ad48f8809,L1b,Sports / price=0.30-0.50,528,0.1486,0.1442,2.9,0.443,0.1107,0.1865,True
0x04edac2e1b006ccae26d41f56cfed64ad48f8809,L2b,Sports / Other sport / price=0.10-0.30,303,0.3241,0.3058,2.48,0.264,0.2956,0.3525,True
0x04edac2e1b006ccae26d41f56cfed64ad48f8809,L2b,Sports / Other sport / price=0.30-0.50,528,0.1486,0.1442,2.9,0.443,0.1107,0.1865,True
0x04edac2e1b006ccae26d41f56cfed64ad48f8809,L2l,Sports / Other sport / live,9152,0.0276,0.0276,4.14,0.806,0.0287,0.0264,True
0x43d7e43e7b5feb51b9b6afa6a6d16df110b0c453,L1,Politics,700,0.2784,0.2734,2.53,0.557,0.2943,0.2625,True
0x43d7e43e7b5feb51b9b6afa6a6d16df110b0c453,L2,Politics / Tweet Markets,687,0.2844,0.2791,2.54,0.556,0.3077,0.2612,True
0x43d7e43e7b5feb51b9b6afa6a6d16df110b0c453,L3,Politics / Tweet Markets / Elon Tweets,549,0.278,0.2717,2.11,0.543,0.2579,0.298,True
0x43d7e43e7b5feb51b9b6afa6a6d16df110b0c453,L2t,Politics / Tweet Markets / type=negrisk,687,0.2844,0.2791,2.54,0.556,0.3077,0.2612,True
0x43d7e43e7b5feb51b9b6afa6a6d16df110b0c453,L1b,Politics / price=0.30-0.50,88,0.1861,0.1697,2.8,0.602,0.1337,0.2384,True
0x43d7e43e7b5feb51b9b6afa6a6d16df110b0c453,L2b,Politics / Tweet Markets / price=0.30-0.50,83,0.1883,0.1708,2.68,0.59,0.1515,0.2242,True
0x3e24e5e90dd24fc0c033f8a7ae742a8e59b34fab,L1,Esports,1239,0.078,0.0778,2.46,0.549,0.1404,0.0157,True
0x3e24e5e90dd24fc0c033f8a7ae742a8e59b34fab,L2,Esports / Esports,1239,0.078,0.0778,2.46,0.549,0.1404,0.0157,True
0x3e24e5e90dd24fc0c033f8a7ae742a8e59b34fab,L3,Esports / Esports / League of Legends,918,0.1162,0.1151,3.1,0.563,0.1562,0.0761,True
0x3e24e5e90dd24fc0c033f8a7ae742a8e59b34fab,L2t,Esports / Esports / type=child_moneyline,943,0.0761,0.0759,2.09,0.548,0.1512,0.0012,True
0x3e24e5e90dd24fc0c033f8a7ae742a8e59b34fab,L1b,Esports / price=0.50-0.70,461,0.094,0.0929,2.48,0.651,0.1047,0.0834,True
0x3e24e5e90dd24fc0c033f8a7ae742a8e59b34fab,L2b,Esports / Esports / price=0.50-0.70,461,0.094,0.0929,2.48,0.651,0.1047,0.0834,True
0x3e24e5e90dd24fc0c033f8a7ae742a8e59b34fab,L2l,Esports / Esports / live,1225,0.0768,0.0767,2.42,0.55,0.1385,0.0153,True
0x164cb85e1718d0a8f95d588b08fbb52b34233e39,L1,Sports,3181,0.4439,0.4439,5.87,0.551,0.5342,0.3537,True
0x164cb85e1718d0a8f95d588b08fbb52b34233e39,L2,Sports / Other sport,3120,0.4554,0.4552,5.91,0.552,0.5503,0.3604,True
0x164cb85e1718d0a8f95d588b08fbb52b34233e39,L3,Sports / Other sport / Shanghai Daily Lowest Temperature,313,1.392,1.3346,2.24,0.556,2.3038,0.4859,True
0x164cb85e1718d0a8f95d588b08fbb52b34233e39,L3,Sports / Other sport / Chengdu Daily Weather,307,0.4845,0.4816,2.57,0.524,0.616,0.3539,True
0x164cb85e1718d0a8f95d588b08fbb52b34233e39,L3,Sports / Other sport / Guangzhou Daily Weather,304,0.4573,0.456,2.16,0.572,0.7312,0.1833,True
0x164cb85e1718d0a8f95d588b08fbb52b34233e39,L3,Sports / Other sport / Shanghai Daily Weather,374,0.3728,0.376,3.36,0.548,0.4237,0.3218,True
0x164cb85e1718d0a8f95d588b08fbb52b34233e39,L3,Sports / Other sport / Wuhan Daily Weather,498,0.3094,0.3144,3.97,0.562,0.4125,0.2064,True
0x164cb85e1718d0a8f95d588b08fbb52b34233e39,L3,Sports / Other sport / Chongqing Daily Weather,367,0.3373,0.3424,2.92,0.545,0.513,0.1625,True
0x164cb85e1718d0a8f95d588b08fbb52b34233e39,L3,Sports / Other sport / Beijing Daily Weather,439,0.2653,0.2728,3.33,0.528,0.3411,0.1898,True
0x164cb85e1718d0a8f95d588b08fbb52b34233e39,L2t,Sports / Other sport / type=binary,3104,0.4564,0.4563,5.89,0.551,0.5517,0.3611,True
0x164cb85e1718d0a8f95d588b08fbb52b34233e39,L1b,Sports / price=0.00-0.10,389,2.0297,1.9518,3.41,0.285,1.7825,2.2755,True
0x164cb85e1718d0a8f95d588b08fbb52b34233e39,L1b,Sports / price=0.10-0.30,723,0.3812,0.3827,5.73,0.407,0.5138,0.249,True
0x164cb85e1718d0a8f95d588b08fbb52b34233e39,L1b,Sports / price=0.30-0.50,874,0.2697,0.2734,8.78,0.559,0.278,0.2614,True
0x164cb85e1718d0a8f95d588b08fbb52b34233e39,L1b,Sports / price=0.50-0.70,641,0.1246,0.1341,5.37,0.644,0.1188,0.1303,True
0x164cb85e1718d0a8f95d588b08fbb52b34233e39,L1b,Sports / price=0.70-0.90,396,0.0717,0.0892,4.19,0.76,0.0796,0.0637,True
0x164cb85e1718d0a8f95d588b08fbb52b34233e39,L2b,Sports / Other sport / price=0.00-0.10,385,2.0611,1.981,3.43,0.288,1.8008,2.3202,True
0x164cb85e1718d0a8f95d588b08fbb52b34233e39,L2b,Sports / Other sport / price=0.10-0.30,711,0.3916,0.3928,5.84,0.411,0.517,0.2665,True
0x164cb85e1718d0a8f95d588b08fbb52b34233e39,L2b,Sports / Other sport / price=0.30-0.50,864,0.2735,0.2772,8.89,0.561,0.2959,0.251,True
0x164cb85e1718d0a8f95d588b08fbb52b34233e39,L2b,Sports / Other sport / price=0.50-0.70,625,0.1299,0.1394,5.6,0.646,0.1302,0.1295,True
0x164cb85e1718d0a8f95d588b08fbb52b34233e39,L2b,Sports / Other sport / price=0.70-0.90,383,0.0739,0.0919,4.3,0.757,0.0794,0.0684,True
0x164cb85e1718d0a8f95d588b08fbb52b34233e39,L2l,Sports / Other sport / live,2867,0.4232,0.4233,5.91,0.558,0.5842,0.2623,True
0x1a11c4e9d41451111650457598a63e480f50e55d,L1b,Sports / price=0.50-0.70,115,0.2288,0.2119,3.55,0.713,0.2144,0.2428,True
0x1a11c4e9d41451111650457598a63e480f50e55d,L2b,Sports / Other sport / price=0.50-0.70,115,0.2288,0.2119,3.55,0.713,0.2144,0.2428,True
0x746295855be6f49fe2da2accd69ea34b3cf23ac3,L2t,Sports / Tennis / type=tennis_set_handicap,67,0.2656,0.2063,2.21,0.672,0.1745,0.354,True
0x91feec8af2b517f024d91564ee108d707cc0c1c6,L1,Sports,3888,0.283,0.283,5.27,0.545,0.1546,0.4114,True
0x91feec8af2b517f024d91564ee108d707cc0c1c6,L2,Sports / Soccer,3644,0.3064,0.3063,5.37,0.547,0.1461,0.4668,True
0x91feec8af2b517f024d91564ee108d707cc0c1c6,L3,Sports / Soccer / Liga MX 2025,169,0.9594,0.8878,2.41,0.621,1.6215,0.3051,True
0x91feec8af2b517f024d91564ee108d707cc0c1c6,L3,Sports / Soccer / Leagues Cup,774,0.3798,0.3773,3.48,0.535,0.2468,0.5128,True
0x91feec8af2b517f024d91564ee108d707cc0c1c6,L3,Sports / Soccer / MLS 2025,1493,0.1329,0.1349,2.48,0.534,0.0032,0.2624,True
0x91feec8af2b517f024d91564ee108d707cc0c1c6,L3,Sports / Soccer / Premier League 2025,185,0.3706,0.3621,2.25,0.557,0.2675,0.4726,True
0x91feec8af2b517f024d91564ee108d707cc0c1c6,L2t,Sports / Soccer / type=moneyline,956,0.2862,0.2861,3.5,0.563,0.3608,0.2116,True
0x91feec8af2b517f024d91564ee108d707cc0c1c6,L2t,Sports / Soccer / type=totals,865,0.2849,0.2849,3.33,0.571,0.0122,0.5569,True
0x91feec8af2b517f024d91564ee108d707cc0c1c6,L2t,Sports / Soccer / type=soccer_team_totals,383,0.3863,0.3812,2.04,0.525,0.3129,0.4593,True
0x91feec8af2b517f024d91564ee108d707cc0c1c6,L2t,Sports / Soccer / type=soccer_halftime_result,318,0.2128,0.217,2.49,0.566,0.1548,0.2709,True
0x91feec8af2b517f024d91564ee108d707cc0c1c6,L1b,Sports / price=0.00-0.10,319,1.7322,1.6467,2.91,0.122,0.8557,2.6033,True
0x91feec8af2b517f024d91564ee108d707cc0c1c6,L1b,Sports / price=0.10-0.30,821,0.3584,0.3566,4.19,0.256,0.2663,0.4503,True
0x91feec8af2b517f024d91564ee108d707cc0c1c6,L1b,Sports / price=0.30-0.50,780,0.1909,0.1932,4.28,0.481,0.1024,0.2793,True
0x91feec8af2b517f024d91564ee108d707cc0c1c6,L1b,Sports / price=0.70-0.90,876,0.0557,0.0608,3.52,0.828,0.0105,0.101,True
0x91feec8af2b517f024d91564ee108d707cc0c1c6,L2b,Sports / Soccer / price=0.00-0.10,307,1.839,1.7439,2.98,0.127,0.9285,2.7437,True
0x91feec8af2b517f024d91564ee108d707cc0c1c6,L2b,Sports / Soccer / price=0.10-0.30,786,0.3854,0.3829,4.37,0.261,0.2953,0.4754,True
0x91feec8af2b517f024d91564ee108d707cc0c1c6,L2b,Sports / Soccer / price=0.30-0.50,714,0.2062,0.2083,4.42,0.486,0.1127,0.2998,True
0x91feec8af2b517f024d91564ee108d707cc0c1c6,L2l,Sports / Soccer / live,2632,0.4824,0.4809,6.25,0.584,0.3843,0.5805,True
0xe80c3e22d5307c0b28586d40de00719e8113f3e6,L1,Other,37,1.7308,1.1188,2.96,0.459,2.5472,0.9574,True
0xe80c3e22d5307c0b28586d40de00719e8113f3e6,L2,Other / ?,37,1.7308,1.1188,2.96,0.459,2.5472,0.9574,True
0xe80c3e22d5307c0b28586d40de00719e8113f3e6,L3,Other / ? / ?,37,1.7308,1.1188,2.96,0.459,2.5472,0.9574,True
0xe80c3e22d5307c0b28586d40de00719e8113f3e6,L2t,Other / ? / type=binary,37,1.7308,1.1188,2.96,0.459,2.5472,0.9574,True
0xaa08417743ca4ed010ce0d27899b530e50fad98a,L1,Sports,544,0.1013,0.1013,2.38,0.673,0.1438,0.0589,True
0xaa08417743ca4ed010ce0d27899b530e50fad98a,L2,Sports / Tennis,529,0.0994,0.0995,2.3,0.673,0.1335,0.0654,True
0xaa08417743ca4ed010ce0d27899b530e50fad98a,L2t,Sports / Tennis / type=moneyline,512,0.0961,0.0963,2.17,0.668,0.1266,0.0656,True
0xaa08417743ca4ed010ce0d27899b530e50fad98a,L1b,Sports / price=0.50-0.70,186,0.1358,0.1325,2.55,0.651,0.1091,0.1626,True
0xaa08417743ca4ed010ce0d27899b530e50fad98a,L2b,Sports / Tennis / price=0.50-0.70,179,0.1345,0.1312,2.48,0.648,0.1223,0.1465,True
0xaa08417743ca4ed010ce0d27899b530e50fad98a,L2l,Sports / Tennis / live,501,0.1027,0.1026,2.27,0.673,0.1522,0.0533,True
0x56f4f054e92ced8fa7accfebcad73251afe49ec5,L1,Sports,2101,0.1907,0.1907,2.1,0.481,0.2394,0.1421,True
0x56f4f054e92ced8fa7accfebcad73251afe49ec5,L1b,Sports / price=0.00-0.10,250,1.537,1.4371,2.08,0.088,1.6996,1.3743,True
0x56f4f054e92ced8fa7accfebcad73251afe49ec5,L2b,Sports / Soccer / price=0.00-0.10,215,1.7195,1.5892,2.03,0.084,1.6906,1.7481,True
0x56f4f054e92ced8fa7accfebcad73251afe49ec5,L2b,Sports / Other sport / price=0.10-0.30,83,0.4922,0.4334,2.05,0.325,0.4401,0.5431,True
0xca5f15ee1795b7d3df5ce1767ac5570badae41f5,L1b,Sports / price=0.70-0.90,48,0.1253,0.0791,2.48,0.917,0.0826,0.1679,True
0xedbbdd8110aff4e77421df3bd1d7c5c8d4cc63b8,L2,Sports / American Football,84,0.2539,0.2161,2.26,0.631,0.3031,0.2046,True
0xedbbdd8110aff4e77421df3bd1d7c5c8d4cc63b8,L2l,Sports / American Football / pre,82,0.2595,0.2199,2.29,0.634,0.3349,0.1842,True
0xaff9effcbebb93f065f8df88e6072e8345e98e3c,L3,Sports / Other sport / Hong Kong Daily Lowest Temperature,149,0.1294,0.1143,2.76,0.832,0.0305,0.227,True
0xd3b034d7bfb2473fb252d0414646d9786bac329e,L1,Esports,3435,0.0885,0.0884,5.07,0.586,0.1068,0.0702,True
0xd3b034d7bfb2473fb252d0414646d9786bac329e,L2,Esports / Esports,3432,0.089,0.089,5.1,0.586,0.1075,0.0705,True
0xd3b034d7bfb2473fb252d0414646d9786bac329e,L3,Esports / Esports / League of Legends,2131,0.1062,0.1059,4.77,0.598,0.1411,0.0712,True
0xd3b034d7bfb2473fb252d0414646d9786bac329e,L3,Esports / Esports / Dota 2,1025,0.0719,0.0721,2.23,0.564,0.0904,0.0534,True
0xd3b034d7bfb2473fb252d0414646d9786bac329e,L2t,Esports / Esports / type=child_moneyline,2719,0.0912,0.0911,4.62,0.589,0.1075,0.0749,True
0xd3b034d7bfb2473fb252d0414646d9786bac329e,L1b,Esports / price=0.30-0.50,1060,0.1012,0.1009,2.71,0.452,0.1139,0.0885,True
0xd3b034d7bfb2473fb252d0414646d9786bac329e,L1b,Esports / price=0.50-0.70,1564,0.0729,0.073,3.55,0.632,0.0868,0.0591,True
0xd3b034d7bfb2473fb252d0414646d9786bac329e,L1b,Esports / price=0.70-0.90,537,0.0882,0.088,4.19,0.829,0.079,0.0973,True
0xd3b034d7bfb2473fb252d0414646d9786bac329e,L2b,Esports / Esports / price=0.30-0.50,1059,0.1022,0.1019,2.74,0.452,0.116,0.0885,True
0xd3b034d7bfb2473fb252d0414646d9786bac329e,L2b,Esports / Esports / price=0.50-0.70,1562,0.0733,0.0735,3.57,0.633,0.0887,0.058,True
0xd3b034d7bfb2473fb252d0414646d9786bac329e,L2b,Esports / Esports / price=0.70-0.90,537,0.0882,0.088,4.19,0.829,0.079,0.0973,True
0xd3b034d7bfb2473fb252d0414646d9786bac329e,L2l,Esports / Esports / live,3311,0.0941,0.0941,5.3,0.587,0.1129,0.0754,True
0x8867341a9baf6fbabbe166c88e289cedcd877683,L1,Sports,308,0.309,0.3091,2.18,0.429,0.5077,0.1102,True
0x8867341a9baf6fbabbe166c88e289cedcd877683,L2,Sports / Other sport,304,0.3097,0.3098,2.17,0.431,0.4947,0.1248,True
0x8867341a9baf6fbabbe166c88e289cedcd877683,L2t,Sports / Other sport / type=binary,304,0.3097,0.3098,2.17,0.431,0.4947,0.1248,True
0x8867341a9baf6fbabbe166c88e289cedcd877683,L1b,Sports / price=0.10-0.30,128,0.3447,0.3401,2.06,0.352,0.5233,0.1661,True
0x8867341a9baf6fbabbe166c88e289cedcd877683,L2b,Sports / Other sport / price=0.10-0.30,125,0.337,0.3334,2.01,0.352,0.517,0.1598,True
0x8867341a9baf6fbabbe166c88e289cedcd877683,L2l,Sports / Other sport / live,254,0.3247,0.3237,2.05,0.437,0.4969,0.1525,True
0x3214542dba691fd044d76a8344ae503af891cfcb,L1b,Sports / price=0.70-0.90,52,0.1384,0.1091,2.61,0.846,0.1627,0.114,True
0x3214542dba691fd044d76a8344ae503af891cfcb,L2b,Sports / Soccer / price=0.70-0.90,52,0.1384,0.1091,2.61,0.846,0.1627,0.114,True
0x726e9d517a96053a87d3beafae95a3678539aafb,L1,Sports,707,0.5323,0.5323,2.06,0.717,0.5839,0.4808,True
0x726e9d517a96053a87d3beafae95a3678539aafb,L2,Sports / Other sport,707,0.5323,0.5323,2.06,0.717,0.5839,0.4808,True
0x726e9d517a96053a87d3beafae95a3678539aafb,L3,Sports / Other sport / Sao Paulo Daily Weather,40,0.4402,0.4709,2.48,0.95,0.704,0.1765,True
0x726e9d517a96053a87d3beafae95a3678539aafb,L3,Sports / Other sport / Tokyo Daily Weather,30,0.2336,0.3531,2.25,0.767,0.3131,0.154,True
0x726e9d517a96053a87d3beafae95a3678539aafb,L2t,Sports / Other sport / type=binary,707,0.5323,0.5323,2.06,0.717,0.5839,0.4808,True
0x726e9d517a96053a87d3beafae95a3678539aafb,L1b,Sports / price=0.10-0.30,48,0.9462,0.8245,2.46,0.479,0.9725,0.92,True
0x726e9d517a96053a87d3beafae95a3678539aafb,L1b,Sports / price=0.50-0.70,145,0.2267,0.2637,4.67,0.752,0.2674,0.1866,True
0x726e9d517a96053a87d3beafae95a3678539aafb,L1b,Sports / price=0.70-0.90,362,0.0437,0.0693,2.33,0.809,0.0675,0.0199,True
0x726e9d517a96053a87d3beafae95a3678539aafb,L2b,Sports / Other sport / price=0.10-0.30,48,0.9462,0.8245,2.46,0.479,0.9725,0.92,True
0x726e9d517a96053a87d3beafae95a3678539aafb,L2b,Sports / Other sport / price=0.50-0.70,145,0.2267,0.2637,4.67,0.752,0.2674,0.1866,True
0x726e9d517a96053a87d3beafae95a3678539aafb,L2b,Sports / Other sport / price=0.70-0.90,362,0.0437,0.0693,2.33,0.809,0.0675,0.0199,True
0x726e9d517a96053a87d3beafae95a3678539aafb,L2l,Sports / Other sport / live,703,0.534,0.5339,2.06,0.717,0.5833,0.4848,True
0x8546a601f7c7cc3dae7141f20b0e09e42bbf35b8,L1,Sports,915,0.0753,0.0753,2.21,0.645,0.0727,0.0779,True
0x8546a601f7c7cc3dae7141f20b0e09e42bbf35b8,L2,Sports / Tennis,807,0.0891,0.0887,2.39,0.659,0.0886,0.0895,True
0x8546a601f7c7cc3dae7141f20b0e09e42bbf35b8,L3,Sports / Tennis / ITF,242,0.0866,0.0857,2.7,0.686,0.119,0.0542,True
0x8546a601f7c7cc3dae7141f20b0e09e42bbf35b8,L2t,Sports / Tennis / type=moneyline,806,0.0897,0.0893,2.4,0.66,0.0886,0.0907,True
0x8546a601f7c7cc3dae7141f20b0e09e42bbf35b8,L1b,Sports / price=0.50-0.70,264,0.0977,0.0961,3.05,0.561,0.1092,0.0862,True
0x8546a601f7c7cc3dae7141f20b0e09e42bbf35b8,L2b,Sports / Tennis / price=0.50-0.70,225,0.1271,0.1228,3.85,0.573,0.1538,0.1005,True
0x8546a601f7c7cc3dae7141f20b0e09e42bbf35b8,L2l,Sports / Tennis / live,792,0.0913,0.0909,2.41,0.663,0.0949,0.0876,True
0x6a56ba3d12bf5c78219ed240a5fc48c97cd9be30,L1,Other,40,1.8535,1.3284,4.88,0.925,2.216,1.491,True
0x6a56ba3d12bf5c78219ed240a5fc48c97cd9be30,L2,Other / ?,40,1.8535,1.3284,4.88,0.925,2.216,1.491,True
0x6a56ba3d12bf5c78219ed240a5fc48c97cd9be30,L3,Other / ? / ?,40,1.8535,1.3284,4.88,0.925,2.216,1.491,True
0x6a56ba3d12bf5c78219ed240a5fc48c97cd9be30,L2t,Other / ? / type=binary,40,1.8535,1.3284,4.88,0.925,2.216,1.491,True
0xeee0757e2c6ebd306ef5855a4cade0a9e991718b,L2t,Sports / Basketball / type=spreads,32,0.3513,0.2161,2.45,0.781,0.4086,0.2941,True
0x245e8692d3e659f5267b9f9eec8794e0232d1ceb,L1,Crypto,5687,0.29,0.2898,4.95,0.526,0.1088,0.471,True
0x245e8692d3e659f5267b9f9eec8794e0232d1ceb,L1b,Crypto / price=0.00-0.10,330,2.7543,2.6119,2.86,0.07,1.4902,4.0185,True
0x245e8692d3e659f5267b9f9eec8794e0232d1ceb,L1b,Crypto / price=0.10-0.30,415,0.4974,0.4865,3.53,0.246,0.4558,0.5387,True
0x245e8692d3e659f5267b9f9eec8794e0232d1ceb,L1b,Crypto / price=0.50-0.70,3233,0.0984,0.0994,6.55,0.623,0.0934,0.1033,True
0x245e8692d3e659f5267b9f9eec8794e0232d1ceb,L1b,Crypto / price=0.30-0.50,1629,0.1262,0.1278,4.28,0.483,0.1148,0.1375,True
0x245e8692d3e659f5267b9f9eec8794e0232d1ceb,L1b,Esports / price=0.30-0.50,233,0.173,0.1799,2.69,0.472,0.1577,0.1881,True
0x245e8692d3e659f5267b9f9eec8794e0232d1ceb,L1b,Esports / price=0.50-0.70,122,0.1605,0.1746,2.89,0.631,0.1378,0.1831,True
0x245e8692d3e659f5267b9f9eec8794e0232d1ceb,L2b,Esports / Esports / price=0.30-0.50,233,0.173,0.1799,2.69,0.472,0.1577,0.1881,True
0x245e8692d3e659f5267b9f9eec8794e0232d1ceb,L2b,Esports / Esports / price=0.50-0.70,122,0.1605,0.1746,2.89,0.631,0.1378,0.1831,True
0x3308f2d02d40fa571da699c62c168f859afdf04b,L1b,Esports / price=0.70-0.90,177,0.0812,0.0814,2.22,0.836,0.1509,0.0124,True
0x3308f2d02d40fa571da699c62c168f859afdf04b,L2b,Esports / Esports / price=0.70-0.90,175,0.0862,0.0858,2.36,0.84,0.1509,0.0222,True
0xb4cecbca7b4a1b2b08f7284027c914f00fae49e0,L3,Sports / Other sport / Chongqing Daily Weather,64,0.4151,0.3561,2.06,0.594,0.3475,0.4827,True
0xb4cecbca7b4a1b2b08f7284027c914f00fae49e0,L1b,Sports / price=0.30-0.50,277,0.2297,0.2255,4.22,0.502,0.2581,0.2015,True
0xb4cecbca7b4a1b2b08f7284027c914f00fae49e0,L2b,Sports / Other sport / price=0.30-0.50,270,0.2305,0.2261,4.21,0.504,0.2618,0.1992,True
0x26eb4b82e4bc8ff5b03cc2b8c10e83b24b2222d0,L2,Sports / Soccer,787,0.0909,0.0895,2.12,0.536,0.0552,0.1264,True
0x26eb4b82e4bc8ff5b03cc2b8c10e83b24b2222d0,L3,Sports / Soccer / Fifa Friendly,82,0.3421,0.2821,2.92,0.732,0.2765,0.4077,True
0x26eb4b82e4bc8ff5b03cc2b8c10e83b24b2222d0,L2l,Sports / Soccer / pre,784,0.0931,0.0917,2.17,0.537,0.0579,0.1283,True
0x7b2007f18b374aa05c018f65ced5084daf6aeb02,L1,Sports,1474,0.1455,0.1454,2.94,0.441,0.1944,0.0965,True
0x7b2007f18b374aa05c018f65ced5084daf6aeb02,L2,Sports / Other sport,1428,0.1466,0.1465,2.89,0.44,0.2042,0.089,True
0x7b2007f18b374aa05c018f65ced5084daf6aeb02,L2t,Sports / Other sport / type=binary,1427,0.1462,0.1461,2.88,0.44,0.2041,0.0883,True
0x7b2007f18b374aa05c018f65ced5084daf6aeb02,L1b,Sports / price=0.30-0.50,616,0.1486,0.1483,3.35,0.466,0.1231,0.1741,True
0x7b2007f18b374aa05c018f65ced5084daf6aeb02,L1b,Sports / price=0.50-0.70,273,0.1604,0.1589,3.57,0.645,0.1285,0.192,True
0x7b2007f18b374aa05c018f65ced5084daf6aeb02,L1b,Sports / price=0.70-0.90,79,0.1149,0.1197,2.87,0.823,0.1489,0.0818,True
0x7b2007f18b374aa05c018f65ced5084daf6aeb02,L2b,Sports / Other sport / price=0.30-0.50,600,0.1477,0.1474,3.29,0.465,0.1199,0.1756,True
0x7b2007f18b374aa05c018f65ced5084daf6aeb02,L2b,Sports / Other sport / price=0.50-0.70,260,0.1689,0.1667,3.71,0.65,0.1466,0.1911,True
0x7b2007f18b374aa05c018f65ced5084daf6aeb02,L2b,Sports / Other sport / price=0.70-0.90,79,0.1149,0.1197,2.87,0.823,0.1489,0.0818,True
0x7b2007f18b374aa05c018f65ced5084daf6aeb02,L2l,Sports / Other sport / live,1354,0.1464,0.1463,2.76,0.434,0.2115,0.0813,True
0x066ea9d5dacc81ea3a0535ffe13209d55571ceb2,L1,Other,45,1.4617,1.0079,3.45,0.556,0.491,2.3902,True
0x066ea9d5dacc81ea3a0535ffe13209d55571ceb2,L2,Other / ?,43,1.5754,1.0711,3.62,0.581,0.7859,2.3289,True
0x066ea9d5dacc81ea3a0535ffe13209d55571ceb2,L3,Other / ? / ?,43,1.5754,1.0711,3.62,0.581,0.7859,2.3289,True
0x066ea9d5dacc81ea3a0535ffe13209d55571ceb2,L2t,Other / ? / type=binary,43,1.5754,1.0711,3.62,0.581,0.7859,2.3289,True
0x59388224c37c08cb742d1b00bf6b0632150d7788,L3,Sports / Other sport / Busan Daily Weather,52,0.0999,0.0719,2.07,0.846,0.1316,0.0683,True
0x377d1929a14bd380c8d23154d2b8d1bbb33b1825,L2b,Sports / Tennis / price=0.70-0.90,48,0.1194,0.0806,2.7,0.771,0.1665,0.0724,True
0xd0ac6e6b585c00042a0552a6cf35f2f056ef7dee,L1,Esports,1595,0.1362,0.1362,3.43,0.683,0.1349,0.1376,True
0xd0ac6e6b585c00042a0552a6cf35f2f056ef7dee,L1,Sports,673,0.1322,0.1323,4.34,0.736,0.1125,0.1519,True
0xd0ac6e6b585c00042a0552a6cf35f2f056ef7dee,L2,Esports / Esports,1595,0.1362,0.1362,3.43,0.683,0.1349,0.1376,True
0xd0ac6e6b585c00042a0552a6cf35f2f056ef7dee,L2,Sports / Soccer,267,0.2025,0.1978,2.99,0.723,0.2144,0.1907,True
0xd0ac6e6b585c00042a0552a6cf35f2f056ef7dee,L2,Sports / Tennis,406,0.086,0.0883,3.63,0.744,0.0526,0.1194,True
0xd0ac6e6b585c00042a0552a6cf35f2f056ef7dee,L3,Esports / Esports / Counter Strike,1490,0.1446,0.1445,3.42,0.685,0.1273,0.162,True
0xd0ac6e6b585c00042a0552a6cf35f2f056ef7dee,L3,Sports / Soccer / Counter Strike,257,0.2008,0.1961,2.87,0.724,0.215,0.1868,True
0xd0ac6e6b585c00042a0552a6cf35f2f056ef7dee,L3,Sports / Tennis / ATP,337,0.0963,0.0984,3.52,0.733,0.0491,0.1431,True
0xd0ac6e6b585c00042a0552a6cf35f2f056ef7dee,L2t,Esports / Esports / type=child_moneyline,1353,0.1483,0.1481,3.22,0.689,0.1439,0.1527,True
0xd0ac6e6b585c00042a0552a6cf35f2f056ef7dee,L2t,Sports / Soccer / type=moneyline,267,0.2025,0.1978,2.99,0.723,0.2144,0.1907,True
0xd0ac6e6b585c00042a0552a6cf35f2f056ef7dee,L2t,Sports / Tennis / type=moneyline,406,0.086,0.0883,3.63,0.744,0.0526,0.1194,True
0xd0ac6e6b585c00042a0552a6cf35f2f056ef7dee,L1b,Esports / price=0.00-0.10,56,2.4222,1.8203,2.38,0.429,1.9393,2.9052,True
0xd0ac6e6b585c00042a0552a6cf35f2f056ef7dee,L1b,Sports / price=0.30-0.50,166,0.1921,0.186,4.27,0.687,0.1827,0.2015,True
0xd0ac6e6b585c00042a0552a6cf35f2f056ef7dee,L1b,Esports / price=0.50-0.70,313,0.1301,0.1304,5.27,0.719,0.1336,0.1266,True
0xd0ac6e6b585c00042a0552a6cf35f2f056ef7dee,L1b,Sports / price=0.50-0.70,174,0.098,0.1018,3.43,0.724,0.0789,0.1171,True
0xd0ac6e6b585c00042a0552a6cf35f2f056ef7dee,L2b,Esports / Esports / price=0.00-0.10,56,2.4222,1.8203,2.38,0.429,1.9393,2.9052,True
0xd0ac6e6b585c00042a0552a6cf35f2f056ef7dee,L2b,Esports / Esports / price=0.50-0.70,313,0.1301,0.1304,5.27,0.719,0.1336,0.1266,True
0xd0ac6e6b585c00042a0552a6cf35f2f056ef7dee,L2b,Sports / Tennis / price=0.30-0.50,108,0.173,0.167,4.02,0.722,0.1684,0.1775,True
0xd0ac6e6b585c00042a0552a6cf35f2f056ef7dee,L2b,Sports / Soccer / price=0.30-0.50,58,0.2277,0.2039,2.25,0.621,0.3378,0.1177,True
0xd0ac6e6b585c00042a0552a6cf35f2f056ef7dee,L2b,Sports / Tennis / price=0.50-0.70,114,0.0931,0.0993,3.2,0.737,0.0682,0.1179,True
0xd0ac6e6b585c00042a0552a6cf35f2f056ef7dee,L2l,Esports / Esports / live,1592,0.1365,0.1365,3.43,0.683,0.1346,0.1384,True
0xd0ac6e6b585c00042a0552a6cf35f2f056ef7dee,L2l,Sports / Soccer / live,267,0.2025,0.1978,2.99,0.723,0.2144,0.1907,True
0xd0ac6e6b585c00042a0552a6cf35f2f056ef7dee,L2l,Sports / Tennis / live,404,0.086,0.0883,3.61,0.743,0.0519,0.1202,True
0x3e69375f65f77f2923b5fa3b1f7c9e1367b77a30,L3,Esports / Esports / Dota 2,75,0.0342,0.0253,3.22,0.933,0.0519,0.0169,True
0x3e69375f65f77f2923b5fa3b1f7c9e1367b77a30,L2t,Sports / Soccer / type=soccer_player_goals,45,0.0283,0.0171,15.58,1.0,0.028,0.0286,True
0x01ced860d8dca5d7987579d2a2635df8520d27a2,L1,Sports,1080,0.3593,0.3581,5.43,0.484,0.4396,0.279,True
0x01ced860d8dca5d7987579d2a2635df8520d27a2,L2,Sports / Other sport,1079,0.3606,0.3593,5.45,0.485,0.4404,0.2809,True
0x01ced860d8dca5d7987579d2a2635df8520d27a2,L3,Sports / Other sport / Hong Kong Daily Weather,787,0.3674,0.3655,4.99,0.482,0.4314,0.3036,True
0x01ced860d8dca5d7987579d2a2635df8520d27a2,L3,Sports / Other sport / Hong Kong Daily Lowest Temperature,282,0.3699,0.3646,2.5,0.5,0.5557,0.1842,True
0x01ced860d8dca5d7987579d2a2635df8520d27a2,L2t,Sports / Other sport / type=binary,1079,0.3606,0.3593,5.45,0.485,0.4404,0.2809,True
0x01ced860d8dca5d7987579d2a2635df8520d27a2,L1b,Sports / price=0.00-0.10,160,0.9597,0.8852,2.61,0.306,1.7426,0.1767,True
0x01ced860d8dca5d7987579d2a2635df8520d27a2,L1b,Sports / price=0.10-0.30,328,0.4854,0.4741,4.58,0.399,0.4425,0.5283,True
0x01ced860d8dca5d7987579d2a2635df8520d27a2,L1b,Sports / price=0.30-0.50,331,0.213,0.2173,4.07,0.517,0.1691,0.2566,True
0x01ced860d8dca5d7987579d2a2635df8520d27a2,L2b,Sports / Other sport / price=0.00-0.10,160,0.9597,0.8852,2.61,0.306,1.7426,0.1767,True
0x01ced860d8dca5d7987579d2a2635df8520d27a2,L2b,Sports / Other sport / price=0.10-0.30,328,0.4854,0.4741,4.58,0.399,0.4425,0.5283,True
0x01ced860d8dca5d7987579d2a2635df8520d27a2,L2b,Sports / Other sport / price=0.30-0.50,330,0.2167,0.2208,4.14,0.518,0.1691,0.2642,True
0x01ced860d8dca5d7987579d2a2635df8520d27a2,L2l,Sports / Other sport / live,749,0.4102,0.4071,4.71,0.493,0.5538,0.2671,True
0x01ced860d8dca5d7987579d2a2635df8520d27a2,L2l,Sports / Other sport / pre,330,0.2479,0.2502,2.82,0.467,0.2192,0.2766,True
0x3a01dc75a904043f93f89bce183b45846ed5bc5e,L1b,Esports / price=0.50-0.70,475,0.0996,0.0978,2.71,0.661,0.1321,0.0672,True
0x3a01dc75a904043f93f89bce183b45846ed5bc5e,L2b,Esports / Esports / price=0.50-0.70,475,0.0996,0.0978,2.71,0.661,0.1321,0.0672,True
0x7bbe0987962a6cd2728d1656e0465e7fa8cab95e,L1,Sports,2286,0.1133,0.1133,4.58,0.624,0.1131,0.1135,True
0x7bbe0987962a6cd2728d1656e0465e7fa8cab95e,L2,Sports / Other sport,2286,0.1133,0.1133,4.58,0.624,0.1131,0.1135,True
0x7bbe0987962a6cd2728d1656e0465e7fa8cab95e,L3,Sports / Other sport / Tokyo Daily Weather,69,0.5639,0.4626,2.49,0.652,0.6449,0.4851,True
0x7bbe0987962a6cd2728d1656e0465e7fa8cab95e,L3,Sports / Other sport / Taipei Daily Weather,80,0.4895,0.4143,2.97,0.725,0.4956,0.4834,True
0x7bbe0987962a6cd2728d1656e0465e7fa8cab95e,L3,Sports / Other sport / Panama Daily Weather,57,0.3784,0.3095,2.97,0.825,0.3769,0.3798,True
0x7bbe0987962a6cd2728d1656e0465e7fa8cab95e,L3,Sports / Other sport / Manila Daily Weather,68,0.3177,0.2712,2.46,0.735,0.44,0.1954,True
0x7bbe0987962a6cd2728d1656e0465e7fa8cab95e,L2t,Sports / Other sport / type=binary,2286,0.1133,0.1133,4.58,0.624,0.1131,0.1135,True
0x7bbe0987962a6cd2728d1656e0465e7fa8cab95e,L1b,Sports / price=0.30-0.50,477,0.1288,0.1281,2.41,0.465,0.1801,0.0776,True
0x7bbe0987962a6cd2728d1656e0465e7fa8cab95e,L1b,Sports / price=0.70-0.90,803,0.0858,0.0865,6.35,0.854,0.0955,0.0761,True
0x7bbe0987962a6cd2728d1656e0465e7fa8cab95e,L1b,Sports / price=0.50-0.70,610,0.083,0.084,2.78,0.644,0.0715,0.0946,True
0x7bbe0987962a6cd2728d1656e0465e7fa8cab95e,L2b,Sports / Other sport / price=0.30-0.50,477,0.1288,0.1281,2.41,0.465,0.1801,0.0776,True
0x7bbe0987962a6cd2728d1656e0465e7fa8cab95e,L2b,Sports / Other sport / price=0.70-0.90,803,0.0858,0.0865,6.35,0.854,0.0955,0.0761,True
0x7bbe0987962a6cd2728d1656e0465e7fa8cab95e,L2b,Sports / Other sport / price=0.50-0.70,610,0.083,0.084,2.78,0.644,0.0715,0.0946,True
0x7bbe0987962a6cd2728d1656e0465e7fa8cab95e,L2l,Sports / Other sport / live,2286,0.1133,0.1133,4.58,0.624,0.1131,0.1135,True
0x1941ca5d7f587827da004b1b1551b0bd6429deea,L1,Sports,2899,0.9335,0.9333,2.48,0.541,0.7781,1.0887,True
0x1941ca5d7f587827da004b1b1551b0bd6429deea,L2,Sports / Other sport,2897,0.934,0.9339,2.48,0.541,0.7791,1.0888,True
0x1941ca5d7f587827da004b1b1551b0bd6429deea,L3,Sports / Other sport / Wuhan Daily Weather,309,0.7172,0.7293,3.26,0.54,0.3132,1.1185,True
0x1941ca5d7f587827da004b1b1551b0bd6429deea,L3,Sports / Other sport / Shanghai Daily Weather,340,0.6664,0.6803,2.53,0.485,0.8562,0.4767,True
0x1941ca5d7f587827da004b1b1551b0bd6429deea,L3,Sports / Other sport / Zhengzhou Daily Weather,63,0.0567,0.2638,3.16,0.984,0.0688,0.0449,True
0x1941ca5d7f587827da004b1b1551b0bd6429deea,L2t,Sports / Other sport / type=binary,2897,0.934,0.9339,2.48,0.541,0.7791,1.0888,True
0x1941ca5d7f587827da004b1b1551b0bd6429deea,L1b,Sports / price=0.00-0.10,819,2.9628,2.914,2.23,0.227,2.3115,3.6125,True
0x1941ca5d7f587827da004b1b1551b0bd6429deea,L1b,Sports / price=0.10-0.30,560,0.3153,0.336,4.12,0.325,0.3584,0.2722,True
0x1941ca5d7f587827da004b1b1551b0bd6429deea,L1b,Sports / price=0.30-0.50,310,0.1937,0.2375,3.41,0.465,0.1993,0.188,True
0x1941ca5d7f587827da004b1b1551b0bd6429deea,L1b,Sports / price=0.50-0.70,166,0.1166,0.2026,2.71,0.59,0.1407,0.0926,True
0x1941ca5d7f587827da004b1b1551b0bd6429deea,L1b,Sports / price=0.70-0.90,250,0.075,0.1373,4.16,0.82,0.0655,0.0845,True
0x1941ca5d7f587827da004b1b1551b0bd6429deea,L2b,Sports / Other sport / price=0.00-0.10,818,2.967,2.9181,2.23,0.227,2.3115,3.6226,True
0x1941ca5d7f587827da004b1b1551b0bd6429deea,L2b,Sports / Other sport / price=0.10-0.30,560,0.3153,0.336,4.12,0.325,0.3584,0.2722,True
0x1941ca5d7f587827da004b1b1551b0bd6429deea,L2b,Sports / Other sport / price=0.30-0.50,310,0.1937,0.2375,3.41,0.465,0.1993,0.188,True
0x1941ca5d7f587827da004b1b1551b0bd6429deea,L2b,Sports / Other sport / price=0.50-0.70,165,0.1126,0.1995,2.61,0.588,0.152,0.0737,True
0x1941ca5d7f587827da004b1b1551b0bd6429deea,L2b,Sports / Other sport / price=0.70-0.90,250,0.075,0.1373,4.16,0.82,0.0655,0.0845,True
0x1941ca5d7f587827da004b1b1551b0bd6429deea,L2l,Sports / Other sport / live,2211,0.7161,0.7179,3.6,0.583,0.9224,0.51,True
0x033eeb3efed4a42059faace467c5c3f6eb2e1bb9,L1,Sports,2154,0.2718,0.271,2.4,0.781,0.0065,0.5371,True
0x033eeb3efed4a42059faace467c5c3f6eb2e1bb9,L2,Sports / American Football,32,0.0007,0.0697,2.56,0.969,0.0004,0.001,True
0x033eeb3efed4a42059faace467c5c3f6eb2e1bb9,L3,Sports / Cricket / Cricket South Africa,53,0.0166,0.0614,9.96,1.0,0.0128,0.0203,True
0x033eeb3efed4a42059faace467c5c3f6eb2e1bb9,L2t,Esports / Esports / type=kill_handicap_match,65,0.0707,0.0964,2.73,1.0,0.0786,0.063,True
0x033eeb3efed4a42059faace467c5c3f6eb2e1bb9,L2t,Esports / Esports / type=round_handicap_match,72,0.0256,0.0592,2.6,1.0,0.03,0.0213,True
0x033eeb3efed4a42059faace467c5c3f6eb2e1bb9,L2t,Sports / Basketball / type=first_half_totals,33,0.0024,0.0694,4.14,1.0,0.0027,0.0021,True
0x033eeb3efed4a42059faace467c5c3f6eb2e1bb9,L2b,Sports / Basketball / price=0.30-0.50,96,0.2344,0.225,2.11,0.542,0.1949,0.2739,True
0x033eeb3efed4a42059faace467c5c3f6eb2e1bb9,L2l,Sports / American Football / live,32,0.0007,0.0697,2.56,0.969,0.0004,0.001,True
0x82d2e4dbb0a849ff8e2f5380719769145648beea,L3,Esports / Esports / Counter Strike,1075,0.0741,0.0739,2.21,0.554,0.0539,0.0942,True
0x82d2e4dbb0a849ff8e2f5380719769145648beea,L1b,Esports / price=0.70-0.90,121,0.106,0.1001,2.75,0.868,0.1021,0.1098,True
0x82d2e4dbb0a849ff8e2f5380719769145648beea,L1b,Sports / price=0.70-0.90,34,0.1545,0.1212,3.2,0.824,0.1521,0.157,True
0x82d2e4dbb0a849ff8e2f5380719769145648beea,L2b,Esports / Esports / price=0.70-0.90,121,0.106,0.1001,2.75,0.868,0.1021,0.1098,True
0xf32de5829daae9ab35a9ece9200bc0a43f64bbbb,L2b,Sports / Tennis / price=0.70-0.90,59,0.1552,0.108,2.86,0.864,0.1887,0.1228,True
0x5fd2d9c60781d711721145ff2b906aa63a18afce,L2b,Sports / Tennis / price=0.70-0.90,180,0.0605,0.0594,3.83,0.7,0.0636,0.0574,True
0x62bae9292f0de0fdfec40eb4b462355547ae31db,L2,Sports / Basketball,41,0.5834,0.3813,2.25,0.561,0.9746,0.211,True
0x62bae9292f0de0fdfec40eb4b462355547ae31db,L3,Sports / Basketball / NBA,39,0.6305,0.4055,2.34,0.564,0.9987,0.2806,True
0x62bae9292f0de0fdfec40eb4b462355547ae31db,L2t,Sports / Basketball / type=moneyline,32,0.6944,0.4146,2.28,0.594,1.0111,0.3777,True
0x62bae9292f0de0fdfec40eb4b462355547ae31db,L2l,Sports / Basketball / pre,39,0.6269,0.4032,2.33,0.564,1.2035,0.0792,True
0x9cefe51ca5380e8d66d25f9463900581a4ff8fa3,L1,Sports,2172,0.1854,0.1854,3.63,0.344,0.2516,0.1191,True
0x9cefe51ca5380e8d66d25f9463900581a4ff8fa3,L2,Sports / Other sport,2172,0.1854,0.1854,3.63,0.344,0.2516,0.1191,True
0x9cefe51ca5380e8d66d25f9463900581a4ff8fa3,L3,Sports / Other sport / Wellington Daily Weather,313,0.2895,0.2832,2.35,0.409,0.1661,0.4121,True
0x9cefe51ca5380e8d66d25f9463900581a4ff8fa3,L2t,Sports / Other sport / type=binary,2172,0.1854,0.1854,3.63,0.344,0.2516,0.1191,True
0x9cefe51ca5380e8d66d25f9463900581a4ff8fa3,L1b,Sports / price=0.00-0.10,632,0.3194,0.3153,2.07,0.233,0.3412,0.2976,True
0x9cefe51ca5380e8d66d25f9463900581a4ff8fa3,L1b,Sports / price=0.10-0.30,901,0.1798,0.18,3.27,0.312,0.2468,0.113,True
0x9cefe51ca5380e8d66d25f9463900581a4ff8fa3,L2b,Sports / Other sport / price=0.00-0.10,632,0.3194,0.3153,2.07,0.233,0.3412,0.2976,True
0x9cefe51ca5380e8d66d25f9463900581a4ff8fa3,L2b,Sports / Other sport / price=0.10-0.30,901,0.1798,0.18,3.27,0.312,0.2468,0.113,True
0x9cefe51ca5380e8d66d25f9463900581a4ff8fa3,L2l,Sports / Other sport / live,2092,0.1863,0.1863,3.56,0.346,0.2488,0.1237,True
0x31b11b5563fad10a7173c4f07e5a18cc513f11d2,L1,Sports,631,0.3437,0.3437,2.48,0.45,0.453,0.2347,True
0x31b11b5563fad10a7173c4f07e5a18cc513f11d2,L2,Sports / Other sport,617,0.3481,0.348,2.45,0.444,0.4562,0.2403,True
0x31b11b5563fad10a7173c4f07e5a18cc513f11d2,L2t,Sports / Other sport / type=binary,617,0.3481,0.348,2.45,0.444,0.4562,0.2403,True
0x31b11b5563fad10a7173c4f07e5a18cc513f11d2,L1b,Sports / price=0.30-0.50,140,0.3348,0.3359,4.07,0.571,0.4027,0.267,True
0x31b11b5563fad10a7173c4f07e5a18cc513f11d2,L1b,Sports / price=0.50-0.70,119,0.2063,0.226,3.6,0.681,0.2176,0.1951,True
0x31b11b5563fad10a7173c4f07e5a18cc513f11d2,L2b,Sports / Other sport / price=0.30-0.50,138,0.3542,0.3528,4.3,0.58,0.423,0.2853,True
0x31b11b5563fad10a7173c4f07e5a18cc513f11d2,L2b,Sports / Other sport / price=0.50-0.70,113,0.2049,0.2257,3.49,0.681,0.2115,0.1984,True
0x31b11b5563fad10a7173c4f07e5a18cc513f11d2,L2l,Sports / Other sport / live,578,0.2774,0.2796,2.67,0.448,0.3014,0.2534,True
0x870536c278e7ad7941b234969f28a585340eedba,L1b,Esports / price=0.70-0.90,289,0.0606,0.0589,2.07,0.824,0.0256,0.0953,True
0x870536c278e7ad7941b234969f28a585340eedba,L2b,Esports / Esports / price=0.70-0.90,289,0.0606,0.0589,2.07,0.824,0.0256,0.0953,True
0x870536c278e7ad7941b234969f28a585340eedba,L2l,Esports / Esports / pre,691,0.1148,0.1125,2.42,0.547,0.0675,0.1619,True
0xebed2bb89ba2826df60e0b088cdd048924b07d9c,L1,Sports,395,0.2924,0.2901,2.25,0.39,0.1337,0.4503,True
0xebed2bb89ba2826df60e0b088cdd048924b07d9c,L2,Sports / Other sport,386,0.3001,0.2974,2.27,0.391,0.145,0.4552,True
0xebed2bb89ba2826df60e0b088cdd048924b07d9c,L3,Sports / Other sport / Seoul Daily Weather,142,0.3778,0.3614,2.38,0.437,0.4141,0.3416,True
0xebed2bb89ba2826df60e0b088cdd048924b07d9c,L2t,Sports / Other sport / type=binary,386,0.3001,0.2974,2.27,0.391,0.145,0.4552,True
0xebed2bb89ba2826df60e0b088cdd048924b07d9c,L1b,Sports / price=0.10-0.30,164,0.4181,0.3993,2.65,0.354,0.3816,0.4546,True
0xebed2bb89ba2826df60e0b088cdd048924b07d9c,L2b,Sports / Other sport / price=0.10-0.30,160,0.4075,0.3895,2.55,0.35,0.374,0.4411,True
0xebed2bb89ba2826df60e0b088cdd048924b07d9c,L2b,Sports / Other sport / price=0.30-0.50,71,0.2653,0.2609,2.15,0.451,0.1054,0.4208,True
0xebed2bb89ba2826df60e0b088cdd048924b07d9c,L2l,Sports / Other sport / live,367,0.2945,0.292,2.15,0.392,0.0943,0.4937,True
0xdc5bd11896bfb0fb335dad88d99a7e9a6bc3f102,L3,Sports / Soccer / UEFA Champions League 2025,144,0.1466,0.1277,2.25,0.729,0.2577,0.0356,True
0xdc5bd11896bfb0fb335dad88d99a7e9a6bc3f102,L3,Sports / Soccer / Bundesliga 2025,56,0.2105,0.1528,2.67,0.839,0.3473,0.0736,True
0xdc5bd11896bfb0fb335dad88d99a7e9a6bc3f102,L1b,Sports / price=0.30-0.50,774,0.0992,0.0965,2.44,0.479,0.1158,0.0826,True
0xdc5bd11896bfb0fb335dad88d99a7e9a6bc3f102,L2b,Sports / Baseball / price=0.30-0.50,275,0.2074,0.1927,3.07,0.538,0.2631,0.152,True
0x9abbdf321694eec4028e9b3be0d2a07a662f3f96,L1,Other,40,0.5742,0.3707,2.51,0.675,0.0148,1.1337,True
0x122b758a408246a180efeb5ba654e21b553fac59,L1,Sports,1946,0.3693,0.3693,3.78,0.461,0.1974,0.5413,True
0x122b758a408246a180efeb5ba654e21b553fac59,L2,Sports / Soccer,1599,0.3507,0.3509,3.51,0.455,0.2027,0.4985,True
0x122b758a408246a180efeb5ba654e21b553fac59,L2t,Sports / Soccer / type=first_half_totals,182,0.9132,0.8588,2.06,0.522,0.4569,1.3695,True
0x122b758a408246a180efeb5ba654e21b553fac59,L2t,Sports / Soccer / type=totals,717,0.2484,0.2515,2.12,0.423,0.0465,0.4497,True
0x122b758a408246a180efeb5ba654e21b553fac59,L1b,Sports / price=0.00-0.10,320,1.5453,1.4758,2.69,0.166,0.6778,2.4129,True
0x122b758a408246a180efeb5ba654e21b553fac59,L1b,Sports / price=0.10-0.30,355,0.3973,0.3955,3.81,0.332,0.3283,0.4658,True
0x122b758a408246a180efeb5ba654e21b553fac59,L1b,Sports / price=0.30-0.50,524,0.0765,0.0871,2.15,0.403,0.0409,0.1121,True
0x122b758a408246a180efeb5ba654e21b553fac59,L1b,Sports / price=0.50-0.70,367,0.086,0.1003,3.07,0.515,0.0596,0.1122,True
0x122b758a408246a180efeb5ba654e21b553fac59,L2b,Sports / Soccer / price=0.00-0.10,263,1.5275,1.4452,2.61,0.163,0.6942,2.3545,True
0x122b758a408246a180efeb5ba654e21b553fac59,L2b,Sports / Soccer / price=0.10-0.30,299,0.2962,0.3004,2.82,0.318,0.3029,0.2895,True
0x122b758a408246a180efeb5ba654e21b553fac59,L2b,Sports / Other sport / price=0.10-0.30,54,0.8236,0.6992,2.56,0.407,0.4144,1.2328,True
0x122b758a408246a180efeb5ba654e21b553fac59,L2b,Sports / Soccer / price=0.50-0.70,311,0.1061,0.1216,3.59,0.521,0.0848,0.1272,True
0x122b758a408246a180efeb5ba654e21b553fac59,L2l,Sports / Soccer / live,1594,0.3534,0.3535,3.53,0.455,0.2042,0.5026,True
0x236448c21cafb8a9cf9bb93d2e66cd73cd8d18f2,L1,Esports,833,0.0869,0.0865,2.25,0.558,0.135,0.0388,True
0x236448c21cafb8a9cf9bb93d2e66cd73cd8d18f2,L2,Esports / Esports,833,0.0869,0.0865,2.25,0.558,0.135,0.0388,True
0x236448c21cafb8a9cf9bb93d2e66cd73cd8d18f2,L3,Esports / Esports / League of Legends,540,0.1291,0.1271,2.7,0.583,0.171,0.0873,True
0x236448c21cafb8a9cf9bb93d2e66cd73cd8d18f2,L2t,Esports / Esports / type=child_moneyline,659,0.0916,0.091,2.11,0.561,0.1427,0.0406,True
0x236448c21cafb8a9cf9bb93d2e66cd73cd8d18f2,L1b,Esports / price=0.50-0.70,314,0.0958,0.0944,2.08,0.65,0.0776,0.114,True
0x236448c21cafb8a9cf9bb93d2e66cd73cd8d18f2,L1b,Esports / price=0.70-0.90,123,0.1083,0.1034,2.37,0.829,0.1636,0.0539,True
0x236448c21cafb8a9cf9bb93d2e66cd73cd8d18f2,L2b,Esports / Esports / price=0.50-0.70,314,0.0958,0.0944,2.08,0.65,0.0776,0.114,True
0x236448c21cafb8a9cf9bb93d2e66cd73cd8d18f2,L2b,Esports / Esports / price=0.70-0.90,123,0.1083,0.1034,2.37,0.829,0.1636,0.0539,True
0x236448c21cafb8a9cf9bb93d2e66cd73cd8d18f2,L2l,Esports / Esports / live,829,0.0882,0.0878,2.28,0.559,0.1326,0.0439,True
0x7bccd2d3dfd370f65aa3cc5d51c7c9649ad9b4fa,L1b,Esports / price=0.30-0.50,210,0.18,0.1719,2.1,0.481,0.07,0.29,True
0x7bccd2d3dfd370f65aa3cc5d51c7c9649ad9b4fa,L1b,Esports / price=0.50-0.70,345,0.1019,0.1011,2.41,0.652,0.1408,0.0633,True
0x7bccd2d3dfd370f65aa3cc5d51c7c9649ad9b4fa,L2b,Esports / Esports / price=0.30-0.50,210,0.18,0.1719,2.1,0.481,0.07,0.29,True
0x7bccd2d3dfd370f65aa3cc5d51c7c9649ad9b4fa,L2b,Esports / Esports / price=0.50-0.70,345,0.1019,0.1011,2.41,0.652,0.1408,0.0633,True
0x7bccd2d3dfd370f65aa3cc5d51c7c9649ad9b4fa,L2l,Esports / Esports / live,706,0.0897,0.0896,2.01,0.538,0.0681,0.1113,True
0x3a090da22b2bcfee0f3125a26265efbcd356f9f7,L3,Esports / Esports / League of Legends,1086,0.0708,0.0698,2.16,0.557,0.0805,0.0611,True
0x3a090da22b2bcfee0f3125a26265efbcd356f9f7,L1b,Esports / price=0.50-0.70,619,0.0881,0.0858,2.68,0.645,0.1242,0.0521,True
0x3a090da22b2bcfee0f3125a26265efbcd356f9f7,L2b,Esports / Esports / price=0.50-0.70,619,0.0881,0.0858,2.68,0.645,0.1242,0.0521,True
0x3a090da22b2bcfee0f3125a26265efbcd356f9f7,L2l,Esports / Esports / live,1461,0.0598,0.0592,2.14,0.554,0.0796,0.0401,True
0x7e8b4fd8f392de0e8ef06778ba0a0d69864a1b3a,L1b,Crypto / price=0.50-0.70,148,0.1015,0.0885,2.09,0.669,0.1139,0.0892,True
0xfeed88c9f141d7057608335cd540245279423aec,L3,Esports / Esports / Dota 2,102,0.302,0.2484,2.17,0.608,0.2715,0.3325,True
0xaafc62dace9a5fef1b4b8028ca37adeb9edbec67,L1,Sports,1123,0.2886,0.2881,4.38,0.534,0.1828,0.3943,True
0xaafc62dace9a5fef1b4b8028ca37adeb9edbec67,L2,Sports / Other sport,1090,0.2895,0.2889,4.29,0.536,0.1872,0.3917,True
0xaafc62dace9a5fef1b4b8028ca37adeb9edbec67,L3,Sports / Other sport / Houston Daily Weather,91,1.3888,1.1851,2.45,0.516,0.7596,2.0042,True
0xaafc62dace9a5fef1b4b8028ca37adeb9edbec67,L3,Sports / Other sport / Sao Paulo Daily Weather,195,0.3734,0.3627,2.62,0.569,0.4715,0.2762,True
0xaafc62dace9a5fef1b4b8028ca37adeb9edbec67,L3,Sports / Other sport / Dallas Daily Weather,55,0.3949,0.3585,2.25,0.636,0.5792,0.2172,True
0xaafc62dace9a5fef1b4b8028ca37adeb9edbec67,L2t,Sports / Other sport / type=binary,1090,0.2895,0.2889,4.29,0.536,0.1872,0.3917,True
0xaafc62dace9a5fef1b4b8028ca37adeb9edbec67,L1b,Sports / price=0.10-0.30,275,0.4865,0.4711,3.95,0.415,0.566,0.4076,True
0xaafc62dace9a5fef1b4b8028ca37adeb9edbec67,L1b,Sports / price=0.50-0.70,237,0.1519,0.1602,4.07,0.709,0.2242,0.0802,True
0xaafc62dace9a5fef1b4b8028ca37adeb9edbec67,L1b,Sports / price=0.30-0.50,222,0.1481,0.1572,2.31,0.468,0.1368,0.1594,True
0xaafc62dace9a5fef1b4b8028ca37adeb9edbec67,L1b,Sports / price=0.70-0.90,150,0.0834,0.104,3.1,0.833,0.0588,0.108,True
0xaafc62dace9a5fef1b4b8028ca37adeb9edbec67,L2b,Sports / Other sport / price=0.10-0.30,267,0.4699,0.4552,3.75,0.408,0.5696,0.3709,True
0xaafc62dace9a5fef1b4b8028ca37adeb9edbec67,L2b,Sports / Other sport / price=0.50-0.70,227,0.1626,0.1703,4.33,0.718,0.215,0.1106,True
0xaafc62dace9a5fef1b4b8028ca37adeb9edbec67,L2b,Sports / Other sport / price=0.30-0.50,209,0.1471,0.1568,2.25,0.469,0.141,0.1531,True
0xaafc62dace9a5fef1b4b8028ca37adeb9edbec67,L2b,Sports / Other sport / price=0.70-0.90,149,0.084,0.1046,3.1,0.839,0.0732,0.0947,True
0xaafc62dace9a5fef1b4b8028ca37adeb9edbec67,L2l,Sports / Other sport / live,1090,0.2895,0.2889,4.29,0.536,0.1872,0.3917,True
0xdcb848cd413809b1d757a57a5ca1886692d96b51,L1,Esports,1418,0.1537,0.1539,3.61,0.566,0.1858,0.1216,True
0xdcb848cd413809b1d757a57a5ca1886692d96b51,L2,Esports / Esports,1417,0.1539,0.1541,3.61,0.567,0.1863,0.1216,True
0xdcb848cd413809b1d757a57a5ca1886692d96b51,L3,Esports / Esports / Dota 2,1070,0.1493,0.1496,2.86,0.578,0.1849,0.1136,True
0xdcb848cd413809b1d757a57a5ca1886692d96b51,L3,Esports / Esports / League of Legends,345,0.1723,0.1722,2.55,0.536,0.1525,0.192,True
0xdcb848cd413809b1d757a57a5ca1886692d96b51,L2t,Esports / Esports / type=child_moneyline,1094,0.1728,0.1728,3.26,0.572,0.2306,0.115,True
0xdcb848cd413809b1d757a57a5ca1886692d96b51,L1b,Esports / price=0.10-0.30,206,0.2057,0.2025,2.01,0.325,0.0877,0.3237,True
0xdcb848cd413809b1d757a57a5ca1886692d96b51,L1b,Esports / price=0.30-0.50,408,0.118,0.1205,2.58,0.463,0.0549,0.1812,True
0xdcb848cd413809b1d757a57a5ca1886692d96b51,L1b,Esports / price=0.50-0.70,491,0.0965,0.0994,3.53,0.642,0.1081,0.085,True
0xdcb848cd413809b1d757a57a5ca1886692d96b51,L1b,Esports / price=0.70-0.90,248,0.0496,0.0585,2.19,0.754,0.0346,0.0645,True
0xdcb848cd413809b1d757a57a5ca1886692d96b51,L2b,Esports / Esports / price=0.10-0.30,205,0.2077,0.2044,2.02,0.327,0.0984,0.316,True
0xdcb848cd413809b1d757a57a5ca1886692d96b51,L2b,Esports / Esports / price=0.30-0.50,408,0.118,0.1205,2.58,0.463,0.0549,0.1812,True
0xdcb848cd413809b1d757a57a5ca1886692d96b51,L2b,Esports / Esports / price=0.50-0.70,491,0.0965,0.0994,3.53,0.642,0.1081,0.085,True
0xdcb848cd413809b1d757a57a5ca1886692d96b51,L2b,Esports / Esports / price=0.70-0.90,248,0.0496,0.0585,2.19,0.754,0.0346,0.0645,True
0xdcb848cd413809b1d757a57a5ca1886692d96b51,L2l,Esports / Esports / live,1410,0.1547,0.1549,3.61,0.569,0.1871,0.1223,True
0x36b321c39e0f5b7d1835467cb91365c2571ae421,L2,Sports / Tennis,1347,0.0776,0.0767,2.77,0.572,0.0722,0.0831,True
0x36b321c39e0f5b7d1835467cb91365c2571ae421,L3,Sports / Tennis / WTA,303,0.1748,0.1646,2.92,0.607,0.212,0.1378,True
0x36b321c39e0f5b7d1835467cb91365c2571ae421,L2t,Sports / Tennis / type=tennis_set_handicap,428,0.1039,0.0998,2.2,0.607,0.1436,0.0642,True
0x36b321c39e0f5b7d1835467cb91365c2571ae421,L2b,Sports / Tennis / price=0.50-0.70,581,0.0706,0.0686,2.07,0.635,0.0564,0.0847,True
0x36b321c39e0f5b7d1835467cb91365c2571ae421,L2b,Sports / Tennis / price=0.70-0.90,228,0.0723,0.0673,2.09,0.807,0.0665,0.078,True
0x36b321c39e0f5b7d1835467cb91365c2571ae421,L2l,Sports / Tennis / pre,1340,0.0787,0.0777,2.8,0.572,0.0729,0.0845,True
0xaca23974e2b8131efbafaa1fe03ea9595ea0b9a1,L2t,Sports / Basketball / type=spreads,185,0.1649,0.1626,2.29,0.578,0.145,0.1846,True
0xaca23974e2b8131efbafaa1fe03ea9595ea0b9a1,L1b,Politics / price=0.30-0.50,66,0.3265,0.2833,2.16,0.53,0.4071,0.2459,True
0x8c0b024c17831a0dde038547b7e791ae6a0d7aa5,L1,Sports,739,0.397,0.3914,2.11,0.568,0.6264,0.1682,True
0x8c0b024c17831a0dde038547b7e791ae6a0d7aa5,L1,Esports,3243,0.1366,0.1369,4.74,0.508,0.1855,0.0877,True
0x8c0b024c17831a0dde038547b7e791ae6a0d7aa5,L2,Esports / Esports,3221,0.1393,0.1396,4.8,0.509,0.1881,0.0905,True
0x8c0b024c17831a0dde038547b7e791ae6a0d7aa5,L2,Sports / Tennis,167,0.3355,0.3194,2.64,0.557,0.3225,0.3484,True
0x8c0b024c17831a0dde038547b7e791ae6a0d7aa5,L3,Esports / Esports / League of Legends,1923,0.1746,0.1747,4.14,0.52,0.2675,0.0817,True
0x8c0b024c17831a0dde038547b7e791ae6a0d7aa5,L3,Sports / Tennis / League of Legends,129,0.3647,0.3406,2.54,0.581,0.3571,0.3723,True
0x8c0b024c17831a0dde038547b7e791ae6a0d7aa5,L2t,Esports / Esports / type=child_moneyline,1868,0.1312,0.1318,3.4,0.456,0.2094,0.0531,True
0x8c0b024c17831a0dde038547b7e791ae6a0d7aa5,L2t,Esports / Esports / type=moneyline,952,0.1629,0.1634,2.85,0.484,0.2065,0.1194,True
0x8c0b024c17831a0dde038547b7e791ae6a0d7aa5,L2t,Sports / Tennis / type=child_moneyline,72,0.4228,0.371,2.73,0.639,0.4453,0.4002,True
0x8c0b024c17831a0dde038547b7e791ae6a0d7aa5,L2t,Sports / Basketball / type=spreads,121,0.1425,0.1484,2.14,0.769,0.1294,0.1553,True
0x8c0b024c17831a0dde038547b7e791ae6a0d7aa5,L1b,Esports / price=0.10-0.30,654,0.2765,0.2738,3.31,0.291,0.3923,0.1606,True
0x8c0b024c17831a0dde038547b7e791ae6a0d7aa5,L1b,Esports / price=0.50-0.70,690,0.1241,0.1258,3.75,0.619,0.1228,0.1255,True
0x8c0b024c17831a0dde038547b7e791ae6a0d7aa5,L1b,Esports / price=0.30-0.50,1323,0.0776,0.0791,2.35,0.45,0.0692,0.0859,True
0x8c0b024c17831a0dde038547b7e791ae6a0d7aa5,L1b,Sports / price=0.30-0.50,254,0.1489,0.1515,2.06,0.5,0.0991,0.1987,True
0x8c0b024c17831a0dde038547b7e791ae6a0d7aa5,L2b,Esports / Esports / price=0.10-0.30,654,0.2765,0.2738,3.31,0.291,0.3923,0.1606,True
0x8c0b024c17831a0dde038547b7e791ae6a0d7aa5,L2b,Esports / Esports / price=0.50-0.70,687,0.1241,0.1258,3.74,0.619,0.1293,0.1189,True
0x8c0b024c17831a0dde038547b7e791ae6a0d7aa5,L2b,Esports / Esports / price=0.30-0.50,1321,0.0776,0.0792,2.35,0.45,0.0657,0.0894,True
0x8c0b024c17831a0dde038547b7e791ae6a0d7aa5,L2l,Esports / Esports / live,3033,0.1383,0.1386,4.58,0.511,0.191,0.0855,True
0x8c0b024c17831a0dde038547b7e791ae6a0d7aa5,L2l,Sports / Tennis / live,152,0.2917,0.2792,2.54,0.566,0.3768,0.2066,True
0xf3d506481a7b5c8f958801239105ebcdda0bf4a9,L1b,Sports / price=0.70-0.90,35,0.1228,0.0886,2.02,0.8,0.1781,0.0706,True
0xf3d506481a7b5c8f958801239105ebcdda0bf4a9,L2b,Sports / Soccer / price=0.30-0.50,47,0.3481,0.2528,2.69,0.511,0.4675,0.2337,True
0xbe7ef1907a730226453814dedeee3995c0656d00,L1b,Sports / price=0.70-0.90,42,0.1882,0.1166,3.04,0.881,0.1255,0.2508,True
0xc31fdeab99cc3a1ff67f42cf5dbdde35dce0f04a,L1b,Sports / price=0.50-0.70,144,0.2637,0.2791,5.56,0.764,0.2433,0.284,True
0xc31fdeab99cc3a1ff67f42cf5dbdde35dce0f04a,L1b,Sports / price=0.30-0.50,59,0.3997,0.3973,3.07,0.627,0.4211,0.3791,True
0xc31fdeab99cc3a1ff67f42cf5dbdde35dce0f04a,L1b,Sports / price=0.70-0.90,188,0.1567,0.1792,6.31,0.894,0.1529,0.1606,True
0xc31fdeab99cc3a1ff67f42cf5dbdde35dce0f04a,L2b,Sports / Other sport / price=0.50-0.70,133,0.2728,0.2881,5.45,0.789,0.2659,0.2796,True
0xc31fdeab99cc3a1ff67f42cf5dbdde35dce0f04a,L2b,Sports / Other sport / price=0.30-0.50,45,0.3796,0.3828,2.33,0.6,0.3834,0.3759,True
0xc31fdeab99cc3a1ff67f42cf5dbdde35dce0f04a,L2b,Sports / Other sport / price=0.70-0.90,185,0.157,0.1797,6.23,0.892,0.1527,0.1612,True
0x86b1d13d442471814d47218b1486cb364cc0c094,L1b,Esports / price=0.70-0.90,76,0.1313,0.099,2.75,0.882,0.0841,0.1785,True
0x86b1d13d442471814d47218b1486cb364cc0c094,L2b,Esports / Esports / price=0.70-0.90,76,0.1313,0.099,2.75,0.882,0.0841,0.1785,True
0x6011655c4afb76f36dd1b08a137a1ba73466b31e,L1,Sports,4295,0.0946,0.0946,14.6,0.995,0.145,0.0443,True
0x6011655c4afb76f36dd1b08a137a1ba73466b31e,L2,Sports / Other sport,4295,0.0946,0.0946,14.6,0.995,0.145,0.0443,True
0x6011655c4afb76f36dd1b08a137a1ba73466b31e,L3,Sports / Other sport / Taipei Daily Weather,243,0.1315,0.1286,4.33,0.992,0.1503,0.1128,True
0x6011655c4afb76f36dd1b08a137a1ba73466b31e,L3,Sports / Other sport / Buenos Aires Daily Weather,100,0.2019,0.1839,2.23,1.0,0.2482,0.1557,True
0x6011655c4afb76f36dd1b08a137a1ba73466b31e,L3,Sports / Other sport / Karachi Daily Weather,98,0.1714,0.1582,3.25,0.99,0.2864,0.0563,True
0x6011655c4afb76f36dd1b08a137a1ba73466b31e,L3,Sports / Other sport / Tel Aviv Daily Weather,101,0.1445,0.1361,3.43,1.0,0.216,0.0744,True
0x6011655c4afb76f36dd1b08a137a1ba73466b31e,L3,Sports / Other sport / Manila Daily Weather,84,0.1622,0.1491,2.83,1.0,0.294,0.0305,True
0x6011655c4afb76f36dd1b08a137a1ba73466b31e,L3,Sports / Other sport / Panama Daily Weather,152,0.113,0.1108,4.0,0.987,0.1607,0.0652,True
0x6011655c4afb76f36dd1b08a137a1ba73466b31e,L3,Sports / Other sport / Kuala Lumpur Daily Weather,108,0.1337,0.1275,3.31,0.981,0.0955,0.1719,True
0x6011655c4afb76f36dd1b08a137a1ba73466b31e,L3,Sports / Other sport / Madrid Daily Weather,52,0.2182,0.1837,3.45,1.0,0.1595,0.2769,True
0x6011655c4afb76f36dd1b08a137a1ba73466b31e,L3,Sports / Other sport / Lucknow Daily Weather,163,0.1004,0.0997,3.51,0.982,0.1528,0.0487,True
0x6011655c4afb76f36dd1b08a137a1ba73466b31e,L3,Sports / Other sport / Miami Daily Weather,72,0.1646,0.1492,3.33,1.0,0.2749,0.0543,True
0x6011655c4afb76f36dd1b08a137a1ba73466b31e,L3,Sports / Other sport / Mexico City Daily Weather,159,0.0943,0.0942,3.79,0.994,0.1247,0.0642,True
0x6011655c4afb76f36dd1b08a137a1ba73466b31e,L3,Sports / Other sport / Sao Paulo Daily Weather,146,0.097,0.0966,3.42,1.0,0.1326,0.0614,True
0x6011655c4afb76f36dd1b08a137a1ba73466b31e,L3,Sports / Other sport / Denver Daily Weather,71,0.1354,0.1263,3.35,1.0,0.1131,0.1571,True
0x6011655c4afb76f36dd1b08a137a1ba73466b31e,L3,Sports / Other sport / NYC Daily Weather,71,0.116,0.1111,2.42,1.0,0.1002,0.1313,True
0x6011655c4afb76f36dd1b08a137a1ba73466b31e,L3,Sports / Other sport / Cape Town Daily Weather,122,0.0793,0.0814,7.11,1.0,0.0884,0.0703,True
0x6011655c4afb76f36dd1b08a137a1ba73466b31e,L3,Sports / Other sport / Atlanta Daily Weather,67,0.1106,0.1068,3.65,1.0,0.1611,0.0617,True
0x6011655c4afb76f36dd1b08a137a1ba73466b31e,L3,Sports / Other sport / Los Angeles Daily Weather,73,0.1016,0.0999,2.39,0.986,0.1632,0.0417,True
0x6011655c4afb76f36dd1b08a137a1ba73466b31e,L3,Sports / Other sport / Istanbul Daily Weather,71,0.1014,0.0997,4.33,1.0,0.1148,0.0883,True
0x6011655c4afb76f36dd1b08a137a1ba73466b31e,L3,Sports / Other sport / Tokyo Daily Weather,40,0.1247,0.1144,2.8,0.975,0.0937,0.1556,True
0x6011655c4afb76f36dd1b08a137a1ba73466b31e,L3,Sports / Other sport / Ankara Daily Weather,74,0.0804,0.0832,4.99,1.0,0.0941,0.0667,True
0x6011655c4afb76f36dd1b08a137a1ba73466b31e,L3,Sports / Other sport / Singapore Daily Weather,68,0.0796,0.0829,5.24,1.0,0.0878,0.0714,True
0x6011655c4afb76f36dd1b08a137a1ba73466b31e,L3,Sports / Other sport / London Daily Lowest Temperature,76,0.0684,0.0737,3.64,1.0,0.1048,0.032,True
0x6011655c4afb76f36dd1b08a137a1ba73466b31e,L3,Sports / Other sport / Paris Daily Weather,66,0.0738,0.0785,5.73,1.0,0.0966,0.051,True
0x6011655c4afb76f36dd1b08a137a1ba73466b31e,L3,Sports / Other sport / Wellington Daily Weather,95,0.0572,0.0636,7.97,1.0,0.0655,0.049,True
0x6011655c4afb76f36dd1b08a137a1ba73466b31e,L3,Sports / Other sport / Dallas Daily Weather,43,0.0938,0.0939,2.96,1.0,0.1278,0.0614,True
0x6011655c4afb76f36dd1b08a137a1ba73466b31e,L3,Sports / Other sport / Jeddah Daily Weather,60,0.0734,0.0786,4.33,1.0,0.0823,0.0646,True
0x6011655c4afb76f36dd1b08a137a1ba73466b31e,L3,Sports / Other sport / Austin Daily Weather,52,0.0778,0.0822,2.02,1.0,0.1241,0.0314,True
0x6011655c4afb76f36dd1b08a137a1ba73466b31e,L3,Sports / Other sport / NYC Daily Lowest Temperature,75,0.0611,0.068,2.51,0.987,0.0769,0.0457,True
0x6011655c4afb76f36dd1b08a137a1ba73466b31e,L3,Sports / Other sport / Paris Daily Lowest Temperature,96,0.0445,0.053,8.25,1.0,0.0562,0.0328,True
0x6011655c4afb76f36dd1b08a137a1ba73466b31e,L3,Sports / Other sport / San Francisco Daily Weather,59,0.0499,0.061,5.11,1.0,0.0598,0.0403,True
0x6011655c4afb76f36dd1b08a137a1ba73466b31e,L3,Sports / Other sport / Toronto Daily Weather,71,0.0442,0.0551,2.29,0.972,0.0327,0.0553,True
0x6011655c4afb76f36dd1b08a137a1ba73466b31e,L3,Sports / Other sport / Buenos Aires Daily Lowest Temperature,48,0.04,0.0558,2.23,1.0,0.0307,0.0492,True
0x6011655c4afb76f36dd1b08a137a1ba73466b31e,L3,Sports / Other sport / Miami Daily Lowest Temperature,86,0.0273,0.0398,2.05,0.988,0.0229,0.0316,True
0x6011655c4afb76f36dd1b08a137a1ba73466b31e,L3,Sports / Other sport / Busan Daily Weather,37,0.0401,0.059,6.88,1.0,0.0495,0.0312,True
0x6011655c4afb76f36dd1b08a137a1ba73466b31e,L3,Sports / Other sport / Cape Town Daily Lowest Temperature,69,0.0264,0.0416,7.17,1.0,0.0301,0.0229,True
0x6011655c4afb76f36dd1b08a137a1ba73466b31e,L3,Sports / Other sport / Houston Daily Weather,36,0.0358,0.0566,7.75,1.0,0.0406,0.0311,True
0x6011655c4afb76f36dd1b08a137a1ba73466b31e,L3,Sports / Other sport / Lucknow Daily Lowest Temperature,46,0.0297,0.0492,6.09,1.0,0.0286,0.0307,True
0x6011655c4afb76f36dd1b08a137a1ba73466b31e,L3,Sports / Other sport / Sao Paulo Daily Lowest Temperature,38,0.0318,0.0532,3.61,1.0,0.0228,0.0408,True
0x6011655c4afb76f36dd1b08a137a1ba73466b31e,L3,Sports / Other sport / Tel Aviv Daily Lowest Temperature,38,0.0304,0.0523,3.95,1.0,0.0271,0.0337,True
0x6011655c4afb76f36dd1b08a137a1ba73466b31e,L3,Sports / Other sport / Ankara Daily Lowest Temperature,69,0.0225,0.0385,8.52,1.0,0.0203,0.0245,True
0x6011655c4afb76f36dd1b08a137a1ba73466b31e,L3,Sports / Other sport / Wellington Daily Lowest Temperature,53,0.0222,0.0419,6.22,1.0,0.0285,0.0162,True
0x6011655c4afb76f36dd1b08a137a1ba73466b31e,L3,Sports / Other sport / Taipei Daily Lowest Temperature,32,0.0184,0.0474,10.62,1.0,0.0206,0.0163,True
0x6011655c4afb76f36dd1b08a137a1ba73466b31e,L2t,Sports / Other sport / type=binary,4295,0.0946,0.0946,14.6,0.995,0.145,0.0443,True
0x6011655c4afb76f36dd1b08a137a1ba73466b31e,L1b,Sports / price=0.30-0.50,38,1.3733,0.9322,16.53,0.974,1.3502,1.3964,True
0x6011655c4afb76f36dd1b08a137a1ba73466b31e,L1b,Sports / price=0.70-0.90,525,0.1804,0.1773,38.66,0.994,0.1879,0.173,True
0x6011655c4afb76f36dd1b08a137a1ba73466b31e,L1b,Sports / price=0.50-0.70,72,0.56,0.4587,11.14,0.944,0.5245,0.5955,True
0x6011655c4afb76f36dd1b08a137a1ba73466b31e,L2b,Sports / Other sport / price=0.30-0.50,38,1.3733,0.9322,16.53,0.974,1.3502,1.3964,True
0x6011655c4afb76f36dd1b08a137a1ba73466b31e,L2b,Sports / Other sport / price=0.70-0.90,525,0.1804,0.1773,38.66,0.994,0.1879,0.173,True
0x6011655c4afb76f36dd1b08a137a1ba73466b31e,L2b,Sports / Other sport / price=0.50-0.70,72,0.56,0.4587,11.14,0.944,0.5245,0.5955,True
0x6011655c4afb76f36dd1b08a137a1ba73466b31e,L2l,Sports / Other sport / live,4260,0.0949,0.0949,14.53,0.995,0.1449,0.0448,True
0x6011655c4afb76f36dd1b08a137a1ba73466b31e,L2l,Sports / Other sport / pre,35,0.0646,0.0752,3.11,1.0,0.0568,0.0719,True
0x515d285a7d5065d0406db39f8626313502c80340,L1,Esports,1259,0.1033,0.1031,3.17,0.55,0.1052,0.1014,True
0x515d285a7d5065d0406db39f8626313502c80340,L2,Esports / Esports,1259,0.1033,0.1031,3.17,0.55,0.1052,0.1014,True
0x515d285a7d5065d0406db39f8626313502c80340,L3,Esports / Esports / League of Legends,947,0.1282,0.1275,3.37,0.561,0.0778,0.1786,True
0x515d285a7d5065d0406db39f8626313502c80340,L2t,Esports / Esports / type=child_moneyline,941,0.1048,0.1045,2.8,0.554,0.1134,0.0962,True
0x515d285a7d5065d0406db39f8626313502c80340,L1b,Esports / price=0.50-0.70,486,0.1032,0.1028,2.81,0.656,0.1235,0.083,True
0x515d285a7d5065d0406db39f8626313502c80340,L2b,Esports / Esports / price=0.50-0.70,486,0.1032,0.1028,2.81,0.656,0.1235,0.083,True
0x515d285a7d5065d0406db39f8626313502c80340,L2l,Esports / Esports / live,1242,0.1,0.0999,3.05,0.55,0.0999,0.1,True
0x6b60d61e103690243070a68a4c19142ce3882fbb,L1,Sports,1470,0.3016,0.3016,5.6,0.741,0.2579,0.3452,True
0x6b60d61e103690243070a68a4c19142ce3882fbb,L2,Sports / Soccer,1162,0.2843,0.2846,4.79,0.741,0.3047,0.264,True
0x6b60d61e103690243070a68a4c19142ce3882fbb,L2,Sports / Other sport,308,0.3666,0.3626,2.91,0.74,0.1459,0.5872,True
0x6b60d61e103690243070a68a4c19142ce3882fbb,L3,Sports / Soccer / Concacaf Nations League,49,0.5978,0.512,2.62,0.878,0.8372,0.3679,True
0x6b60d61e103690243070a68a4c19142ce3882fbb,L3,Sports / Soccer / UEFA Nations League,239,0.2099,0.217,4.03,0.753,0.1995,0.2201,True
0x6b60d61e103690243070a68a4c19142ce3882fbb,L3,Sports / Other sport / Brazil Serie B,55,0.4553,0.4144,2.72,0.836,0.3129,0.5926,True
0x6b60d61e103690243070a68a4c19142ce3882fbb,L2t,Sports / Soccer / type=totals,387,0.2946,0.2949,4.9,0.734,0.175,0.4135,True
0x6b60d61e103690243070a68a4c19142ce3882fbb,L2t,Sports / Soccer / type=spreads,114,0.3506,0.3433,3.23,0.728,0.299,0.4022,True
0x6b60d61e103690243070a68a4c19142ce3882fbb,L2t,Sports / Other sport / type=moneyline,132,0.2696,0.2738,3.89,0.765,0.2488,0.2905,True
0x6b60d61e103690243070a68a4c19142ce3882fbb,L2t,Sports / Soccer / type=soccer_halftime_result,44,0.326,0.3184,3.05,0.864,0.2851,0.3669,True
0x6b60d61e103690243070a68a4c19142ce3882fbb,L2t,Sports / Soccer / type=soccer_team_totals,42,0.2674,0.2784,2.4,0.786,0.1345,0.4002,True
0x6b60d61e103690243070a68a4c19142ce3882fbb,L1b,Sports / price=0.10-0.30,151,0.8979,0.8281,4.95,0.583,0.493,1.2974,True
0x6b60d61e103690243070a68a4c19142ce3882fbb,L1b,Sports / price=0.30-0.50,240,0.3592,0.3547,5.87,0.646,0.3846,0.3338,True
0x6b60d61e103690243070a68a4c19142ce3882fbb,L1b,Sports / price=0.50-0.70,397,0.1588,0.1657,5.86,0.738,0.1273,0.1902,True
0x6b60d61e103690243070a68a4c19142ce3882fbb,L1b,Sports / price=0.70-0.90,470,0.0514,0.0616,3.12,0.804,0.0252,0.0776,True
0x6b60d61e103690243070a68a4c19142ce3882fbb,L2b,Sports / Soccer / price=0.10-0.30,121,0.9104,0.824,4.5,0.579,0.6937,1.1235,True
0x6b60d61e103690243070a68a4c19142ce3882fbb,L2b,Sports / Soccer / price=0.30-0.50,180,0.3367,0.3332,5.0,0.633,0.3924,0.2809,True
0x6b60d61e103690243070a68a4c19142ce3882fbb,L2b,Sports / Other sport / price=0.10-0.30,30,0.8474,0.6291,2.04,0.6,0.1343,1.5605,True
0x6b60d61e103690243070a68a4c19142ce3882fbb,L2b,Sports / Other sport / price=0.30-0.50,60,0.4266,0.3954,3.08,0.683,0.2832,0.5701,True
0x6b60d61e103690243070a68a4c19142ce3882fbb,L2b,Sports / Soccer / price=0.50-0.70,308,0.159,0.1677,5.25,0.727,0.1258,0.1922,True
0x6b60d61e103690243070a68a4c19142ce3882fbb,L2b,Sports / Other sport / price=0.50-0.70,89,0.1582,0.1845,2.62,0.775,0.1046,0.2105,True
0x6b60d61e103690243070a68a4c19142ce3882fbb,L2b,Sports / Soccer / price=0.70-0.90,388,0.048,0.0605,2.63,0.812,0.0044,0.0917,True
0x6b60d61e103690243070a68a4c19142ce3882fbb,L2l,Sports / Soccer / live,1154,0.2844,0.2846,4.75,0.739,0.3015,0.2672,True
0x6b60d61e103690243070a68a4c19142ce3882fbb,L2l,Sports / Other sport / live,308,0.3666,0.3626,2.91,0.74,0.1459,0.5872,True
0x05c5b2e8b478a7292798e12c841c198558e86a69,L2,Sports / Basketball,346,0.1639,0.1563,2.77,0.584,0.224,0.1038,True
0x05c5b2e8b478a7292798e12c841c198558e86a69,L2,Sports / Hockey,56,0.304,0.2306,2.14,0.696,0.0603,0.5478,True
0x05c5b2e8b478a7292798e12c841c198558e86a69,L3,Sports / Basketball / WNBA,296,0.1834,0.1733,2.83,0.595,0.1585,0.2083,True
0x05c5b2e8b478a7292798e12c841c198558e86a69,L3,Sports / Hockey / NHL 2026,56,0.304,0.2306,2.14,0.696,0.0603,0.5478,True
0x05c5b2e8b478a7292798e12c841c198558e86a69,L2t,Sports / Basketball / type=totals,114,0.2786,0.2408,2.24,0.544,0.238,0.3192,True
0x05c5b2e8b478a7292798e12c841c198558e86a69,L2b,Sports / Basketball / price=0.50-0.70,137,0.19,0.169,2.59,0.65,0.1094,0.2694,True
0x05c5b2e8b478a7292798e12c841c198558e86a69,L2l,Sports / Basketball / live,335,0.1332,0.1271,2.2,0.57,0.2,0.0668,True
0x3bf57663998170f8ca96c5e91fef4092a8aa2307,L1,Sports,2365,0.1723,0.1723,6.07,0.749,0.1845,0.1602,True
0x3bf57663998170f8ca96c5e91fef4092a8aa2307,L2,Sports / Soccer,2175,0.1705,0.1705,5.6,0.748,0.1696,0.1714,True
0x3bf57663998170f8ca96c5e91fef4092a8aa2307,L3,Sports / Soccer / FIFA World Cup,734,0.1725,0.1725,3.19,0.7,0.2891,0.0559,True
0x3bf57663998170f8ca96c5e91fef4092a8aa2307,L3,Sports / Soccer / Primera División Argentina,204,0.2161,0.2122,3.18,0.863,0.3172,0.115,True
0x3bf57663998170f8ca96c5e91fef4092a8aa2307,L3,Sports / Soccer / Fifa Friendly,134,0.2629,0.2511,3.71,0.791,0.2978,0.2279,True
0x3bf57663998170f8ca96c5e91fef4092a8aa2307,L3,Sports / Other sport / Chinese Super League,54,0.258,0.2349,2.47,0.815,0.2674,0.2487,True
0x3bf57663998170f8ca96c5e91fef4092a8aa2307,L3,Sports / Soccer / MLS 2025,41,0.206,0.195,2.02,0.829,0.2348,0.1786,True
0x3bf57663998170f8ca96c5e91fef4092a8aa2307,L2t,Sports / Soccer / type=soccer_exact_score,568,0.2303,0.2284,3.43,0.741,0.3679,0.0927,True
0x3bf57663998170f8ca96c5e91fef4092a8aa2307,L2t,Sports / Soccer / type=totals,1119,0.1411,0.1417,3.28,0.748,0.1453,0.137,True
0x3bf57663998170f8ca96c5e91fef4092a8aa2307,L2t,Sports / Soccer / type=moneyline,175,0.234,0.2276,2.19,0.634,0.1717,0.2956,True
0x3bf57663998170f8ca96c5e91fef4092a8aa2307,L2t,Sports / Other sport / type=moneyline,40,0.4431,0.3528,3.42,0.775,0.7352,0.151,True
0x3bf57663998170f8ca96c5e91fef4092a8aa2307,L2t,Sports / Soccer / type=first_half_totals,184,0.1034,0.1101,2.03,0.848,0.0451,0.1616,True
0x3bf57663998170f8ca96c5e91fef4092a8aa2307,L1b,Sports / price=0.00-0.10,94,1.6561,1.3958,2.87,0.383,1.7592,1.5529,True
0x3bf57663998170f8ca96c5e91fef4092a8aa2307,L1b,Sports / price=0.10-0.30,202,0.613,0.5733,4.13,0.455,0.4564,0.7696,True
0x3bf57663998170f8ca96c5e91fef4092a8aa2307,L1b,Sports / price=0.30-0.50,256,0.2494,0.2438,4.08,0.555,0.1509,0.348,True
0x3bf57663998170f8ca96c5e91fef4092a8aa2307,L1b,Sports / price=0.70-0.90,447,0.0648,0.0694,4.19,0.763,0.0948,0.035,True
0x3bf57663998170f8ca96c5e91fef4092a8aa2307,L2b,Sports / Soccer / price=0.00-0.10,88,1.8074,1.5046,2.96,0.398,1.8852,1.7295,True
0x3bf57663998170f8ca96c5e91fef4092a8aa2307,L2b,Sports / Soccer / price=0.10-0.30,185,0.5773,0.5378,3.67,0.443,0.3824,0.7702,True
0x3bf57663998170f8ca96c5e91fef4092a8aa2307,L2b,Sports / Soccer / price=0.30-0.50,234,0.2016,0.1993,3.18,0.538,0.1203,0.2828,True
0x3bf57663998170f8ca96c5e91fef4092a8aa2307,L2b,Sports / Soccer / price=0.70-0.90,404,0.0675,0.0724,4.2,0.767,0.092,0.043,True
0x3bf57663998170f8ca96c5e91fef4092a8aa2307,L2l,Sports / Soccer / live,2161,0.1718,0.1718,5.62,0.75,0.1702,0.1734,True
0x3a014247fddae4ed22efebf940785900c81fc89e,L1b,Esports / price=0.50-0.70,234,0.1289,0.1173,2.47,0.675,0.0694,0.1885,True
0x3a014247fddae4ed22efebf940785900c81fc89e,L2b,Esports / Esports / price=0.50-0.70,234,0.1289,0.1173,2.47,0.675,0.0694,0.1885,True
0x2ef2f13f30e523197e9e66afa2f2620f02fbfaa5,L1,Sports,2291,0.1811,0.1811,2.97,0.426,0.2345,0.1277,True
0x2ef2f13f30e523197e9e66afa2f2620f02fbfaa5,L2,Sports / Other sport,2289,0.1821,0.1821,2.98,0.426,0.2359,0.1284,True
0x2ef2f13f30e523197e9e66afa2f2620f02fbfaa5,L3,Sports / Other sport / Tokyo Daily Weather,418,0.3437,0.3361,2.65,0.474,0.2991,0.3883,True
0x2ef2f13f30e523197e9e66afa2f2620f02fbfaa5,L2t,Sports / Other sport / type=binary,2289,0.1821,0.1821,2.98,0.426,0.2359,0.1284,True
0x2ef2f13f30e523197e9e66afa2f2620f02fbfaa5,L1b,Sports / price=0.10-0.30,660,0.1629,0.1633,2.95,0.391,0.2205,0.1054,True
0x2ef2f13f30e523197e9e66afa2f2620f02fbfaa5,L1b,Sports / price=0.30-0.50,365,0.1151,0.1183,2.92,0.518,0.1229,0.1074,True
0x2ef2f13f30e523197e9e66afa2f2620f02fbfaa5,L1b,Sports / price=0.70-0.90,137,0.0842,0.096,3.11,0.81,0.0821,0.0863,True
0x2ef2f13f30e523197e9e66afa2f2620f02fbfaa5,L2b,Sports / Other sport / price=0.10-0.30,659,0.1647,0.1651,2.98,0.392,0.2242,0.1054,True
0x2ef2f13f30e523197e9e66afa2f2620f02fbfaa5,L2b,Sports / Other sport / price=0.30-0.50,364,0.1182,0.1213,3.0,0.519,0.1231,0.1133,True
0x2ef2f13f30e523197e9e66afa2f2620f02fbfaa5,L2b,Sports / Other sport / price=0.70-0.90,137,0.0842,0.096,3.11,0.81,0.0821,0.0863,True
0x2ef2f13f30e523197e9e66afa2f2620f02fbfaa5,L2l,Sports / Other sport / live,1758,0.2104,0.21,2.89,0.461,0.2918,0.1289,True
0xad26882380f6e45026bc43620bfb01a701c46838,L3,Sports / Soccer / Dota 2,65,0.2542,0.1913,2.67,0.754,0.5036,0.0124,True
0x68dddb0edd25f0a96112c184121cb6faca4e36cd,L1,Sports,514,0.1275,0.1275,2.07,0.525,0.1924,0.0625,True
0x68dddb0edd25f0a96112c184121cb6faca4e36cd,L2,Sports / Other sport,513,0.1277,0.1277,2.07,0.524,0.1932,0.0625,True
0x68dddb0edd25f0a96112c184121cb6faca4e36cd,L2t,Sports / Other sport / type=binary,513,0.1277,0.1277,2.07,0.524,0.1932,0.0625,True
0x68dddb0edd25f0a96112c184121cb6faca4e36cd,L1b,Sports / price=0.10-0.30,113,0.4046,0.3629,2.41,0.319,0.4445,0.3654,True
0x68dddb0edd25f0a96112c184121cb6faca4e36cd,L1b,Sports / price=0.30-0.50,81,0.2688,0.2408,2.34,0.469,0.287,0.2511,True
0x68dddb0edd25f0a96112c184121cb6faca4e36cd,L2b,Sports / Other sport / price=0.10-0.30,113,0.4046,0.3629,2.41,0.319,0.4445,0.3654,True
0x68dddb0edd25f0a96112c184121cb6faca4e36cd,L2b,Sports / Other sport / price=0.30-0.50,81,0.2688,0.2408,2.34,0.469,0.287,0.2511,True
0x68dddb0edd25f0a96112c184121cb6faca4e36cd,L2l,Sports / Other sport / live,507,0.1307,0.1306,2.09,0.527,0.1992,0.0625,True
0xd11c96ea0a79877eef73e18c4bbfb2b74485ff7d,L1,Sports,785,0.1094,0.1086,2.6,0.724,0.0748,0.144,True
0xd11c96ea0a79877eef73e18c4bbfb2b74485ff7d,L2,Sports / Other sport,773,0.1178,0.1167,2.78,0.73,0.0791,0.1563,True
0xd11c96ea0a79877eef73e18c4bbfb2b74485ff7d,L2,Politics / Tweet Markets,75,0.001,0.017,7.98,0.947,0.001,0.0009,True
0xd11c96ea0a79877eef73e18c4bbfb2b74485ff7d,L3,Sports / Other sport / Wuhan Daily Weather,86,0.4422,0.3733,2.06,0.872,0.4681,0.4163,True
0xd11c96ea0a79877eef73e18c4bbfb2b74485ff7d,L3,Politics / Tweet Markets / Elon Tweets,51,0.0009,0.0224,5.14,0.922,0.001,0.0008,True
0xd11c96ea0a79877eef73e18c4bbfb2b74485ff7d,L2t,Sports / Other sport / type=binary,773,0.1178,0.1167,2.78,0.73,0.0791,0.1563,True
0xd11c96ea0a79877eef73e18c4bbfb2b74485ff7d,L2t,Politics / Tweet Markets / type=negrisk,75,0.001,0.017,7.98,0.947,0.001,0.0009,True
0xd11c96ea0a79877eef73e18c4bbfb2b74485ff7d,L1b,Sports / price=0.50-0.70,72,0.3255,0.2715,6.61,0.833,0.378,0.2731,True
0xd11c96ea0a79877eef73e18c4bbfb2b74485ff7d,L1b,Sports / price=0.30-0.50,69,0.2598,0.2187,2.07,0.507,0.3684,0.1543,True
0xd11c96ea0a79877eef73e18c4bbfb2b74485ff7d,L1b,Sports / price=0.70-0.90,250,0.0771,0.0771,4.01,0.828,0.1151,0.0391,True
0xd11c96ea0a79877eef73e18c4bbfb2b74485ff7d,L2b,Sports / Other sport / price=0.50-0.70,70,0.3182,0.2646,6.32,0.829,0.3715,0.2648,True
0xd11c96ea0a79877eef73e18c4bbfb2b74485ff7d,L2b,Sports / Other sport / price=0.30-0.50,66,0.281,0.2336,2.21,0.515,0.4033,0.1587,True
0xd11c96ea0a79877eef73e18c4bbfb2b74485ff7d,L2b,Sports / Other sport / price=0.70-0.90,249,0.0762,0.0763,3.95,0.827,0.1135,0.0391,True
0xd11c96ea0a79877eef73e18c4bbfb2b74485ff7d,L2l,Sports / Other sport / live,703,0.1311,0.1296,2.87,0.743,0.1174,0.1448,True
0xd8e91af4aa955eb33284837ab8c7a3696963fd2d,L2,Sports / Soccer,105,0.0598,0.0494,2.27,0.905,0.0079,0.1107,True
0xd8e91af4aa955eb33284837ab8c7a3696963fd2d,L2b,Sports / Soccer / price=0.70-0.90,32,0.1274,0.0763,3.12,0.875,0.164,0.0909,True
0x01c968789a70abd45c1ee2b9dac3816046394386,L2b,Sports / Soccer / price=0.50-0.70,209,0.0992,0.0867,2.08,0.565,0.1344,0.0642,True
0xaa7789219c17e180dcb5933099c90d885f1d15a5,L1,Other,42,0.6656,0.4568,6.21,0.833,0.317,1.0142,True
0xaa7789219c17e180dcb5933099c90d885f1d15a5,L2,Other / ?,42,0.6656,0.4568,6.21,0.833,0.317,1.0142,True
0xaa7789219c17e180dcb5933099c90d885f1d15a5,L3,Other / ? / ?,42,0.6656,0.4568,6.21,0.833,0.317,1.0142,True
0xaa7789219c17e180dcb5933099c90d885f1d15a5,L2t,Other / ? / type=binary,42,0.6656,0.4568,6.21,0.833,0.317,1.0142,True
0x62d377f10f1f1479c295b9fb932a36f41bd6e694,L2l,Sports / Other sport / live,993,0.0604,0.0602,2.09,0.833,0.0276,0.093,True
0xb797402993a52d55a1b405549062e0267910e779,L3,Esports / Esports / Counter Strike,158,0.1773,0.1633,2.12,0.563,0.2273,0.1273,True
0xb797402993a52d55a1b405549062e0267910e779,L2t,Esports / Esports / type=moneyline,254,0.1357,0.1297,2.02,0.539,0.1215,0.15,True
0xb797402993a52d55a1b405549062e0267910e779,L2l,Sports / Tennis / pre,74,0.3483,0.2854,2.24,0.595,0.5265,0.1701,True
0x8d218a0b621aa50a772d214c34367dbbc12eb3cf,L1,Esports,1311,0.0717,0.0716,2.32,0.547,0.1067,0.0368,True
0x8d218a0b621aa50a772d214c34367dbbc12eb3cf,L2,Esports / Esports,1311,0.0717,0.0716,2.32,0.547,0.1067,0.0368,True
0x8d218a0b621aa50a772d214c34367dbbc12eb3cf,L3,Esports / Esports / League of Legends,984,0.1011,0.1003,2.81,0.561,0.0788,0.1234,True
0x8d218a0b621aa50a772d214c34367dbbc12eb3cf,L2t,Esports / Esports / type=child_moneyline,980,0.0731,0.0729,2.08,0.554,0.1159,0.0304,True
0x8d218a0b621aa50a772d214c34367dbbc12eb3cf,L2l,Esports / Esports / live,1285,0.0727,0.0725,2.34,0.549,0.106,0.0393,True
0x2b407c1091b0e0de5fa5e6d96a2edda2cee3ced4,L3,Sports / Other sport / Tokyo Daily Weather,377,0.2428,0.2357,2.98,0.565,0.3258,0.1603,True
0x2b407c1091b0e0de5fa5e6d96a2edda2cee3ced4,L3,Sports / Other sport / Wellington Daily Weather,331,0.2228,0.2159,2.38,0.514,0.4164,0.0302,True
0x2b407c1091b0e0de5fa5e6d96a2edda2cee3ced4,L1b,Sports / price=0.30-0.50,500,0.1561,0.154,3.56,0.456,0.1352,0.177,True
0x2b407c1091b0e0de5fa5e6d96a2edda2cee3ced4,L1b,Sports / price=0.70-0.90,432,0.0582,0.0602,4.34,0.697,0.0673,0.0491,True
0x2b407c1091b0e0de5fa5e6d96a2edda2cee3ced4,L2b,Sports / Other sport / price=0.30-0.50,500,0.1561,0.154,3.56,0.456,0.1352,0.177,True
0x2b407c1091b0e0de5fa5e6d96a2edda2cee3ced4,L2b,Sports / Other sport / price=0.70-0.90,432,0.0582,0.0602,4.34,0.697,0.0673,0.0491,True
0x2b407c1091b0e0de5fa5e6d96a2edda2cee3ced4,L2b,Sports / Other sport / price=0.50-0.70,448,0.0537,0.0557,2.05,0.562,0.0873,0.02,True
0x7bed1b9ed5f24b36fc66fa3bcfb314fdc273bbf5,L1,Sports,1180,0.2672,0.2672,4.42,0.381,0.3944,0.1401,True
0x7bed1b9ed5f24b36fc66fa3bcfb314fdc273bbf5,L2,Sports / Other sport,1180,0.2672,0.2672,4.42,0.381,0.3944,0.1401,True
0x7bed1b9ed5f24b36fc66fa3bcfb314fdc273bbf5,L3,Sports / Other sport / Guangzhou Daily Weather,71,0.7983,0.6816,2.11,0.38,1.3456,0.2662,True
0x7bed1b9ed5f24b36fc66fa3bcfb314fdc273bbf5,L3,Sports / Other sport / Manila Daily Weather,67,0.7479,0.6374,2.59,0.463,1.1411,0.3663,True
0x7bed1b9ed5f24b36fc66fa3bcfb314fdc273bbf5,L3,Sports / Other sport / Wellington Daily Weather,83,0.4462,0.4114,2.21,0.518,0.8352,0.0664,True
0x7bed1b9ed5f24b36fc66fa3bcfb314fdc273bbf5,L2t,Sports / Other sport / type=binary,1180,0.2672,0.2672,4.42,0.381,0.3944,0.1401,True
0x7bed1b9ed5f24b36fc66fa3bcfb314fdc273bbf5,L1b,Sports / price=0.00-0.10,127,0.9416,0.8499,2.31,0.197,1.3739,0.516,True
0x7bed1b9ed5f24b36fc66fa3bcfb314fdc273bbf5,L1b,Sports / price=0.10-0.30,558,0.2549,0.2553,3.17,0.287,0.3608,0.149,True
0x7bed1b9ed5f24b36fc66fa3bcfb314fdc273bbf5,L1b,Sports / price=0.30-0.50,235,0.1582,0.1668,2.26,0.43,0.1784,0.1383,True
0x7bed1b9ed5f24b36fc66fa3bcfb314fdc273bbf5,L1b,Sports / price=0.50-0.70,171,0.1123,0.1285,2.36,0.62,0.1519,0.0731,True
0x7bed1b9ed5f24b36fc66fa3bcfb314fdc273bbf5,L2b,Sports / Other sport / price=0.00-0.10,127,0.9416,0.8499,2.31,0.197,1.3739,0.516,True
0x7bed1b9ed5f24b36fc66fa3bcfb314fdc273bbf5,L2b,Sports / Other sport / price=0.10-0.30,558,0.2549,0.2553,3.17,0.287,0.3608,0.149,True
0x7bed1b9ed5f24b36fc66fa3bcfb314fdc273bbf5,L2b,Sports / Other sport / price=0.30-0.50,235,0.1582,0.1668,2.26,0.43,0.1784,0.1383,True
0x7bed1b9ed5f24b36fc66fa3bcfb314fdc273bbf5,L2b,Sports / Other sport / price=0.50-0.70,171,0.1123,0.1285,2.36,0.62,0.1519,0.0731,True
0x7bed1b9ed5f24b36fc66fa3bcfb314fdc273bbf5,L2l,Sports / Other sport / live,1168,0.2579,0.258,4.27,0.379,0.3765,0.1392,True
0xb077e7482c6bea18f75e33bf823cbbe59cda8fe8,L1b,Crypto / price=0.30-0.50,97,0.2736,0.2237,2.55,0.598,0.2617,0.2853,True
0xe64f8fccef01cdc22da08e3dac1b2991fab36cc3,L1,Crypto,411,0.0475,0.0452,3.0,0.732,0.0802,0.015,True
0xe64f8fccef01cdc22da08e3dac1b2991fab36cc3,L1b,Crypto / price=0.70-0.90,195,0.0504,0.0454,2.21,0.733,0.0566,0.0441,True
0xe64f8fccef01cdc22da08e3dac1b2991fab36cc3,L2b,Sports / Other sport / price=0.70-0.90,88,0.0588,0.0473,2.54,0.727,0.0542,0.0635,True
0xfdc0bd67fbd71aa8edd00121eb2a7fcbddc34b85,L2b,Sports / Soccer / price=0.70-0.90,40,0.1949,0.1313,3.48,0.925,0.2315,0.1583,True
0x4acb370b2008dfae9c6cdc1d75ff5d07d87bddd3,L3,Sports / Soccer / Liga MX 2025,30,0.4138,0.2688,2.1,0.667,0.5979,0.2296,True
0x175b3cc62954cf8b9b5132f3e653392d9ad3fdcf,L1,Sports,1726,0.2239,0.2239,4.09,0.501,0.073,0.3749,True
0x175b3cc62954cf8b9b5132f3e653392d9ad3fdcf,L2,Sports / Soccer,1543,0.2263,0.2262,3.82,0.488,0.0486,0.4037,True
0x175b3cc62954cf8b9b5132f3e653392d9ad3fdcf,L2,Sports / Hockey,140,0.1928,0.1967,2.08,0.65,0.2198,0.1659,True
0x175b3cc62954cf8b9b5132f3e653392d9ad3fdcf,L3,Sports / Soccer / MLS 2025,371,0.4594,0.4474,3.85,0.55,0.1321,0.785,True
0x175b3cc62954cf8b9b5132f3e653392d9ad3fdcf,L3,Sports / Soccer / UEFA Nations League,298,0.1889,0.1911,2.25,0.52,0.1639,0.2139,True
0x175b3cc62954cf8b9b5132f3e653392d9ad3fdcf,L3,Sports / Hockey / NHL 2026,140,0.1928,0.1967,2.08,0.65,0.2198,0.1659,True
0x175b3cc62954cf8b9b5132f3e653392d9ad3fdcf,L2t,Sports / Soccer / type=first_half_totals,85,0.6326,0.5547,2.1,0.518,0.9597,0.313,True
0x175b3cc62954cf8b9b5132f3e653392d9ad3fdcf,L2t,Sports / Soccer / type=soccer_team_totals,121,0.2907,0.2812,2.5,0.579,0.1659,0.4134,True
0x175b3cc62954cf8b9b5132f3e653392d9ad3fdcf,L1b,Sports / price=0.10-0.30,397,0.529,0.5143,4.28,0.292,0.2419,0.8146,True
0x175b3cc62954cf8b9b5132f3e653392d9ad3fdcf,L1b,Sports / price=0.30-0.50,370,0.2058,0.2068,3.21,0.486,0.0483,0.3634,True
0x175b3cc62954cf8b9b5132f3e653392d9ad3fdcf,L1b,Sports / price=0.50-0.70,339,0.0836,0.0914,2.04,0.619,0.1146,0.0527,True
0x175b3cc62954cf8b9b5132f3e653392d9ad3fdcf,L2b,Sports / Soccer / price=0.10-0.30,368,0.597,0.5777,4.53,0.296,0.1879,1.006,True
0x175b3cc62954cf8b9b5132f3e653392d9ad3fdcf,L2b,Sports / Soccer / price=0.30-0.50,314,0.1866,0.1889,2.59,0.452,0.0465,0.3268,True
0x175b3cc62954cf8b9b5132f3e653392d9ad3fdcf,L2b,Sports / Hockey / price=0.30-0.50,45,0.4807,0.4017,3.72,0.778,0.4914,0.4704,True
0x175b3cc62954cf8b9b5132f3e653392d9ad3fdcf,L2l,Sports / Soccer / live,1507,0.235,0.2349,3.87,0.5,0.0731,0.3967,True
0x240b12dca07edc6cd369afe448791df0e7a7c32a,L1b,Sports / price=0.50-0.70,229,0.1187,0.106,2.49,0.651,0.0842,0.1529,True
0x240b12dca07edc6cd369afe448791df0e7a7c32a,L2l,Sports / Tennis / live,364,0.1023,0.0949,2.05,0.657,0.1249,0.0796,True
0xc904dfc2959aedd6ad33b5cec30a49a15dc12025,L1,Esports,740,0.0945,0.0942,2.26,0.551,0.0735,0.1155,True
0xc904dfc2959aedd6ad33b5cec30a49a15dc12025,L2,Esports / Esports,740,0.0945,0.0942,2.26,0.551,0.0735,0.1155,True
0xc904dfc2959aedd6ad33b5cec30a49a15dc12025,L3,Esports / Esports / League of Legends,442,0.1207,0.1191,2.23,0.568,0.1262,0.1153,True
0xc904dfc2959aedd6ad33b5cec30a49a15dc12025,L2t,Esports / Esports / type=child_moneyline,572,0.1114,0.1104,2.33,0.556,0.1136,0.1092,True
0xc904dfc2959aedd6ad33b5cec30a49a15dc12025,L2l,Esports / Esports / live,735,0.095,0.0947,2.26,0.551,0.0725,0.1174,True
0x4b2720910e71c55285dabf8c411781df46a00635,L1,Other,47,1.7629,1.2602,8.86,0.936,2.0736,1.4652,True
0x4b2720910e71c55285dabf8c411781df46a00635,L2,Other / ?,47,1.7629,1.2602,8.86,0.936,2.0736,1.4652,True
0x4b2720910e71c55285dabf8c411781df46a00635,L3,Other / ? / ?,47,1.7629,1.2602,8.86,0.936,2.0736,1.4652,True
0x4b2720910e71c55285dabf8c411781df46a00635,L2t,Other / ? / type=binary,47,1.7629,1.2602,8.86,0.936,2.0736,1.4652,True
0x30de156a425f2775918851ef0b0b8f8a2e631f9d,L1b,Esports / price=0.30-0.50,35,0.408,0.2611,2.06,0.6,0.5201,0.3021,True
0x30de156a425f2775918851ef0b0b8f8a2e631f9d,L2b,Esports / Esports / price=0.30-0.50,35,0.408,0.2611,2.06,0.6,0.5201,0.3021,True
0xda359f9af90501af55e391a318c7eed9740fff0e,L3,Sports / Soccer / Bundesliga 2025,34,0.4078,0.2541,2.51,0.735,0.4057,0.4099,True
0xda359f9af90501af55e391a318c7eed9740fff0e,L2t,Sports / Soccer / type=binary,169,0.1562,0.1389,2.11,0.645,0.2061,0.1069,True
0xabd9437b9e892cbf358de89bf4c455bf7d18dc3a,L1,Esports,766,0.2456,0.2444,2.76,0.486,0.31,0.1812,True
0xabd9437b9e892cbf358de89bf4c455bf7d18dc3a,L2,Esports / Esports,765,0.2441,0.2429,2.74,0.485,0.3072,0.1812,True
0xabd9437b9e892cbf358de89bf4c455bf7d18dc3a,L3,Esports / Esports / Dota 2,613,0.2923,0.2893,2.76,0.514,0.3787,0.2061,True
0xabd9437b9e892cbf358de89bf4c455bf7d18dc3a,L2t,Esports / Esports / type=child_moneyline,635,0.274,0.2717,2.61,0.482,0.3585,0.1897,True
0xabd9437b9e892cbf358de89bf4c455bf7d18dc3a,L1b,Esports / price=0.70-0.90,46,0.1351,0.1541,3.03,0.848,0.0839,0.1862,True
0xabd9437b9e892cbf358de89bf4c455bf7d18dc3a,L2b,Esports / Esports / price=0.70-0.90,46,0.1351,0.1541,3.03,0.848,0.0839,0.1862,True
0xabd9437b9e892cbf358de89bf4c455bf7d18dc3a,L2l,Esports / Esports / live,745,0.2555,0.254,2.81,0.487,0.3217,0.1895,True
0xb6b8dfec3ed9a46dfd9088e4fef89c08a95e149b,L1b,Esports / price=0.70-0.90,200,0.1128,0.1072,3.76,0.875,0.116,0.1097,True
0xb6b8dfec3ed9a46dfd9088e4fef89c08a95e149b,L2b,Esports / Esports / price=0.70-0.90,200,0.1128,0.1072,3.76,0.875,0.116,0.1097,True
0xb6514e0836ba48ed4b86439d254d99071cd0b4f7,L3,Sports / Basketball / WNBA,30,0.066,0.0355,2.48,0.967,0.0802,0.0518,True
0xe3d4dee2427b98042822543f8e1e8ab7bafb2bac,L2t,Sports / Basketball / type=moneyline,166,0.1333,0.1173,2.08,0.717,0.118,0.1487,True
0xe3d4dee2427b98042822543f8e1e8ab7bafb2bac,L2b,Sports / Soccer / price=0.70-0.90,184,0.0772,0.068,2.78,0.777,0.1161,0.0382,True
0x502832c3648f40e763868f057d90b824829da526,L1,Sports,1998,0.0295,0.0295,2.05,0.817,0.0265,0.0324,True
0x502832c3648f40e763868f057d90b824829da526,L2,Sports / Other sport,1997,0.0295,0.0295,2.05,0.817,0.0266,0.0324,True
0x502832c3648f40e763868f057d90b824829da526,L2t,Sports / Other sport / type=binary,1997,0.0295,0.0295,2.05,0.817,0.0266,0.0324,True
0x12082135bdeab5384b248951b1fc3caca49f0160,L1b,Crypto / price=0.30-0.50,40,0.3605,0.2516,2.15,0.6,0.4356,0.2855,True
0xf734025b12c27078fc8afcfc38d1fb3811034977,L2b,Sports / Other sport / price=0.70-0.90,91,0.0807,0.0598,2.31,0.813,0.1018,0.0601,True
0xc9ded4d5f6eec0a75907ebb924c164a4aea381d9,L1,Sports,746,0.2245,0.2245,5.82,0.794,0.3165,0.1324,True
0xc9ded4d5f6eec0a75907ebb924c164a4aea381d9,L2,Sports / Other sport,745,0.2248,0.2248,5.82,0.795,0.3171,0.1328,True
0xc9ded4d5f6eec0a75907ebb924c164a4aea381d9,L3,Sports / Other sport / Tel Aviv Daily Weather,47,0.7882,0.62,2.43,0.745,1.2336,0.3614,True
0xc9ded4d5f6eec0a75907ebb924c164a4aea381d9,L3,Sports / Other sport / NYC Daily Lowest Temperature,36,0.2104,0.2155,7.06,0.944,0.2712,0.1496,True
0xc9ded4d5f6eec0a75907ebb924c164a4aea381d9,L3,Sports / Other sport / Miami Daily Lowest Temperature,42,0.139,0.1666,2.39,0.857,0.2056,0.0724,True
0xc9ded4d5f6eec0a75907ebb924c164a4aea381d9,L2t,Sports / Other sport / type=binary,745,0.2248,0.2248,5.82,0.795,0.3171,0.1328,True
0xc9ded4d5f6eec0a75907ebb924c164a4aea381d9,L1b,Sports / price=0.10-0.30,345,0.26,0.258,5.79,0.757,0.293,0.2271,True
0xc9ded4d5f6eec0a75907ebb924c164a4aea381d9,L1b,Sports / price=0.30-0.50,294,0.1292,0.1352,6.03,0.874,0.1403,0.118,True
0xc9ded4d5f6eec0a75907ebb924c164a4aea381d9,L2b,Sports / Other sport / price=0.10-0.30,344,0.2608,0.2588,5.79,0.759,0.293,0.2285,True
0xc9ded4d5f6eec0a75907ebb924c164a4aea381d9,L2b,Sports / Other sport / price=0.30-0.50,294,0.1292,0.1352,6.03,0.874,0.1403,0.118,True
0xc9ded4d5f6eec0a75907ebb924c164a4aea381d9,L2l,Sports / Other sport / pre,732,0.231,0.2308,5.97,0.802,0.3263,0.1356,True
0xe766364c3bb0bcf1cf0de44ba1a4a617ed867843,L1,Sports,1442,0.0577,0.0574,2.45,0.482,0.074,0.0415,True
0xe766364c3bb0bcf1cf0de44ba1a4a617ed867843,L3,Sports / Soccer / FIFA World Cup,309,0.1005,0.0966,2.07,0.466,0.1558,0.0455,True
0xe766364c3bb0bcf1cf0de44ba1a4a617ed867843,L1b,Sports / price=0.10-0.30,231,0.3202,0.2976,2.65,0.299,0.3529,0.2879,True
0xe766364c3bb0bcf1cf0de44ba1a4a617ed867843,L1b,Sports / price=0.50-0.70,366,0.0768,0.0747,3.0,0.505,0.0532,0.1005,True
0xe766364c3bb0bcf1cf0de44ba1a4a617ed867843,L1b,Sports / price=0.70-0.90,387,0.0362,0.0362,2.42,0.628,0.017,0.0553,True
0xe766364c3bb0bcf1cf0de44ba1a4a617ed867843,L2b,Sports / Tennis / price=0.50-0.70,165,0.0834,0.0783,2.0,0.485,0.0147,0.1513,True
0xe766364c3bb0bcf1cf0de44ba1a4a617ed867843,L2b,Sports / MMA/Boxing / price=0.50-0.70,33,0.2284,0.1558,2.79,0.697,0.2591,0.1996,True
0xe766364c3bb0bcf1cf0de44ba1a4a617ed867843,L2b,Sports / Tennis / price=0.70-0.90,185,0.0609,0.0585,2.8,0.654,0.0428,0.0788,True
0x193b76967952d0713c5912cb4a9be23c7806f6ec,L1,Sports,806,0.0763,0.0757,2.0,0.502,0.0986,0.054,True
0x193b76967952d0713c5912cb4a9be23c7806f6ec,L1b,Sports / price=0.50-0.70,361,0.0962,0.0938,2.14,0.587,0.1009,0.0915,True
0x193b76967952d0713c5912cb4a9be23c7806f6ec,L2b,Sports / Basketball / price=0.50-0.70,47,0.2688,0.2038,2.16,0.681,0.4672,0.0786,True
0x80e13e563883a1a76314f401821dadc112af47a8,L3,Sports / Other sport / Tokyo Daily Weather,160,0.0748,0.0679,2.24,0.9,0.0797,0.07,True
0x80e13e563883a1a76314f401821dadc112af47a8,L1b,Sports / price=0.10-0.30,78,0.5404,0.4327,2.01,0.321,0.8372,0.2435,True
0x80e13e563883a1a76314f401821dadc112af47a8,L2b,Sports / Other sport / price=0.10-0.30,78,0.5404,0.4327,2.01,0.321,0.8372,0.2435,True
0x2687cb380661a0041bf4c4cf3945a034b79e1363,L1,Esports,1561,0.1423,0.1422,2.16,0.695,0.1024,0.1822,True
0x2687cb380661a0041bf4c4cf3945a034b79e1363,L2,Esports / Esports,1559,0.1438,0.1437,2.18,0.696,0.1028,0.1847,True
0x2687cb380661a0041bf4c4cf3945a034b79e1363,L3,Esports / Esports / Dota 2,559,0.1224,0.1229,2.88,0.626,0.1999,0.0452,True
0x2687cb380661a0041bf4c4cf3945a034b79e1363,L1b,Esports / price=0.30-0.50,249,0.1798,0.1764,2.79,0.518,0.2661,0.0941,True
0x2687cb380661a0041bf4c4cf3945a034b79e1363,L1b,Esports / price=0.50-0.70,335,0.1187,0.1196,3.55,0.69,0.1457,0.0919,True
0x2687cb380661a0041bf4c4cf3945a034b79e1363,L1b,Esports / price=0.70-0.90,556,0.0376,0.041,2.61,0.775,0.0484,0.0268,True
0x2687cb380661a0041bf4c4cf3945a034b79e1363,L2b,Esports / Esports / price=0.30-0.50,248,0.1845,0.1808,2.86,0.52,0.2661,0.103,True
0x2687cb380661a0041bf4c4cf3945a034b79e1363,L2b,Esports / Esports / price=0.50-0.70,335,0.1187,0.1196,3.55,0.69,0.1457,0.0919,True
0x2687cb380661a0041bf4c4cf3945a034b79e1363,L2b,Esports / Esports / price=0.70-0.90,555,0.0395,0.0428,2.76,0.777,0.048,0.0309,True
0x2687cb380661a0041bf4c4cf3945a034b79e1363,L2l,Esports / Esports / live,1531,0.1484,0.1482,2.21,0.698,0.1078,0.1889,True
0x0056b9fd8180924159213403203f4abfd74f7d9a,L1,Other,68,0.9615,0.7772,7.39,0.926,0.935,0.988,True
0x0056b9fd8180924159213403203f4abfd74f7d9a,L2,Other / ?,68,0.9615,0.7772,7.39,0.926,0.935,0.988,True
0x0056b9fd8180924159213403203f4abfd74f7d9a,L3,Other / ? / ?,68,0.9615,0.7772,7.39,0.926,0.935,0.988,True
0x0056b9fd8180924159213403203f4abfd74f7d9a,L2t,Other / ? / type=binary,68,0.9615,0.7772,7.39,0.926,0.935,0.988,True
0xa4b13fdbe5e7acdf08d9551b23fd060dab97d0a7,L2b,Sports / Tennis / price=0.70-0.90,32,0.1406,0.0856,2.08,0.875,0.098,0.1833,True
0x077ec3aecc9f1ed50df14c9d76fd24199cc31fb0,L2b,Sports / Basketball / price=0.70-0.90,218,0.0637,0.0548,2.1,0.849,0.1174,0.0099,True
0xa7962e1c313f14f510fd6377072466f66dab95f9,L3,Esports / Esports / League of Legends,85,0.188,0.1453,2.73,0.753,0.1138,0.2605,True
0x73d0fd8b33ff4a6a668bedcd846c4d2a4bd36972,L3,Sports / Other sport / Warsaw Daily Weather,136,0.1953,0.1729,2.47,0.721,0.2106,0.1799,True
0x73d0fd8b33ff4a6a668bedcd846c4d2a4bd36972,L3,Sports / Other sport / Mexico City Daily Weather,31,0.0237,0.0227,2.14,1.0,0.0228,0.0246,True
0x73d0fd8b33ff4a6a668bedcd846c4d2a4bd36972,L1b,Sports / price=0.70-0.90,263,0.0918,0.0868,4.22,0.875,0.0922,0.0913,True
0x73d0fd8b33ff4a6a668bedcd846c4d2a4bd36972,L2b,Sports / Other sport / price=0.70-0.90,263,0.0918,0.0868,4.22,0.875,0.0922,0.0913,True
0x498b2ce98e427dcb1d90b595a1ffbc3b5ce407b5,L1b,Sports / price=0.70-0.90,85,0.1108,0.0814,2.38,0.824,0.1231,0.0987,True
0x498b2ce98e427dcb1d90b595a1ffbc3b5ce407b5,L2b,Sports / Other sport / price=0.70-0.90,84,0.1072,0.0783,2.28,0.821,0.1172,0.0972,True
0xf3618ba9f63638ab77e85553c67dbb9aaeba783a,L1,Sports,629,0.2193,0.2192,4.81,0.744,0.33,0.1089,True
0xf3618ba9f63638ab77e85553c67dbb9aaeba783a,L2,Sports / Other sport,624,0.2193,0.2193,4.82,0.747,0.3293,0.1094,True
0xf3618ba9f63638ab77e85553c67dbb9aaeba783a,L3,Sports / Other sport / Chengdu Daily Weather,174,0.2814,0.2748,2.37,0.81,0.4555,0.1074,True
0xf3618ba9f63638ab77e85553c67dbb9aaeba783a,L3,Sports / Other sport / Beijing Daily Weather,73,0.4638,0.4107,2.79,0.781,0.4887,0.4396,True
0xf3618ba9f63638ab77e85553c67dbb9aaeba783a,L3,Sports / Other sport / Chongqing Daily Weather,86,0.281,0.2689,3.13,0.826,0.3625,0.1994,True
0xf3618ba9f63638ab77e85553c67dbb9aaeba783a,L3,Sports / Other sport / Wuhan Daily Weather,62,0.1937,0.1994,2.51,0.79,0.3287,0.0588,True
0xf3618ba9f63638ab77e85553c67dbb9aaeba783a,L2t,Sports / Other sport / type=binary,624,0.2193,0.2193,4.82,0.747,0.3293,0.1094,True
0xf3618ba9f63638ab77e85553c67dbb9aaeba783a,L1b,Sports / price=0.30-0.50,90,0.383,0.3528,3.64,0.578,0.5634,0.2025,True
0xf3618ba9f63638ab77e85553c67dbb9aaeba783a,L1b,Sports / price=0.10-0.30,64,0.4784,0.4161,2.3,0.406,0.7292,0.2275,True
0xf3618ba9f63638ab77e85553c67dbb9aaeba783a,L1b,Sports / price=0.50-0.70,103,0.1822,0.1879,3.12,0.65,0.2895,0.077,True
0xf3618ba9f63638ab77e85553c67dbb9aaeba783a,L1b,Sports / price=0.70-0.90,183,0.118,0.1277,5.47,0.88,0.0913,0.1443,True
0xf3618ba9f63638ab77e85553c67dbb9aaeba783a,L2b,Sports / Other sport / price=0.30-0.50,89,0.3985,0.3652,3.79,0.584,0.599,0.2025,True
0xf3618ba9f63638ab77e85553c67dbb9aaeba783a,L2b,Sports / Other sport / price=0.10-0.30,61,0.4691,0.4069,2.26,0.41,0.6972,0.2484,True
0xf3618ba9f63638ab77e85553c67dbb9aaeba783a,L2b,Sports / Other sport / price=0.50-0.70,103,0.1822,0.1879,3.12,0.65,0.2895,0.077,True
0xf3618ba9f63638ab77e85553c67dbb9aaeba783a,L2b,Sports / Other sport / price=0.70-0.90,183,0.118,0.1277,5.47,0.88,0.0913,0.1443,True
0xf3618ba9f63638ab77e85553c67dbb9aaeba783a,L2l,Sports / Other sport / live,571,0.23,0.2296,4.7,0.758,0.3565,0.104,True
0xbbac81bb1c0e3ec89ea86f1067ecdbb93bc838d0,L1,Crypto,77,0.2932,0.2361,1.09,0.571,0.6485,-0.053,False
0xbbac81bb1c0e3ec89ea86f1067ecdbb93bc838d0,L1,Sports,489,-0.0263,-0.0246,-1.23,0.755,-0.0398,-0.0128,False
0xbbac81bb1c0e3ec89ea86f1067ecdbb93bc838d0,L2,Crypto / Up/Down short,77,0.2932,0.2361,1.09,0.571,0.6485,-0.053,False
0xbbac81bb1c0e3ec89ea86f1067ecdbb93bc838d0,L2,Sports / American Football,52,0.0655,0.0517,1.32,0.885,0.1437,-0.0128,False
0xbbac81bb1c0e3ec89ea86f1067ecdbb93bc838d0,L2,Sports / Other sport,42,-0.0239,-0.011,-0.3,0.81,-0.0159,-0.0319,False
0xbbac81bb1c0e3ec89ea86f1067ecdbb93bc838d0,L2,Sports / Soccer,124,-0.0166,-0.0121,-0.43,0.79,0.0502,-0.0834,False
0xbbac81bb1c0e3ec89ea86f1067ecdbb93bc838d0,L2,Sports / Tennis,191,-0.0337,-0.0289,-1.05,0.723,-0.0703,0.0027,False
0xbbac81bb1c0e3ec89ea86f1067ecdbb93bc838d0,L2,Sports / Baseball,72,-0.0879,-0.0653,-1.19,0.653,0.0088,-0.1847,False
0xbbac81bb1c0e3ec89ea86f1067ecdbb93bc838d0,L3,Sports / American Football / CFB 2026,36,0.1347,0.0923,3.01,0.917,0.1913,0.0782,True
0xbbac81bb1c0e3ec89ea86f1067ecdbb93bc838d0,L3,Crypto / Up/Down short / BTC Up or Down 5m,77,0.2932,0.2361,1.09,0.571,0.6485,-0.053,False
0xbbac81bb1c0e3ec89ea86f1067ecdbb93bc838d0,L3,Sports / Soccer / MLS 2025,32,0.0546,0.0397,0.98,0.906,0.0704,0.0387,False
0xbbac81bb1c0e3ec89ea86f1067ecdbb93bc838d0,L3,Sports / Tennis / WTA,59,-0.0332,-0.0207,-0.64,0.729,-0.0753,0.0076,False
0xbbac81bb1c0e3ec89ea86f1067ecdbb93bc838d0,L3,Sports / Tennis / ATP,85,-0.0294,-0.0208,-0.56,0.718,-0.1137,0.0529,False
0xbbac81bb1c0e3ec89ea86f1067ecdbb93bc838d0,L3,Sports / Tennis / ITF,35,-0.0773,-0.0433,-1.11,0.657,-0.1904,0.0296,False
0xbbac81bb1c0e3ec89ea86f1067ecdbb93bc838d0,L3,Sports / Baseball / MLB,69,-0.0699,-0.0506,-0.94,0.667,0.0663,-0.2021,False
0xbbac81bb1c0e3ec89ea86f1067ecdbb93bc838d0,L2t,Crypto / Up/Down short / type=updown,77,0.2932,0.2361,1.09,0.571,0.6485,-0.053,False
0xbbac81bb1c0e3ec89ea86f1067ecdbb93bc838d0,L2t,Sports / American Football / type=moneyline,34,0.005,0.0091,0.09,0.853,0.0548,-0.0448,False
0xbbac81bb1c0e3ec89ea86f1067ecdbb93bc838d0,L2t,Sports / Soccer / type=totals,98,-0.0076,-0.0036,-0.2,0.816,0.081,-0.0962,False
0xbbac81bb1c0e3ec89ea86f1067ecdbb93bc838d0,L2t,Sports / Baseball / type=totals,40,-0.0639,-0.0373,-0.57,0.65,0.0533,-0.1811,False
0xbbac81bb1c0e3ec89ea86f1067ecdbb93bc838d0,L2t,Sports / Other sport / type=totals,39,-0.0696,-0.0406,-0.91,0.795,-0.0267,-0.1104,False
0xbbac81bb1c0e3ec89ea86f1067ecdbb93bc838d0,L2t,Sports / Tennis / type=moneyline,189,-0.0297,-0.0253,-0.93,0.725,-0.0605,0.0008,False
0xbbac81bb1c0e3ec89ea86f1067ecdbb93bc838d0,L2t,Sports / Baseball / type=moneyline,21,-0.2329,-0.1115,-1.94,0.524,-0.3303,-0.1444,False
0xbbac81bb1c0e3ec89ea86f1067ecdbb93bc838d0,L1b,Crypto / price=0.30-0.50,33,0.3206,0.2057,1.78,0.606,0.3774,0.2671,False
0xbbac81bb1c0e3ec89ea86f1067ecdbb93bc838d0,L1b,Sports / price=0.30-0.50,25,0.1375,0.0835,0.8,0.64,-0.1965,0.4458,False
0xbbac81bb1c0e3ec89ea86f1067ecdbb93bc838d0,L1b,Sports / price=0.70-0.90,198,0.0099,0.0105,0.34,0.763,0.053,-0.0332,False
0xbbac81bb1c0e3ec89ea86f1067ecdbb93bc838d0,L1b,Sports / price=0.90-1.00,185,-0.002,-0.0003,-0.12,0.886,-0.0216,0.0173,False
0xbbac81bb1c0e3ec89ea86f1067ecdbb93bc838d0,L1b,Sports / price=0.50-0.70,75,-0.1722,-0.1326,-2.01,0.493,-0.1457,-0.198,False
0xbbac81bb1c0e3ec89ea86f1067ecdbb93bc838d0,L2b,Crypto / Up/Down short / price=0.30-0.50,33,0.3206,0.2057,1.78,0.606,0.3774,0.2671,False
0xbbac81bb1c0e3ec89ea86f1067ecdbb93bc838d0,L2b,Sports / Soccer / price=0.90-1.00,53,0.0324,0.0279,1.55,0.943,0.0544,0.0111,False
0xbbac81bb1c0e3ec89ea86f1067ecdbb93bc838d0,L2b,Sports / American Football / price=0.90-1.00,25,0.0442,0.0316,2.17,0.96,0.0319,0.0555,False
0xbbac81bb1c0e3ec89ea86f1067ecdbb93bc838d0,L2b,Sports / Soccer / price=0.70-0.90,54,0.0154,0.0156,0.27,0.759,0.0876,-0.0567,False
0xbbac81bb1c0e3ec89ea86f1067ecdbb93bc838d0,L2b,Sports / Baseball / price=0.70-0.90,35,0.0154,0.0156,0.19,0.8,0.0425,-0.0102,False
0xbbac81bb1c0e3ec89ea86f1067ecdbb93bc838d0,L2b,Sports / Other sport / price=0.90-1.00,21,0.0132,0.0146,0.26,0.952,-0.0367,0.0586,False
0xbbac81bb1c0e3ec89ea86f1067ecdbb93bc838d0,L2b,Sports / Tennis / price=0.70-0.90,76,-0.0059,-0.0014,-0.13,0.724,-0.0219,0.01,False
0xbbac81bb1c0e3ec89ea86f1067ecdbb93bc838d0,L2b,Sports / Tennis / price=0.90-1.00,74,-0.0266,-0.0175,-0.91,0.824,-0.0483,-0.0048,False
0xbbac81bb1c0e3ec89ea86f1067ecdbb93bc838d0,L2b,Sports / Tennis / price=0.50-0.70,22,-0.1537,-0.0729,-1.07,0.5,-0.2391,-0.0682,False
0xbbac81bb1c0e3ec89ea86f1067ecdbb93bc838d0,L2b,Sports / Baseball / price=0.50-0.70,22,-0.1874,-0.0905,-1.1,0.455,0.3245,-0.6993,False
0xbbac81bb1c0e3ec89ea86f1067ecdbb93bc838d0,L2l,Sports / American Football / live,31,0.142,0.0926,2.69,0.935,0.1682,0.1174,True
0xbbac81bb1c0e3ec89ea86f1067ecdbb93bc838d0,L2l,Sports / Other sport / pre,30,0.0262,0.0221,0.29,0.867,0.0264,0.026,False
0xbbac81bb1c0e3ec89ea86f1067ecdbb93bc838d0,L2l,Sports / Soccer / live,39,0.0193,0.0182,0.26,0.821,-0.0883,0.1215,False
0xbbac81bb1c0e3ec89ea86f1067ecdbb93bc838d0,L2l,Sports / American Football / pre,21,-0.0475,-0.0165,-0.52,0.81,0.1127,-0.1931,False
0xbbac81bb1c0e3ec89ea86f1067ecdbb93bc838d0,L2l,Sports / Baseball / pre,20,-0.0643,-0.0241,-0.44,0.7,0.2429,-0.3715,False
0xbbac81bb1c0e3ec89ea86f1067ecdbb93bc838d0,L2l,Sports / Soccer / pre,85,-0.033,-0.0237,-0.73,0.776,0.1162,-0.1787,False
0xbbac81bb1c0e3ec89ea86f1067ecdbb93bc838d0,L2l,Sports / Tennis / live,161,-0.0233,-0.019,-0.68,0.739,-0.1003,0.0527,False
0xbbac81bb1c0e3ec89ea86f1067ecdbb93bc838d0,L2l,Sports / Tennis / pre,30,-0.0891,-0.047,-1.0,0.633,0.0258,-0.204,False
0xbbac81bb1c0e3ec89ea86f1067ecdbb93bc838d0,L2l,Sports / Baseball / live,52,-0.0971,-0.0657,-1.13,0.635,-0.0813,-0.1128,False
0x9b841580c0c36e9e882d7e3f24ab33c46ab76e9b,L1,Esports,35,0.2565,0.1502,2.07,0.771,0.1101,0.3948,True
0x9b841580c0c36e9e882d7e3f24ab33c46ab76e9b,L2,Esports / Esports,35,0.2565,0.1502,2.07,0.771,0.1101,0.3948,True
0xfc25f141ed27bb1787338d2c4e7f51e3a15e1f7f,L1,Sports,6581,0.0631,0.063,2.31,0.981,0.0736,0.0525,True
0xfc25f141ed27bb1787338d2c4e7f51e3a15e1f7f,L2,Sports / Baseball,1091,0.0065,0.0073,2.28,0.995,0.002,0.011,True
0xfc25f141ed27bb1787338d2c4e7f51e3a15e1f7f,L3,Sports / Baseball / MLB,1087,0.0064,0.0072,2.26,0.995,0.0019,0.011,True
0xfc25f141ed27bb1787338d2c4e7f51e3a15e1f7f,L3,Sports / Soccer / FIFA World Cup,136,0.0157,0.0202,6.25,1.0,0.0165,0.0148,True
0xfc25f141ed27bb1787338d2c4e7f51e3a15e1f7f,L3,Sports / Tennis / ATP,38,0.0078,0.0226,4.65,1.0,0.0054,0.0101,True
0xfc25f141ed27bb1787338d2c4e7f51e3a15e1f7f,L3,Esports / Esports / Dota 2,47,0.007,0.0201,5.49,1.0,0.007,0.007,True
0xfc25f141ed27bb1787338d2c4e7f51e3a15e1f7f,L3,Sports / Soccer / Bundesliga 2025,51,0.0027,0.0162,4.64,1.0,0.0011,0.0043,True
0xfc25f141ed27bb1787338d2c4e7f51e3a15e1f7f,L3,Sports / Soccer / EFL Championship,37,0.0018,0.019,3.17,0.973,0.0018,0.0018,True
0xfc25f141ed27bb1787338d2c4e7f51e3a15e1f7f,L3,Sports / Soccer / Premier League 2025,46,0.0021,0.0169,3.07,1.0,0.0019,0.0024,True
0xfc25f141ed27bb1787338d2c4e7f51e3a15e1f7f,L3,Sports / Soccer / La Liga 2025,49,0.0015,0.0158,5.44,1.0,0.0018,0.0013,True
0xfc25f141ed27bb1787338d2c4e7f51e3a15e1f7f,L3,Sports / American Football / NFL 2026,167,0.0024,0.0076,9.53,1.0,0.0024,0.0024,True
0xfc25f141ed27bb1787338d2c4e7f51e3a15e1f7f,L2t,Sports / Basketball / type=spreads,863,0.0111,0.012,2.72,0.992,0.0148,0.0074,True
0xfc25f141ed27bb1787338d2c4e7f51e3a15e1f7f,L2t,Sports / Basketball / type=first_half_moneyline,106,0.0305,0.0337,2.5,1.0,0.0491,0.0119,True
0xfc25f141ed27bb1787338d2c4e7f51e3a15e1f7f,L2t,Sports / Baseball / type=totals,331,0.0159,0.0179,2.47,0.997,0.0076,0.0241,True
0xfc25f141ed27bb1787338d2c4e7f51e3a15e1f7f,L2t,Sports / Hockey / type=spreads,153,0.0088,0.0136,4.54,0.993,0.0076,0.01,True
0xfc25f141ed27bb1787338d2c4e7f51e3a15e1f7f,L2t,Esports / Esports / type=map_handicap,118,0.0091,0.0151,3.74,1.0,0.0126,0.0056,True
0xfc25f141ed27bb1787338d2c4e7f51e3a15e1f7f,L2t,Esports / Esports / type=totals,97,0.009,0.0162,5.91,1.0,0.0119,0.0062,True
0xfc25f141ed27bb1787338d2c4e7f51e3a15e1f7f,L2t,Sports / American Football / type=first_half_totals,40,0.0097,0.0234,12.59,1.0,0.0101,0.0093,True
0xfc25f141ed27bb1787338d2c4e7f51e3a15e1f7f,L1b,Esports / price=0.70-0.90,102,0.0895,0.0832,2.72,0.902,0.1065,0.0725,True
0xfc25f141ed27bb1787338d2c4e7f51e3a15e1f7f,L2b,Esports / Esports / price=0.70-0.90,102,0.0895,0.0832,2.72,0.902,0.1065,0.0725,True
0xfc25f141ed27bb1787338d2c4e7f51e3a15e1f7f,L2l,Sports / Soccer / pre,30,0.0341,0.0408,4.08,1.0,0.002,0.0663,True
0xfc25f141ed27bb1787338d2c4e7f51e3a15e1f7f,L2l,Sports / Baseball / live,1089,0.0053,0.0061,2.04,0.995,0.002,0.0085,True
0x14f3790ce1323c4b1cb351ed068c1866a0c60c3d,L1,Other,439,0.3304,0.3196,14.8,1.0,0.4151,0.2461,True
0x14f3790ce1323c4b1cb351ed068c1866a0c60c3d,L2,Other / ?,439,0.3304,0.3196,14.8,1.0,0.4151,0.2461,True
0x14f3790ce1323c4b1cb351ed068c1866a0c60c3d,L3,Other / ? / ?,439,0.3304,0.3196,14.8,1.0,0.4151,0.2461,True
0x14f3790ce1323c4b1cb351ed068c1866a0c60c3d,L2t,Other / ? / type=binary,439,0.3304,0.3196,14.8,1.0,0.4151,0.2461,True
0x14f3790ce1323c4b1cb351ed068c1866a0c60c3d,L1b,Other / price=0.10-0.30,209,0.4114,0.3827,10.58,1.0,0.3988,0.4239,True
0x14f3790ce1323c4b1cb351ed068c1866a0c60c3d,L1b,Other / price=0.30-0.50,104,0.2666,0.237,11.25,1.0,0.2742,0.259,True
0x14f3790ce1323c4b1cb351ed068c1866a0c60c3d,L1b,Other / price=0.00-0.10,42,0.4277,0.3165,4.44,1.0,0.4916,0.3637,True
0x14f3790ce1323c4b1cb351ed068c1866a0c60c3d,L1b,Other / price=0.50-0.70,33,0.3058,0.2217,6.7,1.0,0.2782,0.3317,True
0x14f3790ce1323c4b1cb351ed068c1866a0c60c3d,L2b,Other / ? / price=0.10-0.30,209,0.4114,0.3827,10.58,1.0,0.3988,0.4239,True
0x14f3790ce1323c4b1cb351ed068c1866a0c60c3d,L2b,Other / ? / price=0.30-0.50,104,0.2666,0.237,11.25,1.0,0.2742,0.259,True
0x14f3790ce1323c4b1cb351ed068c1866a0c60c3d,L2b,Other / ? / price=0.00-0.10,42,0.4277,0.3165,4.44,1.0,0.4916,0.3637,True
0x14f3790ce1323c4b1cb351ed068c1866a0c60c3d,L2b,Other / ? / price=0.50-0.70,33,0.3058,0.2217,6.7,1.0,0.2782,0.3317,True
0xa3fac5b50a5fcb5d9d53ce3fc392d148d740af3a,L1,Other,30,0.2566,0.1284,2.7,0.833,0.3722,0.1409,True
0xc1fad0f7eef3c2e7f5564747df061a7e70f19611,L3,Sports / Other sport / Milan Daily Weather,36,0.0416,0.0186,5.37,1.0,0.0419,0.0412,True
0x1610db79f753a80207e1d66716be9e91e627ae49,L2l,Esports / Esports / pre,124,0.2866,0.2446,2.43,0.589,0.421,0.1522,True
0x5c04798dec6651dff5bab7da09642fcebdfe6587,L1,Politics,817,0.104,0.1031,2.15,0.485,0.0743,0.1337,True
0x5c04798dec6651dff5bab7da09642fcebdfe6587,L1,Sports,1361,0.0497,0.05,2.01,0.43,0.0063,0.0932,True
0x5c04798dec6651dff5bab7da09642fcebdfe6587,L2,Politics / Tweet Markets,792,0.1049,0.1039,2.11,0.482,0.0748,0.135,True
0x5c04798dec6651dff5bab7da09642fcebdfe6587,L2,Sports / Other sport,932,0.0659,0.0659,2.55,0.431,0.033,0.0988,True
0x5c04798dec6651dff5bab7da09642fcebdfe6587,L3,Sports / Other sport / Elon Tweets,590,0.0658,0.0657,2.36,0.434,0.0324,0.0991,True
0x5c04798dec6651dff5bab7da09642fcebdfe6587,L2t,Politics / Tweet Markets / type=negrisk,792,0.1049,0.1039,2.11,0.482,0.0748,0.135,True
0x5c04798dec6651dff5bab7da09642fcebdfe6587,L2t,Sports / Other sport / type=binary,931,0.0654,0.0653,2.53,0.431,0.0318,0.0988,True
0x5c04798dec6651dff5bab7da09642fcebdfe6587,L1b,Sports / price=0.10-0.30,558,0.1628,0.1594,3.3,0.391,0.1921,0.1335,True
0x5c04798dec6651dff5bab7da09642fcebdfe6587,L1b,Sports / price=0.70-0.90,221,0.0316,0.0343,2.01,0.579,0.0235,0.0395,True
0x5c04798dec6651dff5bab7da09642fcebdfe6587,L2b,Sports / Other sport / price=0.10-0.30,469,0.1561,0.1523,3.46,0.418,0.1533,0.1588,True
0x9cf08288ade4991588f5c2ec1705137c4021ce7c,L3,Sports / Soccer / FIFA World Cup,165,0.1915,0.1712,2.4,0.503,0.1225,0.2598,True
0x9cf08288ade4991588f5c2ec1705137c4021ce7c,L2t,Sports / Soccer / type=total_corners,71,0.3558,0.2784,2.76,0.592,0.1491,0.5568,True
0xae5123e8a2f7125e9479d5916b37b7274ab61d03,L1,Sports,963,0.2825,0.2825,2.38,0.628,0.1253,0.4393,True
0xae5123e8a2f7125e9479d5916b37b7274ab61d03,L2,Sports / Tennis,853,0.3118,0.3111,2.33,0.64,0.123,0.5001,True
0xae5123e8a2f7125e9479d5916b37b7274ab61d03,L3,Sports / Tennis / ATP,556,0.1105,0.1164,2.97,0.622,0.1145,0.1065,True
0xae5123e8a2f7125e9479d5916b37b7274ab61d03,L2t,Sports / Tennis / type=moneyline,768,0.1535,0.1567,4.33,0.645,0.1509,0.156,True
0xae5123e8a2f7125e9479d5916b37b7274ab61d03,L1b,Sports / price=0.30-0.50,275,0.1741,0.1814,3.18,0.582,0.1135,0.2342,True
0xae5123e8a2f7125e9479d5916b37b7274ab61d03,L1b,Sports / price=0.50-0.70,240,0.1407,0.1516,3.84,0.683,0.1245,0.1569,True
0xae5123e8a2f7125e9479d5916b37b7274ab61d03,L2b,Sports / Tennis / price=0.10-0.30,152,0.2928,0.2916,2.16,0.493,0.2204,0.3653,True
0xae5123e8a2f7125e9479d5916b37b7274ab61d03,L2b,Sports / Tennis / price=0.30-0.50,244,0.1865,0.1937,3.22,0.598,0.1502,0.2228,True
0xae5123e8a2f7125e9479d5916b37b7274ab61d03,L2b,Sports / Tennis / price=0.50-0.70,209,0.1316,0.1447,3.38,0.684,0.1031,0.1598,True
0xae5123e8a2f7125e9479d5916b37b7274ab61d03,L2l,Sports / Tennis / live,846,0.3144,0.3137,2.33,0.641,0.1223,0.5065,True
0xf64a4fc23c30537ec6b37ae392db71c21438db74,L1,Sports,1089,0.094,0.0942,2.63,0.451,0.0897,0.0982,True
0xf64a4fc23c30537ec6b37ae392db71c21438db74,L2,Sports / Other sport,1089,0.094,0.0942,2.63,0.451,0.0897,0.0982,True
0xf64a4fc23c30537ec6b37ae392db71c21438db74,L3,Sports / Other sport / Wellington Daily Weather,562,0.1676,0.1655,3.11,0.463,0.1608,0.1744,True
0xf64a4fc23c30537ec6b37ae392db71c21438db74,L2t,Sports / Other sport / type=binary,1089,0.094,0.0942,2.63,0.451,0.0897,0.0982,True
0xf64a4fc23c30537ec6b37ae392db71c21438db74,L2l,Sports / Other sport / live,961,0.0908,0.0911,2.36,0.463,0.0638,0.1177,True
0xb8c964699d8f31be44091886d79d9fa74ed0b92f,L2t,Sports / Basketball / type=moneyline,198,0.1153,0.1038,2.03,0.682,0.0759,0.1547,True
0xb8c964699d8f31be44091886d79d9fa74ed0b92f,L2b,Sports / Basketball / price=0.30-0.50,50,0.3696,0.2609,2.25,0.56,0.2696,0.4695,True
0xfcfe7b9756da0d7ca1837e3281910d9e67ead420,L2b,Sports / American Football / price=0.30-0.50,90,0.3126,0.2516,2.61,0.567,0.2157,0.4096,True
0xfcfe7b9756da0d7ca1837e3281910d9e67ead420,L2b,Sports / Soccer / price=0.50-0.70,304,0.0999,0.0923,2.2,0.595,0.1022,0.0976,True
0xfcfe7b9756da0d7ca1837e3281910d9e67ead420,L2b,Sports / Tennis / price=0.70-0.90,52,0.1466,0.0995,2.47,0.865,0.0652,0.228,True
0xe1000ddb5f5025849765e29d051dfff78f5d4d41,L3,Esports / Esports / League of Legends,201,0.2004,0.1983,2.04,0.507,0.3885,0.0142,True
0x51ad675fcb07c4b690501aea44605f798ede5e56,L2b,Sports / Baseball / price=0.50-0.70,99,0.1908,0.1566,3.5,0.646,0.1536,0.2273,True
0x033cb53526acbf5a530464645fa3a1f5c590bafe,L1b,Sports / price=0.30-0.50,245,0.1904,0.1824,2.31,0.473,0.1566,0.224,True
0x033cb53526acbf5a530464645fa3a1f5c590bafe,L1b,Sports / price=0.70-0.90,186,0.0816,0.0818,2.35,0.844,0.0945,0.0687,True
0x033cb53526acbf5a530464645fa3a1f5c590bafe,L2b,Sports / Baseball / price=0.70-0.90,93,0.1161,0.1103,2.54,0.871,0.0994,0.1324,True
0xafe4272b4fb0bcc1d734ee2cdec3e78cdc94f3f7,L1,Sports,532,0.152,0.152,2.47,0.494,0.2154,0.0887,True
0xafe4272b4fb0bcc1d734ee2cdec3e78cdc94f3f7,L1b,Sports / price=0.30-0.50,161,0.2215,0.2138,2.19,0.491,0.1948,0.2477,True
0xb73e43e4d29e57fa90090b6ff3e9a671453bc66f,L1b,Esports / price=0.50-0.70,55,0.201,0.1804,2.08,0.745,0.0311,0.3649,True
0xb73e43e4d29e57fa90090b6ff3e9a671453bc66f,L2b,Esports / Esports / price=0.50-0.70,55,0.201,0.1804,2.08,0.745,0.0311,0.3649,True
0x42b7122f6a4635ee76d254eddf752ab27cf077dc,L1b,Esports / price=0.30-0.50,776,0.0994,0.0982,2.22,0.442,0.0873,0.1115,True
0x42b7122f6a4635ee76d254eddf752ab27cf077dc,L2b,Esports / Esports / price=0.30-0.50,776,0.0994,0.0982,2.22,0.442,0.0873,0.1115,True
0xbc0c38a9c217843b79499fd4d4ac1a04fd4cdac0,L1,Esports,2718,0.0268,0.0268,3.3,0.641,0.0175,0.036,True
0xbc0c38a9c217843b79499fd4d4ac1a04fd4cdac0,L2,Esports / Esports,2718,0.0268,0.0268,3.3,0.641,0.0175,0.036,True
0xbc0c38a9c217843b79499fd4d4ac1a04fd4cdac0,L3,Esports / Esports / Counter Strike,1642,0.0268,0.0268,2.64,0.617,0.0266,0.027,True
0xbc0c38a9c217843b79499fd4d4ac1a04fd4cdac0,L3,Esports / Esports / Valorant,236,0.0611,0.0585,2.2,0.665,0.0285,0.0937,True
0xbc0c38a9c217843b79499fd4d4ac1a04fd4cdac0,L2t,Esports / Esports / type=moneyline,984,0.0424,0.0421,3.29,0.624,0.0185,0.0663,True
0xbc0c38a9c217843b79499fd4d4ac1a04fd4cdac0,L1b,Esports / price=0.50-0.70,759,0.0583,0.0574,3.04,0.518,0.0419,0.0746,True
0xbc0c38a9c217843b79499fd4d4ac1a04fd4cdac0,L2b,Esports / Esports / price=0.50-0.70,759,0.0583,0.0574,3.04,0.518,0.0419,0.0746,True
0xbc0c38a9c217843b79499fd4d4ac1a04fd4cdac0,L2l,Esports / Esports / live,2645,0.0258,0.0258,3.14,0.644,0.0159,0.0357,True
0x466658e9a04e4586fb0ea46abf0a2fd8902f3a55,L3,Sports / Soccer / UEFA Europa League 2025,76,0.3026,0.2376,2.84,0.724,0.2912,0.314,True
0xf0ac5725f74f44cd80f5e65c7f9fc5b3e5d24ec7,L2,Sports / Basketball,427,0.2381,0.228,2.14,0.297,0.0336,0.4417,True
0xf0ac5725f74f44cd80f5e65c7f9fc5b3e5d24ec7,L2t,Sports / Basketball / type=totals,239,0.4612,0.4264,3.09,0.343,0.1362,0.7834,True
0xf0ac5725f74f44cd80f5e65c7f9fc5b3e5d24ec7,L2t,Esports / Esports / type=map_handicap,524,0.1444,0.1395,2.18,0.45,0.1422,0.1466,True
0xf0ac5725f74f44cd80f5e65c7f9fc5b3e5d24ec7,L2t,Sports / Tennis / type=tennis_first_set_totals,31,0.7619,0.4675,2.53,0.645,0.4422,1.0616,True
0xf0ac5725f74f44cd80f5e65c7f9fc5b3e5d24ec7,L1b,Esports / price=0.30-0.50,1486,0.082,0.081,2.48,0.428,0.0392,0.1248,True
0xf0ac5725f74f44cd80f5e65c7f9fc5b3e5d24ec7,L1b,Esports / price=0.50-0.70,654,0.087,0.0848,2.61,0.625,0.078,0.096,True
0xf0ac5725f74f44cd80f5e65c7f9fc5b3e5d24ec7,L2b,Sports / Basketball / price=0.10-0.30,245,0.4792,0.4439,3.02,0.282,0.1754,0.7805,True
0xf0ac5725f74f44cd80f5e65c7f9fc5b3e5d24ec7,L2b,Esports / Esports / price=0.30-0.50,1486,0.082,0.081,2.48,0.428,0.0392,0.1248,True
0xf0ac5725f74f44cd80f5e65c7f9fc5b3e5d24ec7,L2b,Esports / Esports / price=0.50-0.70,654,0.087,0.0848,2.61,0.625,0.078,0.096,True
0xf0ac5725f74f44cd80f5e65c7f9fc5b3e5d24ec7,L2l,Sports / Basketball / live,427,0.2381,0.228,2.14,0.297,0.0336,0.4417,True
0xc82a0639e4c587bed10f5f0f31f5a2bd96236d00,L1b,Sports / price=0.70-0.90,304,0.0537,0.0505,2.03,0.763,0.0619,0.0455,True
0xc82a0639e4c587bed10f5f0f31f5a2bd96236d00,L2b,Sports / Soccer / price=0.70-0.90,82,0.1088,0.0878,2.29,0.805,0.12,0.0977,True
0xe1d3e9a9a5f95c537b44fdd44f2c461f9e69b8de,L1,Sports,553,0.2137,0.2095,3.66,0.564,0.1413,0.2858,True
0xe1d3e9a9a5f95c537b44fdd44f2c461f9e69b8de,L2,Sports / Soccer,369,0.2056,0.1999,3.13,0.588,0.0962,0.3145,True
0xe1d3e9a9a5f95c537b44fdd44f2c461f9e69b8de,L2,Sports / Tennis,182,0.2434,0.2286,2.08,0.522,0.4367,0.0501,True
0xe1d3e9a9a5f95c537b44fdd44f2c461f9e69b8de,L3,Sports / Soccer / Dota 2,329,0.2304,0.2226,3.32,0.608,0.0852,0.3747,True
0xe1d3e9a9a5f95c537b44fdd44f2c461f9e69b8de,L2t,Sports / Soccer / type=moneyline,350,0.2191,0.2124,3.23,0.594,0.0872,0.3511,True
0xe1d3e9a9a5f95c537b44fdd44f2c461f9e69b8de,L2t,Sports / Tennis / type=moneyline,181,0.2503,0.2347,2.13,0.525,0.3138,0.1875,True
0xe1d3e9a9a5f95c537b44fdd44f2c461f9e69b8de,L1b,Sports / price=0.30-0.50,166,0.3596,0.331,3.71,0.542,0.2248,0.4943,True
0xe1d3e9a9a5f95c537b44fdd44f2c461f9e69b8de,L1b,Sports / price=0.70-0.90,58,0.1655,0.1471,3.0,0.845,0.1659,0.1651,True
0xe1d3e9a9a5f95c537b44fdd44f2c461f9e69b8de,L2b,Sports / Soccer / price=0.30-0.50,107,0.3675,0.3244,3.03,0.542,0.2304,0.502,True
0xe1d3e9a9a5f95c537b44fdd44f2c461f9e69b8de,L2b,Sports / Tennis / price=0.30-0.50,59,0.3452,0.2816,2.11,0.542,0.3329,0.3571,True
0xe1d3e9a9a5f95c537b44fdd44f2c461f9e69b8de,L2b,Sports / Soccer / price=0.70-0.90,54,0.174,0.1523,3.19,0.852,0.1751,0.1728,True
0xe1d3e9a9a5f95c537b44fdd44f2c461f9e69b8de,L2l,Sports / Tennis / live,119,0.3333,0.2988,2.05,0.513,0.5433,0.1268,True
0xe1d3e9a9a5f95c537b44fdd44f2c461f9e69b8de,L2l,Sports / Soccer / pre,189,0.2388,0.2249,3.4,0.635,0.2387,0.2388,True
0xe7123a5454f9be0a197d5909d2720a4d473c9a10,L2,Sports / Other sport,2795,0.0556,0.0555,2.04,0.586,0.0489,0.0622,True
0xe7123a5454f9be0a197d5909d2720a4d473c9a10,L2t,Sports / Other sport / type=binary,2793,0.0557,0.0556,2.05,0.586,0.0493,0.0622,True
0xe7123a5454f9be0a197d5909d2720a4d473c9a10,L1b,Sports / price=0.30-0.50,335,0.183,0.175,2.93,0.463,0.0106,0.3543,True
0xe7123a5454f9be0a197d5909d2720a4d473c9a10,L1b,Sports / price=0.50-0.70,293,0.1275,0.122,3.36,0.659,0.1965,0.0589,True
0xe7123a5454f9be0a197d5909d2720a4d473c9a10,L1b,Sports / price=0.70-0.90,769,0.0449,0.0448,3.44,0.779,0.0703,0.0195,True
0xe7123a5454f9be0a197d5909d2720a4d473c9a10,L2b,Sports / Other sport / price=0.30-0.50,335,0.183,0.175,2.93,0.463,0.0106,0.3543,True
0xe7123a5454f9be0a197d5909d2720a4d473c9a10,L2b,Sports / Other sport / price=0.50-0.70,293,0.1275,0.122,3.36,0.659,0.1965,0.0589,True
0xe7123a5454f9be0a197d5909d2720a4d473c9a10,L2b,Sports / Other sport / price=0.70-0.90,769,0.0449,0.0448,3.44,0.779,0.0703,0.0195,True
0xff34c2cc46e7624310f3549ea355540d57a4694b,L1,Sports,1585,0.0781,0.0778,2.63,0.512,0.0556,0.1005,True
0xff34c2cc46e7624310f3549ea355540d57a4694b,L3,Sports / American Football / NFL 2026,122,0.2159,0.1939,2.1,0.574,0.3925,0.0392,True
0xff34c2cc46e7624310f3549ea355540d57a4694b,L2t,Sports / Tennis / type=tennis_set_handicap,193,0.2221,0.2069,2.55,0.58,0.3066,0.1384,True
0xff34c2cc46e7624310f3549ea355540d57a4694b,L1b,Sports / price=0.30-0.50,726,0.095,0.0941,2.08,0.45,0.0864,0.1037,True
0xff34c2cc46e7624310f3549ea355540d57a4694b,L1b,Crypto / price=0.70-0.90,437,0.0515,0.0519,2.19,0.826,0.0562,0.0469,True
0x26f8af9d49328e5fdae2c24e62e5c523bebd3452,L2t,Sports / Other sport / type=moneyline,33,0.2979,0.2106,2.05,0.727,0.3554,0.2438,True
0x26f8af9d49328e5fdae2c24e62e5c523bebd3452,L1b,Esports / price=0.50-0.70,190,0.1253,0.1197,2.15,0.663,0.0404,0.2101,True
0x26f8af9d49328e5fdae2c24e62e5c523bebd3452,L2b,Esports / Esports / price=0.50-0.70,190,0.1253,0.1197,2.15,0.663,0.0404,0.2101,True
0x26f8af9d49328e5fdae2c24e62e5c523bebd3452,L2b,Sports / Tennis / price=0.50-0.70,34,0.2846,0.2038,2.43,0.735,0.313,0.2562,True
0x0224bb9eb0a5c9fd261ac9123a72cbdd5748292a,L2l,Esports / Esports / pre,55,0.4709,0.356,2.28,0.636,0.5196,0.4241,True
0x1b31372b2f050a8a21a694005c13d3599846852c,L1,Sports,788,0.5245,0.5241,2.11,0.491,0.635,0.414,True
0x1b31372b2f050a8a21a694005c13d3599846852c,L2,Sports / Other sport,787,0.5242,0.5237,2.11,0.49,0.6391,0.4095,True
0x1b31372b2f050a8a21a694005c13d3599846852c,L2t,Sports / Other sport / type=binary,787,0.5242,0.5237,2.11,0.49,0.6391,0.4095,True
0x1b31372b2f050a8a21a694005c13d3599846852c,L1b,Sports / price=0.70-0.90,108,0.0873,0.1528,2.56,0.843,0.0968,0.0778,True
0x1b31372b2f050a8a21a694005c13d3599846852c,L2b,Sports / Other sport / price=0.70-0.90,108,0.0873,0.1528,2.56,0.843,0.0968,0.0778,True
0x8961311d9e037820ee833f9ad3d785436cdd64ce,L3,Sports / Soccer / ATP,40,0.2573,0.1632,2.02,0.75,0.2036,0.311,True
0x8961311d9e037820ee833f9ad3d785436cdd64ce,L1b,Sports / price=0.70-0.90,124,0.0916,0.0754,2.1,0.79,0.1118,0.0713,True
0x497be4bc10a6ccf5f443ddec0ff420e32468a32a,L1,Sports,927,0.1309,0.1308,2.22,0.482,0.114,0.1478,True
0x497be4bc10a6ccf5f443ddec0ff420e32468a32a,L2,Sports / Other sport,880,0.1418,0.1414,2.29,0.48,0.146,0.1376,True
0x497be4bc10a6ccf5f443ddec0ff420e32468a32a,L3,Sports / Other sport / Guangzhou Daily Weather,776,0.1356,0.1353,2.03,0.477,0.1486,0.1225,True
0x497be4bc10a6ccf5f443ddec0ff420e32468a32a,L2t,Sports / Other sport / type=binary,880,0.1418,0.1414,2.29,0.48,0.146,0.1376,True
0x497be4bc10a6ccf5f443ddec0ff420e32468a32a,L1b,Sports / price=0.10-0.30,274,0.2005,0.1953,2.07,0.35,0.0898,0.3112,True
0x497be4bc10a6ccf5f443ddec0ff420e32468a32a,L2b,Sports / Other sport / price=0.10-0.30,265,0.2091,0.2031,2.12,0.351,0.1614,0.2565,True
0x497be4bc10a6ccf5f443ddec0ff420e32468a32a,L2b,Sports / Other sport / price=0.30-0.50,142,0.1712,0.1652,2.05,0.451,0.1591,0.1833,True
0x497be4bc10a6ccf5f443ddec0ff420e32468a32a,L2l,Sports / Other sport / live,676,0.2076,0.2051,2.71,0.522,0.2078,0.2074,True
0x06e3ce0c67e6484c2ca69824dafb74188cd10f3e,L3,Sports / Other sport / Panama Daily Weather,53,0.3382,0.269,2.15,0.755,0.6341,0.0532,True
0xe0aa0b04ab9b3bd787cafe98e40855515c937a60,L1,Sports,306,0.1257,0.1226,2.01,0.552,0.1861,0.0653,True
0x20c0a4629839cb1b662ed181734eac4cc6d29556,L2b,Sports / Soccer / price=0.70-0.90,41,0.1314,0.0883,2.52,0.902,0.1552,0.1088,True
0x0fe50ebcaeb2a5bdbe6a2d65290b4e6fa16891aa,L1b,Politics / price=0.70-0.90,39,0.1026,0.0812,2.83,0.872,0.0998,0.1053,True
0xf255e701163e4b19c9f0d288c32c15d790a5a6e8,L1,Sports,333,0.0875,0.0875,2.17,0.727,0.0845,0.0905,True
0xf255e701163e4b19c9f0d288c32c15d790a5a6e8,L2,Sports / Other sport,327,0.0917,0.0915,2.25,0.728,0.0911,0.0923,True
0xf255e701163e4b19c9f0d288c32c15d790a5a6e8,L3,Sports / Other sport / Hong Kong Daily Weather,176,0.1087,0.1065,2.34,0.761,0.0853,0.1321,True
0xf255e701163e4b19c9f0d288c32c15d790a5a6e8,L2t,Sports / Other sport / type=binary,327,0.0917,0.0915,2.25,0.728,0.0911,0.0923,True
0xf255e701163e4b19c9f0d288c32c15d790a5a6e8,L2l,Sports / Other sport / live,275,0.0997,0.0989,2.16,0.731,0.1169,0.0826,True
0xc34cd27593243598c66a9a2820f37bcfb87c2e29,L2b,Sports / Tennis / price=0.50-0.70,41,0.2352,0.1504,2.07,0.732,0.085,0.3783,True
0xc34cd27593243598c66a9a2820f37bcfb87c2e29,L2l,Sports / Tennis / pre,39,0.2077,0.1294,2.12,0.795,0.3396,0.0825,True
0x65f7ef5f7bf70543fed893637483b5e2566d86dd,L1b,Sports / price=0.70-0.90,203,0.0966,0.0902,2.9,0.842,0.0203,0.1722,True
0xdf804b17329a461425116c9e0f599e248b443259,L1,Sports,1319,0.2917,0.2909,2.34,0.697,0.3557,0.2278,True
0xdf804b17329a461425116c9e0f599e248b443259,L2,Sports / Soccer,1098,0.3305,0.3288,2.22,0.699,0.3848,0.2761,True
0xdf804b17329a461425116c9e0f599e248b443259,L1b,Sports / price=0.00-0.10,88,3.8291,3.1643,2.12,0.136,1.3223,6.3358,True
0xdf804b17329a461425116c9e0f599e248b443259,L1b,Sports / price=0.70-0.90,262,0.0861,0.097,3.24,0.87,0.1191,0.0532,True
0xdf804b17329a461425116c9e0f599e248b443259,L2b,Sports / Soccer / price=0.00-0.10,83,3.9192,3.2046,2.06,0.133,1.0857,6.6851,True
0xdf804b17329a461425116c9e0f599e248b443259,L2b,Sports / Soccer / price=0.50-0.70,186,0.1298,0.1404,2.2,0.667,0.1856,0.0739,True
0xdf804b17329a461425116c9e0f599e248b443259,L2b,Sports / Soccer / price=0.70-0.90,208,0.082,0.0958,2.76,0.87,0.119,0.045,True
0xdf804b17329a461425116c9e0f599e248b443259,L2l,Sports / Soccer / live,1083,0.3367,0.3349,2.23,0.701,0.3931,0.2804,True
0xa2e5927b38c42d1fdd6c05d70492c3f4208fc8d1,L1,Esports,410,0.2062,0.2052,2.26,0.473,0.3328,0.0795,True
0xa2e5927b38c42d1fdd6c05d70492c3f4208fc8d1,L2,Esports / Esports,410,0.2062,0.2052,2.26,0.473,0.3328,0.0795,True
0xa2e5927b38c42d1fdd6c05d70492c3f4208fc8d1,L3,Esports / Esports / Counter Strike,129,0.5088,0.4652,2.05,0.527,0.656,0.3638,True
0xa2e5927b38c42d1fdd6c05d70492c3f4208fc8d1,L1b,Esports / price=0.30-0.50,127,0.294,0.2791,2.93,0.52,0.4715,0.1193,True
0xa2e5927b38c42d1fdd6c05d70492c3f4208fc8d1,L2b,Esports / Esports / price=0.30-0.50,127,0.294,0.2791,2.93,0.52,0.4715,0.1193,True
0xa2e5927b38c42d1fdd6c05d70492c3f4208fc8d1,L2l,Esports / Esports / live,402,0.1945,0.194,2.1,0.47,0.3221,0.0669,True
0x2ac3a509eb5337be126215736c18ec9e94c06ec2,L3,Esports / Esports / League of Legends,613,0.1204,0.1189,2.61,0.568,0.0813,0.1594,True
0x2ac3a509eb5337be126215736c18ec9e94c06ec2,L1b,Esports / price=0.30-0.50,313,0.1766,0.1704,2.51,0.482,0.2133,0.1401,True
0x2ac3a509eb5337be126215736c18ec9e94c06ec2,L2b,Esports / Esports / price=0.30-0.50,313,0.1766,0.1704,2.51,0.482,0.2133,0.1401,True
0xb24f228181796f4cbd16aeeb17919a3521b5c638,L1b,Sports / price=0.30-0.50,36,0.4796,0.3231,2.34,0.583,0.2133,0.7459,True
0xe337f5a28e9c530a676c959a1888ba5368664ad6,L1,Sports,2767,0.2267,0.2267,3.92,0.754,0.3636,0.09,True
0xe337f5a28e9c530a676c959a1888ba5368664ad6,L2,Sports / Soccer,2328,0.1833,0.1837,3.64,0.764,0.2601,0.1066,True
0xe337f5a28e9c530a676c959a1888ba5368664ad6,L3,Sports / Soccer / FIFA World Cup,669,0.3559,0.3522,2.15,0.786,0.3711,0.3408,True
0xe337f5a28e9c530a676c959a1888ba5368664ad6,L3,Sports / Soccer / Liga MX 2025,333,0.2588,0.2569,4.84,0.814,0.1642,0.3528,True
0xe337f5a28e9c530a676c959a1888ba5368664ad6,L2t,Sports / Soccer / type=totals,1014,0.187,0.1878,2.53,0.724,0.2842,0.0898,True
0xe337f5a28e9c530a676c959a1888ba5368664ad6,L2t,Sports / Soccer / type=soccer_exact_score,178,0.2337,0.233,2.43,0.792,0.2518,0.2157,True
0xe337f5a28e9c530a676c959a1888ba5368664ad6,L2t,Sports / Soccer / type=first_half_totals,434,0.0945,0.1003,3.03,0.855,0.103,0.0861,True
0xe337f5a28e9c530a676c959a1888ba5368664ad6,L1b,Sports / price=0.10-0.30,255,0.4431,0.4273,3.84,0.478,0.4508,0.4354,True
0xe337f5a28e9c530a676c959a1888ba5368664ad6,L1b,Sports / price=0.30-0.50,347,0.2246,0.2247,5.07,0.597,0.1896,0.2595,True
0xe337f5a28e9c530a676c959a1888ba5368664ad6,L1b,Sports / price=0.70-0.90,517,0.0595,0.0658,4.58,0.797,0.0449,0.0741,True
0xe337f5a28e9c530a676c959a1888ba5368664ad6,L2b,Sports / Soccer / price=0.10-0.30,212,0.4352,0.4172,3.35,0.462,0.3227,0.5477,True
0xe337f5a28e9c530a676c959a1888ba5368664ad6,L2b,Sports / Soccer / price=0.30-0.50,293,0.2264,0.2264,4.69,0.594,0.1534,0.2989,True
0xe337f5a28e9c530a676c959a1888ba5368664ad6,L2b,Sports / Soccer / price=0.70-0.90,427,0.0608,0.0682,4.37,0.808,0.0337,0.0877,True
0xe337f5a28e9c530a676c959a1888ba5368664ad6,L2l,Sports / Soccer / live,2298,0.1868,0.1872,3.66,0.763,0.2633,0.1104,True
0x52ed504e3c3c7cfceaa61dc4f23a6e29d79f8db7,L1b,Sports / price=0.70-0.90,63,0.0974,0.0855,2.58,0.857,0.1045,0.0906,True
0x83de84d8de7dff01bb4a866e966ca6c9ed1b89c6,L2b,Sports / Tennis / price=0.30-0.50,33,0.3822,0.2379,2.22,0.576,0.22,0.5349,True
0x82e79f4f417e009b8a64679472a184d7d701c61c,L3,Sports / Other sport / Pakistan Super League,30,0.1235,0.0713,2.42,0.767,0.1292,0.1179,True
0xebb1573b8bec894b06e0db3e5586563d908de7af,L1,Weather,310,0.424,0.4035,2.09,0.526,0.3926,0.4555,True
0xebb1573b8bec894b06e0db3e5586563d908de7af,L2,Weather / Recurring,308,0.4289,0.408,2.1,0.526,0.4016,0.4561,True
0xebb1573b8bec894b06e0db3e5586563d908de7af,L2t,Weather / Recurring / type=negrisk,308,0.4289,0.408,2.1,0.526,0.4016,0.4561,True
0xfe8eba47b5ba3b75baf319b987dc8d558744cfaa,L1,Sports,1226,0.2053,0.2053,2.44,0.498,0.2658,0.1448,True
0xfe8eba47b5ba3b75baf319b987dc8d558744cfaa,L2,Sports / Other sport,1199,0.2103,0.2102,2.46,0.504,0.271,0.1498,True
0xfe8eba47b5ba3b75baf319b987dc8d558744cfaa,L2t,Sports / Other sport / type=binary,1199,0.2103,0.2102,2.46,0.504,0.271,0.1498,True
0xfe8eba47b5ba3b75baf319b987dc8d558744cfaa,L2l,Sports / Other sport / live,1102,0.2283,0.2278,2.46,0.504,0.2779,0.1786,True
0xc944a32eed5dce3458b7b7a14dfd37b0c62a1686,L1b,Sports / price=0.10-0.30,261,0.3544,0.3405,2.39,0.295,0.4168,0.2925,True
0xc944a32eed5dce3458b7b7a14dfd37b0c62a1686,L2b,Sports / Other sport / price=0.10-0.30,252,0.3352,0.3222,2.24,0.294,0.4202,0.2501,True
0xc944a32eed5dce3458b7b7a14dfd37b0c62a1686,L2l,Sports / Other sport / live,601,0.4283,0.4196,2.05,0.314,0.7543,0.1034,True
0x282b8409f06e67bdf41493e9ba6236b63195cc76,L3,Esports / Esports / Dota 2,178,0.1281,0.1167,2.13,0.674,0.036,0.2201,True
0x282b8409f06e67bdf41493e9ba6236b63195cc76,L1b,Esports / price=0.70-0.90,110,0.1109,0.0962,2.32,0.827,0.143,0.0787,True
0x282b8409f06e67bdf41493e9ba6236b63195cc76,L2b,Esports / Esports / price=0.70-0.90,110,0.1109,0.0962,2.32,0.827,0.143,0.0787,True
0x3c57d275512c80e77b643c0347806ddca56364f4,L2l,Esports / Esports / pre,119,0.1703,0.1445,3.22,0.798,0.1532,0.1872,True
0xc3e550fae1c90b71675f3355e5864c240bea519d,L1,Sports,725,0.0394,0.039,3.44,0.894,0.0539,0.025,True
0xc3e550fae1c90b71675f3355e5864c240bea519d,L1,Esports,2157,0.0159,0.016,2.14,0.868,0.0304,0.0015,True
0xc3e550fae1c90b71675f3355e5864c240bea519d,L2,Sports / Soccer,277,0.0556,0.0533,2.87,0.888,0.0585,0.0527,True
0xc3e550fae1c90b71675f3355e5864c240bea519d,L2,Esports / Esports,2157,0.0159,0.016,2.14,0.868,0.0304,0.0015,True
0xc3e550fae1c90b71675f3355e5864c240bea519d,L3,Sports / Soccer / Counter Strike,141,0.0487,0.0454,2.46,0.936,0.065,0.0326,True
0xc3e550fae1c90b71675f3355e5864c240bea519d,L3,Sports / Tennis / ATP,44,0.058,0.0467,8.15,0.977,0.0509,0.065,True
0xc3e550fae1c90b71675f3355e5864c240bea519d,L3,Sports / Tennis / WTA,30,0.0568,0.0428,11.44,1.0,0.0508,0.0628,True
0xc3e550fae1c90b71675f3355e5864c240bea519d,L2t,Sports / Soccer / type=moneyline,274,0.054,0.0518,2.76,0.887,0.0588,0.0491,True
0xc3e550fae1c90b71675f3355e5864c240bea519d,L1b,Sports / price=0.70-0.90,240,0.0701,0.0664,3.2,0.846,0.0756,0.0647,True
0xc3e550fae1c90b71675f3355e5864c240bea519d,L2b,Sports / Soccer / price=0.70-0.90,101,0.0896,0.0784,3.21,0.851,0.0756,0.1033,True
0xc3e550fae1c90b71675f3355e5864c240bea519d,L2l,Esports / Esports / live,1997,0.0159,0.016,2.06,0.87,0.0315,0.0004,True
0xc3e550fae1c90b71675f3355e5864c240bea519d,L2l,Sports / Soccer / pre,73,0.0934,0.078,4.74,0.945,0.1367,0.0512,True
0x5f962be8a9805477f98d2a2a35396e34f241ba93,L3,Sports / Soccer / Premier League 2025,44,0.4006,0.2876,2.63,0.818,0.3444,0.4567,True
0xef460652c993d011442553faaa81b13a924cf872,L2l,Sports / Tennis / pre,31,0.2307,0.1275,2.1,0.581,0.3106,0.1559,True
0x9311068846cc78cc253fc44b9cf75b53544fe731,L1b,Esports / price=0.70-0.90,178,0.0671,0.0594,2.53,0.798,0.0709,0.0633,True
0x9311068846cc78cc253fc44b9cf75b53544fe731,L2b,Esports / Esports / price=0.70-0.90,177,0.0663,0.0586,2.48,0.797,0.0694,0.0633,True
0x513d9f008639f65195c3766b6da0c8cce0d454c5,L1b,Sports / price=0.50-0.70,130,0.1439,0.1288,2.04,0.662,0.2285,0.0593,True
0x513d9f008639f65195c3766b6da0c8cce0d454c5,L2b,Sports / Tennis / price=0.50-0.70,65,0.2904,0.2294,3.17,0.754,0.3543,0.2284,True
0x513d9f008639f65195c3766b6da0c8cce0d454c5,L2l,Sports / Soccer / live,45,0.4157,0.2974,2.15,0.622,0.4061,0.425,True
0xc3973025163de81e367ad29c21e296e51684bb3b,L1,Esports,3206,0.0786,0.0786,5.41,0.639,0.0706,0.0867,True
0xc3973025163de81e367ad29c21e296e51684bb3b,L2,Esports / Esports,3206,0.0786,0.0786,5.41,0.639,0.0706,0.0867,True
0xc3973025163de81e367ad29c21e296e51684bb3b,L3,Esports / Esports / League of Legends,2980,0.0846,0.0845,5.47,0.635,0.0735,0.0956,True
0xc3973025163de81e367ad29c21e296e51684bb3b,L2t,Esports / Esports / type=child_moneyline,2346,0.077,0.0769,4.35,0.625,0.0566,0.0973,True
0xc3973025163de81e367ad29c21e296e51684bb3b,L2t,Esports / Esports / type=moneyline,811,0.0832,0.083,3.41,0.684,0.0796,0.0869,True
0xc3973025163de81e367ad29c21e296e51684bb3b,L1b,Esports / price=0.10-0.30,253,0.2596,0.2459,2.6,0.372,0.2758,0.2435,True
0xc3973025163de81e367ad29c21e296e51684bb3b,L1b,Esports / price=0.30-0.50,615,0.1388,0.1367,3.54,0.485,0.0872,0.1902,True
0xc3973025163de81e367ad29c21e296e51684bb3b,L1b,Esports / price=0.50-0.70,966,0.0687,0.0688,3.18,0.618,0.0818,0.0556,True
0xc3973025163de81e367ad29c21e296e51684bb3b,L1b,Sports / price=0.50-0.70,170,0.1022,0.0991,2.01,0.624,0.0963,0.1081,True
0xc3973025163de81e367ad29c21e296e51684bb3b,L1b,Esports / price=0.70-0.90,1068,0.0303,0.0311,2.33,0.752,0.0267,0.0338,True
0xc3973025163de81e367ad29c21e296e51684bb3b,L2b,Esports / Esports / price=0.10-0.30,253,0.2596,0.2459,2.6,0.372,0.2758,0.2435,True
0xc3973025163de81e367ad29c21e296e51684bb3b,L2b,Esports / Esports / price=0.30-0.50,615,0.1388,0.1367,3.54,0.485,0.0872,0.1902,True
0xc3973025163de81e367ad29c21e296e51684bb3b,L2b,Esports / Esports / price=0.50-0.70,966,0.0687,0.0688,3.18,0.618,0.0818,0.0556,True
0xc3973025163de81e367ad29c21e296e51684bb3b,L2b,Esports / Esports / price=0.70-0.90,1068,0.0303,0.0311,2.33,0.752,0.0267,0.0338,True
0xc3973025163de81e367ad29c21e296e51684bb3b,L2l,Esports / Esports / live,3056,0.0709,0.0709,4.75,0.632,0.0647,0.077,True
0xc3973025163de81e367ad29c21e296e51684bb3b,L2l,Esports / Esports / pre,150,0.2372,0.2179,3.8,0.78,0.162,0.3123,True
0xc3973025163de81e367ad29c21e296e51684bb3b,L2l,Sports / MMA/Boxing / live,215,0.1484,0.142,2.02,0.609,0.0821,0.214,True
0x10e58f971a35e6be55a8c0d3f84434467f28b7f1,L2t,Sports / Soccer / type=soccer_exact_score,41,0.0313,0.0187,6.94,0.78,0.0433,0.02,True
0x10e58f971a35e6be55a8c0d3f84434467f28b7f1,L2l,Sports / Soccer / pre,135,0.0303,0.0255,2.53,0.8,0.0099,0.0504,True
0x5bc1f038c4cd8344bc97f542bf90b9babb5d9932,L2t,Sports / Soccer / type=moneyline,34,0.674,0.4497,2.07,0.647,1.1146,0.2334,True
0x6e9a6afde1e8bd4a0c7bf2809cf87fe14c00f3bb,L1b,Politics / price=0.70-0.90,65,0.0966,0.0899,2.49,0.846,0.1535,0.0413,True
0x2753b2db276ffdddc2b26155815f509fe349e28a,L1,Sports,1367,0.1573,0.157,4.51,0.728,0.1509,0.1638,True
0x2753b2db276ffdddc2b26155815f509fe349e28a,L2,Sports / Other sport,1367,0.1573,0.157,4.51,0.728,0.1509,0.1638,True
0x2753b2db276ffdddc2b26155815f509fe349e28a,L3,Sports / Other sport / Tokyo Daily Weather,196,0.2693,0.257,2.0,0.74,0.1649,0.3737,True
0x2753b2db276ffdddc2b26155815f509fe349e28a,L3,Sports / Other sport / Jakarta Daily Weather,146,0.1497,0.1482,2.23,0.877,0.1564,0.1431,True
0x2753b2db276ffdddc2b26155815f509fe349e28a,L3,Sports / Other sport / Chongqing Daily Weather,70,0.1254,0.128,2.16,0.814,0.1904,0.0603,True
0x2753b2db276ffdddc2b26155815f509fe349e28a,L3,Weather / Recurring / Miami Daily Weather,30,0.1271,0.1311,4.55,0.967,0.1111,0.143,True
0x2753b2db276ffdddc2b26155815f509fe349e28a,L2t,Sports / Other sport / type=binary,1367,0.1573,0.157,4.51,0.728,0.1509,0.1638,True
0x2753b2db276ffdddc2b26155815f509fe349e28a,L1b,Sports / price=0.10-0.30,94,0.9943,0.8439,3.96,0.415,1.4467,0.5418,True
0x2753b2db276ffdddc2b26155815f509fe349e28a,L1b,Sports / price=0.50-0.70,241,0.1931,0.1889,4.62,0.68,0.2925,0.0946,True
0x2753b2db276ffdddc2b26155815f509fe349e28a,L1b,Sports / price=0.70-0.90,309,0.0645,0.069,3.49,0.783,0.0759,0.0533,True
0x2753b2db276ffdddc2b26155815f509fe349e28a,L2b,Sports / Other sport / price=0.10-0.30,94,0.9943,0.8439,3.96,0.415,1.4467,0.5418,True
0x2753b2db276ffdddc2b26155815f509fe349e28a,L2b,Sports / Other sport / price=0.50-0.70,241,0.1931,0.1889,4.62,0.68,0.2925,0.0946,True
0x2753b2db276ffdddc2b26155815f509fe349e28a,L2b,Sports / Other sport / price=0.70-0.90,309,0.0645,0.069,3.49,0.783,0.0759,0.0533,True
0x2753b2db276ffdddc2b26155815f509fe349e28a,L2l,Sports / Other sport / live,1346,0.1598,0.1595,4.51,0.727,0.1548,0.1649,True
0xa2c3ab23ffa8e6c021754d1ff647275029c50566,L1,Other,75,0.6065,0.4871,3.92,0.667,0.381,0.826,True
0xa2c3ab23ffa8e6c021754d1ff647275029c50566,L2,Other / ?,75,0.6065,0.4871,3.92,0.667,0.381,0.826,True
0xa2c3ab23ffa8e6c021754d1ff647275029c50566,L3,Other / ? / ?,75,0.6065,0.4871,3.92,0.667,0.381,0.826,True
0xa2c3ab23ffa8e6c021754d1ff647275029c50566,L2t,Other / ? / type=binary,75,0.6065,0.4871,3.92,0.667,0.381,0.826,True
0xa2c3ab23ffa8e6c021754d1ff647275029c50566,L1b,Other / price=0.50-0.70,33,0.3365,0.2244,3.4,0.788,0.3744,0.3008,True
0xa2c3ab23ffa8e6c021754d1ff647275029c50566,L1b,Crypto / price=0.70-0.90,58,0.1104,0.0922,2.15,0.879,0.1944,0.0265,True
0xa2c3ab23ffa8e6c021754d1ff647275029c50566,L2b,Other / ? / price=0.50-0.70,33,0.3365,0.2244,3.4,0.788,0.3744,0.3008,True
0x5757ac07c0950df98fa906a7fe9f65512ac39e19,L1,Sports,1454,0.0893,0.0891,2.25,0.599,0.016,0.1626,True
0x5757ac07c0950df98fa906a7fe9f65512ac39e19,L2,Sports / Other sport,1267,0.1155,0.1149,2.62,0.623,0.1315,0.0994,True
0x5757ac07c0950df98fa906a7fe9f65512ac39e19,L3,Sports / Other sport / Dallas Daily Weather,126,0.4203,0.3734,2.22,0.651,0.6004,0.2402,True
0x5757ac07c0950df98fa906a7fe9f65512ac39e19,L3,Sports / Other sport / Miami Daily Weather,273,0.147,0.1423,2.12,0.641,0.0539,0.2395,True
0x5757ac07c0950df98fa906a7fe9f65512ac39e19,L3,Sports / Other sport / Atlanta Daily Weather,208,0.166,0.1582,2.06,0.683,0.0857,0.2462,True
0x5757ac07c0950df98fa906a7fe9f65512ac39e19,L2t,Sports / Other sport / type=binary,1263,0.1175,0.1169,2.66,0.624,0.1339,0.1012,True
0x5757ac07c0950df98fa906a7fe9f65512ac39e19,L1b,Sports / price=0.50-0.70,374,0.0788,0.0788,2.08,0.583,0.0239,0.1338,True
0x5757ac07c0950df98fa906a7fe9f65512ac39e19,L1b,Sports / price=0.70-0.90,484,0.0592,0.06,3.87,0.748,0.0787,0.0398,True
0x5757ac07c0950df98fa906a7fe9f65512ac39e19,L2b,Sports / Other sport / price=0.50-0.70,283,0.1374,0.1335,3.6,0.618,0.1411,0.1338,True
0x5757ac07c0950df98fa906a7fe9f65512ac39e19,L2b,Sports / Other sport / price=0.70-0.90,481,0.0587,0.0594,3.81,0.748,0.079,0.0384,True
0x5757ac07c0950df98fa906a7fe9f65512ac39e19,L2l,Sports / Other sport / live,1217,0.1096,0.1091,2.63,0.64,0.1122,0.107,True
0x342c086bf1a800b568f2bf24130d39057220de11,L3,Sports / Other sport / Madrid Daily Weather,410,0.1767,0.1698,2.04,0.478,0.1686,0.1849,True
0x443c2100f8ab975b1a429136bb47580cdb24d83a,L3,Esports / Esports / Counter Strike,274,0.204,0.192,2.47,0.573,0.2581,0.1499,True
0x443c2100f8ab975b1a429136bb47580cdb24d83a,L1b,Esports / price=0.50-0.70,278,0.0922,0.0879,2.01,0.647,0.069,0.1154,True
0x443c2100f8ab975b1a429136bb47580cdb24d83a,L2b,Esports / Esports / price=0.50-0.70,278,0.0922,0.0879,2.01,0.647,0.069,0.1154,True
0x6e32312760e4604d45a8ae69cede9ef9a0b8ab65,L1,Esports,1822,0.0667,0.0667,2.52,0.566,0.0408,0.0926,True
0x6e32312760e4604d45a8ae69cede9ef9a0b8ab65,L2,Esports / Esports,1822,0.0667,0.0667,2.52,0.566,0.0408,0.0926,True
0x6e32312760e4604d45a8ae69cede9ef9a0b8ab65,L3,Esports / Esports / League of Legends,1822,0.0667,0.0667,2.52,0.566,0.0408,0.0926,True
0x6e32312760e4604d45a8ae69cede9ef9a0b8ab65,L2t,Esports / Esports / type=child_moneyline,498,0.1627,0.1589,2.93,0.592,0.1644,0.161,True
0x6e32312760e4604d45a8ae69cede9ef9a0b8ab65,L1b,Esports / price=0.70-0.90,351,0.0577,0.0582,2.17,0.823,0.0678,0.0477,True
0x6e32312760e4604d45a8ae69cede9ef9a0b8ab65,L2b,Esports / Esports / price=0.70-0.90,351,0.0577,0.0582,2.17,0.823,0.0678,0.0477,True
0x6e32312760e4604d45a8ae69cede9ef9a0b8ab65,L2l,Esports / Esports / pre,1800,0.0719,0.0718,2.7,0.568,0.0476,0.0962,True
0x752195787be70c6889df6d448dda4e4d1132a63a,L1b,Sports / price=0.10-0.30,31,1.1723,0.7835,2.47,0.452,2.0555,0.3443,True
0x186dbb72669b9d1ef341c2edcb51a843bbf28bfe,L1,Sports,816,0.0667,0.0655,2.97,0.771,0.1033,0.0301,True
0x186dbb72669b9d1ef341c2edcb51a843bbf28bfe,L2,Sports / Other sport,816,0.0667,0.0655,2.97,0.771,0.1033,0.0301,True
0x186dbb72669b9d1ef341c2edcb51a843bbf28bfe,L3,Sports / Other sport / Taipei Daily Weather,31,0.2452,0.1551,2.29,0.871,0.2526,0.2383,True
0x186dbb72669b9d1ef341c2edcb51a843bbf28bfe,L2t,Sports / Other sport / type=binary,816,0.0667,0.0655,2.97,0.771,0.1033,0.0301,True
0x186dbb72669b9d1ef341c2edcb51a843bbf28bfe,L1b,Sports / price=0.70-0.90,468,0.0447,0.0435,2.19,0.853,0.065,0.0243,True
0x186dbb72669b9d1ef341c2edcb51a843bbf28bfe,L2b,Sports / Other sport / price=0.70-0.90,468,0.0447,0.0435,2.19,0.853,0.065,0.0243,True
0x186dbb72669b9d1ef341c2edcb51a843bbf28bfe,L2l,Sports / Other sport / live,815,0.0667,0.0654,2.96,0.771,0.1033,0.0301,True
0x7ec7f01b53cdcbb966bee924c4b6222ad9172b6b,L1,Other,45,0.4842,0.3365,3.15,0.667,0.7708,0.21,True
0x7ec7f01b53cdcbb966bee924c4b6222ad9172b6b,L2,Other / ?,45,0.4842,0.3365,3.15,0.667,0.7708,0.21,True
0x7ec7f01b53cdcbb966bee924c4b6222ad9172b6b,L3,Other / ? / ?,45,0.4842,0.3365,3.15,0.667,0.7708,0.21,True
0x7ec7f01b53cdcbb966bee924c4b6222ad9172b6b,L2t,Other / ? / type=binary,45,0.4842,0.3365,3.15,0.667,0.7708,0.21,True
0x81529ca89509fbaf1eedd1f38b3e957372e75b51,L3,Sports / Soccer / Europa Conference League,30,0.6301,0.3678,2.73,0.7,0.4597,0.8006,True
0x59847267e2a004e3886d7a02ac53778c5ea176eb,L2b,Sports / Soccer / price=0.30-0.50,197,0.2083,0.1881,2.13,0.442,0.2003,0.2162,True
0x5616e759855158529250d439064977fbf0e7b41a,L1,Sports,928,0.0846,0.0846,2.84,0.603,0.0481,0.1211,True
0x5616e759855158529250d439064977fbf0e7b41a,L2,Sports / American Football,347,0.1767,0.1715,3.45,0.608,0.2323,0.1213,True
0x5616e759855158529250d439064977fbf0e7b41a,L3,Sports / American Football / NFL 2026,131,0.2127,0.1955,2.6,0.634,0.1904,0.2346,True
0x5616e759855158529250d439064977fbf0e7b41a,L3,Sports / American Football / CFB 2026,216,0.1548,0.1487,2.35,0.593,0.1521,0.1575,True
0x5616e759855158529250d439064977fbf0e7b41a,L2t,Sports / American Football / type=spreads,186,0.1948,0.1839,2.82,0.624,0.1654,0.2242,True
0x5616e759855158529250d439064977fbf0e7b41a,L1b,Sports / price=0.30-0.50,265,0.1695,0.1634,2.61,0.551,0.093,0.2454,True
0x5616e759855158529250d439064977fbf0e7b41a,L1b,Sports / price=0.70-0.90,92,0.1,0.0969,2.1,0.859,0.1561,0.0439,True
0x5616e759855158529250d439064977fbf0e7b41a,L2b,Sports / American Football / price=0.30-0.50,123,0.2424,0.22,2.56,0.585,0.3523,0.1342,True
0x5616e759855158529250d439064977fbf0e7b41a,L2b,Sports / American Football / price=0.50-0.70,224,0.1406,0.1358,2.34,0.621,0.1774,0.1038,True
0x5616e759855158529250d439064977fbf0e7b41a,L2l,Sports / American Football / pre,267,0.1906,0.1831,3.26,0.614,0.1791,0.2021,True
0x2f98dcd32590ad0261df6b0431a365704a94e397,L1,Weather,159,0.0747,0.0698,2.13,0.887,0.1024,0.0473,True
0x2f98dcd32590ad0261df6b0431a365704a94e397,L2,Weather / Recurring,159,0.0747,0.0698,2.13,0.887,0.1024,0.0473,True
0x2f98dcd32590ad0261df6b0431a365704a94e397,L3,Weather / Recurring / Chicago Daily Weather,44,0.0771,0.0626,3.61,0.955,0.0932,0.0611,True
0x2f98dcd32590ad0261df6b0431a365704a94e397,L2t,Weather / Recurring / type=negrisk,159,0.0747,0.0698,2.13,0.887,0.1024,0.0473,True
0xdb3a293fe14c3f46f1bdc7aba7cab559aa29d1cc,L1,Sports,855,0.3021,0.3021,2.02,0.483,0.3249,0.2794,True
0x7a3d042ab91d3e51cd809ba164bbf67976dc4d49,L3,Sports / Hockey / NHL 2026,61,0.0295,0.0174,4.96,1.0,0.0377,0.0215,True
0x7a3d042ab91d3e51cd809ba164bbf67976dc4d49,L2t,Sports / Hockey / type=totals,46,0.0308,0.0157,4.14,1.0,0.037,0.0246,True
0x7a3d042ab91d3e51cd809ba164bbf67976dc4d49,L2b,Sports / Soccer / price=0.70-0.90,64,0.1093,0.0787,2.15,0.859,0.1108,0.1078,True
0x7a3d042ab91d3e51cd809ba164bbf67976dc4d49,L2l,Sports / Hockey / live,72,0.05,0.035,3.6,1.0,0.058,0.042,True
0xc66ab53d0ae32949a32b82ab1c4671519ca0ed6a,L1,Sports,2018,0.3569,0.3569,14.11,0.768,0.4218,0.2919,True
0xc66ab53d0ae32949a32b82ab1c4671519ca0ed6a,L2,Sports / Soccer,1703,0.3615,0.3615,12.56,0.764,0.4329,0.2903,True
0xc66ab53d0ae32949a32b82ab1c4671519ca0ed6a,L2,Sports / Other sport,298,0.3432,0.3441,7.2,0.779,0.407,0.2793,True
0xc66ab53d0ae32949a32b82ab1c4671519ca0ed6a,L3,Sports / Soccer / FIFA World Cup,561,0.4009,0.3994,5.89,0.781,0.4075,0.3943,True
0xc66ab53d0ae32949a32b82ab1c4671519ca0ed6a,L3,Sports / Soccer / Fifa Friendly,120,0.4498,0.4366,4.57,0.825,0.4574,0.4423,True
0xc66ab53d0ae32949a32b82ab1c4671519ca0ed6a,L3,Sports / Soccer / La Liga 2,69,0.5429,0.5012,4.22,0.797,0.3741,0.707,True
0xc66ab53d0ae32949a32b82ab1c4671519ca0ed6a,L3,Sports / Soccer / UEFA Champions League 2025,63,0.5271,0.4862,4.07,0.857,0.5115,0.5422,True
0xc66ab53d0ae32949a32b82ab1c4671519ca0ed6a,L3,Sports / Soccer / Premier League 2025,61,0.4439,0.4225,2.47,0.754,0.759,0.1389,True
0xc66ab53d0ae32949a32b82ab1c4671519ca0ed6a,L3,Sports / Other sport / Norway Eliteserien,31,0.6131,0.5128,3.29,0.903,0.6999,0.5317,True
0xc66ab53d0ae32949a32b82ab1c4671519ca0ed6a,L3,Sports / Soccer / La Liga 2025,85,0.2729,0.289,3.96,0.741,0.3163,0.2304,True
0xc66ab53d0ae32949a32b82ab1c4671519ca0ed6a,L3,Sports / Soccer / Serie A 2025,63,0.3184,0.3278,3.2,0.714,0.3709,0.2675,True
0xc66ab53d0ae32949a32b82ab1c4671519ca0ed6a,L3,Sports / Soccer / MLS 2025,119,0.2143,0.2349,3.15,0.588,0.3079,0.1222,True
0xc66ab53d0ae32949a32b82ab1c4671519ca0ed6a,L3,Sports / Other sport / K-league,70,0.2713,0.2904,3.25,0.757,0.259,0.2835,True
0xc66ab53d0ae32949a32b82ab1c4671519ca0ed6a,L3,Sports / Soccer / Copa Sudamericana 2025,32,0.443,0.4101,2.94,0.812,0.2243,0.6617,True
0xc66ab53d0ae32949a32b82ab1c4671519ca0ed6a,L3,Sports / Soccer / UEFA Nations League,46,0.3042,0.3203,2.51,0.761,0.4742,0.1342,True
0xc66ab53d0ae32949a32b82ab1c4671519ca0ed6a,L3,Sports / Soccer / Bundesliga 2025,62,0.2446,0.2721,4.09,0.806,0.3583,0.131,True
0xc66ab53d0ae32949a32b82ab1c4671519ca0ed6a,L3,Sports / Soccer / Ligue 1 2025,38,0.331,0.3401,2.96,0.711,0.4723,0.1898,True
0xc66ab53d0ae32949a32b82ab1c4671519ca0ed6a,L3,Sports / Soccer / NWSL,40,0.3179,0.3311,3.05,0.825,0.4462,0.1896,True
0xc66ab53d0ae32949a32b82ab1c4671519ca0ed6a,L3,Sports / Soccer / Brazil Serie A,30,0.3559,0.3565,3.39,0.933,0.4071,0.3047,True
0xc66ab53d0ae32949a32b82ab1c4671519ca0ed6a,L2t,Sports / Soccer / type=moneyline,1173,0.3315,0.3319,12.9,0.754,0.4076,0.2555,True
0xc66ab53d0ae32949a32b82ab1c4671519ca0ed6a,L2t,Sports / Soccer / type=soccer_halftime_result,40,1.8599,1.3591,2.43,0.6,2.4833,1.2365,True
0xc66ab53d0ae32949a32b82ab1c4671519ca0ed6a,L2t,Sports / Other sport / type=moneyline,287,0.3367,0.3381,7.43,0.78,0.3676,0.306,True
0xc66ab53d0ae32949a32b82ab1c4671519ca0ed6a,L2t,Sports / Soccer / type=soccer_second_half_result,48,1.0218,0.8264,3.42,0.75,1.7209,0.3228,True
0xc66ab53d0ae32949a32b82ab1c4671519ca0ed6a,L2t,Sports / Soccer / type=soccer_exact_score,143,0.2066,0.2251,4.11,0.909,0.2973,0.1171,True
0xc66ab53d0ae32949a32b82ab1c4671519ca0ed6a,L2t,Sports / Soccer / type=soccer_team_totals,43,0.1785,0.2353,2.45,0.837,0.25,0.1103,True
0xc66ab53d0ae32949a32b82ab1c4671519ca0ed6a,L1b,Sports / price=0.10-0.30,268,1.3001,1.2346,11.16,0.735,1.5793,1.0208,True
0xc66ab53d0ae32949a32b82ab1c4671519ca0ed6a,L1b,Sports / price=0.30-0.50,246,0.6447,0.6231,13.57,0.776,0.6964,0.593,True
0xc66ab53d0ae32949a32b82ab1c4671519ca0ed6a,L1b,Sports / price=0.50-0.70,344,0.2574,0.2629,11.88,0.779,0.2562,0.2587,True
0xc66ab53d0ae32949a32b82ab1c4671519ca0ed6a,L1b,Sports / price=0.70-0.90,928,0.0775,0.0834,11.09,0.796,0.0857,0.0693,True
0xc66ab53d0ae32949a32b82ab1c4671519ca0ed6a,L2b,Sports / Soccer / price=0.10-0.30,229,1.3295,1.2515,10.22,0.734,1.6529,1.009,True
0xc66ab53d0ae32949a32b82ab1c4671519ca0ed6a,L2b,Sports / Soccer / price=0.30-0.50,205,0.6449,0.6194,12.35,0.766,0.6284,0.6613,True
0xc66ab53d0ae32949a32b82ab1c4671519ca0ed6a,L2b,Sports / Other sport / price=0.10-0.30,39,1.127,0.8661,4.69,0.744,1.2454,1.0146,True
0xc66ab53d0ae32949a32b82ab1c4671519ca0ed6a,L2b,Sports / Soccer / price=0.50-0.70,278,0.2647,0.2709,10.67,0.784,0.2558,0.2735,True
0xc66ab53d0ae32949a32b82ab1c4671519ca0ed6a,L2b,Sports / Other sport / price=0.30-0.50,40,0.6553,0.556,5.56,0.825,1.0215,0.2892,True
0xc66ab53d0ae32949a32b82ab1c4671519ca0ed6a,L2b,Sports / Soccer / price=0.70-0.90,787,0.0765,0.0834,10.04,0.792,0.0919,0.0611,True
0xc66ab53d0ae32949a32b82ab1c4671519ca0ed6a,L2b,Sports / Other sport / price=0.50-0.70,62,0.2266,0.2585,4.98,0.742,0.246,0.2073,True
0xc66ab53d0ae32949a32b82ab1c4671519ca0ed6a,L2b,Sports / Other sport / price=0.70-0.90,132,0.081,0.1174,4.36,0.818,0.0444,0.1175,True
0xc66ab53d0ae32949a32b82ab1c4671519ca0ed6a,L2l,Sports / Soccer / live,1698,0.3623,0.3623,12.55,0.764,0.4339,0.2908,True
0xc66ab53d0ae32949a32b82ab1c4671519ca0ed6a,L2l,Sports / Other sport / live,298,0.3432,0.3441,7.2,0.779,0.407,0.2793,True
0x73e83485b8e20b70c53c27bef8ba4c62575dcd6f,L2t,Sports / Basketball / type=assists,84,0.2036,0.1672,2.3,0.762,0.0872,0.3199,True
0x73e83485b8e20b70c53c27bef8ba4c62575dcd6f,L2b,Sports / Basketball / price=0.30-0.50,42,0.3948,0.2721,2.14,0.595,0.4881,0.3014,True
0xbf833a720d91906cf8b804a1adf39e9f61383385,L1,Sports,1281,0.103,0.1029,2.77,0.523,0.1075,0.0984,True
0xbf833a720d91906cf8b804a1adf39e9f61383385,L2,Sports / Soccer,1211,0.1079,0.1078,2.78,0.527,0.1127,0.1031,True
0xbf833a720d91906cf8b804a1adf39e9f61383385,L3,Sports / Soccer / UEFA Champions League 2025,68,0.2926,0.2492,2.77,0.559,0.1679,0.4174,True
0xbf833a720d91906cf8b804a1adf39e9f61383385,L1b,Sports / price=0.10-0.30,162,0.2763,0.2571,2.06,0.321,0.11,0.4426,True
0xbf833a720d91906cf8b804a1adf39e9f61383385,L1b,Sports / price=0.30-0.50,331,0.1199,0.1189,2.83,0.438,0.107,0.1327,True
0xbf833a720d91906cf8b804a1adf39e9f61383385,L1b,Sports / price=0.70-0.90,154,0.0461,0.0525,2.16,0.597,0.0205,0.0718,True
0xbf833a720d91906cf8b804a1adf39e9f61383385,L2b,Sports / Soccer / price=0.10-0.30,149,0.2892,0.267,2.05,0.329,0.1091,0.467,True
0xbf833a720d91906cf8b804a1adf39e9f61383385,L2b,Sports / Soccer / price=0.30-0.50,312,0.1337,0.1318,3.11,0.446,0.1233,0.1441,True
0xbf833a720d91906cf8b804a1adf39e9f61383385,L2l,Sports / Soccer / live,1198,0.1099,0.1097,2.81,0.527,0.1187,0.101,True
0x0fa9ae2cbe1f9efbbfbcb39d66844366d42d09fa,L1,Sports,809,0.5853,0.5853,3.05,0.481,0.7462,0.4249,True
0x0fa9ae2cbe1f9efbbfbcb39d66844366d42d09fa,L2,Sports / Soccer,738,0.5138,0.5157,2.62,0.469,0.7485,0.2791,True
0x0fa9ae2cbe1f9efbbfbcb39d66844366d42d09fa,L2t,Sports / Soccer / type=totals,395,0.5261,0.5289,2.2,0.499,0.822,0.2317,True
0x0fa9ae2cbe1f9efbbfbcb39d66844366d42d09fa,L1b,Sports / price=0.00-0.10,162,2.1936,2.0167,2.36,0.148,2.6766,1.7105,True
0x0fa9ae2cbe1f9efbbfbcb39d66844366d42d09fa,L1b,Sports / price=0.10-0.30,167,0.5719,0.5732,3.5,0.431,0.3212,0.8196,True
0x0fa9ae2cbe1f9efbbfbcb39d66844366d42d09fa,L2b,Sports / Soccer / price=0.10-0.30,153,0.5179,0.5256,3.04,0.425,0.2752,0.7575,True
0x0fa9ae2cbe1f9efbbfbcb39d66844366d42d09fa,L2l,Sports / Soccer / live,734,0.5182,0.52,2.63,0.47,0.7531,0.2833,True
0x54096e86cac2d70d04fd98ee16f633c7e9d479db,L2,Crypto / Bitcoin,141,0.0028,0.0014,10.19,0.986,0.0027,0.003,True
0x54096e86cac2d70d04fd98ee16f633c7e9d479db,L2,Crypto / Crypto Prices,136,0.0026,0.0011,4.74,0.993,0.0032,0.002,True
0x54096e86cac2d70d04fd98ee16f633c7e9d479db,L3,Crypto / Crypto Prices / Bitcoin Hit Price Daily,111,0.0027,0.0009,4.07,0.991,0.0035,0.0018,True
0x54096e86cac2d70d04fd98ee16f633c7e9d479db,L3,Crypto / Bitcoin / BTC Multi Strikes Weekly,80,0.0029,0.0005,9.35,0.988,0.003,0.0029,True
0x54096e86cac2d70d04fd98ee16f633c7e9d479db,L2t,Crypto / Crypto Prices / type=binary,136,0.0026,0.0011,4.74,0.993,0.0032,0.002,True
0x54096e86cac2d70d04fd98ee16f633c7e9d479db,L2t,Crypto / Bitcoin / type=binary,84,0.003,0.0006,9.57,0.988,0.003,0.003,True
0x12ec6d71325afac2b4d25b3de94185e2c48d41ae,L1,Esports,148,0.0123,0.0089,0.1,0.392,-0.0561,0.0807,False
0x12ec6d71325afac2b4d25b3de94185e2c48d41ae,L1,Sports,375,-0.0249,-0.0244,-0.4,0.429,0.003,-0.0525,False
0x12ec6d71325afac2b4d25b3de94185e2c48d41ae,L2,Sports / Basketball,102,0.1196,0.0973,0.83,0.441,0.2355,0.0036,False
0x12ec6d71325afac2b4d25b3de94185e2c48d41ae,L2,Sports / Hockey,35,0.204,0.1239,1.61,0.743,0.2806,0.1316,False
0x12ec6d71325afac2b4d25b3de94185e2c48d41ae,L2,Esports / Esports,148,0.0123,0.0089,0.1,0.392,-0.0561,0.0807,False
0x12ec6d71325afac2b4d25b3de94185e2c48d41ae,L2,Sports / Tennis,88,0.0101,0.0053,0.08,0.455,-0.17,0.1903,False
0x12ec6d71325afac2b4d25b3de94185e2c48d41ae,L2,Sports / Soccer,110,-0.0777,-0.0682,-0.67,0.364,-0.1385,-0.0168,False
0x12ec6d71325afac2b4d25b3de94185e2c48d41ae,L2,Sports / MMA/Boxing,28,-0.5389,-0.3211,-3.54,0.214,-0.5209,-0.5569,False
0x12ec6d71325afac2b4d25b3de94185e2c48d41ae,L3,Sports / Hockey / NHL 2026,33,0.277,0.1663,2.25,0.788,0.2738,0.2799,True
0x12ec6d71325afac2b4d25b3de94185e2c48d41ae,L3,Sports / Basketball / NBA 2026,93,0.1025,0.0815,0.67,0.43,0.2292,-0.0216,False
0x12ec6d71325afac2b4d25b3de94185e2c48d41ae,L3,Esports / Esports / Dota 2,58,0.1185,0.0839,0.63,0.431,0.0324,0.2046,False
0x12ec6d71325afac2b4d25b3de94185e2c48d41ae,L3,Sports / Tennis / ATP,52,0.0056,-0.0005,0.03,0.462,-0.2525,0.2636,False
0x12ec6d71325afac2b4d25b3de94185e2c48d41ae,L3,Sports / Tennis / WTA,33,-0.0388,-0.0303,-0.2,0.424,0.0025,-0.0777,False
0x12ec6d71325afac2b4d25b3de94185e2c48d41ae,L3,Esports / Esports / League of Legends,78,-0.0264,-0.0244,-0.15,0.359,-0.1091,0.0562,False
0x12ec6d71325afac2b4d25b3de94185e2c48d41ae,L3,Sports / Soccer / FIFA World Cup,22,-0.3431,-0.1874,-1.39,0.273,-0.6137,-0.0724,False
0x12ec6d71325afac2b4d25b3de94185e2c48d41ae,L3,Sports / MMA/Boxing / UFC,28,-0.5389,-0.3211,-3.54,0.214,-0.5209,-0.5569,False
0x12ec6d71325afac2b4d25b3de94185e2c48d41ae,L2t,Esports / Esports / type=child_moneyline,90,0.1315,0.1046,0.8,0.422,0.1903,0.0726,False
0x12ec6d71325afac2b4d25b3de94185e2c48d41ae,L2t,Sports / Hockey / type=moneyline,35,0.204,0.1239,1.61,0.743,0.2806,0.1316,False
0x12ec6d71325afac2b4d25b3de94185e2c48d41ae,L2t,Sports / Basketball / type=moneyline,57,0.1021,0.0714,0.45,0.404,0.043,0.1591,False
0x12ec6d71325afac2b4d25b3de94185e2c48d41ae,L2t,Sports / Basketball / type=spreads,28,0.1268,0.0672,0.63,0.464,0.3829,-0.1292,False
0x12ec6d71325afac2b4d25b3de94185e2c48d41ae,L2t,Sports / Tennis / type=moneyline,88,0.0101,0.0053,0.08,0.455,-0.17,0.1903,False
0x12ec6d71325afac2b4d25b3de94185e2c48d41ae,L2t,Sports / Soccer / type=moneyline,97,-0.0809,-0.0698,-0.65,0.361,-0.1756,0.012,False
0x12ec6d71325afac2b4d25b3de94185e2c48d41ae,L2t,Esports / Esports / type=moneyline,54,-0.1298,-0.0991,-0.73,0.37,-0.1244,-0.1353,False
0x12ec6d71325afac2b4d25b3de94185e2c48d41ae,L2t,Sports / MMA/Boxing / type=moneyline,28,-0.5389,-0.3211,-3.54,0.214,-0.5209,-0.5569,False
0x12ec6d71325afac2b4d25b3de94185e2c48d41ae,L1b,Esports / price=0.10-0.30,29,0.3598,0.2063,0.79,0.241,0.8671,-0.1138,False
0x12ec6d71325afac2b4d25b3de94185e2c48d41ae,L1b,Sports / price=0.50-0.70,80,0.0578,0.043,0.67,0.613,-0.0092,0.1249,False
0x12ec6d71325afac2b4d25b3de94185e2c48d41ae,L1b,Sports / price=0.30-0.50,194,0.0319,0.0274,0.36,0.397,0.0467,0.0171,False
0x12ec6d71325afac2b4d25b3de94185e2c48d41ae,L1b,Esports / price=0.50-0.70,40,0.095,0.058,0.71,0.6,-0.0418,0.2319,False
0x12ec6d71325afac2b4d25b3de94185e2c48d41ae,L1b,Sports / price=0.70-0.90,27,0.1162,0.0599,1.24,0.778,0.2084,0.0306,False
0x12ec6d71325afac2b4d25b3de94185e2c48d41ae,L1b,Sports / price=0.10-0.30,51,-0.0796,-0.0618,-0.3,0.216,0.2365,-0.3836,False
0x12ec6d71325afac2b4d25b3de94185e2c48d41ae,L1b,Esports / price=0.30-0.50,63,-0.0828,-0.0667,-0.57,0.365,-0.3338,0.1604,False
0x12ec6d71325afac2b4d25b3de94185e2c48d41ae,L1b,Sports / price=0.00-0.10,22,-0.8758,-0.4664,-12.39,0.091,-0.8636,-0.8879,False
0x12ec6d71325afac2b4d25b3de94185e2c48d41ae,L2b,Esports / Esports / price=0.10-0.30,29,0.3598,0.2063,0.79,0.241,0.8671,-0.1138,False
0x12ec6d71325afac2b4d25b3de94185e2c48d41ae,L2b,Sports / Soccer / price=0.30-0.50,49,0.2156,0.1484,1.15,0.449,0.2595,0.1735,False
0x12ec6d71325afac2b4d25b3de94185e2c48d41ae,L2b,Sports / Tennis / price=0.50-0.70,25,0.1941,0.1006,1.24,0.68,0.083,0.2966,False
0x12ec6d71325afac2b4d25b3de94185e2c48d41ae,L2b,Sports / Basketball / price=0.30-0.50,62,0.0801,0.0566,0.55,0.435,0.1007,0.0595,False
0x12ec6d71325afac2b4d25b3de94185e2c48d41ae,L2b,Esports / Esports / price=0.50-0.70,40,0.095,0.058,0.71,0.6,-0.0418,0.2319,False
0x12ec6d71325afac2b4d25b3de94185e2c48d41ae,L2b,Sports / Tennis / price=0.30-0.50,57,0.0111,0.004,0.07,0.386,-0.1167,0.1345,False
0x12ec6d71325afac2b4d25b3de94185e2c48d41ae,L2b,Esports / Esports / price=0.30-0.50,63,-0.0828,-0.0667,-0.57,0.365,-0.3338,0.1604,False
0x12ec6d71325afac2b4d25b3de94185e2c48d41ae,L2b,Sports / Soccer / price=0.10-0.30,27,-0.202,-0.1229,-0.72,0.222,0.0384,-0.4252,False
0x12ec6d71325afac2b4d25b3de94185e2c48d41ae,L2l,Sports / Hockey / live,30,0.361,0.2101,2.94,0.867,0.3749,0.3471,True
0x12ec6d71325afac2b4d25b3de94185e2c48d41ae,L2l,Sports / Basketball / pre,52,0.2031,0.1422,0.97,0.462,0.5705,-0.1644,False
0x12ec6d71325afac2b4d25b3de94185e2c48d41ae,L2l,Esports / Esports / live,127,0.0427,0.0347,0.32,0.402,-0.0623,0.146,False
0x12ec6d71325afac2b4d25b3de94185e2c48d41ae,L2l,Sports / Basketball / live,50,0.0327,0.0187,0.17,0.42,-0.0057,0.0712,False
0x12ec6d71325afac2b4d25b3de94185e2c48d41ae,L2l,Sports / Tennis / live,83,0.0205,0.0134,0.16,0.458,-0.1093,0.1472,False
0x12ec6d71325afac2b4d25b3de94185e2c48d41ae,L2l,Sports / Soccer / live,51,-0.0521,-0.042,-0.29,0.353,0.2768,-0.3683,False
0x12ec6d71325afac2b4d25b3de94185e2c48d41ae,L2l,Esports / Esports / pre,21,-0.1714,-0.0957,-0.68,0.333,-0.1198,-0.2184,False
0x12ec6d71325afac2b4d25b3de94185e2c48d41ae,L2l,Sports / Soccer / pre,59,-0.0998,-0.0787,-0.66,0.373,-0.2297,0.0257,False
0x12ec6d71325afac2b4d25b3de94185e2c48d41ae,L2l,Sports / MMA/Boxing / live,27,-0.5218,-0.3067,-3.32,0.222,-0.6589,-0.3945,False
0x267336b7b2b6e6ad4a06d1ac4fdd2ce14e0e5ac9,L1,Other,71,0.3473,0.2641,2.06,0.38,0.2883,0.4046,True
0x267336b7b2b6e6ad4a06d1ac4fdd2ce14e0e5ac9,L2,Other / ?,69,0.3614,0.2733,2.09,0.391,0.3031,0.4181,True
0x267336b7b2b6e6ad4a06d1ac4fdd2ce14e0e5ac9,L3,Other / ? / ?,69,0.3614,0.2733,2.09,0.391,0.3031,0.4181,True
0x267336b7b2b6e6ad4a06d1ac4fdd2ce14e0e5ac9,L2t,Other / ? / type=binary,69,0.3614,0.2733,2.09,0.391,0.3031,0.4181,True
0x189d7cb6b04ecc1ddbd772a5dfd89f06e59e292b,L1,Sports,490,0.0583,0.0577,2.23,0.78,0.0485,0.0681,True
0x189d7cb6b04ecc1ddbd772a5dfd89f06e59e292b,L2,Sports / American Football,62,0.1438,0.1193,2.17,0.839,0.2095,0.0782,True
0x189d7cb6b04ecc1ddbd772a5dfd89f06e59e292b,L3,Sports / American Football / CFB 2026,38,0.1604,0.12,2.1,0.868,0.2067,0.1141,True
0x189d7cb6b04ecc1ddbd772a5dfd89f06e59e292b,L1b,Sports / price=0.70-0.90,312,0.0565,0.0557,2.03,0.827,0.0346,0.0784,True
0x189d7cb6b04ecc1ddbd772a5dfd89f06e59e292b,L2b,Sports / Soccer / price=0.70-0.90,33,0.1551,0.1129,2.34,0.909,0.1218,0.1865,True
0x189d7cb6b04ecc1ddbd772a5dfd89f06e59e292b,L2l,Sports / American Football / live,62,0.1438,0.1193,2.17,0.839,0.2095,0.0782,True
0xd372b7468864233aa6d33aa2dda181511c7804be,L1,Sports,1091,0.1748,0.1748,2.49,0.687,0.0061,0.3433,True
0xd372b7468864233aa6d33aa2dda181511c7804be,L2,Sports / Other sport,1091,0.1748,0.1748,2.49,0.687,0.0061,0.3433,True
0xd372b7468864233aa6d33aa2dda181511c7804be,L2t,Sports / Other sport / type=binary,1091,0.1748,0.1748,2.49,0.687,0.0061,0.3433,True
0xd372b7468864233aa6d33aa2dda181511c7804be,L1b,Sports / price=0.30-0.50,116,0.3742,0.3446,4.15,0.595,0.3223,0.4261,True
0xd372b7468864233aa6d33aa2dda181511c7804be,L2b,Sports / Other sport / price=0.30-0.50,116,0.3742,0.3446,4.15,0.595,0.3223,0.4261,True
0xd372b7468864233aa6d33aa2dda181511c7804be,L2l,Sports / Other sport / live,1053,0.1878,0.1875,2.59,0.691,0.0084,0.3668,True
0x8a62d1e12e7ea015fb2896577d7e41b11c0669b2,L3,Sports / Other sport / Panama Daily Weather,49,0.1117,0.086,2.91,0.959,0.0464,0.1743,True
0x8a62d1e12e7ea015fb2896577d7e41b11c0669b2,L3,Sports / Other sport / Mexico City Daily Weather,31,0.1028,0.0715,2.17,0.935,0.0726,0.1312,True
0x8a62d1e12e7ea015fb2896577d7e41b11c0669b2,L2b,Sports / Other sport / price=0.50-0.70,31,0.294,0.1878,3.1,0.806,0.1988,0.3832,True
0x6a43abe25761162cfb3cafc6c53c1cffac1826ba,L3,Sports / Other sport / Paris Daily Weather,46,0.6747,0.5005,2.01,0.696,0.2366,1.1127,True
0x6a43abe25761162cfb3cafc6c53c1cffac1826ba,L1b,Sports / price=0.30-0.50,67,0.3293,0.2765,2.15,0.507,0.4521,0.21,True
0x2dbd6a0ed6e6c00738c54a389ba442aa7ca9c385,L1b,Esports / price=0.50-0.70,380,0.0856,0.083,2.25,0.661,0.0634,0.1078,True
0x2dbd6a0ed6e6c00738c54a389ba442aa7ca9c385,L2b,Esports / Esports / price=0.50-0.70,380,0.0856,0.083,2.25,0.661,0.0634,0.1078,True
0x0c6cf1567baf92cb929c1091f96198b5322d776f,L1b,Esports / price=0.70-0.90,54,0.1365,0.0923,2.95,0.907,0.1264,0.1466,True
0x0c6cf1567baf92cb929c1091f96198b5322d776f,L2b,Esports / Esports / price=0.70-0.90,54,0.1365,0.0923,2.95,0.907,0.1264,0.1466,True
0x09ef29b5d43bab4df397b918090d6908afbd5482,L3,Sports / Other sport / Kuala Lumpur Daily Weather,33,0.1998,0.133,2.27,0.909,0.0592,0.3321,True
0x803a112b5eb1404eea463b26a2318cfcb3b9219e,L1,Sports,1690,0.0648,0.0646,3.19,0.712,0.042,0.0876,True
0x803a112b5eb1404eea463b26a2318cfcb3b9219e,L2,Sports / Other sport,1481,0.0796,0.0792,3.59,0.733,0.0628,0.0964,True
0x803a112b5eb1404eea463b26a2318cfcb3b9219e,L3,Sports / Other sport / Busan Daily Weather,656,0.1139,0.1118,3.21,0.761,0.1305,0.0972,True
0x803a112b5eb1404eea463b26a2318cfcb3b9219e,L2t,Sports / Other sport / type=binary,1481,0.0796,0.0792,3.59,0.733,0.0628,0.0964,True
0x803a112b5eb1404eea463b26a2318cfcb3b9219e,L1b,Sports / price=0.10-0.30,96,0.4942,0.4168,2.14,0.333,0.326,0.6625,True
0x803a112b5eb1404eea463b26a2318cfcb3b9219e,L1b,Sports / price=0.50-0.70,363,0.0743,0.0728,2.29,0.59,0.0405,0.1079,True
0x803a112b5eb1404eea463b26a2318cfcb3b9219e,L2b,Sports / Other sport / price=0.10-0.30,75,0.6047,0.4869,2.12,0.32,0.3554,0.8475,True
0x803a112b5eb1404eea463b26a2318cfcb3b9219e,L2b,Sports / Other sport / price=0.30-0.50,112,0.2505,0.2194,2.49,0.5,0.2081,0.2928,True
0x803a112b5eb1404eea463b26a2318cfcb3b9219e,L2b,Sports / Other sport / price=0.50-0.70,297,0.0955,0.0923,2.65,0.606,0.0783,0.1125,True
0x803a112b5eb1404eea463b26a2318cfcb3b9219e,L2b,Sports / Other sport / price=0.70-0.90,496,0.0357,0.0361,2.01,0.794,0.047,0.0244,True
0x803a112b5eb1404eea463b26a2318cfcb3b9219e,L2l,Sports / Other sport / live,1290,0.0887,0.0881,3.62,0.742,0.0705,0.107,True
0x2b13ed3f8e08a89729414b1ad5c189363247fe3b,L1b,Sports / price=0.70-0.90,42,0.141,0.1194,2.1,0.857,0.2742,0.0079,True
0x58e8375623d848b1c154a073d084d1e1951bff0f,L1,Sports,691,0.0839,0.0839,2.17,0.59,0.0575,0.1102,True
0x58e8375623d848b1c154a073d084d1e1951bff0f,L1b,Sports / price=0.30-0.50,171,0.1985,0.1867,2.18,0.485,0.0774,0.3183,True
0x8ae599cc1fdeb17c95e2af00bd75a38034bd4f22,L3,Sports / Soccer / UEFA Champions League 2025,59,0.1959,0.1413,2.43,0.831,0.197,0.1948,True
0xeecdff72e1907135212485ea28b64874ff744fef,L2b,Sports / Baseball / price=0.70-0.90,58,0.1225,0.093,2.44,0.879,0.0557,0.1893,True
0x5b20e906232c334290d7740064efeadcc9b8a8e0,L1,Sports,1221,0.0573,0.0573,1.26,0.488,0.0183,0.0963,False
0x5b20e906232c334290d7740064efeadcc9b8a8e0,L2,Sports / Other sport,109,0.2044,0.1815,1.74,0.55,0.4722,-0.0585,False
0x5b20e906232c334290d7740064efeadcc9b8a8e0,L2,Sports / Soccer,626,0.0632,0.063,0.77,0.463,-0.0321,0.1585,False
0x5b20e906232c334290d7740064efeadcc9b8a8e0,L2,Sports / Tennis,484,0.0168,0.0183,0.5,0.506,-0.0223,0.0558,False
0x5b20e906232c334290d7740064efeadcc9b8a8e0,L3,Sports / Other sport / Brazil Serie B,23,0.5955,0.3448,2.08,0.652,0.5265,0.6587,False
0x5b20e906232c334290d7740064efeadcc9b8a8e0,L3,Sports / Soccer / Primera División Argentina,26,0.5049,0.31,1.38,0.538,0.6833,0.3266,False
0x5b20e906232c334290d7740064efeadcc9b8a8e0,L3,Sports / Other sport / Chinese Super League,27,0.4266,0.2691,1.64,0.593,0.4711,0.3854,False
0x5b20e906232c334290d7740064efeadcc9b8a8e0,L3,Sports / Soccer / UEFA Champions League 2025,32,0.359,0.2427,1.27,0.531,0.3973,0.3207,False
0x5b20e906232c334290d7740064efeadcc9b8a8e0,L3,Sports / Soccer / Bundesliga 2025,21,0.3015,0.182,0.75,0.571,0.4301,0.1846,False
0x5b20e906232c334290d7740064efeadcc9b8a8e0,L3,Sports / Soccer / UEFA Nations League,44,0.1544,0.1238,1.18,0.682,0.0464,0.2625,False
0x5b20e906232c334290d7740064efeadcc9b8a8e0,L3,Sports / Soccer / La Liga 2025,31,0.1613,0.1202,1.02,0.677,-0.0931,0.3997,False
0x5b20e906232c334290d7740064efeadcc9b8a8e0,L3,Sports / Soccer / Brazil Serie A,79,0.0732,0.0699,0.58,0.43,0.0256,0.1197,False
0x5b20e906232c334290d7740064efeadcc9b8a8e0,L3,Sports / Tennis / WTA,156,0.0456,0.0468,0.63,0.455,0.0617,0.0295,False
0x5b20e906232c334290d7740064efeadcc9b8a8e0,L3,Sports / Tennis / Wimbledon,63,0.0025,0.0155,0.04,0.508,0.0349,-0.0288,False
0x5b20e906232c334290d7740064efeadcc9b8a8e0,L3,Sports / Tennis / ATP,257,0.0035,0.0073,0.08,0.525,-0.0483,0.0548,False
0x5b20e906232c334290d7740064efeadcc9b8a8e0,L3,Sports / Soccer / UEFA Europa League 2025,34,-0.0755,-0.0266,-0.39,0.412,0.0087,-0.1596,False
0x5b20e906232c334290d7740064efeadcc9b8a8e0,L3,Sports / Soccer / Primera A,25,-0.1331,-0.0489,-0.83,0.4,-0.2853,0.0074,False
0x5b20e906232c334290d7740064efeadcc9b8a8e0,L3,Sports / Soccer / Copa Sudamericana 2025,22,-0.1571,-0.0554,-0.79,0.455,-0.4469,0.1326,False
0x5b20e906232c334290d7740064efeadcc9b8a8e0,L3,Sports / Soccer / Premier League 2025,31,-0.1405,-0.0632,-0.84,0.452,-0.042,-0.2328,False
0x5b20e906232c334290d7740064efeadcc9b8a8e0,L3,Sports / Soccer / FIFA World Cup,84,-0.1516,-0.1116,-1.28,0.381,-0.2531,-0.0502,False
0x5b20e906232c334290d7740064efeadcc9b8a8e0,L2t,Sports / Soccer / type=first_half_totals,23,1.8317,1.006,0.98,0.522,-0.0906,3.5939,False
0x5b20e906232c334290d7740064efeadcc9b8a8e0,L2t,Sports / Other sport / type=totals,87,0.2582,0.2205,1.86,0.575,0.364,0.1548,False
0x5b20e906232c334290d7740064efeadcc9b8a8e0,L2t,Sports / Tennis / type=moneyline,484,0.0168,0.0183,0.5,0.506,-0.0223,0.0558,False
0x5b20e906232c334290d7740064efeadcc9b8a8e0,L2t,Sports / Other sport / type=moneyline,20,0.0886,0.0726,0.46,0.5,-0.0224,0.1997,False
0x5b20e906232c334290d7740064efeadcc9b8a8e0,L2t,Sports / Soccer / type=moneyline,129,0.0115,0.0176,0.18,0.527,-0.0028,0.0257,False
0x5b20e906232c334290d7740064efeadcc9b8a8e0,L2t,Sports / Soccer / type=totals,459,0.0071,0.0091,0.12,0.451,-0.0243,0.0384,False
0x5b20e906232c334290d7740064efeadcc9b8a8e0,L1b,Sports / price=0.70-0.90,135,0.1098,0.1029,3.81,0.815,0.1267,0.0931,True
0x5b20e906232c334290d7740064efeadcc9b8a8e0,L1b,Sports / price=0.90-1.00,39,0.0296,0.0387,2.09,0.949,0.0471,0.013,False
0x5b20e906232c334290d7740064efeadcc9b8a8e0,L1b,Sports / price=0.00-0.10,37,0.391,0.2736,0.33,0.081,-0.916,1.6292,False
0x5b20e906232c334290d7740064efeadcc9b8a8e0,L1b,Sports / price=0.50-0.70,465,0.0498,0.0501,1.55,0.544,0.0281,0.0714,False
0x5b20e906232c334290d7740064efeadcc9b8a8e0,L1b,Sports / price=0.10-0.30,163,0.0612,0.0607,0.42,0.245,0.1602,-0.0365,False
0x5b20e906232c334290d7740064efeadcc9b8a8e0,L1b,Sports / price=0.30-0.50,382,0.0168,0.0188,0.31,0.401,0.0198,0.0139,False
0x5b20e906232c334290d7740064efeadcc9b8a8e0,L2b,Sports / Soccer / price=0.70-0.90,63,0.1159,0.1016,2.67,0.841,0.0941,0.1371,True
0x5b20e906232c334290d7740064efeadcc9b8a8e0,L2b,Sports / Tennis / price=0.70-0.90,61,0.0881,0.0803,2.18,0.77,0.0734,0.1023,True
0x5b20e906232c334290d7740064efeadcc9b8a8e0,L2b,Sports / Tennis / price=0.50-0.70,216,0.08,0.078,2.03,0.519,-0.0034,0.1634,False
0x5b20e906232c334290d7740064efeadcc9b8a8e0,L2b,Sports / Other sport / price=0.50-0.70,37,0.1785,0.1357,1.41,0.676,0.3664,0.0004,False
0x5b20e906232c334290d7740064efeadcc9b8a8e0,L2b,Sports / Other sport / price=0.30-0.50,40,0.1069,0.0901,0.53,0.425,0.1504,0.0635,False
0x5b20e906232c334290d7740064efeadcc9b8a8e0,L2b,Sports / Tennis / price=0.30-0.50,119,0.0296,0.0335,0.37,0.403,0.0632,-0.0033,False
0x5b20e906232c334290d7740064efeadcc9b8a8e0,L2b,Sports / Tennis / price=0.10-0.30,40,0.0157,0.0293,0.07,0.3,-0.1903,0.2217,False
0x5b20e906232c334290d7740064efeadcc9b8a8e0,L2b,Sports / Tennis / price=0.90-1.00,27,0.0196,0.0353,0.99,0.926,0.0422,-0.0015,False
0x5b20e906232c334290d7740064efeadcc9b8a8e0,L2b,Sports / Soccer / price=0.50-0.70,210,-0.0038,0.0015,-0.07,0.548,-0.0706,0.0631,False
0x5b20e906232c334290d7740064efeadcc9b8a8e0,L2b,Sports / Soccer / price=0.30-0.50,223,-0.0061,-0.001,-0.08,0.395,-0.0073,-0.005,False
0x5b20e906232c334290d7740064efeadcc9b8a8e0,L2b,Sports / Soccer / price=0.10-0.30,106,-0.023,-0.0104,-0.12,0.198,0.0473,-0.0933,False
0x5b20e906232c334290d7740064efeadcc9b8a8e0,L2b,Sports / Tennis / price=0.00-0.10,21,-0.9152,-0.4412,-18.06,0.048,-0.978,-0.8581,False
0x5b20e906232c334290d7740064efeadcc9b8a8e0,L2l,Sports / Other sport / live,108,0.1971,0.1752,1.67,0.546,0.4353,-0.0411,False
0x5b20e906232c334290d7740064efeadcc9b8a8e0,L2l,Sports / Soccer / live,620,0.0685,0.0681,0.83,0.466,-0.0235,0.1604,False
0x5b20e906232c334290d7740064efeadcc9b8a8e0,L2l,Sports / Tennis / live,474,0.0115,0.0134,0.34,0.511,-0.0283,0.0514,False
0xc878c6a7ba8ad896a897fe82e48b93fb66dfa6f3,L1,Sports,903,0.2076,0.2075,2.62,0.498,0.3948,0.0207,True
0xc878c6a7ba8ad896a897fe82e48b93fb66dfa6f3,L2,Sports / Other sport,903,0.2076,0.2075,2.62,0.498,0.3948,0.0207,True
0xc878c6a7ba8ad896a897fe82e48b93fb66dfa6f3,L3,Sports / Other sport / Taipei Daily Weather,861,0.2167,0.2164,2.63,0.505,0.4166,0.0172,True
0xc878c6a7ba8ad896a897fe82e48b93fb66dfa6f3,L2t,Sports / Other sport / type=binary,903,0.2076,0.2075,2.62,0.498,0.3948,0.0207,True
0xc878c6a7ba8ad896a897fe82e48b93fb66dfa6f3,L1b,Sports / price=0.10-0.30,295,0.2801,0.2754,2.68,0.342,0.3647,0.1961,True
0xc878c6a7ba8ad896a897fe82e48b93fb66dfa6f3,L1b,Sports / price=0.70-0.90,167,0.0631,0.0784,2.34,0.814,0.0341,0.0919,True
0xc878c6a7ba8ad896a897fe82e48b93fb66dfa6f3,L2b,Sports / Other sport / price=0.10-0.30,295,0.2801,0.2754,2.68,0.342,0.3647,0.1961,True
0xc878c6a7ba8ad896a897fe82e48b93fb66dfa6f3,L2b,Sports / Other sport / price=0.70-0.90,167,0.0631,0.0784,2.34,0.814,0.0341,0.0919,True
0xbe3c36d8fa9a85f5e1564085bc6fbd14a222a835,L1,Other,42,0.983,0.6545,8.83,0.952,0.9348,1.0311,True
0xbe3c36d8fa9a85f5e1564085bc6fbd14a222a835,L2,Other / ?,42,0.983,0.6545,8.83,0.952,0.9348,1.0311,True
0xbe3c36d8fa9a85f5e1564085bc6fbd14a222a835,L3,Other / ? / ?,42,0.983,0.6545,8.83,0.952,0.9348,1.0311,True
0xbe3c36d8fa9a85f5e1564085bc6fbd14a222a835,L3,Sports / Tennis / ATP,153,0.257,0.2232,2.52,0.569,0.135,0.3774,True
0xbe3c36d8fa9a85f5e1564085bc6fbd14a222a835,L2t,Other / ? / type=binary,42,0.983,0.6545,8.83,0.952,0.9348,1.0311,True
0xbe3c36d8fa9a85f5e1564085bc6fbd14a222a835,L2b,Sports / Other sport / price=0.50-0.70,40,0.3094,0.1945,2.95,0.75,0.2405,0.3783,True
0x628fd602070efafd65176987e9f1856c54d1b212,L1b,Esports / price=0.70-0.90,39,0.1447,0.1111,2.57,0.923,0.2437,0.0506,True
0x628fd602070efafd65176987e9f1856c54d1b212,L2b,Esports / Esports / price=0.70-0.90,39,0.1447,0.1111,2.57,0.923,0.2437,0.0506,True
0xabea08725590a4c6ae7c8e63214c9628bbc772ae,L2,Sports / American Football,58,0.22,0.195,2.19,0.517,0.1529,0.2871,True
0xabea08725590a4c6ae7c8e63214c9628bbc772ae,L3,Sports / American Football / NFL 2026,57,0.2414,0.2105,2.41,0.526,0.187,0.2938,True
0xabea08725590a4c6ae7c8e63214c9628bbc772ae,L2b,Sports / American Football / price=0.50-0.70,42,0.2999,0.2427,2.84,0.571,0.2845,0.3152,True
0xabea08725590a4c6ae7c8e63214c9628bbc772ae,L2l,Sports / American Football / pre,56,0.2291,0.2011,2.27,0.518,0.1252,0.333,True
0x4f87cf20ef5670723b17d971630dca178b36f04e,L1,Esports,2179,0.3761,0.376,3.03,0.69,0.3214,0.4307,True
0x4f87cf20ef5670723b17d971630dca178b36f04e,L2,Esports / Esports,2178,0.3767,0.3766,3.04,0.691,0.3224,0.431,True
0x4f87cf20ef5670723b17d971630dca178b36f04e,L3,Esports / Esports / League of Legends,703,0.4091,0.4079,2.03,0.748,0.7155,0.1036,True
0x4f87cf20ef5670723b17d971630dca178b36f04e,L2t,Esports / Esports / type=map_handicap,601,0.9061,0.8887,2.46,0.737,1.0118,0.8007,True
0x4f87cf20ef5670723b17d971630dca178b36f04e,L2t,Esports / Esports / type=totals,1305,0.278,0.2793,2.37,0.75,0.1958,0.3601,True
0x4f87cf20ef5670723b17d971630dca178b36f04e,L1b,Esports / price=0.00-0.10,105,6.8439,5.8072,2.77,0.124,5.4548,8.2068,True
0x4f87cf20ef5670723b17d971630dca178b36f04e,L1b,Esports / price=0.50-0.70,529,0.1091,0.1184,3.29,0.682,0.0397,0.1782,True
0x4f87cf20ef5670723b17d971630dca178b36f04e,L1b,Esports / price=0.70-0.90,846,0.0503,0.0575,3.24,0.849,0.0624,0.0382,True
0x4f87cf20ef5670723b17d971630dca178b36f04e,L2b,Esports / Esports / price=0.00-0.10,105,6.8439,5.8072,2.77,0.124,5.4548,8.2068,True
0x4f87cf20ef5670723b17d971630dca178b36f04e,L2b,Esports / Esports / price=0.50-0.70,528,0.1112,0.1204,3.35,0.684,0.0397,0.1826,True
0x4f87cf20ef5670723b17d971630dca178b36f04e,L2b,Esports / Esports / price=0.70-0.90,846,0.0503,0.0575,3.24,0.849,0.0624,0.0382,True
0x4f87cf20ef5670723b17d971630dca178b36f04e,L2l,Esports / Esports / live,2169,0.3767,0.3766,3.02,0.691,0.3202,0.4332,True
0xb95e3c95df098ed35ef27c23daf7b7e59eca8b12,L1,Sports,1966,0.2931,0.2928,3.23,0.653,0.0999,0.4862,True
0xb95e3c95df098ed35ef27c23daf7b7e59eca8b12,L2,Sports / Other sport,1785,0.3211,0.3204,3.22,0.656,0.1152,0.5267,True
0xb95e3c95df098ed35ef27c23daf7b7e59eca8b12,L3,Sports / Other sport / Manila Daily Weather,287,0.1289,0.1376,2.13,0.672,0.1476,0.1103,True
0xb95e3c95df098ed35ef27c23daf7b7e59eca8b12,L3,Sports / Other sport / Jakarta Daily Weather,163,0.1317,0.146,2.57,0.791,0.1383,0.1251,True
0xb95e3c95df098ed35ef27c23daf7b7e59eca8b12,L3,Sports / Other sport / Lagos Daily Weather,42,0.2442,0.2502,2.43,0.786,0.2141,0.2744,True
0xb95e3c95df098ed35ef27c23daf7b7e59eca8b12,L2t,Sports / Other sport / type=binary,1771,0.3242,0.3235,3.23,0.656,0.1152,0.5329,True
0xb95e3c95df098ed35ef27c23daf7b7e59eca8b12,L1b,Sports / price=0.10-0.30,174,0.7559,0.705,4.43,0.42,0.5929,0.9188,True
0xb95e3c95df098ed35ef27c23daf7b7e59eca8b12,L1b,Sports / price=0.50-0.70,314,0.1791,0.1841,4.9,0.685,0.2006,0.1575,True
0xb95e3c95df098ed35ef27c23daf7b7e59eca8b12,L1b,Sports / price=0.30-0.50,130,0.27,0.269,3.1,0.538,0.3175,0.2225,True
0xb95e3c95df098ed35ef27c23daf7b7e59eca8b12,L1b,Sports / price=0.70-0.90,538,0.0616,0.0688,4.11,0.781,0.0558,0.0674,True
0xb95e3c95df098ed35ef27c23daf7b7e59eca8b12,L2b,Sports / Other sport / price=0.10-0.30,155,0.7945,0.7337,4.37,0.426,0.4517,1.1329,True
0xb95e3c95df098ed35ef27c23daf7b7e59eca8b12,L2b,Sports / Other sport / price=0.50-0.70,273,0.2012,0.2053,5.24,0.696,0.2289,0.1736,True
0xb95e3c95df098ed35ef27c23daf7b7e59eca8b12,L2b,Sports / Other sport / price=0.30-0.50,114,0.2866,0.283,3.08,0.535,0.3602,0.2129,True
0xb95e3c95df098ed35ef27c23daf7b7e59eca8b12,L2b,Sports / Other sport / price=0.70-0.90,476,0.0688,0.0766,4.54,0.786,0.0654,0.0723,True
0xb95e3c95df098ed35ef27c23daf7b7e59eca8b12,L2l,Sports / Other sport / live,1691,0.3429,0.342,3.27,0.668,0.1221,0.5635,True
0x7849f6e46c10ee9c2708afad20805ea65d1ada97,L1b,Sports / price=0.10-0.30,220,0.2581,0.2408,2.31,0.368,0.4511,0.0651,True
0x7849f6e46c10ee9c2708afad20805ea65d1ada97,L2b,Sports / Other sport / price=0.10-0.30,216,0.2621,0.2442,2.31,0.37,0.4491,0.0751,True
0x6888e548e47cfc9dc629376d86a41018add64c79,L2t,Esports / Esports / type=child_moneyline,96,0.2788,0.2263,3.46,0.729,0.2104,0.3473,True
0x6888e548e47cfc9dc629376d86a41018add64c79,L2b,Sports / Soccer / price=0.70-0.90,87,0.1201,0.0929,2.76,0.828,0.142,0.0987,True
0x6888e548e47cfc9dc629376d86a41018add64c79,L2l,Esports / Esports / live,139,0.1442,0.1228,2.06,0.64,0.1173,0.1708,True
0x8d2329a8267c1b0c9adf26610a57c7c2812221da,L1b,Sports / price=0.70-0.90,279,0.0795,0.0769,2.83,0.846,0.0872,0.0717,True
0x8d2329a8267c1b0c9adf26610a57c7c2812221da,L2b,Sports / Soccer / price=0.70-0.90,33,0.1508,0.1097,2.28,0.909,0.1237,0.1764,True
0x218cbb7bf7646c98b38ffca6709a9872e50d845b,L1,Sports,439,0.0584,0.0579,2.14,0.784,0.0664,0.0504,True
0x218cbb7bf7646c98b38ffca6709a9872e50d845b,L1b,Sports / price=0.70-0.90,282,0.0765,0.0745,2.73,0.844,0.0802,0.0727,True
0x218cbb7bf7646c98b38ffca6709a9872e50d845b,L2b,Sports / Soccer / price=0.70-0.90,32,0.1401,0.1041,2.07,0.906,0.1074,0.1728,True
0x3c564c78af441680afdbd77cad182226f1b49174,L1,Sports,421,0.0607,0.0601,2.17,0.784,0.0739,0.0476,True
0x3c564c78af441680afdbd77cad182226f1b49174,L2,Sports / American Football,64,0.1478,0.124,2.3,0.844,0.2096,0.086,True
0x3c564c78af441680afdbd77cad182226f1b49174,L3,Sports / American Football / CFB 2026,40,0.1667,0.127,2.29,0.875,0.2153,0.118,True
0x3c564c78af441680afdbd77cad182226f1b49174,L1b,Sports / price=0.70-0.90,268,0.0712,0.0696,2.45,0.84,0.0465,0.0959,True
0x3c564c78af441680afdbd77cad182226f1b49174,L2l,Sports / American Football / live,64,0.1478,0.124,2.3,0.844,0.2096,0.086,True
0x3324f61943abafdb0bbdedf63dd4f3ae3b85a9cc,L2,Sports / American Football,65,0.1599,0.1322,2.5,0.846,0.2242,0.0975,True
0x3324f61943abafdb0bbdedf63dd4f3ae3b85a9cc,L3,Sports / American Football / CFB 2026,41,0.1841,0.1376,2.55,0.878,0.2375,0.1333,True
0x3324f61943abafdb0bbdedf63dd4f3ae3b85a9cc,L2l,Sports / American Football / live,65,0.1599,0.1322,2.5,0.846,0.2242,0.0975,True
0xf507a97a52d25b29aed98b68f69a624f6bbf45b5,L1,Sports,414,0.0602,0.0596,2.13,0.783,0.0683,0.0521,True
0xf507a97a52d25b29aed98b68f69a624f6bbf45b5,L2,Sports / American Football,62,0.1443,0.1205,2.18,0.839,0.2117,0.077,True
0xf507a97a52d25b29aed98b68f69a624f6bbf45b5,L3,Sports / American Football / CFB 2026,38,0.1609,0.1215,2.11,0.868,0.2092,0.1127,True
0xf507a97a52d25b29aed98b68f69a624f6bbf45b5,L1b,Sports / price=0.70-0.90,268,0.0628,0.0617,2.12,0.832,0.0285,0.0972,True
0xf507a97a52d25b29aed98b68f69a624f6bbf45b5,L2l,Sports / American Football / live,62,0.1443,0.1205,2.18,0.839,0.2117,0.077,True
0x73fcadfb04e3cdab8e99fd5cfb4e8c0b8aab6652,L3,Esports / Esports / League of Legends,66,0.382,0.3091,2.53,0.652,0.2605,0.5035,True
0x7ffd66b4f6e05c189121b9c4715b48c8fa5c08fa,L3,Esports / Esports / Counter Strike,413,0.091,0.0898,2.03,0.513,0.1158,0.0663,True
0x7ffd66b4f6e05c189121b9c4715b48c8fa5c08fa,L1b,Esports / price=0.30-0.50,256,0.1662,0.1589,2.44,0.473,0.2266,0.1058,True
0x7ffd66b4f6e05c189121b9c4715b48c8fa5c08fa,L2b,Esports / Esports / price=0.30-0.50,256,0.1662,0.1589,2.44,0.473,0.2266,0.1058,True
0x4287d3cf76ae746b528e256db2322f8f6cee3d5e,L1,Other,174,0.4049,0.3609,2.18,0.207,0.5889,0.2209,True
0x4287d3cf76ae746b528e256db2322f8f6cee3d5e,L2,Other / ?,174,0.4049,0.3609,2.18,0.207,0.5889,0.2209,True
0x4287d3cf76ae746b528e256db2322f8f6cee3d5e,L3,Other / ? / ?,174,0.4049,0.3609,2.18,0.207,0.5889,0.2209,True
0x4287d3cf76ae746b528e256db2322f8f6cee3d5e,L2t,Other / ? / type=binary,174,0.4049,0.3609,2.18,0.207,0.5889,0.2209,True
0x4287d3cf76ae746b528e256db2322f8f6cee3d5e,L1b,Other / price=0.10-0.30,86,0.4973,0.3994,2.1,0.209,0.71,0.2845,True
0x4287d3cf76ae746b528e256db2322f8f6cee3d5e,L2b,Other / ? / price=0.10-0.30,86,0.4973,0.3994,2.1,0.209,0.71,0.2845,True
0x884738a2e9dd7a3377efbfff9625b5bc6beefc98,L1b,Sports / price=0.70-0.90,116,0.0979,0.0823,2.02,0.81,0.0357,0.16,True
0x884738a2e9dd7a3377efbfff9625b5bc6beefc98,L2b,Sports / Soccer / price=0.70-0.90,111,0.1104,0.0923,2.28,0.82,0.041,0.1785,True
0xfd368530e2d6b22677eeb90c89b29e232670a832,L3,Sports / Other sport / Houston Daily Weather,103,0.218,0.1806,2.2,0.612,0.1738,0.2613,True
0xea89195d39e6c72e329a778fcc0a83316f3d26ab,L2,Sports / Soccer,62,0.0439,0.0349,2.08,0.984,0.052,0.0358,True
0xea89195d39e6c72e329a778fcc0a83316f3d26ab,L3,Weather / Recurring / Seattle Daily Weather,30,0.0868,0.0548,4.73,1.0,0.0953,0.0783,True
0xea89195d39e6c72e329a778fcc0a83316f3d26ab,L3,Sports / Other sport / Toronto Daily Weather,48,0.0286,0.0223,7.78,0.979,0.036,0.0213,True
0xea89195d39e6c72e329a778fcc0a83316f3d26ab,L3,Sports / Other sport / Seattle Daily Weather,30,0.0266,0.0187,3.17,0.967,0.0396,0.0136,True
0xea89195d39e6c72e329a778fcc0a83316f3d26ab,L3,Sports / Other sport / Madrid Daily Weather,32,0.0237,0.0173,6.38,1.0,0.0329,0.0145,True
0xea89195d39e6c72e329a778fcc0a83316f3d26ab,L1b,Sports / price=0.70-0.90,36,0.095,0.0636,2.07,0.944,0.1533,0.0368,True
0xea89195d39e6c72e329a778fcc0a83316f3d26ab,L2b,Sports / Other sport / price=0.70-0.90,30,0.1122,0.0701,2.85,0.967,0.1607,0.0637,True
0xea89195d39e6c72e329a778fcc0a83316f3d26ab,L2l,Sports / Soccer / live,62,0.0439,0.0349,2.08,0.984,0.052,0.0358,True
0x3752bfc667aac50a5f0e88a43ffd719dc60c2f08,L3,Esports / Esports / League of Legends,289,0.2948,0.2859,2.08,0.564,0.4586,0.1321,True
0x3752bfc667aac50a5f0e88a43ffd719dc60c2f08,L1b,Esports / price=0.10-0.30,111,0.6709,0.5925,2.82,0.333,0.8991,0.4468,True
0x3752bfc667aac50a5f0e88a43ffd719dc60c2f08,L1b,Esports / price=0.70-0.90,94,0.1193,0.126,3.08,0.904,0.0976,0.1411,True
0x3752bfc667aac50a5f0e88a43ffd719dc60c2f08,L2b,Esports / Esports / price=0.10-0.30,111,0.6709,0.5925,2.82,0.333,0.8991,0.4468,True
0x3752bfc667aac50a5f0e88a43ffd719dc60c2f08,L2b,Esports / Esports / price=0.70-0.90,94,0.1193,0.126,3.08,0.904,0.0976,0.1411,True
0x018eec8d14a6a38c445351a4d5a21e70f8e55c3d,L2b,Sports / Baseball / price=0.50-0.70,36,0.2692,0.1629,2.15,0.75,0.254,0.2843,True
0xe0265f8dea549638630807869dc8ba5700940404,L2b,Sports / Other sport / price=0.70-0.90,34,0.1384,0.0782,2.2,0.912,0.0712,0.2057,True
0xbdd4059cb05cefceedff0a2d0b1f5834d33b9bcd,L1,Sports,90,0.0914,0.0705,2.06,0.833,0.1475,0.0353,True
0xbdd4059cb05cefceedff0a2d0b1f5834d33b9bcd,L1,Crypto,39,-0.0299,-0.0278,-0.32,0.769,-0.0065,-0.0521,False
0xbdd4059cb05cefceedff0a2d0b1f5834d33b9bcd,L1,Esports,983,-0.0341,-0.0339,-1.93,0.711,-0.0211,-0.0471,False
0xbdd4059cb05cefceedff0a2d0b1f5834d33b9bcd,L2,Sports / Soccer,59,0.0682,0.0449,1.22,0.797,0.0531,0.0828,False
0xbdd4059cb05cefceedff0a2d0b1f5834d33b9bcd,L2,Crypto / Up/Down short,39,-0.0299,-0.0278,-0.32,0.769,-0.0065,-0.0521,False
0xbdd4059cb05cefceedff0a2d0b1f5834d33b9bcd,L2,Esports / Esports,983,-0.0341,-0.0339,-1.93,0.711,-0.0211,-0.0471,False
0xbdd4059cb05cefceedff0a2d0b1f5834d33b9bcd,L3,Sports / Soccer / Counter Strike,34,0.1582,0.0908,2.44,0.882,0.1913,0.1251,True
0xbdd4059cb05cefceedff0a2d0b1f5834d33b9bcd,L3,Esports / Esports / Dota 2,140,0.0358,0.0283,0.87,0.771,0.0742,-0.0027,False
0xbdd4059cb05cefceedff0a2d0b1f5834d33b9bcd,L3,Crypto / Up/Down short / BTC Up or Down 5m,39,-0.0299,-0.0278,-0.32,0.769,-0.0065,-0.0521,False
0xbdd4059cb05cefceedff0a2d0b1f5834d33b9bcd,L3,Esports / Esports / Counter Strike,353,-0.0199,-0.0201,-0.68,0.711,-0.0207,-0.019,False
0xbdd4059cb05cefceedff0a2d0b1f5834d33b9bcd,L3,Esports / Esports / Valorant,239,-0.0548,-0.0524,-1.47,0.695,-0.1028,-0.0072,False
0xbdd4059cb05cefceedff0a2d0b1f5834d33b9bcd,L3,Esports / Esports / League of Legends,251,-0.0734,-0.0698,-2.04,0.693,-0.0212,-0.1252,False
0xbdd4059cb05cefceedff0a2d0b1f5834d33b9bcd,L2t,Sports / Soccer / type=moneyline,57,0.0955,0.0645,1.77,0.825,0.0699,0.1201,False
0xbdd4059cb05cefceedff0a2d0b1f5834d33b9bcd,L2t,Crypto / Up/Down short / type=updown,39,-0.0299,-0.0278,-0.32,0.769,-0.0065,-0.0521,False
0xbdd4059cb05cefceedff0a2d0b1f5834d33b9bcd,L2t,Esports / Esports / type=child_moneyline,692,-0.0234,-0.0234,-1.11,0.715,-0.02,-0.0268,False
0xbdd4059cb05cefceedff0a2d0b1f5834d33b9bcd,L2t,Esports / Esports / type=moneyline,290,-0.0563,-0.0542,-1.73,0.703,-0.0131,-0.0995,False
0xbdd4059cb05cefceedff0a2d0b1f5834d33b9bcd,L1b,Sports / price=0.70-0.90,64,0.09,0.0629,1.94,0.859,0.1316,0.0484,False
0xbdd4059cb05cefceedff0a2d0b1f5834d33b9bcd,L1b,Esports / price=0.90-1.00,45,0.0109,0.0002,0.29,0.889,0.0201,0.0022,False
0xbdd4059cb05cefceedff0a2d0b1f5834d33b9bcd,L1b,Esports / price=0.70-0.90,719,-0.0147,-0.015,-0.81,0.759,-0.0021,-0.0273,False
0xbdd4059cb05cefceedff0a2d0b1f5834d33b9bcd,L1b,Esports / price=0.50-0.70,203,-0.1183,-0.1098,-2.29,0.522,-0.1096,-0.1269,False
0xbdd4059cb05cefceedff0a2d0b1f5834d33b9bcd,L2b,Sports / Soccer / price=0.70-0.90,46,0.0669,0.0394,1.15,0.826,0.0727,0.061,False
0xbdd4059cb05cefceedff0a2d0b1f5834d33b9bcd,L2b,Esports / Esports / price=0.90-1.00,45,0.0109,0.0002,0.29,0.889,0.0201,0.0022,False
0xbdd4059cb05cefceedff0a2d0b1f5834d33b9bcd,L2b,Esports / Esports / price=0.70-0.90,719,-0.0147,-0.015,-0.81,0.759,-0.0021,-0.0273,False
0xbdd4059cb05cefceedff0a2d0b1f5834d33b9bcd,L2b,Esports / Esports / price=0.50-0.70,203,-0.1183,-0.1098,-2.29,0.522,-0.1096,-0.1269,False
0xbdd4059cb05cefceedff0a2d0b1f5834d33b9bcd,L2l,Sports / Soccer / live,54,0.0606,0.0378,1.02,0.815,-0.0026,0.1237,False
0xbdd4059cb05cefceedff0a2d0b1f5834d33b9bcd,L2l,Esports / Esports / pre,22,-0.043,-0.0338,-0.35,0.727,-0.1463,0.0604,False
0xbdd4059cb05cefceedff0a2d0b1f5834d33b9bcd,L2l,Esports / Esports / live,961,-0.0339,-0.0337,-1.9,0.711,-0.0182,-0.0495,False
0x98689f5983898c1da0ec7a9f0864d478f3bee82b,L1,Sports,1722,0.516,0.5159,3.64,0.501,0.1535,0.8785,True
0x98689f5983898c1da0ec7a9f0864d478f3bee82b,L2,Sports / Tennis,613,0.969,0.9544,2.81,0.501,0.5821,1.3548,True
0x98689f5983898c1da0ec7a9f0864d478f3bee82b,L2,Sports / Soccer,538,0.4989,0.4992,2.27,0.483,0.4541,0.5437,True
0x98689f5983898c1da0ec7a9f0864d478f3bee82b,L3,Sports / Tennis / ITF,214,2.3136,2.1592,2.42,0.43,3.721,0.9062,True
0x98689f5983898c1da0ec7a9f0864d478f3bee82b,L2t,Sports / Tennis / type=tennis_first_set_totals,52,9.4766,6.985,2.51,0.519,3.9256,15.0276,True
0x98689f5983898c1da0ec7a9f0864d478f3bee82b,L1b,Sports / price=0.00-0.10,156,4.0581,3.6545,2.7,0.115,4.6745,3.4416,True
0x98689f5983898c1da0ec7a9f0864d478f3bee82b,L1b,Sports / price=0.10-0.30,331,0.3243,0.3347,2.64,0.284,0.3052,0.3432,True
0x98689f5983898c1da0ec7a9f0864d478f3bee82b,L1b,Sports / price=0.50-0.70,548,0.1288,0.1421,3.61,0.641,0.1365,0.1211,True
0x98689f5983898c1da0ec7a9f0864d478f3bee82b,L1b,Sports / price=0.30-0.50,486,0.1304,0.1453,2.36,0.469,0.1529,0.1079,True
0x98689f5983898c1da0ec7a9f0864d478f3bee82b,L1b,Sports / price=0.70-0.90,157,0.0921,0.139,2.49,0.828,0.1596,0.0255,True
0x98689f5983898c1da0ec7a9f0864d478f3bee82b,L2b,Sports / Tennis / price=0.00-0.10,90,5.4442,4.5465,2.39,0.133,6.4118,4.4765,True
0x98689f5983898c1da0ec7a9f0864d478f3bee82b,L2b,Sports / Soccer / price=0.10-0.30,129,0.631,0.6143,2.82,0.318,0.5535,0.7073,True
0x98689f5983898c1da0ec7a9f0864d478f3bee82b,L2b,Sports / Tennis / price=0.50-0.70,175,0.1976,0.2293,3.35,0.686,0.2614,0.1346,True
0x98689f5983898c1da0ec7a9f0864d478f3bee82b,L2b,Sports / Tennis / price=0.30-0.50,160,0.2018,0.2357,2.08,0.506,0.2347,0.169,True
0x98689f5983898c1da0ec7a9f0864d478f3bee82b,L2b,Sports / Other sport / price=0.50-0.70,40,0.2698,0.3488,2.37,0.75,0.0926,0.4471,True
0x98689f5983898c1da0ec7a9f0864d478f3bee82b,L2l,Sports / Tennis / live,600,0.9883,0.9727,2.81,0.5,0.5831,1.3934,True
0x98689f5983898c1da0ec7a9f0864d478f3bee82b,L2l,Sports / Soccer / live,529,0.5015,0.5017,2.24,0.478,0.442,0.5607,True
0xd3179f7ca7e1313a89aff7f09353c77ebbab025a,L1b,Sports / price=0.70-0.90,46,0.0938,0.2275,2.08,0.87,0.0816,0.1061,True
0xd3179f7ca7e1313a89aff7f09353c77ebbab025a,L2b,Sports / Other sport / price=0.70-0.90,46,0.0938,0.2275,2.08,0.87,0.0816,0.1061,True
0x15ac9d4fb9c30fca4fec2fdecde3fdace721f3ba,L1,Sports,6922,0.0596,0.0596,2.3,0.922,0.0268,0.0924,True
0x15ac9d4fb9c30fca4fec2fdecde3fdace721f3ba,L2,Sports / Soccer,2957,0.105,0.1046,2.1,0.889,0.0762,0.1337,True
0x15ac9d4fb9c30fca4fec2fdecde3fdace721f3ba,L2,Sports / Basketball,611,0.0162,0.0173,4.21,0.993,0.0155,0.0169,True
0x15ac9d4fb9c30fca4fec2fdecde3fdace721f3ba,L3,Sports / Other sport / K-league,98,0.1822,0.16,2.94,0.949,0.2708,0.0936,True
0x15ac9d4fb9c30fca4fec2fdecde3fdace721f3ba,L3,Sports / Soccer / NWSL,97,0.1559,0.1379,2.56,0.918,0.1573,0.1545,True
0x15ac9d4fb9c30fca4fec2fdecde3fdace721f3ba,L3,Sports / Basketball / NBA 2026,342,0.0179,0.0198,2.61,0.988,0.0201,0.0157,True
0x15ac9d4fb9c30fca4fec2fdecde3fdace721f3ba,L3,Sports / Basketball / NCAA CBB,255,0.0137,0.0164,19.17,1.0,0.0133,0.014,True
0x15ac9d4fb9c30fca4fec2fdecde3fdace721f3ba,L3,Sports / American Football / NFL 2026,35,0.0239,0.0338,3.44,1.0,0.0297,0.0184,True
0x15ac9d4fb9c30fca4fec2fdecde3fdace721f3ba,L2t,Sports / Soccer / type=spreads,79,0.7636,0.6196,3.77,0.759,1.4155,0.1279,True
0x15ac9d4fb9c30fca4fec2fdecde3fdace721f3ba,L2t,Sports / Basketball / type=totals,594,0.0194,0.0204,6.18,0.997,0.0156,0.0231,True
0x15ac9d4fb9c30fca4fec2fdecde3fdace721f3ba,L2t,Sports / Soccer / type=soccer_second_half_total_corners,52,0.0373,0.0411,2.75,1.0,0.0634,0.0112,True
0x15ac9d4fb9c30fca4fec2fdecde3fdace721f3ba,L2t,Sports / Tennis / type=tennis_set_winner,108,0.0233,0.0276,5.99,1.0,0.0308,0.0158,True
0x15ac9d4fb9c30fca4fec2fdecde3fdace721f3ba,L2t,Sports / Tennis / type=tennis_match_totals,337,0.0097,0.012,3.16,0.997,0.0056,0.0137,True
0x15ac9d4fb9c30fca4fec2fdecde3fdace721f3ba,L1b,Sports / price=0.10-0.30,80,0.9033,0.7328,3.08,0.388,1.6326,0.1739,True
0x15ac9d4fb9c30fca4fec2fdecde3fdace721f3ba,L1b,Sports / price=0.30-0.50,154,0.3531,0.3184,3.49,0.545,0.5793,0.1268,True
0x15ac9d4fb9c30fca4fec2fdecde3fdace721f3ba,L2b,Sports / Soccer / price=0.10-0.30,49,1.3045,0.9412,3.24,0.449,2.1828,0.4613,True
0x15ac9d4fb9c30fca4fec2fdecde3fdace721f3ba,L2b,Sports / Soccer / price=0.30-0.50,99,0.349,0.299,2.74,0.535,0.6063,0.0969,True
0x15ac9d4fb9c30fca4fec2fdecde3fdace721f3ba,L2b,Sports / Other sport / price=0.50-0.70,56,0.3127,0.2439,3.08,0.75,0.4421,0.1834,True
0x15ac9d4fb9c30fca4fec2fdecde3fdace721f3ba,L2b,Sports / Tennis / price=0.70-0.90,30,0.1207,0.0928,2.12,0.933,0.1379,0.1035,True
0x15ac9d4fb9c30fca4fec2fdecde3fdace721f3ba,L2l,Sports / Soccer / live,2899,0.1062,0.1059,2.08,0.888,0.0767,0.1357,True
0x15ac9d4fb9c30fca4fec2fdecde3fdace721f3ba,L2l,Sports / Basketball / live,611,0.0162,0.0173,4.21,0.993,0.0155,0.0169,True
0xbd71233ab7a25bc420929cd67476219762f31281,L1,Sports,1683,0.2093,0.2093,4.63,0.393,0.1372,0.2814,True
0xbd71233ab7a25bc420929cd67476219762f31281,L2,Sports / Other sport,1683,0.2093,0.2093,4.63,0.393,0.1372,0.2814,True
0xbd71233ab7a25bc420929cd67476219762f31281,L3,Sports / Other sport / Guangzhou Daily Weather,108,0.522,0.4731,2.57,0.519,0.384,0.66,True
0xbd71233ab7a25bc420929cd67476219762f31281,L3,Sports / Other sport / Shanghai Daily Weather,157,0.4011,0.3794,3.17,0.535,0.3936,0.4085,True
0xbd71233ab7a25bc420929cd67476219762f31281,L2t,Sports / Other sport / type=binary,1683,0.2093,0.2093,4.63,0.393,0.1372,0.2814,True
0xbd71233ab7a25bc420929cd67476219762f31281,L1b,Sports / price=0.00-0.10,162,0.7109,0.6558,2.14,0.191,0.2473,1.1744,True
0xbd71233ab7a25bc420929cd67476219762f31281,L1b,Sports / price=0.10-0.30,819,0.1941,0.1945,3.19,0.295,0.1669,0.2212,True
0xbd71233ab7a25bc420929cd67476219762f31281,L1b,Sports / price=0.30-0.50,273,0.2582,0.2548,4.36,0.513,0.3197,0.1971,True
0xbd71233ab7a25bc420929cd67476219762f31281,L2b,Sports / Other sport / price=0.00-0.10,162,0.7109,0.6558,2.14,0.191,0.2473,1.1744,True
0xbd71233ab7a25bc420929cd67476219762f31281,L2b,Sports / Other sport / price=0.10-0.30,819,0.1941,0.1945,3.19,0.295,0.1669,0.2212,True
0xbd71233ab7a25bc420929cd67476219762f31281,L2b,Sports / Other sport / price=0.30-0.50,273,0.2582,0.2548,4.36,0.513,0.3197,0.1971,True
0xbd71233ab7a25bc420929cd67476219762f31281,L2l,Sports / Other sport / live,1653,0.1895,0.1898,4.41,0.394,0.1361,0.2428,True
0xdefdba677384e28a8c3e6e6fa6303a9e29193f9d,L1,Esports,58,0.139,0.1135,0.93,0.672,0.4741,-0.196,False
0xdefdba677384e28a8c3e6e6fa6303a9e29193f9d,L1,Sports,39,-0.0824,-0.0411,-0.64,0.564,0.0068,-0.1671,False
0xdefdba677384e28a8c3e6e6fa6303a9e29193f9d,L2,Esports / Esports,58,0.139,0.1135,0.93,0.672,0.4741,-0.196,False
0xdefdba677384e28a8c3e6e6fa6303a9e29193f9d,L3,Esports / Esports / League of Legends,35,0.4347,0.2909,2.06,0.829,0.5998,0.2788,True
0xdefdba677384e28a8c3e6e6fa6303a9e29193f9d,L3,Esports / Esports / Counter Strike,20,-0.3384,-0.1495,-1.88,0.4,-0.4948,-0.1819,False
0xdefdba677384e28a8c3e6e6fa6303a9e29193f9d,L2t,Esports / Esports / type=moneyline,58,0.139,0.1135,0.93,0.672,0.4741,-0.196,False
0xdefdba677384e28a8c3e6e6fa6303a9e29193f9d,L1b,Esports / price=0.50-0.70,28,0.0585,0.0505,0.4,0.643,0.4075,-0.2904,False
0xdefdba677384e28a8c3e6e6fa6303a9e29193f9d,L2b,Esports / Esports / price=0.50-0.70,28,0.0585,0.0505,0.4,0.643,0.4075,-0.2904,False
0xdefdba677384e28a8c3e6e6fa6303a9e29193f9d,L2l,Esports / Esports / pre,41,0.2613,0.1885,1.36,0.732,0.5519,-0.0154,False
0x6fd71fb2108bfb69b2cd6efc8c600dc4dfd31735,L1b,Sports / price=0.50-0.70,242,0.0996,0.0937,2.1,0.665,0.156,0.0432,True
0x6fd71fb2108bfb69b2cd6efc8c600dc4dfd31735,L2b,Sports / Tennis / price=0.50-0.70,241,0.1005,0.0945,2.11,0.668,0.1656,0.036,True
0x820a0e91fdf03907ff7d05d0145f9d326f16ca12,L1,Sports,449,0.4967,0.4966,2.26,0.434,0.0384,0.9529,True
0x820a0e91fdf03907ff7d05d0145f9d326f16ca12,L2t,Sports / Tennis / type=moneyline,273,0.9406,0.9102,2.66,0.454,0.1936,1.6822,True
0x820a0e91fdf03907ff7d05d0145f9d326f16ca12,L2l,Sports / Tennis / pre,102,2.5178,2.1862,2.75,0.422,0.4404,4.5953,True
0xeaa47d114cffe990a671bdad1199e6bebb0a5c82,L1b,Sports / price=0.30-0.50,101,0.238,0.2044,2.04,0.465,0.2605,0.216,True
0x2ada299aaaf27c806424ec6dcb0c169d1a9c2f28,L2t,Sports / Baseball / type=spreads,102,0.0102,0.0343,14.33,1.0,0.0126,0.0078,True
0xdc16718af9f04590b38a8e8aa32dedcd034740a5,L2,Sports / Basketball,46,0.3716,0.2437,2.58,0.674,0.5211,0.222,True
0xdc16718af9f04590b38a8e8aa32dedcd034740a5,L3,Sports / Basketball / NBA 2026,46,0.3716,0.2437,2.58,0.674,0.5211,0.222,True
0x5b45946c1ddec3ecd71a1ebcfca283af9967362b,L2b,Sports / Tennis / price=0.30-0.50,54,0.384,0.2683,2.12,0.537,0.4224,0.3457,True
0x6f3e7f25baa7d2d49e15e2d2957ff3dec62cbcf8,L3,Sports / Tennis / WTA,196,0.2086,0.1909,2.03,0.541,0.0719,0.3453,True
0xed2930d2be9d3d992cbd0acd6d0efca25d533024,L1b,Sports / price=0.10-0.30,276,0.211,0.2088,2.01,0.351,0.262,0.1601,True
0xe30172a60cda439db2b15b7c2cffe801ade38654,L1,Sports,2370,0.1803,0.1803,2.22,0.627,0.1962,0.1644,True
0xe30172a60cda439db2b15b7c2cffe801ade38654,L1b,Sports / price=0.10-0.30,318,0.329,0.3202,2.71,0.305,0.4972,0.1609,True
0xe30172a60cda439db2b15b7c2cffe801ade38654,L2b,Sports / Soccer / price=0.10-0.30,253,0.3593,0.3462,2.6,0.308,0.6062,0.1143,True
0xc9ccb64f093863a625122ed0dd2ce190c0c359de,L1,Sports,1509,0.3835,0.3835,3.89,0.744,0.2375,0.5293,True
0xc9ccb64f093863a625122ed0dd2ce190c0c359de,L2,Sports / Soccer,1173,0.3924,0.3923,3.15,0.739,0.1995,0.5851,True
0xc9ccb64f093863a625122ed0dd2ce190c0c359de,L2,Sports / Other sport,335,0.3563,0.3578,4.37,0.761,0.2786,0.4335,True
0xc9ccb64f093863a625122ed0dd2ce190c0c359de,L3,Sports / Soccer / Concacaf Nations League,51,0.6488,0.5742,2.63,0.882,0.5759,0.719,True
0xc9ccb64f093863a625122ed0dd2ce190c0c359de,L3,Sports / Other sport / Brazil Serie B,52,0.2587,0.2935,2.09,0.788,0.128,0.3895,True
0xc9ccb64f093863a625122ed0dd2ce190c0c359de,L3,Sports / Soccer / UEFA Nations League,236,0.1112,0.1325,3.1,0.737,0.0775,0.1448,True
0xc9ccb64f093863a625122ed0dd2ce190c0c359de,L2t,Sports / Soccer / type=totals,384,0.255,0.2614,3.2,0.693,0.2184,0.2916,True
0xc9ccb64f093863a625122ed0dd2ce190c0c359de,L2t,Sports / Soccer / type=spreads,96,0.4471,0.4362,4.24,0.792,0.2978,0.5963,True
0xc9ccb64f093863a625122ed0dd2ce190c0c359de,L2t,Sports / Soccer / type=moneyline,443,0.1196,0.131,3.54,0.736,0.136,0.1033,True
0xc9ccb64f093863a625122ed0dd2ce190c0c359de,L2t,Sports / Other sport / type=moneyline,138,0.1815,0.2071,3.44,0.783,0.1658,0.1972,True
0xc9ccb64f093863a625122ed0dd2ce190c0c359de,L1b,Sports / price=0.00-0.10,64,4.9863,3.8904,2.25,0.594,0.984,8.9885,True
0xc9ccb64f093863a625122ed0dd2ce190c0c359de,L1b,Sports / price=0.10-0.30,161,0.6362,0.6083,4.51,0.565,0.628,0.6442,True
0xc9ccb64f093863a625122ed0dd2ce190c0c359de,L1b,Sports / price=0.30-0.50,236,0.2622,0.2717,4.25,0.623,0.363,0.1614,True
0xc9ccb64f093863a625122ed0dd2ce190c0c359de,L1b,Sports / price=0.50-0.70,392,0.1307,0.143,4.7,0.74,0.1325,0.1288,True
0xc9ccb64f093863a625122ed0dd2ce190c0c359de,L1b,Sports / price=0.70-0.90,489,0.0817,0.0936,5.39,0.83,0.0883,0.0752,True
0xc9ccb64f093863a625122ed0dd2ce190c0c359de,L2b,Sports / Soccer / price=0.10-0.30,114,0.689,0.6435,4.27,0.605,0.5964,0.7816,True
0xc9ccb64f093863a625122ed0dd2ce190c0c359de,L2b,Sports / Other sport / price=0.30-0.50,53,0.4598,0.439,3.11,0.698,0.3546,0.5612,True
0xc9ccb64f093863a625122ed0dd2ce190c0c359de,L2b,Sports / Soccer / price=0.30-0.50,182,0.2116,0.2286,3.17,0.604,0.3442,0.079,True
0xc9ccb64f093863a625122ed0dd2ce190c0c359de,L2b,Sports / Other sport / price=0.50-0.70,84,0.2449,0.2716,4.48,0.833,0.3175,0.1723,True
0xc9ccb64f093863a625122ed0dd2ce190c0c359de,L2b,Sports / Soccer / price=0.50-0.70,308,0.0995,0.1169,3.12,0.714,0.0582,0.1409,True
0xc9ccb64f093863a625122ed0dd2ce190c0c359de,L2b,Sports / Soccer / price=0.70-0.90,387,0.0795,0.0944,4.68,0.832,0.0775,0.0815,True
0xc9ccb64f093863a625122ed0dd2ce190c0c359de,L2b,Sports / Other sport / price=0.70-0.90,102,0.0902,0.1383,2.69,0.824,0.1186,0.0617,True
0xc9ccb64f093863a625122ed0dd2ce190c0c359de,L2l,Sports / Soccer / live,1166,0.3931,0.393,3.13,0.738,0.1987,0.5876,True
0xc9ccb64f093863a625122ed0dd2ce190c0c359de,L2l,Sports / Other sport / live,335,0.3563,0.3578,4.37,0.761,0.2786,0.4335,True
0x80c052f2189288b94e732083facd93ee590dc4f6,L3,Sports / Other sport / Ankara Daily Weather,65,0.1956,0.1437,2.63,0.815,0.0956,0.2926,True
0xb964d7da165b76adc9bb0aede7595804f352033e,L1,Sports,960,0.2679,0.2679,2.41,0.537,0.236,0.2998,True
0xb964d7da165b76adc9bb0aede7595804f352033e,L2,Sports / Soccer,819,0.2713,0.2712,2.33,0.546,0.1606,0.3818,True
0xb964d7da165b76adc9bb0aede7595804f352033e,L1b,Sports / price=0.30-0.50,175,0.1775,0.1868,2.34,0.497,0.0911,0.263,True
0xb964d7da165b76adc9bb0aede7595804f352033e,L2b,Sports / Soccer / price=0.30-0.50,147,0.1959,0.2046,2.36,0.517,0.0286,0.361,True
0xb964d7da165b76adc9bb0aede7595804f352033e,L2b,Sports / Soccer / price=0.50-0.70,180,0.1152,0.1305,2.67,0.622,0.0958,0.1346,True
0xb964d7da165b76adc9bb0aede7595804f352033e,L2l,Sports / Soccer / live,816,0.2736,0.2735,2.34,0.548,0.1733,0.374,True
0xa797d6bd8fe6e404bb4d8e4ab3d97c38336fdede,L1,Sports,3405,0.2117,0.2117,9.85,0.496,0.1707,0.2527,True
0xa797d6bd8fe6e404bb4d8e4ab3d97c38336fdede,L2,Sports / Soccer,3279,0.2153,0.2153,9.67,0.496,0.1721,0.2586,True
0xa797d6bd8fe6e404bb4d8e4ab3d97c38336fdede,L2,Sports / Hockey,96,0.1359,0.149,2.81,0.49,0.2027,0.0691,True
0xa797d6bd8fe6e404bb4d8e4ab3d97c38336fdede,L3,Sports / Soccer / Liga MX 2025,505,0.2573,0.2556,4.49,0.43,0.1116,0.4025,True
0xa797d6bd8fe6e404bb4d8e4ab3d97c38336fdede,L3,Sports / Soccer / MLS 2025,858,0.1533,0.1546,6.74,0.494,0.1481,0.1585,True
0xa797d6bd8fe6e404bb4d8e4ab3d97c38336fdede,L3,Sports / Soccer / Premier League 2025,396,0.1919,0.1929,4.68,0.503,0.1335,0.2503,True
0xa797d6bd8fe6e404bb4d8e4ab3d97c38336fdede,L3,Sports / Soccer / Leagues Cup,133,0.2691,0.2617,2.28,0.549,0.3222,0.2169,True
0xa797d6bd8fe6e404bb4d8e4ab3d97c38336fdede,L3,Sports / Soccer / EFL Championship,166,0.2363,0.2337,4.21,0.482,0.2823,0.1902,True
0xa797d6bd8fe6e404bb4d8e4ab3d97c38336fdede,L3,Sports / Soccer / La Liga 2025,303,0.1497,0.1536,3.55,0.475,0.0806,0.2184,True
0xa797d6bd8fe6e404bb4d8e4ab3d97c38336fdede,L3,Sports / Soccer / EFL Cup,99,0.2726,0.2624,4.58,0.626,0.3211,0.225,True
0xa797d6bd8fe6e404bb4d8e4ab3d97c38336fdede,L3,Sports / Soccer / Serie A 2025,68,0.2699,0.2567,2.6,0.632,0.3301,0.2096,True
0xa797d6bd8fe6e404bb4d8e4ab3d97c38336fdede,L3,Sports / Soccer / UEFA Champions League 2025,133,0.1702,0.1756,3.28,0.624,0.1206,0.219,True
0xa797d6bd8fe6e404bb4d8e4ab3d97c38336fdede,L3,Sports / Hockey / NHL 2026,96,0.1359,0.149,2.81,0.49,0.2027,0.0691,True
0xa797d6bd8fe6e404bb4d8e4ab3d97c38336fdede,L3,Sports / Soccer / Ligue 1 2025,64,0.1606,0.1728,2.98,0.562,0.2137,0.1075,True
0xa797d6bd8fe6e404bb4d8e4ab3d97c38336fdede,L2t,Sports / Soccer / type=totals,777,0.276,0.2744,8.86,0.647,0.2554,0.2966,True
0xa797d6bd8fe6e404bb4d8e4ab3d97c38336fdede,L2t,Sports / Soccer / type=moneyline,1848,0.1272,0.1281,7.5,0.432,0.121,0.1333,True
0xa797d6bd8fe6e404bb4d8e4ab3d97c38336fdede,L2t,Sports / Soccer / type=spreads,370,0.2728,0.2697,3.67,0.535,0.1656,0.38,True
0xa797d6bd8fe6e404bb4d8e4ab3d97c38336fdede,L2t,Sports / Soccer / type=first_half_totals,120,0.4619,0.4262,3.53,0.45,0.4035,0.5203,True
0xa797d6bd8fe6e404bb4d8e4ab3d97c38336fdede,L1b,Sports / price=0.10-0.30,518,0.5265,0.5148,7.62,0.402,0.4682,0.5849,True
0xa797d6bd8fe6e404bb4d8e4ab3d97c38336fdede,L1b,Sports / price=0.00-0.10,124,1.1378,1.0092,2.38,0.403,0.4934,1.7822,True
0xa797d6bd8fe6e404bb4d8e4ab3d97c38336fdede,L1b,Sports / price=0.30-0.50,689,0.2345,0.2338,10.27,0.478,0.2145,0.2544,True
0xa797d6bd8fe6e404bb4d8e4ab3d97c38336fdede,L1b,Sports / price=0.50-0.70,681,0.1288,0.1312,9.18,0.486,0.1141,0.1436,True
0xa797d6bd8fe6e404bb4d8e4ab3d97c38336fdede,L1b,Sports / price=0.70-0.90,1086,0.0495,0.0525,8.99,0.494,0.0456,0.0535,True
0xa797d6bd8fe6e404bb4d8e4ab3d97c38336fdede,L2b,Sports / Soccer / price=0.10-0.30,506,0.5445,0.5319,7.72,0.407,0.4861,0.603,True
0xa797d6bd8fe6e404bb4d8e4ab3d97c38336fdede,L2b,Sports / Soccer / price=0.00-0.10,121,1.1839,1.0461,2.42,0.413,0.4918,1.8647,True
0xa797d6bd8fe6e404bb4d8e4ab3d97c38336fdede,L2b,Sports / Soccer / price=0.30-0.50,647,0.236,0.2353,10.01,0.479,0.2128,0.2592,True
0xa797d6bd8fe6e404bb4d8e4ab3d97c38336fdede,L2b,Sports / Soccer / price=0.50-0.70,639,0.1235,0.1262,8.48,0.484,0.0996,0.1472,True
0xa797d6bd8fe6e404bb4d8e4ab3d97c38336fdede,L2b,Sports / Soccer / price=0.70-0.90,1065,0.0488,0.0518,8.73,0.49,0.045,0.0527,True
0xa797d6bd8fe6e404bb4d8e4ab3d97c38336fdede,L2b,Sports / Hockey / price=0.30-0.50,34,0.2986,0.2665,2.98,0.5,0.3928,0.2044,True
0xa797d6bd8fe6e404bb4d8e4ab3d97c38336fdede,L2b,Sports / Hockey / price=0.50-0.70,33,0.1637,0.1819,3.01,0.455,0.2003,0.1292,True
0xa797d6bd8fe6e404bb4d8e4ab3d97c38336fdede,L2l,Sports / Soccer / live,2032,0.3047,0.3038,8.64,0.574,0.2323,0.3771,True
0xa797d6bd8fe6e404bb4d8e4ab3d97c38336fdede,L2l,Sports / Soccer / pre,1247,0.0697,0.072,7.14,0.367,0.0736,0.0659,True
0xa797d6bd8fe6e404bb4d8e4ab3d97c38336fdede,L2l,Sports / Hockey / live,59,0.203,0.2053,2.8,0.644,0.3078,0.1017,True
0xfbc2fcfc2929a2701d11a87b0797a96d0c3f514c,L2t,Esports / Esports / type=child_moneyline,838,0.1175,0.1166,2.12,0.49,0.1609,0.074,True
0xfbc2fcfc2929a2701d11a87b0797a96d0c3f514c,L1b,Esports / price=0.10-0.30,289,0.3019,0.2876,2.13,0.249,0.2294,0.374,True
0xfbc2fcfc2929a2701d11a87b0797a96d0c3f514c,L2b,Esports / Esports / price=0.10-0.30,289,0.3019,0.2876,2.13,0.249,0.2294,0.374,True
0x984ffef12a23e7af5e2cef8e3283e0ab6a6e9a43,L1,Sports,172,0.257,0.2478,2.97,0.645,0.2321,0.2819,True
0x984ffef12a23e7af5e2cef8e3283e0ab6a6e9a43,L2,Sports / Soccer,149,0.2995,0.284,3.13,0.671,0.2471,0.3512,True
0x984ffef12a23e7af5e2cef8e3283e0ab6a6e9a43,L3,Sports / Soccer / Counter Strike,134,0.2965,0.2799,3.15,0.694,0.2679,0.3251,True
0x984ffef12a23e7af5e2cef8e3283e0ab6a6e9a43,L3,Esports / Esports / Counter Strike,151,0.1591,0.1602,2.2,0.642,0.261,0.0585,True
0x984ffef12a23e7af5e2cef8e3283e0ab6a6e9a43,L2t,Sports / Soccer / type=moneyline,140,0.3272,0.3074,3.28,0.686,0.3056,0.3489,True
0x984ffef12a23e7af5e2cef8e3283e0ab6a6e9a43,L1b,Sports / price=0.30-0.50,56,0.2953,0.2619,2.06,0.625,0.175,0.4156,True
0x984ffef12a23e7af5e2cef8e3283e0ab6a6e9a43,L1b,Sports / price=0.50-0.70,69,0.1976,0.191,2.21,0.696,0.271,0.1263,True
0x984ffef12a23e7af5e2cef8e3283e0ab6a6e9a43,L1b,Esports / price=0.70-0.90,37,0.1194,0.1366,2.1,0.811,0.1056,0.1325,True
0x984ffef12a23e7af5e2cef8e3283e0ab6a6e9a43,L2b,Sports / Soccer / price=0.30-0.50,49,0.3352,0.2869,2.18,0.653,0.1378,0.5247,True
0x984ffef12a23e7af5e2cef8e3283e0ab6a6e9a43,L2b,Sports / Soccer / price=0.50-0.70,58,0.2225,0.2086,2.34,0.707,0.3132,0.1317,True
0x984ffef12a23e7af5e2cef8e3283e0ab6a6e9a43,L2l,Sports / Soccer / pre,73,0.4618,0.3987,3.36,0.699,0.311,0.6084,True
0x984ffef12a23e7af5e2cef8e3283e0ab6a6e9a43,L2l,Esports / Esports / live,114,0.2068,0.2011,2.41,0.667,0.3638,0.0499,True
0xf82956950383b7587bebccf677a4d20d5a1e0688,L1,Sports,466,0.2221,0.2222,2.25,0.343,0.213,0.2311,True
0xf82956950383b7587bebccf677a4d20d5a1e0688,L3,Sports / Other sport / Elon Tweets,155,0.3223,0.3112,2.13,0.406,0.3423,0.3026,True
0xf82956950383b7587bebccf677a4d20d5a1e0688,L1b,Sports / price=0.00-0.10,146,0.5598,0.5195,2.4,0.349,0.2949,0.8247,True
0xf82956950383b7587bebccf677a4d20d5a1e0688,L2b,Sports / Other sport / price=0.00-0.10,119,0.5818,0.5304,2.44,0.37,0.3444,0.8151,True
0xdb20cd244a681b36635f6210778ab07d12ab830e,L1,Sports,469,0.0664,0.0657,2.5,0.785,0.07,0.0627,True
0xdb20cd244a681b36635f6210778ab07d12ab830e,L2,Sports / American Football,63,0.1492,0.1251,2.28,0.841,0.2027,0.0973,True
0xdb20cd244a681b36635f6210778ab07d12ab830e,L3,Sports / American Football / CFB 2026,38,0.1619,0.1231,2.11,0.868,0.2042,0.1197,True
0xdb20cd244a681b36635f6210778ab07d12ab830e,L1b,Sports / price=0.70-0.90,297,0.0578,0.0572,2.03,0.828,0.0474,0.0681,True
0xdb20cd244a681b36635f6210778ab07d12ab830e,L2l,Sports / American Football / live,63,0.1492,0.1251,2.28,0.841,0.2027,0.0973,True
0xca0d1ccaedc283529132105cbad69589669cc3de,L1,Sports,439,0.0572,0.0565,2.08,0.781,0.0585,0.0559,True
0xca0d1ccaedc283529132105cbad69589669cc3de,L1b,Sports / price=0.70-0.90,278,0.0833,0.0805,2.99,0.849,0.0765,0.0901,True
0xca0d1ccaedc283529132105cbad69589669cc3de,L2b,Sports / Soccer / price=0.70-0.90,30,0.1855,0.1278,3.04,0.933,0.1008,0.2701,True
0x1920c8e8d09e99f8e526c4e2185e24cf3c6b1bfd,L1,Sports,412,0.0623,0.0614,2.21,0.784,0.0703,0.0544,True
0x1920c8e8d09e99f8e526c4e2185e24cf3c6b1bfd,L2,Sports / American Football,66,0.1598,0.1328,2.54,0.848,0.2211,0.0985,True
0x1920c8e8d09e99f8e526c4e2185e24cf3c6b1bfd,L3,Sports / American Football / CFB 2026,41,0.1783,0.1341,2.48,0.878,0.2179,0.1406,True
0x1920c8e8d09e99f8e526c4e2185e24cf3c6b1bfd,L1b,Sports / price=0.70-0.90,260,0.0724,0.0703,2.47,0.842,0.0366,0.1082,True
0x1920c8e8d09e99f8e526c4e2185e24cf3c6b1bfd,L2l,Sports / American Football / live,66,0.1598,0.1328,2.54,0.848,0.2211,0.0985,True
0x172fd932f161c1b1cf517f853d1c6194fba07cb6,L2,Sports / American Football,64,0.1566,0.1286,2.41,0.844,0.2083,0.1049,True
0x172fd932f161c1b1cf517f853d1c6194fba07cb6,L3,Sports / American Football / CFB 2026,40,0.1792,0.1325,2.43,0.875,0.2206,0.1378,True
0x172fd932f161c1b1cf517f853d1c6194fba07cb6,L1b,Sports / price=0.70-0.90,273,0.0601,0.0586,2.05,0.832,0.0445,0.0755,True
0x172fd932f161c1b1cf517f853d1c6194fba07cb6,L2b,Sports / Soccer / price=0.70-0.90,32,0.1514,0.1083,2.21,0.906,0.1317,0.1711,True
0x172fd932f161c1b1cf517f853d1c6194fba07cb6,L2l,Sports / American Football / live,64,0.1566,0.1286,2.41,0.844,0.2083,0.1049,True
0xc01e01734715756f489c6c8106062e34d66f2ded,L2,Sports / American Football,65,0.1525,0.1252,2.4,0.846,0.2094,0.0974,True
0xc01e01734715756f489c6c8106062e34d66f2ded,L3,Sports / American Football / CFB 2026,40,0.1687,0.1246,2.31,0.875,0.2149,0.1225,True
0xc01e01734715756f489c6c8106062e34d66f2ded,L1b,Sports / price=0.70-0.90,268,0.0707,0.0684,2.43,0.84,0.0344,0.1071,True
0xc01e01734715756f489c6c8106062e34d66f2ded,L2l,Sports / American Football / live,65,0.1525,0.1252,2.4,0.846,0.2094,0.0974,True
0x6aff3127075a1f6796ecb1d2b72465ab370fb3ba,L1,Sports,425,0.0739,0.0733,2.68,0.791,0.0876,0.0604,True
0x6aff3127075a1f6796ecb1d2b72465ab370fb3ba,L2,Sports / American Football,65,0.1543,0.1319,2.42,0.846,0.2145,0.096,True
0x6aff3127075a1f6796ecb1d2b72465ab370fb3ba,L3,Sports / American Football / CFB 2026,40,0.1702,0.1331,2.32,0.875,0.2229,0.1175,True
0x6aff3127075a1f6796ecb1d2b72465ab370fb3ba,L1b,Sports / price=0.70-0.90,269,0.0787,0.0774,2.74,0.844,0.0463,0.1109,True
0x6aff3127075a1f6796ecb1d2b72465ab370fb3ba,L2b,Sports / Soccer / price=0.70-0.90,33,0.2041,0.1493,3.63,0.939,0.1219,0.2815,True
0x6aff3127075a1f6796ecb1d2b72465ab370fb3ba,L2l,Sports / American Football / live,65,0.1543,0.1319,2.42,0.846,0.2145,0.096,True
0xf11bd34bc1d3906c21774195b1da00b9ee8609cf,L1,Sports,493,0.0576,0.0569,2.21,0.779,0.0428,0.0723,True
0xf11bd34bc1d3906c21774195b1da00b9ee8609cf,L2,Sports / American Football,63,0.1529,0.126,2.33,0.841,0.2169,0.091,True
0xf11bd34bc1d3906c21774195b1da00b9ee8609cf,L3,Sports / American Football / CFB 2026,39,0.1734,0.1286,2.3,0.872,0.2263,0.1232,True
0xf11bd34bc1d3906c21774195b1da00b9ee8609cf,L1b,Sports / price=0.70-0.90,308,0.0651,0.0637,2.37,0.834,0.032,0.0982,True
0xf11bd34bc1d3906c21774195b1da00b9ee8609cf,L2b,Sports / Soccer / price=0.70-0.90,34,0.1563,0.1137,2.43,0.912,0.1329,0.1796,True
0xf11bd34bc1d3906c21774195b1da00b9ee8609cf,L2l,Sports / American Football / live,63,0.1529,0.126,2.33,0.841,0.2169,0.091,True
0x9bddc25b7e921dd1e28aa14f3657dd7a0a61d7fc,L1,Sports,495,0.066,0.0653,2.57,0.786,0.0563,0.0757,True
0x9bddc25b7e921dd1e28aa14f3657dd7a0a61d7fc,L2,Sports / American Football,66,0.1554,0.1305,2.48,0.848,0.2205,0.0903,True
0x9bddc25b7e921dd1e28aa14f3657dd7a0a61d7fc,L3,Sports / American Football / CFB 2026,41,0.1711,0.1309,2.39,0.878,0.2212,0.1233,True
0x9bddc25b7e921dd1e28aa14f3657dd7a0a61d7fc,L1b,Sports / price=0.70-0.90,312,0.0683,0.0671,2.51,0.837,0.0411,0.0954,True
0x9bddc25b7e921dd1e28aa14f3657dd7a0a61d7fc,L2b,Sports / Soccer / price=0.70-0.90,39,0.1768,0.1333,3.12,0.923,0.1513,0.201,True
0x9bddc25b7e921dd1e28aa14f3657dd7a0a61d7fc,L2b,Sports / American Football / price=0.70-0.90,44,0.1372,0.1095,2.17,0.886,0.0551,0.2194,True
0x9bddc25b7e921dd1e28aa14f3657dd7a0a61d7fc,L2l,Sports / American Football / live,66,0.1554,0.1305,2.48,0.848,0.2205,0.0903,True
0xa08f4c343f6f33711afc09f1f542a9b43d948377,L1,Sports,469,0.0731,0.0724,2.79,0.791,0.0546,0.0916,True
0xa08f4c343f6f33711afc09f1f542a9b43d948377,L2,Sports / American Football,63,0.1485,0.126,2.27,0.841,0.1956,0.103,True
0xa08f4c343f6f33711afc09f1f542a9b43d948377,L3,Sports / American Football / CFB 2026,39,0.1671,0.1291,2.23,0.872,0.1995,0.1363,True
0xa08f4c343f6f33711afc09f1f542a9b43d948377,L1b,Sports / price=0.70-0.90,299,0.0665,0.0658,2.4,0.836,0.0309,0.1019,True
0xa08f4c343f6f33711afc09f1f542a9b43d948377,L2b,Sports / Soccer / price=0.70-0.90,30,0.179,0.1295,2.95,0.933,0.1127,0.2453,True
0xa08f4c343f6f33711afc09f1f542a9b43d948377,L2l,Sports / American Football / live,63,0.1485,0.126,2.27,0.841,0.1956,0.103,True
0xd93e37dafe1aec2a6ef2ba5c20629c3d25947434,L2b,Sports / Soccer / price=0.70-0.90,59,0.1749,0.1061,3.39,0.864,0.1578,0.1914,True
0x37ed8ec9298447d50239f6e952fae79234aa4030,L1,Sports,421,0.0723,0.0718,2.54,0.779,0.0713,0.0734,True
0x37ed8ec9298447d50239f6e952fae79234aa4030,L1b,Sports / price=0.70-0.90,248,0.0695,0.0688,2.2,0.827,0.0353,0.1038,True
0x6f65987ea8cf1cc57eff6752effcf50e5d68b566,L3,Sports / Soccer / UEFA Nations League,35,0.3834,0.2568,2.06,0.629,0.4031,0.3647,True
0x6f65987ea8cf1cc57eff6752effcf50e5d68b566,L2b,Sports / Basketball / price=0.50-0.70,30,0.3703,0.2363,2.6,0.767,0.2952,0.4453,True
0x591d13b5d39d33c4a8cac4a3a7a7a75b60a0f4df,L1b,Esports / price=0.10-0.30,61,0.6555,0.4977,2.17,0.361,0.7289,0.5844,True
0x091adeb67d789c0148ab5f6195b536c5c9dc8287,L2,Sports / Baseball,266,0.1459,0.1373,2.27,0.575,0.0772,0.2146,True
0x091adeb67d789c0148ab5f6195b536c5c9dc8287,L3,Sports / Baseball / MLB,265,0.141,0.1327,2.19,0.574,0.0669,0.2146,True
0x091adeb67d789c0148ab5f6195b536c5c9dc8287,L1b,Esports / price=0.70-0.90,60,0.1147,0.0916,2.08,0.867,0.1133,0.1161,True
0x091adeb67d789c0148ab5f6195b536c5c9dc8287,L2b,Esports / Esports / price=0.70-0.90,60,0.1147,0.0916,2.08,0.867,0.1133,0.1161,True
0x091adeb67d789c0148ab5f6195b536c5c9dc8287,L2l,Sports / Baseball / pre,204,0.168,0.155,2.33,0.583,0.2231,0.1129,True
0x091adeb67d789c0148ab5f6195b536c5c9dc8287,L2l,Sports / MMA/Boxing / pre,53,0.2082,0.1573,2.16,0.792,0.2851,0.1342,True
0x1549ae307a974fdbbb65ed56532dcc45edf62956,L3,Sports / Tennis / ATP,195,0.0821,0.0768,2.0,0.785,0.0579,0.1061,True
0x72d09b3f3f5fd69566f8026433ac01c02ad4c89b,L2,Sports / Tennis,1125,0.0214,0.021,2.64,0.99,0.036,0.0069,True
0x72d09b3f3f5fd69566f8026433ac01c02ad4c89b,L3,Sports / Tennis / ATP Doubles,51,0.0197,0.0137,6.51,1.0,0.0096,0.0295,True
0x72d09b3f3f5fd69566f8026433ac01c02ad4c89b,L3,Sports / Soccer / Taca de Portugal,156,0.0076,0.0065,4.04,1.0,0.0013,0.0138,True
0x72d09b3f3f5fd69566f8026433ac01c02ad4c89b,L3,Sports / Tennis / ITF,432,0.0027,0.0025,10.73,1.0,0.0019,0.0034,True
0x72d09b3f3f5fd69566f8026433ac01c02ad4c89b,L3,Sports / Soccer / Primera Nacional,123,0.0026,0.002,4.83,1.0,0.001,0.0041,True
0x72d09b3f3f5fd69566f8026433ac01c02ad4c89b,L3,Sports / Other sport / Netherlands Eerste Divisie,109,0.0021,0.0015,2.08,1.0,0.001,0.0032,True
0x72d09b3f3f5fd69566f8026433ac01c02ad4c89b,L3,Sports / Soccer / Primera División (Venezuela),46,0.004,0.0022,2.02,1.0,0.001,0.0069,True
0x72d09b3f3f5fd69566f8026433ac01c02ad4c89b,L3,Sports / Soccer / Austria Bundesliga 2026,96,0.0017,0.0011,2.55,1.0,0.001,0.0023,True
0x72d09b3f3f5fd69566f8026433ac01c02ad4c89b,L3,Sports / Other sport / Turkey 1. Lig,58,0.0023,0.0012,3.27,1.0,0.0011,0.0034,True
0x72d09b3f3f5fd69566f8026433ac01c02ad4c89b,L3,Sports / Soccer / League One,73,0.0017,0.001,2.42,1.0,0.001,0.0024,True
0x72d09b3f3f5fd69566f8026433ac01c02ad4c89b,L3,Sports / Soccer / EFL Cup,47,0.0024,0.0012,2.21,1.0,0.0011,0.0037,True
0x72d09b3f3f5fd69566f8026433ac01c02ad4c89b,L3,Sports / Other sport / Japan J2 League,113,0.0012,0.0007,6.83,1.0,0.001,0.0013,True
0x72d09b3f3f5fd69566f8026433ac01c02ad4c89b,L3,Sports / Soccer / EFL Championship,69,0.0016,0.0008,3.47,1.0,0.001,0.0021,True
0x72d09b3f3f5fd69566f8026433ac01c02ad4c89b,L3,Sports / Soccer / National League,83,0.0012,0.0007,8.0,1.0,0.001,0.0015,True
0x72d09b3f3f5fd69566f8026433ac01c02ad4c89b,L3,Sports / Other sport / Bulgaria Parva Liga 2026,68,0.0014,0.0007,4.53,1.0,0.001,0.0018,True
0x72d09b3f3f5fd69566f8026433ac01c02ad4c89b,L3,Sports / Soccer / League Two,91,0.0011,0.0006,11.06,1.0,0.0012,0.001,True
0x72d09b3f3f5fd69566f8026433ac01c02ad4c89b,L3,Sports / Soccer / Israel Premier League 2026,56,0.0015,0.0007,3.97,1.0,0.001,0.002,True
0x72d09b3f3f5fd69566f8026433ac01c02ad4c89b,L3,Sports / Soccer / Primera División (Uruguay),64,0.0012,0.0005,8.22,1.0,0.001,0.0013,True
0x72d09b3f3f5fd69566f8026433ac01c02ad4c89b,L3,Sports / Soccer / Premier League (Kazakhstan),50,0.0014,0.0005,3.58,1.0,0.001,0.0018,True
0x72d09b3f3f5fd69566f8026433ac01c02ad4c89b,L3,Sports / Other sport / Superettan,59,0.0012,0.0004,9.32,1.0,0.001,0.0013,True
0x72d09b3f3f5fd69566f8026433ac01c02ad4c89b,L3,Sports / Other sport / Slovenia PrvaLiga 2026,53,0.0012,0.0004,7.57,1.0,0.001,0.0013,True
0x72d09b3f3f5fd69566f8026433ac01c02ad4c89b,L3,Sports / Tennis / Belgium Challenger Pro League,51,0.0012,0.0004,6.61,1.0,0.001,0.0014,True
0x72d09b3f3f5fd69566f8026433ac01c02ad4c89b,L3,Sports / Other sport / Virslīga,39,0.0014,0.0004,3.89,1.0,0.001,0.0019,True
0x72d09b3f3f5fd69566f8026433ac01c02ad4c89b,L3,Sports / Soccer / Saudi Professional League,36,0.0016,0.0004,2.99,1.0,0.001,0.0022,True
0x72d09b3f3f5fd69566f8026433ac01c02ad4c89b,L3,Sports / Other sport / Poland Ekstraklasa,42,0.001,0.0002,38.49,1.0,0.001,0.001,True
0x72d09b3f3f5fd69566f8026433ac01c02ad4c89b,L3,Sports / Other sport / Liga 1,33,0.0013,0.0002,3.96,1.0,0.001,0.0017,True
0x72d09b3f3f5fd69566f8026433ac01c02ad4c89b,L3,Sports / Other sport / Serie B,41,0.001,0.0001,33.77,1.0,0.001,0.001,True
0x72d09b3f3f5fd69566f8026433ac01c02ad4c89b,L3,Sports / Soccer / Primera B (Colombia),37,0.0011,0.0001,19.44,1.0,0.001,0.0011,True
0x72d09b3f3f5fd69566f8026433ac01c02ad4c89b,L2t,Sports / Tennis / type=tennis_set_winner,115,0.0114,0.0094,2.11,1.0,0.0037,0.0189,True
0x72d09b3f3f5fd69566f8026433ac01c02ad4c89b,L2t,Sports / Tennis / type=tennis_first_set_winner,110,0.0047,0.0037,5.9,1.0,0.0026,0.0067,True
0x72d09b3f3f5fd69566f8026433ac01c02ad4c89b,L2t,Sports / Tennis / type=tennis_set_handicap,124,0.0022,0.0016,6.95,1.0,0.0014,0.0029,True
0x72d09b3f3f5fd69566f8026433ac01c02ad4c89b,L2t,Sports / Other sport / type=spreads,167,0.0012,0.0009,13.23,1.0,0.001,0.0013,True
0x72d09b3f3f5fd69566f8026433ac01c02ad4c89b,L2t,Sports / Other sport / type=first_half_totals,43,0.001,0.0002,43.91,1.0,0.001,0.001,True
0x72d09b3f3f5fd69566f8026433ac01c02ad4c89b,L2l,Sports / Tennis / live,1007,0.0213,0.0208,2.69,0.997,0.0374,0.0052,True
0xd747a46bb894b8dcd648bcee9008c35f80fb076c,L2t,Esports / Esports / type=moneyline,31,0.6122,0.4231,2.65,0.71,0.7428,0.4897,True
0x2f578e983bfce63208b317f36d531e7af9483e7a,L2t,Esports / Esports / type=moneyline,421,0.1056,0.101,2.7,0.608,0.1454,0.0659,True
0x26bdb15bb23ad00ad01d9927576edc5882f7e53b,L1,Other,39,0.3763,0.2459,3.32,0.744,0.6002,0.1636,True
0x26bdb15bb23ad00ad01d9927576edc5882f7e53b,L2,Other / ?,39,0.3763,0.2459,3.32,0.744,0.6002,0.1636,True
0x26bdb15bb23ad00ad01d9927576edc5882f7e53b,L3,Other / ? / ?,39,0.3763,0.2459,3.32,0.744,0.6002,0.1636,True
0x26bdb15bb23ad00ad01d9927576edc5882f7e53b,L2t,Other / ? / type=binary,39,0.3763,0.2459,3.32,0.744,0.6002,0.1636,True
0x56307c17d1ec9048e1747811fd9ef032c3f86ca8,L2l,Sports / Other sport / pre,72,0.1727,0.1394,2.91,0.764,0.1065,0.239,True
0x5fe79a73af0a8ad6a83d89256026b14f35981ea9,L2,Politics / Trump,50,0.1202,0.1376,2.02,0.96,0.2195,0.021,True
0x5fe79a73af0a8ad6a83d89256026b14f35981ea9,L3,Politics / Trump / Trump Post Weekly,49,0.1431,0.1541,2.55,0.98,0.2703,0.021,True
0x5fe79a73af0a8ad6a83d89256026b14f35981ea9,L2t,Politics / Trump / type=binary,50,0.1202,0.1376,2.02,0.96,0.2195,0.021,True
0x5fe79a73af0a8ad6a83d89256026b14f35981ea9,L1b,Sports / price=0.30-0.50,58,0.3187,0.2834,2.31,0.552,0.1964,0.4409,True
0x5fe79a73af0a8ad6a83d89256026b14f35981ea9,L1b,Sports / price=0.50-0.70,100,0.1777,0.1782,2.72,0.66,0.1596,0.1958,True
0x5fe79a73af0a8ad6a83d89256026b14f35981ea9,L1b,Sports / price=0.70-0.90,182,0.0669,0.0782,2.38,0.83,0.0374,0.0964,True
0x5fe79a73af0a8ad6a83d89256026b14f35981ea9,L2b,Sports / Other sport / price=0.30-0.50,58,0.3187,0.2834,2.31,0.552,0.1964,0.4409,True
0x5fe79a73af0a8ad6a83d89256026b14f35981ea9,L2b,Sports / Other sport / price=0.50-0.70,96,0.1885,0.1872,2.9,0.667,0.2063,0.1708,True
0x5fe79a73af0a8ad6a83d89256026b14f35981ea9,L2b,Sports / Other sport / price=0.70-0.90,178,0.0846,0.0944,3.16,0.843,0.0753,0.0939,True
0x52ecea7b3159f09db589e4f4ee64872fd0bba6f3,L1b,Esports / price=0.10-0.30,569,0.1852,0.1801,2.04,0.251,0.2397,0.1309,True
0x52ecea7b3159f09db589e4f4ee64872fd0bba6f3,L2b,Esports / Esports / price=0.10-0.30,569,0.1852,0.1801,2.04,0.251,0.2397,0.1309,True
0x6a4c1fa7ce4d6f99d733e27c70effe3b36c6068a,L1b,Esports / price=0.70-0.90,69,0.1376,0.1078,3.83,0.87,0.1174,0.1571,True
0x6a4c1fa7ce4d6f99d733e27c70effe3b36c6068a,L2b,Esports / Esports / price=0.70-0.90,69,0.1376,0.1078,3.83,0.87,0.1174,0.1571,True
0x4c104e61febf3944fcfc05ee94551b815ffdb6a4,L1,Other,86,0.2375,0.1874,2.39,0.512,0.1656,0.3095,True
0x4c104e61febf3944fcfc05ee94551b815ffdb6a4,L2,Other / ?,86,0.2375,0.1874,2.39,0.512,0.1656,0.3095,True
0x4c104e61febf3944fcfc05ee94551b815ffdb6a4,L3,Other / ? / ?,86,0.2375,0.1874,2.39,0.512,0.1656,0.3095,True
0x4c104e61febf3944fcfc05ee94551b815ffdb6a4,L2t,Other / ? / type=binary,86,0.2375,0.1874,2.39,0.512,0.1656,0.3095,True
0x4c104e61febf3944fcfc05ee94551b815ffdb6a4,L1b,Other / price=0.30-0.50,45,0.3145,0.2091,2.24,0.467,0.3327,0.2971,True
0x4c104e61febf3944fcfc05ee94551b815ffdb6a4,L2b,Other / ? / price=0.30-0.50,45,0.3145,0.2091,2.24,0.467,0.3327,0.2971,True
0x4c104e61febf3944fcfc05ee94551b815ffdb6a4,L2l,Sports / American Football / live,34,0.4014,0.2423,2.5,0.647,0.0313,0.7714,True
0x8b89ce7ad40bd55b035d1a15e2f16af87ee19f72,L1,Other,34,0.937,0.6046,4.54,0.735,0.6408,1.2332,True
0x8b89ce7ad40bd55b035d1a15e2f16af87ee19f72,L2,Other / ?,34,0.937,0.6046,4.54,0.735,0.6408,1.2332,True
0x8b89ce7ad40bd55b035d1a15e2f16af87ee19f72,L3,Other / ? / ?,34,0.937,0.6046,4.54,0.735,0.6408,1.2332,True
0x8b89ce7ad40bd55b035d1a15e2f16af87ee19f72,L2t,Other / ? / type=binary,34,0.937,0.6046,4.54,0.735,0.6408,1.2332,True
0xa1cce6ea8c929c91ee4b9c78a57b11115d7f6171,L1b,Sports / price=0.50-0.70,155,0.1389,0.1281,2.92,0.606,0.1881,0.0903,True
0xa1cce6ea8c929c91ee4b9c78a57b11115d7f6171,L2b,Sports / Other sport / price=0.50-0.70,155,0.1389,0.1281,2.92,0.606,0.1881,0.0903,True
0x0dadbeac5f88b4fbd8c532cd1dc4fb1c8dd64855,L2t,Sports / Baseball / type=baseball_player_strikeouts,35,0.3714,0.2426,2.46,0.714,0.4769,0.2716,True
0x06778506d3e6fd8b7a9d7a70e05ea6ba7fa02a28,L1,Other,31,2.7968,1.6537,2.61,0.548,3.6904,1.959,True
0xa4b7b1814b0da33f2b61be4939976898aa476008,L1b,Sports / price=0.30-0.50,297,0.198,0.1872,2.66,0.478,0.2802,0.1164,True
0xad0be253358a44cefbee8ab5edfb9a85790da514,L1,Other,58,1.2439,0.9438,9.96,0.897,1.1397,1.348,True
0xad0be253358a44cefbee8ab5edfb9a85790da514,L2,Other / ?,58,1.2439,0.9438,9.96,0.897,1.1397,1.348,True
0xad0be253358a44cefbee8ab5edfb9a85790da514,L3,Other / ? / ?,58,1.2439,0.9438,9.96,0.897,1.1397,1.348,True
0xad0be253358a44cefbee8ab5edfb9a85790da514,L2t,Other / ? / type=binary,58,1.2439,0.9438,9.96,0.897,1.1397,1.348,True
0xad0be253358a44cefbee8ab5edfb9a85790da514,L1b,Other / price=0.30-0.50,38,1.2194,0.8244,9.09,0.868,1.1237,1.3151,True
0xad0be253358a44cefbee8ab5edfb9a85790da514,L2b,Other / ? / price=0.30-0.50,38,1.2194,0.8244,9.09,0.868,1.1237,1.3151,True
0x6bc5d4869bc65e55eec9a1e46d69f2edeb6e33d3,L3,Crypto / Ethereum / Ethereum Multi Strikes Hourly,401,0.0088,0.0118,2.02,0.988,0.0059,0.0117,True
0x6bc5d4869bc65e55eec9a1e46d69f2edeb6e33d3,L3,Sports / Other sport / London Daily Lowest Temperature,35,0.0154,0.0362,4.63,1.0,0.0191,0.0119,True
0x300b4292912c123066a380a344b505b0f353f636,L2t,Sports / Soccer / type=totals,39,0.3292,0.2306,2.67,0.744,0.5262,0.142,True
0xd5bf2e7a0871eccfecf7dc315deca1326d54f0cc,L1,Sports,1971,0.3355,0.3354,12.72,0.683,0.2389,0.432,True
0xd5bf2e7a0871eccfecf7dc315deca1326d54f0cc,L2,Sports / Soccer,1296,0.3167,0.3168,11.09,0.69,0.2172,0.4162,True
0xd5bf2e7a0871eccfecf7dc315deca1326d54f0cc,L2,Sports / Other sport,561,0.4367,0.4329,7.0,0.72,0.3619,0.5112,True
0xd5bf2e7a0871eccfecf7dc315deca1326d54f0cc,L3,Sports / Soccer / MLS 2025,173,0.3628,0.359,4.6,0.694,0.4427,0.2837,True
0xd5bf2e7a0871eccfecf7dc315deca1326d54f0cc,L3,Sports / Other sport / Chinese Super League,53,0.7373,0.6247,2.12,0.698,0.8479,0.6309,True
0xd5bf2e7a0871eccfecf7dc315deca1326d54f0cc,L3,Sports / Other sport / K-league,131,0.3533,0.3497,3.45,0.672,0.3819,0.3251,True
0xd5bf2e7a0871eccfecf7dc315deca1326d54f0cc,L3,Sports / Soccer / Bundesliga 2025,98,0.3517,0.3474,2.8,0.694,0.2705,0.4329,True
0xd5bf2e7a0871eccfecf7dc315deca1326d54f0cc,L3,Sports / Soccer / Europa Conference League,62,0.3117,0.3152,2.79,0.758,0.3145,0.3088,True
0xd5bf2e7a0871eccfecf7dc315deca1326d54f0cc,L3,Sports / Soccer / Serie A 2025,55,0.331,0.3297,2.3,0.745,0.3402,0.3221,True
0xd5bf2e7a0871eccfecf7dc315deca1326d54f0cc,L3,Sports / Other sport / Norway Eliteserien,30,0.5211,0.4431,2.6,0.8,0.235,0.8071,True
0xd5bf2e7a0871eccfecf7dc315deca1326d54f0cc,L3,Sports / Soccer / A League Soccer,47,0.3331,0.331,2.06,0.681,0.0134,0.6394,True
0xd5bf2e7a0871eccfecf7dc315deca1326d54f0cc,L3,Sports / Soccer / Bundesliga 2,65,0.2642,0.2788,2.68,0.662,0.0368,0.4847,True
0xd5bf2e7a0871eccfecf7dc315deca1326d54f0cc,L3,Sports / Soccer / Ligue 1 2025,51,0.2722,0.2874,2.78,0.745,0.1306,0.4084,True
0xd5bf2e7a0871eccfecf7dc315deca1326d54f0cc,L3,Sports / Soccer / UEFA Europa League 2025,41,0.302,0.3099,2.47,0.707,0.2883,0.3151,True
0xd5bf2e7a0871eccfecf7dc315deca1326d54f0cc,L2t,Sports / Soccer / type=moneyline,861,0.3426,0.3422,9.44,0.679,0.2283,0.4566,True
0xd5bf2e7a0871eccfecf7dc315deca1326d54f0cc,L2t,Sports / Other sport / type=moneyline,406,0.4321,0.4271,6.76,0.729,0.34,0.5242,True
0xd5bf2e7a0871eccfecf7dc315deca1326d54f0cc,L2t,Sports / Other sport / type=totals,87,0.4988,0.4666,2.12,0.747,0.5962,0.4037,True
0xd5bf2e7a0871eccfecf7dc315deca1326d54f0cc,L2t,Sports / Soccer / type=spreads,207,0.296,0.2986,4.58,0.71,0.2548,0.3367,True
0xd5bf2e7a0871eccfecf7dc315deca1326d54f0cc,L2t,Sports / Soccer / type=totals,221,0.2508,0.2571,3.92,0.724,0.0788,0.4212,True
0xd5bf2e7a0871eccfecf7dc315deca1326d54f0cc,L2t,Sports / Other sport / type=spreads,66,0.4022,0.3845,2.25,0.636,0.4208,0.3835,True
0xd5bf2e7a0871eccfecf7dc315deca1326d54f0cc,L1b,Sports / price=0.10-0.30,336,0.9154,0.8823,9.39,0.601,0.5957,1.2351,True
0xd5bf2e7a0871eccfecf7dc315deca1326d54f0cc,L1b,Sports / price=0.30-0.50,530,0.4183,0.4149,11.3,0.677,0.351,0.4856,True
0xd5bf2e7a0871eccfecf7dc315deca1326d54f0cc,L1b,Sports / price=0.50-0.70,468,0.1739,0.1801,7.28,0.72,0.091,0.2568,True
0xd5bf2e7a0871eccfecf7dc315deca1326d54f0cc,L2b,Sports / Soccer / price=0.10-0.30,230,0.8421,0.8008,7.58,0.6,0.6359,1.0482,True
0xd5bf2e7a0871eccfecf7dc315deca1326d54f0cc,L2b,Sports / Other sport / price=0.10-0.30,92,1.1304,0.9868,5.52,0.63,0.677,1.5838,True
0xd5bf2e7a0871eccfecf7dc315deca1326d54f0cc,L2b,Sports / Soccer / price=0.30-0.50,358,0.4285,0.4231,9.48,0.665,0.3063,0.5508,True
0xd5bf2e7a0871eccfecf7dc315deca1326d54f0cc,L2b,Sports / Other sport / price=0.30-0.50,157,0.4166,0.4064,6.1,0.713,0.4283,0.4051,True
0xd5bf2e7a0871eccfecf7dc315deca1326d54f0cc,L2b,Sports / Soccer / price=0.50-0.70,298,0.199,0.207,6.83,0.742,0.1136,0.2844,True
0xd5bf2e7a0871eccfecf7dc315deca1326d54f0cc,L2b,Sports / Other sport / price=0.50-0.70,134,0.1763,0.1958,3.79,0.754,0.0957,0.257,True
0xd5bf2e7a0871eccfecf7dc315deca1326d54f0cc,L2l,Sports / Soccer / live,1273,0.3197,0.3198,11.05,0.693,0.2188,0.4205,True
0xd5bf2e7a0871eccfecf7dc315deca1326d54f0cc,L2l,Sports / Other sport / live,556,0.4434,0.4393,7.05,0.725,0.3689,0.518,True
0x5e6e2c3f06686f2607b86c90e35f536e81a1be00,L2,Sports / Basketball,223,0.1385,0.133,2.02,0.57,0.2425,0.0354,True
0x5e6e2c3f06686f2607b86c90e35f536e81a1be00,L3,Sports / Basketball / NBA 2026,220,0.1452,0.1392,2.1,0.573,0.2538,0.0367,True
0x3078b391f843153c6859702cee974ca7f660a2cb,L1b,Esports / price=0.50-0.70,130,0.1311,0.1284,2.04,0.646,0.1908,0.0714,True
0x3078b391f843153c6859702cee974ca7f660a2cb,L2b,Esports / Esports / price=0.50-0.70,130,0.1311,0.1284,2.04,0.646,0.1908,0.0714,True
0x3078b391f843153c6859702cee974ca7f660a2cb,L2l,Esports / Esports / pre,123,0.2146,0.2001,2.59,0.74,0.2486,0.1812,True
0xcdfb7564a5731d30713c91943ae395d5f815980c,L1,Sports,220,0.0102,0.0044,0.13,0.473,0.0399,-0.0195,False
0xcdfb7564a5731d30713c91943ae395d5f815980c,L1,Esports,690,-0.0793,-0.0787,-2.0,0.465,-0.0867,-0.072,False
0xcdfb7564a5731d30713c91943ae395d5f815980c,L2,Sports / Basketball,85,0.1922,0.1444,1.57,0.553,0.2828,0.1037,False
0xcdfb7564a5731d30713c91943ae395d5f815980c,L2,Sports / Tennis,25,0.4844,0.243,1.91,0.68,0.367,0.5928,False
0xcdfb7564a5731d30713c91943ae395d5f815980c,L2,Sports / Baseball,28,-0.1856,-0.1327,-1.0,0.429,-0.5832,0.2119,False
0xcdfb7564a5731d30713c91943ae395d5f815980c,L2,Sports / Soccer,40,-0.2567,-0.1907,-1.63,0.375,-0.3533,-0.16,False
0xcdfb7564a5731d30713c91943ae395d5f815980c,L2,Sports / American Football,28,-0.5694,-0.3566,-3.15,0.179,-0.4189,-0.7199,False
0xcdfb7564a5731d30713c91943ae395d5f815980c,L2,Esports / Esports,690,-0.0793,-0.0787,-2.0,0.465,-0.0867,-0.072,False
0xcdfb7564a5731d30713c91943ae395d5f815980c,L3,Sports / Tennis / League of Legends,25,0.4844,0.243,1.91,0.68,0.367,0.5928,False
0xcdfb7564a5731d30713c91943ae395d5f815980c,L3,Sports / Basketball / NBA 2026,64,0.1542,0.1035,1.21,0.562,0.2872,0.0212,False
0xcdfb7564a5731d30713c91943ae395d5f815980c,L3,Sports / Basketball / NCAA CBB,21,0.3081,0.1291,0.98,0.524,0.3398,0.2792,False
0xcdfb7564a5731d30713c91943ae395d5f815980c,L3,Sports / Baseball / MLB,28,-0.1856,-0.1327,-1.0,0.429,-0.5832,0.2119,False
0xcdfb7564a5731d30713c91943ae395d5f815980c,L3,Esports / Esports / Counter Strike,360,-0.0426,-0.0434,-0.75,0.475,-0.0422,-0.043,False
0xcdfb7564a5731d30713c91943ae395d5f815980c,L3,Esports / Esports / Dota 2,158,-0.1182,-0.1115,-1.45,0.437,-0.1998,-0.0365,False
0xcdfb7564a5731d30713c91943ae395d5f815980c,L3,Esports / Esports / League of Legends,172,-0.1205,-0.1141,-1.61,0.471,-0.0278,-0.2133,False
0xcdfb7564a5731d30713c91943ae395d5f815980c,L2t,Sports / Basketball / type=moneyline,81,0.1786,0.1316,1.41,0.543,0.303,0.0574,False
0xcdfb7564a5731d30713c91943ae395d5f815980c,L2t,Sports / Baseball / type=moneyline,26,-0.123,-0.095,-0.63,0.462,-0.4458,0.1998,False
0xcdfb7564a5731d30713c91943ae395d5f815980c,L2t,Sports / Soccer / type=moneyline,37,-0.243,-0.1783,-1.47,0.378,-0.3772,-0.1158,False
0xcdfb7564a5731d30713c91943ae395d5f815980c,L2t,Esports / Esports / type=child_moneyline,503,-0.0553,-0.0555,-1.19,0.479,-0.0636,-0.0471,False
0xcdfb7564a5731d30713c91943ae395d5f815980c,L2t,Sports / American Football / type=moneyline,26,-0.6102,-0.3704,-3.3,0.154,-0.522,-0.6984,False
0xcdfb7564a5731d30713c91943ae395d5f815980c,L2t,Esports / Esports / type=moneyline,178,-0.1699,-0.1586,-2.23,0.416,-0.1017,-0.2381,False
0xcdfb7564a5731d30713c91943ae395d5f815980c,L1b,Sports / price=0.50-0.70,96,0.1178,0.0873,1.42,0.635,0.1176,0.1179,False
0xcdfb7564a5731d30713c91943ae395d5f815980c,L1b,Sports / price=0.10-0.30,34,0.2167,0.1147,0.68,0.294,0.1862,0.2472,False
0xcdfb7564a5731d30713c91943ae395d5f815980c,L1b,Esports / price=0.70-0.90,37,0.0218,-0.0064,0.23,0.73,-0.1244,0.1603,False
0xcdfb7564a5731d30713c91943ae395d5f815980c,L1b,Esports / price=0.50-0.70,303,-0.0108,-0.0138,-0.22,0.578,-0.016,-0.0057,False
0xcdfb7564a5731d30713c91943ae395d5f815980c,L1b,Esports / price=0.30-0.50,272,-0.0795,-0.0781,-1.12,0.386,-0.0769,-0.0821,False
0xcdfb7564a5731d30713c91943ae395d5f815980c,L1b,Sports / price=0.30-0.50,77,-0.1811,-0.1559,-1.36,0.325,-0.1627,-0.1991,False
0xcdfb7564a5731d30713c91943ae395d5f815980c,L1b,Esports / price=0.10-0.30,75,-0.4521,-0.3693,-2.95,0.147,-0.4824,-0.4226,False
0xcdfb7564a5731d30713c91943ae395d5f815980c,L2b,Sports / Basketball / price=0.50-0.70,37,0.2745,0.1576,2.24,0.73,0.4206,0.1361,True
0xcdfb7564a5731d30713c91943ae395d5f815980c,L2b,Sports / Basketball / price=0.30-0.50,32,0.0313,-0.0033,0.15,0.406,0.0235,0.0391,False
0xcdfb7564a5731d30713c91943ae395d5f815980c,L2b,Esports / Esports / price=0.70-0.90,37,0.0218,-0.0064,0.23,0.73,-0.1244,0.1603,False
0xcdfb7564a5731d30713c91943ae395d5f815980c,L2b,Esports / Esports / price=0.50-0.70,303,-0.0108,-0.0138,-0.22,0.578,-0.016,-0.0057,False
0xcdfb7564a5731d30713c91943ae395d5f815980c,L2b,Esports / Esports / price=0.30-0.50,272,-0.0795,-0.0781,-1.12,0.386,-0.0769,-0.0821,False
0xcdfb7564a5731d30713c91943ae395d5f815980c,L2b,Esports / Esports / price=0.10-0.30,75,-0.4521,-0.3693,-2.95,0.147,-0.4824,-0.4226,False
0xcdfb7564a5731d30713c91943ae395d5f815980c,L2l,Sports / Basketball / pre,24,0.3507,0.1646,1.46,0.583,0.1191,0.5823,False
0xcdfb7564a5731d30713c91943ae395d5f815980c,L2l,Sports / Basketball / live,61,0.1298,0.0833,0.91,0.541,0.2307,0.0323,False
0xcdfb7564a5731d30713c91943ae395d5f815980c,L2l,Sports / Tennis / live,20,0.3403,0.1408,1.33,0.65,0.2897,0.3909,False
0xcdfb7564a5731d30713c91943ae395d5f815980c,L2l,Esports / Esports / pre,90,0.0774,0.0527,0.74,0.567,0.0988,0.056,False
0xcdfb7564a5731d30713c91943ae395d5f815980c,L2l,Sports / Baseball / live,23,-0.3136,-0.195,-1.53,0.348,-0.4695,-0.1707,False
0xcdfb7564a5731d30713c91943ae395d5f815980c,L2l,Sports / Soccer / live,29,-0.3139,-0.2098,-1.6,0.31,-0.5721,-0.073,False
0xcdfb7564a5731d30713c91943ae395d5f815980c,L2l,Sports / American Football / live,21,-0.498,-0.2837,-2.16,0.19,-0.5654,-0.4368,False
0xcdfb7564a5731d30713c91943ae395d5f815980c,L2l,Esports / Esports / live,600,-0.1028,-0.1014,-2.41,0.45,-0.0795,-0.1262,False
0xe558bb7b02ea489d772bd34f14cc845e391fdcd2,L2b,Sports / Baseball / price=0.50-0.70,40,0.3183,0.2603,2.57,0.75,0.3289,0.3077,True
0xe558bb7b02ea489d772bd34f14cc845e391fdcd2,L2b,Sports / Baseball / price=0.70-0.90,30,0.2288,0.195,5.01,0.967,0.2574,0.2001,True
0x8944890ebd9ec5fc4a6e4d2a12c25174a5e5da4b,L1b,Sports / price=0.30-0.50,189,0.1599,0.1518,2.54,0.519,0.1054,0.2137,True
0x8944890ebd9ec5fc4a6e4d2a12c25174a5e5da4b,L2b,Sports / Other sport / price=0.30-0.50,43,0.3353,0.2528,2.52,0.581,0.3057,0.3635,True
0x17d81f8299a2d694f98b813ebcf1ca42ac41b4a6,L1,Sports,970,0.1756,0.1756,5.56,0.775,0.2182,0.1329,True
0x17d81f8299a2d694f98b813ebcf1ca42ac41b4a6,L2,Sports / Soccer,720,0.1593,0.1598,4.56,0.772,0.1564,0.1621,True
0x17d81f8299a2d694f98b813ebcf1ca42ac41b4a6,L2,Sports / Other sport,246,0.2126,0.21,3.01,0.78,0.3275,0.0977,True
0x17d81f8299a2d694f98b813ebcf1ca42ac41b4a6,L3,Sports / Soccer / Liga MX 2025,77,0.1996,0.195,2.31,0.805,0.1733,0.2251,True
0x17d81f8299a2d694f98b813ebcf1ca42ac41b4a6,L2t,Sports / Other sport / type=moneyline,79,0.4183,0.3697,2.36,0.823,0.5927,0.2482,True
0x17d81f8299a2d694f98b813ebcf1ca42ac41b4a6,L2t,Sports / Soccer / type=moneyline,196,0.1236,0.1286,2.29,0.786,0.1028,0.1444,True
0x17d81f8299a2d694f98b813ebcf1ca42ac41b4a6,L2t,Sports / Soccer / type=soccer_team_totals,32,0.2477,0.2207,2.25,0.844,0.1314,0.364,True
0x17d81f8299a2d694f98b813ebcf1ca42ac41b4a6,L2t,Sports / Soccer / type=soccer_exact_score,61,0.074,0.0996,2.4,0.967,0.0818,0.0665,True
0x17d81f8299a2d694f98b813ebcf1ca42ac41b4a6,L1b,Sports / price=0.30-0.50,123,0.3596,0.3342,3.3,0.569,0.2926,0.4255,True
0x17d81f8299a2d694f98b813ebcf1ca42ac41b4a6,L1b,Sports / price=0.70-0.90,306,0.1335,0.1362,6.9,0.892,0.1546,0.1125,True
0x17d81f8299a2d694f98b813ebcf1ca42ac41b4a6,L1b,Sports / price=0.50-0.70,198,0.1674,0.1684,3.23,0.672,0.2149,0.1199,True
0x17d81f8299a2d694f98b813ebcf1ca42ac41b4a6,L2b,Sports / Soccer / price=0.30-0.50,91,0.2851,0.2657,2.27,0.538,0.244,0.3252,True
0x17d81f8299a2d694f98b813ebcf1ca42ac41b4a6,L2b,Sports / Soccer / price=0.50-0.70,152,0.1886,0.1873,3.22,0.691,0.2493,0.1278,True
0x17d81f8299a2d694f98b813ebcf1ca42ac41b4a6,L2b,Sports / Other sport / price=0.30-0.50,30,0.5221,0.3843,2.29,0.633,0.4051,0.6391,True
0x17d81f8299a2d694f98b813ebcf1ca42ac41b4a6,L2b,Sports / Soccer / price=0.70-0.90,222,0.117,0.122,4.78,0.869,0.1395,0.0944,True
0x17d81f8299a2d694f98b813ebcf1ca42ac41b4a6,L2b,Sports / Other sport / price=0.70-0.90,83,0.1775,0.1776,6.31,0.952,0.1713,0.1837,True
0x17d81f8299a2d694f98b813ebcf1ca42ac41b4a6,L2l,Sports / Soccer / live,714,0.1594,0.1599,4.53,0.77,0.153,0.1657,True
0x17d81f8299a2d694f98b813ebcf1ca42ac41b4a6,L2l,Sports / Other sport / live,246,0.2126,0.21,3.01,0.78,0.3275,0.0977,True
0x37e944c698f533d3144d1175f3e846dcafb9eede,L1,Sports,177,0.0876,0.0849,1.14,0.554,0.2014,-0.025,False
0x37e944c698f533d3144d1175f3e846dcafb9eede,L1,Esports,190,0.0376,0.0399,0.41,0.495,-0.0179,0.093,False
0x37e944c698f533d3144d1175f3e846dcafb9eede,L2,Sports / American Football,49,0.1656,0.1355,1.24,0.592,0.0685,0.2588,False
0x37e944c698f533d3144d1175f3e846dcafb9eede,L2,Sports / Soccer,110,0.0804,0.0775,0.81,0.555,0.1306,0.0302,False
0x37e944c698f533d3144d1175f3e846dcafb9eede,L2,Esports / Esports,190,0.0376,0.0399,0.41,0.495,-0.0179,0.093,False
0x37e944c698f533d3144d1175f3e846dcafb9eede,L3,Sports / Soccer / FIFA World Cup,76,0.2506,0.2112,2.08,0.632,0.1953,0.3058,True
0x37e944c698f533d3144d1175f3e846dcafb9eede,L3,Esports / Esports / League of Legends,111,0.1237,0.1142,0.92,0.514,0.029,0.2167,False
0x37e944c698f533d3144d1175f3e846dcafb9eede,L3,Sports / American Football / CFB 2026,30,0.3186,0.2159,1.98,0.667,0.1879,0.4494,False
0x37e944c698f533d3144d1175f3e846dcafb9eede,L3,Esports / Esports / Counter Strike,29,0.02,0.037,0.1,0.483,0.1077,-0.0619,False
0x37e944c698f533d3144d1175f3e846dcafb9eede,L3,Esports / Esports / Dota 2,48,-0.1358,-0.0777,-0.98,0.458,-0.151,-0.1205,False
0x37e944c698f533d3144d1175f3e846dcafb9eede,L2t,Sports / American Football / type=spreads,28,0.3099,0.2065,1.73,0.643,0.3388,0.2809,False
0x37e944c698f533d3144d1175f3e846dcafb9eede,L2t,Sports / Soccer / type=total_corners,29,0.2313,0.1621,1.24,0.621,-0.2025,0.6362,False
0x37e944c698f533d3144d1175f3e846dcafb9eede,L2t,Esports / Esports / type=child_moneyline,104,0.0701,0.0688,0.67,0.538,0.1956,-0.0554,False
0x37e944c698f533d3144d1175f3e846dcafb9eede,L2t,Sports / Soccer / type=first_half_totals,29,0.0338,0.0452,0.16,0.483,0.2483,-0.1663,False
0x37e944c698f533d3144d1175f3e846dcafb9eede,L2t,Sports / Soccer / type=totals,31,0.0222,0.0377,0.12,0.548,0.3465,-0.2817,False
0x37e944c698f533d3144d1175f3e846dcafb9eede,L2t,Esports / Esports / type=moneyline,60,-0.0239,-0.0025,-0.12,0.433,-0.1985,0.1506,False
0x37e944c698f533d3144d1175f3e846dcafb9eede,L1b,Sports / price=0.50-0.70,85,0.1605,0.1417,1.79,0.659,0.1572,0.1638,False
0x37e944c698f533d3144d1175f3e846dcafb9eede,L1b,Esports / price=0.30-0.50,85,0.086,0.0814,0.64,0.424,0.1011,0.0712,False
0x37e944c698f533d3144d1175f3e846dcafb9eede,L1b,Sports / price=0.30-0.50,83,0.015,0.0241,0.12,0.458,0.129,-0.0963,False
0x37e944c698f533d3144d1175f3e846dcafb9eede,L1b,Esports / price=0.50-0.70,65,0.0015,0.0157,0.01,0.585,0.0896,-0.0839,False
0x37e944c698f533d3144d1175f3e846dcafb9eede,L1b,Esports / price=0.70-0.90,21,-0.0946,-0.0184,-0.73,0.714,0.1349,-0.3033,False
0x37e944c698f533d3144d1175f3e846dcafb9eede,L2b,Sports / Soccer / price=0.50-0.70,44,0.2261,0.1747,1.89,0.727,0.1625,0.2897,False
0x37e944c698f533d3144d1175f3e846dcafb9eede,L2b,Esports / Esports / price=0.30-0.50,85,0.086,0.0814,0.64,0.424,0.1011,0.0712,False
0x37e944c698f533d3144d1175f3e846dcafb9eede,L2b,Sports / American Football / price=0.50-0.70,31,0.16,0.1215,1.05,0.613,0.1246,0.1932,False
0x37e944c698f533d3144d1175f3e846dcafb9eede,L2b,Esports / Esports / price=0.50-0.70,65,0.0015,0.0157,0.01,0.585,0.0896,-0.0839,False
0x37e944c698f533d3144d1175f3e846dcafb9eede,L2b,Esports / Esports / price=0.70-0.90,21,-0.0946,-0.0184,-0.73,0.714,0.1349,-0.3033,False
0x37e944c698f533d3144d1175f3e846dcafb9eede,L2b,Sports / Soccer / price=0.30-0.50,63,-0.0469,-0.0208,-0.32,0.429,0.0891,-0.1788,False
0x37e944c698f533d3144d1175f3e846dcafb9eede,L2l,Sports / American Football / live,44,0.2513,0.192,1.83,0.636,0.0747,0.4278,False
0x37e944c698f533d3144d1175f3e846dcafb9eede,L2l,Sports / Soccer / live,104,0.116,0.1072,1.13,0.567,0.2061,0.0259,False
0x37e944c698f533d3144d1175f3e846dcafb9eede,L2l,Esports / Esports / pre,45,0.0702,0.0676,0.4,0.489,0.2448,-0.0968,False
0x37e944c698f533d3144d1175f3e846dcafb9eede,L2l,Esports / Esports / live,145,0.0275,0.0316,0.26,0.497,0.0925,-0.0367,False
0xb3c726cb3f34f945bd5550dc82d5daa9ad45bf04,L1b,Sports / price=0.30-0.50,38,0.3798,0.247,2.05,0.605,0.677,0.0827,True
0xc5d909a16130a0a0b61af3db09a89e108093b188,L1b,Esports / price=0.50-0.70,105,0.2666,0.2405,3.58,0.743,0.3646,0.1705,True
0xc5d909a16130a0a0b61af3db09a89e108093b188,L2b,Esports / Esports / price=0.50-0.70,105,0.2666,0.2405,3.58,0.743,0.3646,0.1705,True
0x30c7ac0158499ddc6761047f7f69bcf7d036ac3b,L1,Esports,847,0.1278,0.1278,3.16,0.568,0.1771,0.0787,True
0x30c7ac0158499ddc6761047f7f69bcf7d036ac3b,L2,Esports / Esports,826,0.1272,0.1272,3.11,0.567,0.1836,0.0707,True
0x30c7ac0158499ddc6761047f7f69bcf7d036ac3b,L2,Sports / Soccer,279,0.1506,0.1491,2.1,0.581,0.1458,0.1554,True
0x30c7ac0158499ddc6761047f7f69bcf7d036ac3b,L3,Esports / Esports / Counter Strike,602,0.1172,0.1175,2.39,0.56,0.1867,0.0476,True
0x30c7ac0158499ddc6761047f7f69bcf7d036ac3b,L3,Esports / Esports / Valorant,224,0.154,0.1519,2.08,0.585,0.1981,0.11,True
0x30c7ac0158499ddc6761047f7f69bcf7d036ac3b,L2t,Esports / Esports / type=moneyline,644,0.1377,0.1374,2.94,0.581,0.1631,0.1123,True
0x30c7ac0158499ddc6761047f7f69bcf7d036ac3b,L2t,Sports / Soccer / type=moneyline,279,0.1506,0.1491,2.1,0.581,0.1458,0.1554,True
0x30c7ac0158499ddc6761047f7f69bcf7d036ac3b,L1b,Esports / price=0.30-0.50,307,0.2219,0.2162,3.1,0.498,0.3043,0.1402,True
0x30c7ac0158499ddc6761047f7f69bcf7d036ac3b,L1b,Sports / price=0.70-0.90,35,0.1953,0.1709,2.63,0.886,0.1938,0.1968,True
0x30c7ac0158499ddc6761047f7f69bcf7d036ac3b,L2b,Esports / Esports / price=0.30-0.50,302,0.215,0.2096,2.99,0.497,0.3215,0.1086,True
0x30c7ac0158499ddc6761047f7f69bcf7d036ac3b,L2b,Sports / Soccer / price=0.70-0.90,34,0.1971,0.1716,2.57,0.882,0.2071,0.187,True
0x30c7ac0158499ddc6761047f7f69bcf7d036ac3b,L2l,Esports / Esports / pre,716,0.1495,0.149,3.34,0.573,0.2647,0.0344,True
0x30c7ac0158499ddc6761047f7f69bcf7d036ac3b,L2l,Sports / Soccer / pre,260,0.1593,0.1571,2.12,0.581,0.178,0.1406,True
0x5b242dc2ebe5eb233d019d17301fdd63618ff36a,L1b,Politics / price=0.50-0.70,37,0.266,0.1432,3.14,0.73,0.3861,0.1522,True
0xa0c3eb53dd4ab098d723b931afcaec7b09f58640,L1,Politics,136,0.3193,0.2899,2.84,0.471,0.1627,0.4759,True
0xa0c3eb53dd4ab098d723b931afcaec7b09f58640,L2,Politics / Tweet Markets,135,0.3218,0.2918,2.84,0.474,0.1653,0.4759,True
0xa0c3eb53dd4ab098d723b931afcaec7b09f58640,L3,Politics / Tweet Markets / Elon Tweets,135,0.3218,0.2918,2.84,0.474,0.1653,0.4759,True
0xa0c3eb53dd4ab098d723b931afcaec7b09f58640,L2t,Politics / Tweet Markets / type=negrisk,135,0.3218,0.2918,2.84,0.474,0.1653,0.4759,True
0xa0c3eb53dd4ab098d723b931afcaec7b09f58640,L1b,Politics / price=0.00-0.10,84,0.4285,0.3634,3.29,0.548,0.4232,0.4337,True
0xa0c3eb53dd4ab098d723b931afcaec7b09f58640,L2b,Politics / Tweet Markets / price=0.00-0.10,84,0.4285,0.3634,3.29,0.548,0.4232,0.4337,True
0x578dcf05b3579c829241c5423afe314741f363c7,L2t,Sports / Baseball / type=moneyline,344,0.1449,0.1396,2.24,0.619,0.1887,0.1011,True
0x835b9f8e830f441087babdcd1f8665f7ec4f118f,L2b,Sports / Tennis / price=0.30-0.50,45,0.3534,0.2314,2.0,0.578,0.5169,0.197,True
0x85e1b32ae6f3d538d7ad0b2da8c982fd64a6033b,L1b,Sports / price=0.70-0.90,272,0.0766,0.0747,2.59,0.835,0.1056,0.0475,True
0x30c5c9273d6225c30d59d225db652b3ea5424e34,L1b,Sports / price=0.70-0.90,266,0.0725,0.0696,2.4,0.831,0.1023,0.0427,True
0x50a353b678a8c713e77045c99a4508d69354ea7a,L1,Sports,2122,0.0539,0.0539,3.91,0.372,0.0552,0.0526,True
0x50a353b678a8c713e77045c99a4508d69354ea7a,L2,Sports / Hockey,2119,0.054,0.054,3.92,0.372,0.0554,0.0527,True
0x50a353b678a8c713e77045c99a4508d69354ea7a,L3,Sports / Hockey / NHL 2026,2119,0.054,0.054,3.92,0.372,0.0554,0.0527,True
0x50a353b678a8c713e77045c99a4508d69354ea7a,L2t,Sports / Hockey / type=moneyline,2109,0.0549,0.0549,3.96,0.374,0.0567,0.053,True
0x50a353b678a8c713e77045c99a4508d69354ea7a,L1b,Sports / price=0.10-0.30,231,0.1416,0.1346,2.74,0.355,0.2006,0.0831,True
0x50a353b678a8c713e77045c99a4508d69354ea7a,L1b,Sports / price=0.30-0.50,624,0.0389,0.0394,3.39,0.304,0.0502,0.0277,True
0x50a353b678a8c713e77045c99a4508d69354ea7a,L1b,Sports / price=0.50-0.70,770,0.021,0.0219,2.93,0.343,0.0273,0.0148,True
0x50a353b678a8c713e77045c99a4508d69354ea7a,L1b,Sports / price=0.70-0.90,376,0.0248,0.0263,4.33,0.524,0.0307,0.019,True
0x50a353b678a8c713e77045c99a4508d69354ea7a,L2b,Sports / Hockey / price=0.10-0.30,231,0.1416,0.1346,2.74,0.355,0.2006,0.0831,True
0x50a353b678a8c713e77045c99a4508d69354ea7a,L2b,Sports / Hockey / price=0.30-0.50,622,0.0391,0.0396,3.4,0.305,0.0505,0.0277,True
0x50a353b678a8c713e77045c99a4508d69354ea7a,L2b,Sports / Hockey / price=0.50-0.70,769,0.0211,0.0219,2.93,0.343,0.0274,0.0148,True
0x50a353b678a8c713e77045c99a4508d69354ea7a,L2b,Sports / Hockey / price=0.70-0.90,376,0.0248,0.0263,4.33,0.524,0.0307,0.019,True
0x50a353b678a8c713e77045c99a4508d69354ea7a,L2l,Sports / Hockey / live,1745,0.0705,0.0703,4.21,0.452,0.0705,0.0704,True
0xeef382e6c8cb7adde63551043659b381b1c00547,L1,Esports,304,0.1623,0.1551,2.32,0.539,0.2211,0.1034,True
0xeef382e6c8cb7adde63551043659b381b1c00547,L1,Sports,449,0.0317,0.0323,0.66,0.53,0.0478,0.0156,False
0xeef382e6c8cb7adde63551043659b381b1c00547,L1,Crypto,420,-0.0187,-0.0157,-0.41,0.555,0.0187,-0.0561,False
0xeef382e6c8cb7adde63551043659b381b1c00547,L2,Esports / Esports,304,0.1623,0.1551,2.32,0.539,0.2211,0.1034,True
0xeef382e6c8cb7adde63551043659b381b1c00547,L2,Sports / Basketball,237,0.0602,0.0592,0.93,0.536,0.0271,0.0931,False
0xeef382e6c8cb7adde63551043659b381b1c00547,L2,Sports / Other sport,32,0.0461,0.0465,0.29,0.594,0.2971,-0.2049,False
0xeef382e6c8cb7adde63551043659b381b1c00547,L2,Sports / Soccer,166,0.0069,0.0112,0.08,0.518,-0.0974,0.1111,False
0xeef382e6c8cb7adde63551043659b381b1c00547,L2,Crypto / Up/Down short,412,-0.0148,-0.012,-0.32,0.556,0.0151,-0.0448,False
0xeef382e6c8cb7adde63551043659b381b1c00547,L3,Esports / Esports / League of Legends,299,0.159,0.152,2.25,0.535,0.2228,0.0956,True
0xeef382e6c8cb7adde63551043659b381b1c00547,L3,Sports / Basketball / NBA 2026,213,0.0784,0.0757,1.13,0.54,0.0682,0.0884,False
0xeef382e6c8cb7adde63551043659b381b1c00547,L3,Sports / Soccer / Premier League 2025,25,0.0736,0.0618,0.36,0.52,0.0747,0.0726,False
0xeef382e6c8cb7adde63551043659b381b1c00547,L3,Sports / Soccer / FIFA World Cup,44,0.0425,0.0439,0.22,0.5,0.1311,-0.0461,False
0xeef382e6c8cb7adde63551043659b381b1c00547,L3,Crypto / Up/Down short / SPX Open Daily Up or Down,24,-0.0,0.0214,-0.0,0.583,0.148,-0.148,False
0xeef382e6c8cb7adde63551043659b381b1c00547,L3,Crypto / Up/Down short / BTC Up or Down 5m,361,-0.0036,-0.0009,-0.07,0.562,0.0384,-0.0453,False
0xeef382e6c8cb7adde63551043659b381b1c00547,L2t,Esports / Esports / type=child_moneyline,220,0.2014,0.1885,2.39,0.55,0.3331,0.0697,True
0xeef382e6c8cb7adde63551043659b381b1c00547,L2t,Sports / Basketball / type=spreads,118,0.0929,0.0863,1.03,0.559,0.1063,0.0796,False
0xeef382e6c8cb7adde63551043659b381b1c00547,L2t,Esports / Esports / type=moneyline,60,0.1068,0.0919,0.71,0.533,0.0657,0.1479,False
0xeef382e6c8cb7adde63551043659b381b1c00547,L2t,Sports / Other sport / type=moneyline,24,0.1013,0.0767,0.56,0.625,0.3921,-0.1895,False
0xeef382e6c8cb7adde63551043659b381b1c00547,L2t,Sports / Basketball / type=moneyline,78,0.0298,0.0333,0.25,0.513,-0.0147,0.0742,False
0xeef382e6c8cb7adde63551043659b381b1c00547,L2t,Sports / Basketball / type=totals,39,0.0254,0.0327,0.16,0.513,-0.0638,0.1101,False
0xeef382e6c8cb7adde63551043659b381b1c00547,L2t,Sports / Soccer / type=moneyline,126,-0.0127,-0.0045,-0.14,0.516,-0.1281,0.1027,False
0xeef382e6c8cb7adde63551043659b381b1c00547,L2t,Crypto / Up/Down short / type=updown,412,-0.0148,-0.012,-0.32,0.556,0.0151,-0.0448,False
0xeef382e6c8cb7adde63551043659b381b1c00547,L1b,Esports / price=0.10-0.30,42,0.6399,0.4487,2.11,0.429,1.1893,0.0906,True
0xeef382e6c8cb7adde63551043659b381b1c00547,L1b,Esports / price=0.50-0.70,111,0.1258,0.1137,1.61,0.658,0.1647,0.0875,False
0xeef382e6c8cb7adde63551043659b381b1c00547,L1b,Esports / price=0.30-0.50,127,0.0847,0.0796,0.77,0.441,0.0302,0.1383,False
0xeef382e6c8cb7adde63551043659b381b1c00547,L1b,Crypto / price=0.70-0.90,59,0.0902,0.0793,1.58,0.864,0.0033,0.1742,False
0xeef382e6c8cb7adde63551043659b381b1c00547,L1b,Crypto / price=0.30-0.50,154,0.0239,0.0265,0.26,0.448,0.0848,-0.0371,False
0xeef382e6c8cb7adde63551043659b381b1c00547,L1b,Sports / price=0.50-0.70,227,0.0155,0.0181,0.26,0.555,-0.0019,0.0328,False
0xeef382e6c8cb7adde63551043659b381b1c00547,L1b,Sports / price=0.70-0.90,40,0.0019,0.017,0.02,0.775,0.041,-0.0372,False
0xeef382e6c8cb7adde63551043659b381b1c00547,L1b,Esports / price=0.70-0.90,22,-0.0591,-0.0085,-0.47,0.727,-0.0864,-0.0318,False
0xeef382e6c8cb7adde63551043659b381b1c00547,L1b,Sports / price=0.30-0.50,165,-0.015,-0.0083,-0.17,0.418,0.0458,-0.0751,False
0xeef382e6c8cb7adde63551043659b381b1c00547,L1b,Crypto / price=0.50-0.70,167,-0.0413,-0.0318,-0.64,0.557,0.1073,-0.1881,False
0xeef382e6c8cb7adde63551043659b381b1c00547,L1b,Crypto / price=0.10-0.30,23,-0.4308,-0.2085,-1.67,0.174,-0.6771,-0.205,False
0xeef382e6c8cb7adde63551043659b381b1c00547,L2b,Esports / Esports / price=0.10-0.30,42,0.6399,0.4487,2.11,0.429,1.1893,0.0906,True
0xeef382e6c8cb7adde63551043659b381b1c00547,L2b,Esports / Esports / price=0.50-0.70,111,0.1258,0.1137,1.61,0.658,0.1647,0.0875,False
0xeef382e6c8cb7adde63551043659b381b1c00547,L2b,Sports / Basketball / price=0.50-0.70,127,0.0932,0.0869,1.15,0.575,0.0552,0.1305,False
0xeef382e6c8cb7adde63551043659b381b1c00547,L2b,Esports / Esports / price=0.30-0.50,127,0.0847,0.0796,0.77,0.441,0.0302,0.1383,False
0xeef382e6c8cb7adde63551043659b381b1c00547,L2b,Crypto / Up/Down short / price=0.70-0.90,58,0.0848,0.0752,1.47,0.862,-0.0044,0.1741,False
0xeef382e6c8cb7adde63551043659b381b1c00547,L2b,Crypto / Up/Down short / price=0.30-0.50,153,0.0306,0.0325,0.33,0.451,0.0991,-0.0371,False
0xeef382e6c8cb7adde63551043659b381b1c00547,L2b,Sports / Basketball / price=0.30-0.50,89,0.0347,0.037,0.29,0.449,0.0548,0.015,False
0xeef382e6c8cb7adde63551043659b381b1c00547,L2b,Esports / Esports / price=0.70-0.90,22,-0.0591,-0.0085,-0.47,0.727,-0.0864,-0.0318,False
0xeef382e6c8cb7adde63551043659b381b1c00547,L2b,Sports / Soccer / price=0.50-0.70,81,-0.0542,-0.0342,-0.57,0.543,-0.0166,-0.0909,False
0xeef382e6c8cb7adde63551043659b381b1c00547,L2b,Crypto / Up/Down short / price=0.50-0.70,161,-0.0358,-0.0266,-0.55,0.559,0.1085,-0.1783,False
0xeef382e6c8cb7adde63551043659b381b1c00547,L2b,Sports / Soccer / price=0.30-0.50,56,-0.113,-0.0709,-0.78,0.357,-0.2473,0.0212,False
0xeef382e6c8cb7adde63551043659b381b1c00547,L2b,Crypto / Up/Down short / price=0.10-0.30,23,-0.4308,-0.2085,-1.67,0.174,-0.6771,-0.205,False
0xeef382e6c8cb7adde63551043659b381b1c00547,L2l,Esports / Esports / live,262,0.1572,0.1494,2.07,0.534,0.2365,0.0779,True
0xeef382e6c8cb7adde63551043659b381b1c00547,L2l,Sports / Basketball / live,155,0.1257,0.1167,1.55,0.568,0.1001,0.151,False
0xeef382e6c8cb7adde63551043659b381b1c00547,L2l,Sports / Soccer / live,92,0.1251,0.1112,1.03,0.565,0.0269,0.2234,False
0xeef382e6c8cb7adde63551043659b381b1c00547,L2l,Esports / Esports / pre,42,0.1937,0.1464,1.09,0.571,0.2987,0.0887,False
0xeef382e6c8cb7adde63551043659b381b1c00547,L2l,Sports / Other sport / live,25,0.0401,0.0432,0.23,0.6,0.4367,-0.326,False
0xeef382e6c8cb7adde63551043659b381b1c00547,L2l,Sports / Basketball / pre,82,-0.0635,-0.0418,-0.6,0.476,-0.0123,-0.1147,False
0xeef382e6c8cb7adde63551043659b381b1c00547,L2l,Sports / Soccer / pre,74,-0.1402,-0.1003,-1.32,0.459,-0.2006,-0.0798,False
0xf8f70265b9d937a83729f4224d0ead0f340c9817,L1b,Sports / price=0.70-0.90,91,0.1738,0.1485,3.93,0.89,0.1037,0.2425,True
0xf8f70265b9d937a83729f4224d0ead0f340c9817,L2b,Sports / Soccer / price=0.70-0.90,34,0.2418,0.1646,4.32,0.941,0.2155,0.2682,True
0xf8f70265b9d937a83729f4224d0ead0f340c9817,L2l,Esports / Esports / pre,959,0.0609,0.0604,2.06,0.612,0.0622,0.0597,True
0x8de625615e710a0617a277f73abec0dbdffe8b3c,L2t,Sports / Other sport / type=totals,51,0.4922,0.3532,2.19,0.588,0.669,0.3222,True
0xf1a63a2f419c3ee7a8163697bc76420b319fcad3,L1b,Sports / price=0.70-0.90,33,0.1864,0.1485,3.34,0.909,0.2687,0.1089,True
0xfeccdc127f399b4f5222386922c58ff634ca77da,L1b,Sports / price=0.50-0.70,95,0.2492,0.2028,3.81,0.695,0.4406,0.0619,True
0xfeccdc127f399b4f5222386922c58ff634ca77da,L2b,Sports / Other sport / price=0.50-0.70,88,0.2634,0.2113,3.91,0.693,0.5065,0.0203,True
0x9006751a04d629f45cc0c15b26c5685a0e309fb8,L1b,Sports / price=0.30-0.50,107,0.2892,0.2504,2.55,0.523,0.2721,0.3059,True
0x9006751a04d629f45cc0c15b26c5685a0e309fb8,L1b,Crypto / price=0.70-0.90,60,0.1002,0.0859,2.53,0.867,0.0756,0.1248,True
0x9006751a04d629f45cc0c15b26c5685a0e309fb8,L2b,Sports / Other sport / price=0.30-0.50,106,0.2914,0.252,2.55,0.519,0.2769,0.3059,True
0x4b72b21f7e9999d568d9b93f0be110257d9938d5,L1,Tech,80,1.5139,1.4231,3.53,0.787,0.7525,2.2752,True
0x4b72b21f7e9999d568d9b93f0be110257d9938d5,L2,Tech / AI,73,1.5932,1.4785,3.4,0.781,0.8089,2.3564,True
0x4b72b21f7e9999d568d9b93f0be110257d9938d5,L2t,Tech / AI / type=negrisk,61,1.1891,1.1572,4.78,0.738,0.8423,1.5248,True
0xbc43c8bfbc4d77c2fc9011adad38ba43b88996d3,L2,Sports / Tennis,188,0.1631,0.1534,2.05,0.601,0.2357,0.0905,True
0xbc43c8bfbc4d77c2fc9011adad38ba43b88996d3,L2t,Sports / Tennis / type=moneyline,188,0.1631,0.1534,2.05,0.601,0.2357,0.0905,True
0xbc43c8bfbc4d77c2fc9011adad38ba43b88996d3,L2b,Sports / American Football / price=0.50-0.70,36,0.4077,0.2844,3.15,0.778,0.5965,0.2189,True
0xbc43c8bfbc4d77c2fc9011adad38ba43b88996d3,L2b,Sports / Tennis / price=0.50-0.70,85,0.1744,0.1531,2.02,0.694,0.1614,0.1871,True
0xbc43c8bfbc4d77c2fc9011adad38ba43b88996d3,L2l,Sports / Tennis / pre,185,0.1736,0.1628,2.16,0.605,0.2459,0.1022,True
0xa84f0e04af0c6849f285c0b6ce5fdc99c13d86ed,L1,Crypto,53,0.0735,0.0591,3.96,0.925,0.0555,0.0909,True
0x158e24a667ef046a1d6c5b61e5fc891ddfb7216b,L1b,Sports / price=0.30-0.50,71,0.3254,0.2507,2.06,0.507,0.2826,0.3671,True
0x158e24a667ef046a1d6c5b61e5fc891ddfb7216b,L1b,Sports / price=0.50-0.70,102,0.2104,0.1735,2.74,0.716,0.2052,0.2156,True
0x158e24a667ef046a1d6c5b61e5fc891ddfb7216b,L2b,Sports / Soccer / price=0.30-0.50,40,0.413,0.2704,2.01,0.55,0.5432,0.2828,True
0x158e24a667ef046a1d6c5b61e5fc891ddfb7216b,L2b,Sports / Soccer / price=0.50-0.70,75,0.1939,0.15,2.14,0.707,0.095,0.2903,True
0xe990e8a448f937cd24c07f204fa33b92750bd17b,L1,Esports,309,0.1407,0.1409,2.69,0.638,0.0404,0.2403,True
0xe990e8a448f937cd24c07f204fa33b92750bd17b,L2,Esports / Esports,309,0.1407,0.1409,2.69,0.638,0.0404,0.2403,True
0xe990e8a448f937cd24c07f204fa33b92750bd17b,L3,Esports / Esports / Dota 2,309,0.1407,0.1409,2.69,0.638,0.0404,0.2403,True
0xe990e8a448f937cd24c07f204fa33b92750bd17b,L2t,Esports / Esports / type=moneyline,52,0.3355,0.2824,2.86,0.75,0.3632,0.3079,True
0xe990e8a448f937cd24c07f204fa33b92750bd17b,L2t,Esports / Esports / type=child_moneyline,257,0.1012,0.1043,1.75,0.615,-0.0133,0.2149,False
0xe990e8a448f937cd24c07f204fa33b92750bd17b,L1b,Esports / price=0.30-0.50,92,0.1794,0.1731,1.39,0.467,0.149,0.2097,False
0xe990e8a448f937cd24c07f204fa33b92750bd17b,L1b,Esports / price=0.50-0.70,157,0.13,0.1316,2.04,0.675,-0.0233,0.2814,False
0xe990e8a448f937cd24c07f204fa33b92750bd17b,L1b,Esports / price=0.70-0.90,57,0.0916,0.1053,1.35,0.825,0.0605,0.1216,False
0xe990e8a448f937cd24c07f204fa33b92750bd17b,L2b,Esports / Esports / price=0.30-0.50,92,0.1794,0.1731,1.39,0.467,0.149,0.2097,False
0xe990e8a448f937cd24c07f204fa33b92750bd17b,L2b,Esports / Esports / price=0.50-0.70,157,0.13,0.1316,2.04,0.675,-0.0233,0.2814,False
0xe990e8a448f937cd24c07f204fa33b92750bd17b,L2b,Esports / Esports / price=0.70-0.90,57,0.0916,0.1053,1.35,0.825,0.0605,0.1216,False
0xe990e8a448f937cd24c07f204fa33b92750bd17b,L2l,Esports / Esports / live,308,0.1444,0.1444,2.76,0.64,0.051,0.2377,True
0x441909510a0b18a7df9f5ea588314a53d5bcfcf4,L1b,Esports / price=0.70-0.90,49,0.1103,0.0966,2.03,0.878,0.1405,0.0813,True
0x4c07bf46017ef52c0bea3fe4253185dec1316200,L1,Esports,58,0.3741,0.3085,2.17,0.69,0.4284,0.3198,True
0x4c07bf46017ef52c0bea3fe4253185dec1316200,L2,Esports / Esports,58,0.3741,0.3085,2.17,0.69,0.4284,0.3198,True
0xb31e41965df4ab8014de4c4d8da9deff0a6ac120,L1,Sports,702,0.1212,0.1211,3.43,0.717,0.1203,0.122,True
0xb31e41965df4ab8014de4c4d8da9deff0a6ac120,L2,Sports / Soccer,150,0.2061,0.196,2.36,0.793,0.2128,0.1994,True
0xb31e41965df4ab8014de4c4d8da9deff0a6ac120,L2,Sports / Tennis,461,0.1007,0.1015,2.49,0.72,0.0946,0.1068,True
0xb31e41965df4ab8014de4c4d8da9deff0a6ac120,L2,Sports / MMA/Boxing,67,0.104,0.1077,0.76,0.537,-0.0289,0.233,False
0xb31e41965df4ab8014de4c4d8da9deff0a6ac120,L3,Sports / Tennis / ATP,213,0.1213,0.1212,2.33,0.775,0.06,0.182,True
0xb31e41965df4ab8014de4c4d8da9deff0a6ac120,L3,Sports / Soccer / FIFA World Cup,41,0.2923,0.2359,2.63,0.878,0.1088,0.467,True
0xb31e41965df4ab8014de4c4d8da9deff0a6ac120,L3,Sports / Tennis / WTA,219,0.0864,0.0892,1.36,0.68,0.1343,0.0388,False
0xb31e41965df4ab8014de4c4d8da9deff0a6ac120,L3,Sports / Soccer / La Liga 2025,22,0.3302,0.2302,0.68,0.682,0.8093,-0.149,False
0xb31e41965df4ab8014de4c4d8da9deff0a6ac120,L3,Sports / MMA/Boxing / UFC,67,0.104,0.1077,0.76,0.537,-0.0289,0.233,False
0xb31e41965df4ab8014de4c4d8da9deff0a6ac120,L3,Sports / Soccer / WTA,25,0.0857,0.1011,0.75,0.84,0.0655,0.1043,False
0xb31e41965df4ab8014de4c4d8da9deff0a6ac120,L3,Sports / Tennis / Wimbledon,29,0.0573,0.083,0.3,0.621,0.3075,-0.1762,False
0xb31e41965df4ab8014de4c4d8da9deff0a6ac120,L2t,Sports / Soccer / type=moneyline,149,0.2038,0.1939,2.32,0.792,0.2152,0.1926,True
0xb31e41965df4ab8014de4c4d8da9deff0a6ac120,L2t,Sports / Tennis / type=moneyline,461,0.1007,0.1015,2.49,0.72,0.0946,0.1068,True
0xb31e41965df4ab8014de4c4d8da9deff0a6ac120,L2t,Sports / MMA/Boxing / type=moneyline,67,0.104,0.1077,0.76,0.537,-0.0289,0.233,False
0xb31e41965df4ab8014de4c4d8da9deff0a6ac120,L1b,Sports / price=0.70-0.90,191,0.1274,0.1268,4.53,0.89,0.1216,0.1332,True
0xb31e41965df4ab8014de4c4d8da9deff0a6ac120,L1b,Sports / price=0.10-0.30,27,0.5407,0.3618,1.45,0.37,0.4415,0.6328,False
0xb31e41965df4ab8014de4c4d8da9deff0a6ac120,L1b,Sports / price=0.30-0.50,191,0.1366,0.1351,1.56,0.482,0.1872,0.0865,False
0xb31e41965df4ab8014de4c4d8da9deff0a6ac120,L1b,Sports / price=0.50-0.70,163,0.0475,0.0555,0.77,0.644,0.0146,0.08,False
0xb31e41965df4ab8014de4c4d8da9deff0a6ac120,L1b,Sports / price=0.90-1.00,129,0.0168,0.0307,1.18,0.969,0.0346,-0.0007,False
0xb31e41965df4ab8014de4c4d8da9deff0a6ac120,L2b,Sports / Tennis / price=0.70-0.90,112,0.1326,0.1308,3.62,0.902,0.1432,0.122,True
0xb31e41965df4ab8014de4c4d8da9deff0a6ac120,L2b,Sports / Soccer / price=0.70-0.90,68,0.1268,0.1253,2.85,0.882,0.1061,0.1476,True
0xb31e41965df4ab8014de4c4d8da9deff0a6ac120,L2b,Sports / Soccer / price=0.30-0.50,22,0.5792,0.3607,2.16,0.636,0.5411,0.6172,False
0xb31e41965df4ab8014de4c4d8da9deff0a6ac120,L2b,Sports / Tennis / price=0.30-0.50,134,0.1061,0.1079,1.03,0.478,0.1699,0.0422,False
0xb31e41965df4ab8014de4c4d8da9deff0a6ac120,L2b,Sports / Soccer / price=0.50-0.70,26,0.1681,0.1473,1.06,0.692,0.1426,0.1936,False
0xb31e41965df4ab8014de4c4d8da9deff0a6ac120,L2b,Sports / Tennis / price=0.90-1.00,100,0.0209,0.0375,1.39,0.98,0.0337,0.0081,False
0xb31e41965df4ab8014de4c4d8da9deff0a6ac120,L2b,Sports / MMA/Boxing / price=0.30-0.50,34,0.0041,0.0471,0.02,0.412,-0.204,0.2122,False
0xb31e41965df4ab8014de4c4d8da9deff0a6ac120,L2b,Sports / Soccer / price=0.90-1.00,28,0.0026,0.0516,0.07,0.929,0.0302,-0.0251,False
0xb31e41965df4ab8014de4c4d8da9deff0a6ac120,L2b,Sports / Tennis / price=0.50-0.70,100,-0.0107,0.0112,-0.13,0.61,-0.0954,0.074,False
0xb31e41965df4ab8014de4c4d8da9deff0a6ac120,L2l,Sports / Tennis / live,454,0.0975,0.0985,2.4,0.72,0.0837,0.1112,True
0xb31e41965df4ab8014de4c4d8da9deff0a6ac120,L2l,Sports / Soccer / pre,41,0.4303,0.3287,1.72,0.854,0.6669,0.205,False
0xb31e41965df4ab8014de4c4d8da9deff0a6ac120,L2l,Sports / Soccer / live,109,0.1218,0.1216,1.65,0.771,0.0655,0.177,False
0xb31e41965df4ab8014de4c4d8da9deff0a6ac120,L2l,Sports / MMA/Boxing / pre,49,0.1185,0.119,0.71,0.51,0.0158,0.2172,False
0x49e0265d1a3636870df298e2ef5e681e246e9af1,L2,Sports / Tennis,275,0.0778,0.0749,2.11,0.785,0.0509,0.1044,True
0x49e0265d1a3636870df298e2ef5e681e246e9af1,L3,Sports / Tennis / WTA,42,0.1544,0.116,2.74,0.929,0.0592,0.2497,True
0x49e0265d1a3636870df298e2ef5e681e246e9af1,L2t,Sports / Tennis / type=tennis_set_handicap,30,0.2643,0.1727,2.61,0.867,0.1665,0.3621,True
0x49e0265d1a3636870df298e2ef5e681e246e9af1,L1b,Sports / price=0.50-0.70,119,0.1785,0.1579,2.73,0.731,0.114,0.2419,True
0x49e0265d1a3636870df298e2ef5e681e246e9af1,L2b,Sports / Tennis / price=0.50-0.70,113,0.1679,0.1479,2.49,0.726,0.1164,0.2184,True
0x357b4636b1a2a3539566120a939ab445d2f20b65,L2l,Sports / American Football / pre,58,0.1799,0.1246,2.06,0.655,0.1986,0.1612,True
0x02de038c93d8f7f5f2d98da982087f0180ae812b,L3,Esports / Esports / Counter Strike,178,0.2043,0.1898,2.64,0.59,0.1687,0.2399,True
0x02de038c93d8f7f5f2d98da982087f0180ae812b,L1b,Sports / price=0.50-0.70,45,0.2787,0.2117,2.39,0.711,0.2926,0.2655,True
0xd4f4ee5f2e93d503e5a1a0cbb5495586fd05bb68,L1,Crypto,95,0.0547,0.0516,0.97,0.811,0.056,0.0533,False
0xd4f4ee5f2e93d503e5a1a0cbb5495586fd05bb68,L1,Sports,98,0.0265,0.0283,0.62,0.796,0.0785,-0.0256,False
0xd4f4ee5f2e93d503e5a1a0cbb5495586fd05bb68,L1,Esports,61,0.0254,0.0283,0.47,0.869,0.0478,0.0038,False
0xd4f4ee5f2e93d503e5a1a0cbb5495586fd05bb68,L2,Crypto / Up/Down short,95,0.0547,0.0516,0.97,0.811,0.056,0.0533,False
0xd4f4ee5f2e93d503e5a1a0cbb5495586fd05bb68,L2,Sports / Soccer,37,0.0976,0.0764,1.72,0.892,0.0677,0.1259,False
0xd4f4ee5f2e93d503e5a1a0cbb5495586fd05bb68,L2,Esports / Esports,61,0.0254,0.0283,0.47,0.869,0.0478,0.0038,False
0xd4f4ee5f2e93d503e5a1a0cbb5495586fd05bb68,L2,Sports / Other sport,46,-0.0423,-0.0182,-0.56,0.696,0.1575,-0.2421,False
0xd4f4ee5f2e93d503e5a1a0cbb5495586fd05bb68,L3,Esports / Esports / Counter Strike,25,0.0904,0.0667,1.3,0.92,0.1379,0.0465,False
0xd4f4ee5f2e93d503e5a1a0cbb5495586fd05bb68,L3,Esports / Esports / League of Legends,20,-0.0082,0.0145,-0.08,0.85,-0.0851,0.0686,False
0xd4f4ee5f2e93d503e5a1a0cbb5495586fd05bb68,L3,Crypto / Up/Down short / BTC Up or Down 5m,30,-0.02,0.0029,-0.19,0.767,-0.0193,-0.0208,False
0xd4f4ee5f2e93d503e5a1a0cbb5495586fd05bb68,L2t,Crypto / Up/Down short / type=updown,95,0.0547,0.0516,0.97,0.811,0.056,0.0533,False
0xd4f4ee5f2e93d503e5a1a0cbb5495586fd05bb68,L2t,Sports / Soccer / type=moneyline,25,0.0865,0.0646,1.3,0.88,-0.0151,0.1802,False
0xd4f4ee5f2e93d503e5a1a0cbb5495586fd05bb68,L2t,Esports / Esports / type=child_moneyline,31,0.0694,0.0568,0.98,0.903,0.1274,0.0151,False
0xd4f4ee5f2e93d503e5a1a0cbb5495586fd05bb68,L2t,Esports / Esports / type=moneyline,30,-0.02,0.0029,-0.25,0.833,0.1186,-0.1586,False
0xd4f4ee5f2e93d503e5a1a0cbb5495586fd05bb68,L2t,Sports / Other sport / type=binary,46,-0.0423,-0.0182,-0.56,0.696,0.1575,-0.2421,False
0xd4f4ee5f2e93d503e5a1a0cbb5495586fd05bb68,L1b,Sports / price=0.70-0.90,52,0.1004,0.0828,2.05,0.885,0.1301,0.0707,True
0xd4f4ee5f2e93d503e5a1a0cbb5495586fd05bb68,L1b,Esports / price=0.70-0.90,29,0.1169,0.0844,1.98,0.931,0.2017,0.0379,False
0xd4f4ee5f2e93d503e5a1a0cbb5495586fd05bb68,L1b,Crypto / price=0.70-0.90,65,0.0564,0.0519,0.99,0.846,0.1027,0.0116,False
0xd4f4ee5f2e93d503e5a1a0cbb5495586fd05bb68,L1b,Sports / price=0.90-1.00,27,0.0088,0.0209,0.18,0.926,0.0042,0.0131,False
0xd4f4ee5f2e93d503e5a1a0cbb5495586fd05bb68,L1b,Esports / price=0.90-1.00,25,0.0013,0.0173,0.02,0.92,-0.0173,0.0185,False
0xd4f4ee5f2e93d503e5a1a0cbb5495586fd05bb68,L2b,Esports / Esports / price=0.70-0.90,29,0.1169,0.0844,1.98,0.931,0.2017,0.0379,False
0xd4f4ee5f2e93d503e5a1a0cbb5495586fd05bb68,L2b,Crypto / Up/Down short / price=0.70-0.90,65,0.0564,0.0519,0.99,0.846,0.1027,0.0116,False
0xd4f4ee5f2e93d503e5a1a0cbb5495586fd05bb68,L2b,Sports / Other sport / price=0.70-0.90,25,0.0496,0.0441,0.52,0.84,0.2237,-0.1112,False
0xd4f4ee5f2e93d503e5a1a0cbb5495586fd05bb68,L2b,Esports / Esports / price=0.90-1.00,25,0.0013,0.0173,0.02,0.92,-0.0173,0.0185,False
0xd4f4ee5f2e93d503e5a1a0cbb5495586fd05bb68,L2l,Sports / Soccer / live,29,0.1067,0.0783,1.83,0.897,0.1362,0.0792,False
0xd4f4ee5f2e93d503e5a1a0cbb5495586fd05bb68,L2l,Esports / Esports / live,61,0.0254,0.0283,0.47,0.869,0.0478,0.0038,False
0xd4f4ee5f2e93d503e5a1a0cbb5495586fd05bb68,L2l,Sports / Other sport / live,45,-0.0424,-0.0179,-0.55,0.711,0.2101,-0.2839,False
0x939e15e0ac1dd05f022dd09c321b9d1083b6dc67,L1,Sports,841,0.4586,0.4585,7.0,0.631,0.3018,0.6151,True
0x939e15e0ac1dd05f022dd09c321b9d1083b6dc67,L2,Sports / Other sport,841,0.4586,0.4585,7.0,0.631,0.3018,0.6151,True
0x939e15e0ac1dd05f022dd09c321b9d1083b6dc67,L3,Sports / Other sport / Helsinki Daily Weather,112,0.8855,0.8198,2.59,0.616,0.4588,1.3122,True
0x939e15e0ac1dd05f022dd09c321b9d1083b6dc67,L3,Sports / Other sport / Paris Daily Weather,298,0.4544,0.4543,4.63,0.614,0.4102,0.4986,True
0x939e15e0ac1dd05f022dd09c321b9d1083b6dc67,L3,Sports / Other sport / Tokyo Daily Weather,164,0.3495,0.3606,3.69,0.695,0.2329,0.4661,True
0x939e15e0ac1dd05f022dd09c321b9d1083b6dc67,L3,Sports / Other sport / Amsterdam Daily Weather,106,0.3967,0.4054,3.15,0.651,0.4473,0.346,True
0x939e15e0ac1dd05f022dd09c321b9d1083b6dc67,L3,Sports / Other sport / Busan Daily Weather,33,0.6943,0.6029,2.02,0.545,0.8976,0.503,True
0x939e15e0ac1dd05f022dd09c321b9d1083b6dc67,L2t,Sports / Other sport / type=binary,841,0.4586,0.4585,7.0,0.631,0.3018,0.6151,True
0x939e15e0ac1dd05f022dd09c321b9d1083b6dc67,L1b,Sports / price=0.00-0.10,106,1.705,1.5061,3.77,0.547,2.1832,1.2268,True
0x939e15e0ac1dd05f022dd09c321b9d1083b6dc67,L1b,Sports / price=0.10-0.30,209,0.5601,0.5507,5.71,0.56,0.4506,0.6685,True
0x939e15e0ac1dd05f022dd09c321b9d1083b6dc67,L1b,Sports / price=0.30-0.50,184,0.265,0.2833,5.54,0.63,0.3184,0.2116,True
0x939e15e0ac1dd05f022dd09c321b9d1083b6dc67,L1b,Sports / price=0.50-0.70,195,0.1687,0.195,5.38,0.677,0.1812,0.1563,True
0x939e15e0ac1dd05f022dd09c321b9d1083b6dc67,L1b,Sports / price=0.70-0.90,102,0.0611,0.1252,2.31,0.716,0.0303,0.092,True
0x939e15e0ac1dd05f022dd09c321b9d1083b6dc67,L2b,Sports / Other sport / price=0.00-0.10,106,1.705,1.5061,3.77,0.547,2.1832,1.2268,True
0x939e15e0ac1dd05f022dd09c321b9d1083b6dc67,L2b,Sports / Other sport / price=0.10-0.30,209,0.5601,0.5507,5.71,0.56,0.4506,0.6685,True
0x939e15e0ac1dd05f022dd09c321b9d1083b6dc67,L2b,Sports / Other sport / price=0.30-0.50,184,0.265,0.2833,5.54,0.63,0.3184,0.2116,True
0x939e15e0ac1dd05f022dd09c321b9d1083b6dc67,L2b,Sports / Other sport / price=0.50-0.70,195,0.1687,0.195,5.38,0.677,0.1812,0.1563,True
0x939e15e0ac1dd05f022dd09c321b9d1083b6dc67,L2b,Sports / Other sport / price=0.70-0.90,102,0.0611,0.1252,2.31,0.716,0.0303,0.092,True
0x939e15e0ac1dd05f022dd09c321b9d1083b6dc67,L2l,Sports / Other sport / live,809,0.4764,0.4758,7.02,0.633,0.3577,0.5949,True
0x755a66c797a38ed1ca61bc38defd6e888af96da6,L1,Sports,6038,0.0701,0.0701,3.77,0.458,0.0956,0.0447,True
0x755a66c797a38ed1ca61bc38defd6e888af96da6,L2,Sports / Basketball,2155,0.0856,0.0854,2.56,0.418,0.1409,0.0303,True
0x755a66c797a38ed1ca61bc38defd6e888af96da6,L2,Sports / Tennis,594,0.1159,0.1143,2.09,0.465,0.2,0.0317,True
0x755a66c797a38ed1ca61bc38defd6e888af96da6,L3,Esports / Esports / Dota 2,297,0.3414,0.3241,2.95,0.438,0.3463,0.3365,True
0x755a66c797a38ed1ca61bc38defd6e888af96da6,L3,Sports / Basketball / WNBA,239,0.1825,0.1737,2.38,0.573,0.1553,0.2095,True
0x755a66c797a38ed1ca61bc38defd6e888af96da6,L2t,Sports / Basketball / type=moneyline,1063,0.1122,0.1114,2.03,0.369,0.141,0.0834,True
0x755a66c797a38ed1ca61bc38defd6e888af96da6,L2t,Sports / Tennis / type=tennis_match_totals,100,0.3951,0.3407,3.53,0.66,0.5497,0.2406,True
0x755a66c797a38ed1ca61bc38defd6e888af96da6,L1b,Sports / price=0.30-0.50,2418,0.0719,0.0718,2.86,0.439,0.0994,0.0443,True
0x755a66c797a38ed1ca61bc38defd6e888af96da6,L1b,Sports / price=0.50-0.70,1584,0.053,0.0532,2.38,0.592,0.0969,0.0091,True
0x755a66c797a38ed1ca61bc38defd6e888af96da6,L1b,Sports / price=0.70-0.90,505,0.0925,0.0916,4.28,0.836,0.1291,0.0561,True
0x755a66c797a38ed1ca61bc38defd6e888af96da6,L2b,Sports / Tennis / price=0.30-0.50,288,0.152,0.1466,2.09,0.476,0.1507,0.1533,True
0x755a66c797a38ed1ca61bc38defd6e888af96da6,L2b,Sports / Soccer / price=0.70-0.90,292,0.1077,0.1052,3.9,0.846,0.1262,0.0892,True
0x755a66c797a38ed1ca61bc38defd6e888af96da6,L2b,Sports / Baseball / price=0.70-0.90,35,0.2399,0.1775,4.51,0.943,0.2551,0.2257,True
0x755a66c797a38ed1ca61bc38defd6e888af96da6,L2l,Sports / Basketball / live,2153,0.085,0.0849,2.54,0.417,0.1389,0.0312,True
0x9ee61d9ae507ef34fa729838f4218e0483e4b119,L1,Sports,867,0.148,0.147,2.3,0.544,0.0951,0.2008,True
0x9ee61d9ae507ef34fa729838f4218e0483e4b119,L2,Sports / American Football,52,1.303,0.9692,2.8,0.692,0.2828,2.3231,True
0x9ee61d9ae507ef34fa729838f4218e0483e4b119,L2t,Sports / American Football / type=moneyline,52,1.303,0.9692,2.8,0.692,0.2828,2.3231,True
0x9ee61d9ae507ef34fa729838f4218e0483e4b119,L1b,Esports / price=0.50-0.70,50,0.3165,0.255,2.95,0.76,0.2972,0.3359,True
0x9ee61d9ae507ef34fa729838f4218e0483e4b119,L1b,Sports / price=0.70-0.90,180,0.0734,0.0761,2.24,0.856,0.0845,0.0622,True
0x9ee61d9ae507ef34fa729838f4218e0483e4b119,L2b,Esports / Esports / price=0.50-0.70,50,0.3165,0.255,2.95,0.76,0.2972,0.3359,True
0x9ee61d9ae507ef34fa729838f4218e0483e4b119,L2l,Sports / American Football / live,52,1.303,0.9692,2.8,0.692,0.2828,2.3231,True
0x7a0d03a990598542fe18a187c22a9e944bc653f7,L2,Sports / Other sport,32,2.2484,1.4646,2.84,0.469,3.0368,1.4601,True
0x7a0d03a990598542fe18a187c22a9e944bc653f7,L3,Sports / Other sport / ?,31,2.2985,1.4797,2.82,0.452,3.1929,1.4601,True
0x7a0d03a990598542fe18a187c22a9e944bc653f7,L2t,Sports / Other sport / type=binary,32,2.2484,1.4646,2.84,0.469,3.0368,1.4601,True
0x4704fecc53d9bc6c4fe105fce94103290213e68c,L2,Sports / American Football,50,0.2246,0.1529,2.03,0.72,0.4147,0.0345,True
0x4704fecc53d9bc6c4fe105fce94103290213e68c,L2b,Sports / American Football / price=0.50-0.70,46,0.2431,0.1615,2.07,0.717,0.4107,0.0755,True
0x5a05e30ef2ae848927c7a724b93292bf8cd14c5a,L1,Esports,5745,0.1744,0.1744,3.49,0.928,0.1994,0.1494,True
0x5a05e30ef2ae848927c7a724b93292bf8cd14c5a,L2,Esports / Esports,5744,0.1745,0.1745,3.49,0.929,0.1995,0.1495,True
0x5a05e30ef2ae848927c7a724b93292bf8cd14c5a,L3,Esports / Esports / League of Legends,2220,0.151,0.1511,2.19,0.892,0.2287,0.0733,True
0x5a05e30ef2ae848927c7a724b93292bf8cd14c5a,L3,Esports / Esports / StarCraft 2,149,0.017,0.0347,3.33,0.993,0.0238,0.0104,True
0x5a05e30ef2ae848927c7a724b93292bf8cd14c5a,L3,Esports / Esports / Overwatch,41,0.012,0.0626,13.36,1.0,0.0147,0.0096,True
0x5a05e30ef2ae848927c7a724b93292bf8cd14c5a,L3,Esports / Esports / Call of Duty,62,0.0128,0.0502,7.29,1.0,0.0115,0.0141,True
0x5a05e30ef2ae848927c7a724b93292bf8cd14c5a,L3,Esports / Esports / Rocket League,74,0.012,0.0448,24.53,1.0,0.012,0.0119,True
0x5a05e30ef2ae848927c7a724b93292bf8cd14c5a,L2t,Esports / Esports / type=lol_odd_even_total_kills,57,0.1076,0.1228,3.84,1.0,0.2022,0.0163,True
0x5a05e30ef2ae848927c7a724b93292bf8cd14c5a,L2t,Esports / Esports / type=kill_over_under_game,546,0.0323,0.037,5.12,0.998,0.0268,0.0378,True
0x5a05e30ef2ae848927c7a724b93292bf8cd14c5a,L2t,Esports / Esports / type=round_over_under_game_1,49,0.0244,0.0655,2.33,1.0,0.0096,0.0386,True
0x5a05e30ef2ae848927c7a724b93292bf8cd14c5a,L2t,Esports / Esports / type=lol_both_teams_baron,244,0.0179,0.0291,4.7,1.0,0.0155,0.0202,True
0x5a05e30ef2ae848927c7a724b93292bf8cd14c5a,L2t,Esports / Esports / type=lol_both_teams_inhibitors,290,0.016,0.0257,5.28,1.0,0.0146,0.0175,True
0x5a05e30ef2ae848927c7a724b93292bf8cd14c5a,L2t,Esports / Esports / type=totals,628,0.0125,0.0172,4.74,0.992,0.009,0.0161,True
0x5a05e30ef2ae848927c7a724b93292bf8cd14c5a,L2t,Esports / Esports / type=dota2_game_ends_daytime,42,0.017,0.0651,9.71,1.0,0.0202,0.0138,True
0x5a05e30ef2ae848927c7a724b93292bf8cd14c5a,L2t,Sports / Baseball / type=map_handicap,140,0.0136,0.0326,6.18,1.0,0.0122,0.0149,True
0x5a05e30ef2ae848927c7a724b93292bf8cd14c5a,L1b,Esports / price=0.00-0.10,34,25.2548,15.9627,3.45,0.324,31.3601,19.1495,True
0x5a05e30ef2ae848927c7a724b93292bf8cd14c5a,L1b,Esports / price=0.30-0.50,138,0.231,0.2228,2.58,0.478,0.0708,0.3912,True
0x5a05e30ef2ae848927c7a724b93292bf8cd14c5a,L1b,Esports / price=0.50-0.70,324,0.109,0.1123,3.17,0.568,0.0298,0.1882,True
0x5a05e30ef2ae848927c7a724b93292bf8cd14c5a,L1b,Crypto / price=0.10-0.30,62,0.2107,0.1998,2.05,0.597,0.2653,0.156,True
0x5a05e30ef2ae848927c7a724b93292bf8cd14c5a,L2b,Esports / Esports / price=0.00-0.10,34,25.2548,15.9627,3.45,0.324,31.3601,19.1495,True
0x5a05e30ef2ae848927c7a724b93292bf8cd14c5a,L2b,Esports / Esports / price=0.30-0.50,137,0.2356,0.2268,2.62,0.482,0.0778,0.3912,True
0x5a05e30ef2ae848927c7a724b93292bf8cd14c5a,L2b,Esports / Esports / price=0.50-0.70,324,0.109,0.1123,3.17,0.568,0.0298,0.1882,True
0x5a05e30ef2ae848927c7a724b93292bf8cd14c5a,L2l,Esports / Esports / live,5584,0.18,0.18,3.5,0.937,0.2064,0.1536,True
0xafc0789fac261e60ab4c1a8d119ed15c254034b2,L3,Esports / Esports / Dota 2,165,0.1683,0.1497,2.64,0.673,0.254,0.0837,True
0x7ce336595687024c9ebf620f2dcb3b71269b1689,L1,Sports,890,0.1053,0.1049,1.85,0.369,0.1133,0.0973,False
0x7ce336595687024c9ebf620f2dcb3b71269b1689,L1,Crypto,139,-0.0093,0.0027,-0.07,0.374,0.2084,-0.2239,False
0x7ce336595687024c9ebf620f2dcb3b71269b1689,L2,Sports / Other sport,849,0.1284,0.1274,2.17,0.376,0.1409,0.1159,True
0x7ce336595687024c9ebf620f2dcb3b71269b1689,L2,Crypto / Up/Down short,103,0.0332,0.0418,0.2,0.369,0.1229,-0.0547,False
0x7ce336595687024c9ebf620f2dcb3b71269b1689,L2,Crypto / Bitcoin,36,-0.1309,-0.0533,-0.89,0.389,-0.0521,-0.2096,False
0x7ce336595687024c9ebf620f2dcb3b71269b1689,L2,Sports / Soccer,38,-0.3795,-0.2189,-2.42,0.211,-0.168,-0.591,False
0x7ce336595687024c9ebf620f2dcb3b71269b1689,L3,Sports / Other sport / Hong Kong Daily Weather,481,0.1882,0.1841,2.24,0.397,0.2985,0.0784,True
0x7ce336595687024c9ebf620f2dcb3b71269b1689,L3,Sports / Other sport / Hong Kong Daily Lowest Temperature,119,0.1843,0.1701,0.94,0.336,0.0793,0.2875,False
0x7ce336595687024c9ebf620f2dcb3b71269b1689,L3,Sports / Other sport / Shenzhen Daily Weather,44,0.1878,0.1561,0.98,0.386,0.2199,0.1558,False
0x7ce336595687024c9ebf620f2dcb3b71269b1689,L3,Crypto / Up/Down short / BTC Up or Down 5m,103,0.0332,0.0418,0.2,0.369,0.1229,-0.0547,False
0x7ce336595687024c9ebf620f2dcb3b71269b1689,L3,Sports / Other sport / Guangzhou Daily Weather,22,0.0359,0.0599,0.16,0.455,0.2324,-0.1606,False
0x7ce336595687024c9ebf620f2dcb3b71269b1689,L3,Sports / Other sport / London Daily Weather,28,0.0046,0.0386,0.02,0.321,-0.2317,0.2408,False
0x7ce336595687024c9ebf620f2dcb3b71269b1689,L3,Sports / Other sport / Elon Tweets 48H,26,-0.1745,-0.0612,-0.99,0.346,0.0656,-0.4146,False
0x7ce336595687024c9ebf620f2dcb3b71269b1689,L3,Crypto / Bitcoin / BTC Multi Strikes Weekly,36,-0.1309,-0.0533,-0.89,0.389,-0.0521,-0.2096,False
0x7ce336595687024c9ebf620f2dcb3b71269b1689,L2t,Sports / Other sport / type=binary,845,0.1326,0.1315,2.23,0.378,0.1474,0.1178,True
0x7ce336595687024c9ebf620f2dcb3b71269b1689,L2t,Crypto / Up/Down short / type=updown,103,0.0332,0.0418,0.2,0.369,0.1229,-0.0547,False
0x7ce336595687024c9ebf620f2dcb3b71269b1689,L2t,Crypto / Bitcoin / type=binary,36,-0.1309,-0.0533,-0.89,0.389,-0.0521,-0.2096,False
0x7ce336595687024c9ebf620f2dcb3b71269b1689,L1b,Sports / price=0.10-0.30,369,0.1632,0.1593,2.2,0.358,0.2053,0.1214,True
0x7ce336595687024c9ebf620f2dcb3b71269b1689,L1b,Sports / price=0.00-0.10,146,0.3322,0.3025,1.21,0.253,0.3802,0.2841,False
0x7ce336595687024c9ebf620f2dcb3b71269b1689,L1b,Crypto / price=0.10-0.30,48,0.2799,0.2229,0.9,0.354,0.7946,-0.2348,False
0x7ce336595687024c9ebf620f2dcb3b71269b1689,L1b,Sports / price=0.50-0.70,84,0.0526,0.0591,0.85,0.56,0.1184,-0.0132,False
0x7ce336595687024c9ebf620f2dcb3b71269b1689,L1b,Crypto / price=0.30-0.50,32,0.0618,0.0712,0.29,0.438,0.1219,0.0017,False
0x7ce336595687024c9ebf620f2dcb3b71269b1689,L1b,Crypto / price=0.50-0.70,35,-0.0921,-0.0273,-0.66,0.514,0.0986,-0.2722,False
0x7ce336595687024c9ebf620f2dcb3b71269b1689,L1b,Sports / price=0.30-0.50,278,-0.0777,-0.0667,-1.64,0.363,-0.1363,-0.0191,False
0x7ce336595687024c9ebf620f2dcb3b71269b1689,L1b,Crypto / price=0.00-0.10,23,-0.5961,-0.2787,-3.14,0.087,-0.8411,-0.3715,False
0x7ce336595687024c9ebf620f2dcb3b71269b1689,L2b,Sports / Other sport / price=0.10-0.30,353,0.2104,0.2037,2.75,0.374,0.2596,0.1614,True
0x7ce336595687024c9ebf620f2dcb3b71269b1689,L2b,Sports / Other sport / price=0.00-0.10,138,0.3989,0.3593,1.38,0.268,0.4602,0.3375,False
0x7ce336595687024c9ebf620f2dcb3b71269b1689,L2b,Crypto / Up/Down short / price=0.10-0.30,31,0.4302,0.2953,0.91,0.258,0.7429,0.1371,False
0x7ce336595687024c9ebf620f2dcb3b71269b1689,L2b,Crypto / Up/Down short / price=0.30-0.50,25,0.163,0.1289,0.62,0.44,0.0329,0.2831,False
0x7ce336595687024c9ebf620f2dcb3b71269b1689,L2b,Sports / Other sport / price=0.50-0.70,83,0.0417,0.0503,0.68,0.554,0.1093,-0.0243,False
0x7ce336595687024c9ebf620f2dcb3b71269b1689,L2b,Crypto / Up/Down short / price=0.50-0.70,35,-0.0921,-0.0273,-0.66,0.514,0.0986,-0.2722,False
0x7ce336595687024c9ebf620f2dcb3b71269b1689,L2b,Sports / Other sport / price=0.30-0.50,262,-0.0992,-0.086,-2.1,0.355,-0.1679,-0.0305,False
0x7ce336595687024c9ebf620f2dcb3b71269b1689,L2l,Sports / Other sport / live,741,0.1519,0.1502,2.28,0.383,0.112,0.1917,True
0x7ce336595687024c9ebf620f2dcb3b71269b1689,L2l,Sports / Other sport / pre,108,-0.0331,-0.0144,-0.41,0.324,0.0402,-0.1064,False
0x7ce336595687024c9ebf620f2dcb3b71269b1689,L2l,Sports / Soccer / pre,24,-0.5714,-0.2725,-3.09,0.125,-0.4277,-0.715,False
0x96e60b753df1367cb3ee81fbb02df92bc61afece,L1,Sports,1288,0.2219,0.221,2.98,0.446,0.398,0.0458,True
0x96e60b753df1367cb3ee81fbb02df92bc61afece,L2,Sports / Other sport,1280,0.1884,0.1881,2.98,0.448,0.3297,0.0471,True
0x96e60b753df1367cb3ee81fbb02df92bc61afece,L3,Sports / Other sport / Jeddah Daily Weather,33,0.7165,0.5085,2.79,0.697,1.286,0.1804,True
0x96e60b753df1367cb3ee81fbb02df92bc61afece,L2t,Sports / Other sport / type=binary,1280,0.1884,0.1881,2.98,0.448,0.3297,0.0471,True
0x96e60b753df1367cb3ee81fbb02df92bc61afece,L1b,Sports / price=0.30-0.50,331,0.2631,0.2575,3.75,0.505,0.3388,0.1878,True
0x96e60b753df1367cb3ee81fbb02df92bc61afece,L2b,Sports / Other sport / price=0.30-0.50,330,0.2669,0.2611,3.8,0.506,0.3542,0.1796,True
0x96e60b753df1367cb3ee81fbb02df92bc61afece,L2l,Sports / Other sport / live,1276,0.1831,0.1828,2.9,0.447,0.3167,0.0495,True
0x233bacfb515aad6871027b95c5e4c6166f5c1f2c,L1,Politics,469,0.1221,0.1198,2.28,0.67,0.1172,0.1269,True
0x233bacfb515aad6871027b95c5e4c6166f5c1f2c,L1b,Politics / price=0.30-0.50,54,0.3315,0.2599,2.48,0.519,0.1378,0.5252,True
0xf988e28c12d3fde9973159f0596612fc249a32a7,L2t,Sports / Basketball / type=first_half_spreads,68,0.0448,0.0349,7.58,1.0,0.0344,0.0552,True
0xf988e28c12d3fde9973159f0596612fc249a32a7,L2t,Sports / Basketball / type=first_half_moneyline,34,0.0313,0.0201,8.78,1.0,0.0323,0.0303,True
0x6552f4d9d85e9d5724716659af62414cfbabbaa4,L1b,Sports / price=0.70-0.90,33,0.1511,0.0818,2.83,0.939,0.1412,0.1604,True
0x6f394e129df43b23e213b4f9b6f8f7711253e279,L1b,Sports / price=0.30-0.50,304,0.149,0.142,3.07,0.411,0.2401,0.0579,True
0x6f394e129df43b23e213b4f9b6f8f7711253e279,L2b,Sports / Soccer / price=0.30-0.50,271,0.1179,0.1122,2.31,0.402,0.1702,0.0659,True
0x6fdddf25b92251ed1515703cda43bf8ff5f5d385,L1,Other,539,0.3339,0.3244,19.97,1.0,0.3258,0.3419,True
0x6fdddf25b92251ed1515703cda43bf8ff5f5d385,L2,Other / ?,539,0.3339,0.3244,19.97,1.0,0.3258,0.3419,True
0x6fdddf25b92251ed1515703cda43bf8ff5f5d385,L3,Other / ? / ?,539,0.3339,0.3244,19.97,1.0,0.3258,0.3419,True
0x6fdddf25b92251ed1515703cda43bf8ff5f5d385,L3,Esports / Esports / League of Legends,1760,0.0403,0.0406,2.15,0.98,0.0166,0.064,True
0x6fdddf25b92251ed1515703cda43bf8ff5f5d385,L2t,Other / ? / type=binary,539,0.3339,0.3244,19.97,1.0,0.3258,0.3419,True
0x6fdddf25b92251ed1515703cda43bf8ff5f5d385,L1b,Other / price=0.10-0.30,305,0.3832,0.3638,15.69,1.0,0.3205,0.4455,True
0x6fdddf25b92251ed1515703cda43bf8ff5f5d385,L1b,Other / price=0.00-0.10,67,0.3777,0.3067,6.0,1.0,0.4773,0.281,True
0x6fdddf25b92251ed1515703cda43bf8ff5f5d385,L1b,Other / price=0.30-0.50,112,0.2526,0.2248,13.24,1.0,0.2534,0.2519,True
0x6fdddf25b92251ed1515703cda43bf8ff5f5d385,L1b,Esports / price=0.70-0.90,63,0.175,0.1494,4.31,0.937,0.1231,0.2253,True
0x6fdddf25b92251ed1515703cda43bf8ff5f5d385,L1b,Other / price=0.50-0.70,40,0.1931,0.1517,10.66,1.0,0.216,0.1702,True
0x6fdddf25b92251ed1515703cda43bf8ff5f5d385,L2b,Other / ? / price=0.10-0.30,305,0.3832,0.3638,15.69,1.0,0.3205,0.4455,True
0x6fdddf25b92251ed1515703cda43bf8ff5f5d385,L2b,Other / ? / price=0.00-0.10,67,0.3777,0.3067,6.0,1.0,0.4773,0.281,True
0x6fdddf25b92251ed1515703cda43bf8ff5f5d385,L2b,Other / ? / price=0.30-0.50,112,0.2526,0.2248,13.24,1.0,0.2534,0.2519,True
0x6fdddf25b92251ed1515703cda43bf8ff5f5d385,L2b,Esports / Esports / price=0.70-0.90,63,0.175,0.1494,4.31,0.937,0.1231,0.2253,True
0x6fdddf25b92251ed1515703cda43bf8ff5f5d385,L2b,Other / ? / price=0.50-0.70,40,0.1931,0.1517,10.66,1.0,0.216,0.1702,True
0x76697d10520591cc163e194d533a5cd4a960f58c,L1,Sports,1525,0.5707,0.5707,4.33,0.6,0.9315,0.2103,True
0x76697d10520591cc163e194d533a5cd4a960f58c,L2,Sports / Basketball,1012,0.7683,0.7644,3.92,0.575,1.06,0.4765,True
0x76697d10520591cc163e194d533a5cd4a960f58c,L2,Sports / American Football,274,0.1802,0.2067,2.5,0.595,0.1191,0.2413,True
0x76697d10520591cc163e194d533a5cd4a960f58c,L3,Sports / Basketball / NCAA CBB,265,1.9003,1.8069,2.81,0.664,2.3588,1.4453,True
0x76697d10520591cc163e194d533a5cd4a960f58c,L3,Sports / Basketball / NBA 2026,730,0.3645,0.37,3.2,0.541,0.6034,0.1257,True
0x76697d10520591cc163e194d533a5cd4a960f58c,L3,Sports / American Football / NFL 2026,119,0.2609,0.3053,2.52,0.63,0.2729,0.2491,True
0x76697d10520591cc163e194d533a5cd4a960f58c,L2t,Sports / Basketball / type=totals,668,0.9556,0.9444,3.3,0.561,1.3554,0.5558,True
0x76697d10520591cc163e194d533a5cd4a960f58c,L2t,Sports / Basketball / type=spreads,259,0.543,0.545,3.26,0.641,0.8681,0.2205,True
0x76697d10520591cc163e194d533a5cd4a960f58c,L1b,Sports / price=0.00-0.10,67,7.5488,5.9444,2.72,0.209,10.0438,5.1272,True
0x76697d10520591cc163e194d533a5cd4a960f58c,L1b,Sports / price=0.10-0.30,203,0.8418,0.8174,4.2,0.34,1.0167,0.6685,True
0x76697d10520591cc163e194d533a5cd4a960f58c,L1b,Sports / price=0.30-0.50,365,0.2446,0.2615,3.73,0.51,0.3347,0.1551,True
0x76697d10520591cc163e194d533a5cd4a960f58c,L1b,Sports / price=0.50-0.70,606,0.1366,0.1504,3.92,0.644,0.1725,0.1007,True
0x76697d10520591cc163e194d533a5cd4a960f58c,L1b,Sports / price=0.70-0.90,196,0.1029,0.1461,3.26,0.867,0.1053,0.1005,True
0x76697d10520591cc163e194d533a5cd4a960f58c,L2b,Sports / Basketball / price=0.00-0.10,52,10.0148,7.3912,2.85,0.269,9.1709,10.8587,True
0x76697d10520591cc163e194d533a5cd4a960f58c,L2b,Sports / Basketball / price=0.10-0.30,161,0.7766,0.7537,3.55,0.335,1.2118,0.3467,True
0x76697d10520591cc163e194d533a5cd4a960f58c,L2b,Sports / Basketball / price=0.30-0.50,237,0.2694,0.2928,3.24,0.511,0.4308,0.1093,True
0x76697d10520591cc163e194d533a5cd4a960f58c,L2b,Sports / American Football / price=0.30-0.50,73,0.3428,0.3916,2.56,0.589,0.2052,0.4767,True
0x76697d10520591cc163e194d533a5cd4a960f58c,L2b,Sports / Basketball / price=0.50-0.70,418,0.1273,0.1475,2.97,0.629,0.1318,0.1228,True
0x76697d10520591cc163e194d533a5cd4a960f58c,L2b,Sports / Hockey / price=0.50-0.70,47,0.2938,0.3761,2.91,0.787,0.3567,0.2335,True
0x76697d10520591cc163e194d533a5cd4a960f58c,L2b,Sports / Basketball / price=0.70-0.90,113,0.1137,0.1823,2.82,0.876,0.132,0.0957,True
0x76697d10520591cc163e194d533a5cd4a960f58c,L2l,Sports / Basketball / live,1011,0.77,0.7662,3.92,0.576,1.0616,0.4791,True
0x76697d10520591cc163e194d533a5cd4a960f58c,L2l,Sports / American Football / live,274,0.1802,0.2067,2.5,0.595,0.1191,0.2413,True
0x6be94abefeac680b89f8ba0e756d82472a3f5998,L1,Sports,1260,0.291,0.291,2.5,0.425,0.1368,0.4452,True
0x6be94abefeac680b89f8ba0e756d82472a3f5998,L2,Sports / Soccer,1104,0.3096,0.3093,2.36,0.422,0.1571,0.4622,True
0x6be94abefeac680b89f8ba0e756d82472a3f5998,L2t,Sports / Soccer / type=totals,512,0.2717,0.2724,2.49,0.465,0.1841,0.3593,True
0x6be94abefeac680b89f8ba0e756d82472a3f5998,L1b,Sports / price=0.10-0.30,156,0.3654,0.3568,2.54,0.391,0.2616,0.4692,True
0x6be94abefeac680b89f8ba0e756d82472a3f5998,L1b,Sports / price=0.30-0.50,310,0.1204,0.1307,2.84,0.5,0.1497,0.0912,True
0x6be94abefeac680b89f8ba0e756d82472a3f5998,L1b,Sports / price=0.50-0.70,441,0.0557,0.0658,2.38,0.506,0.0212,0.0899,True
0x6be94abefeac680b89f8ba0e756d82472a3f5998,L2b,Sports / Soccer / price=0.10-0.30,131,0.367,0.3568,2.48,0.405,0.3444,0.3892,True
0x6be94abefeac680b89f8ba0e756d82472a3f5998,L2b,Sports / Soccer / price=0.30-0.50,275,0.1215,0.1329,2.73,0.502,0.1308,0.1122,True
0x6be94abefeac680b89f8ba0e756d82472a3f5998,L2b,Sports / Other sport / price=0.50-0.70,51,0.1741,0.2067,2.42,0.588,0.1529,0.1944,True
0x6be94abefeac680b89f8ba0e756d82472a3f5998,L2l,Sports / Soccer / live,1088,0.3153,0.3148,2.37,0.421,0.1601,0.4705,True
0xc60bb547dbdf59c8d1746bc8a754accc3809d9f7,L1,Sports,637,0.2826,0.281,2.46,0.4,0.2838,0.2815,True
0xc60bb547dbdf59c8d1746bc8a754accc3809d9f7,L2,Sports / Other sport,433,0.4506,0.4408,2.75,0.383,0.4649,0.4364,True
0xc60bb547dbdf59c8d1746bc8a754accc3809d9f7,L2t,Sports / Other sport / type=binary,433,0.4506,0.4408,2.75,0.383,0.4649,0.4364,True
0xc60bb547dbdf59c8d1746bc8a754accc3809d9f7,L1b,Sports / price=0.10-0.30,164,0.4388,0.4159,2.5,0.323,0.4764,0.4012,True
0xc60bb547dbdf59c8d1746bc8a754accc3809d9f7,L2b,Sports / Other sport / price=0.10-0.30,151,0.4604,0.4332,2.51,0.331,0.4864,0.4348,True
0xc60bb547dbdf59c8d1746bc8a754accc3809d9f7,L2l,Sports / Other sport / live,317,0.5252,0.5075,2.44,0.369,0.2361,0.8125,True
0x938da0b2f87433660ce8ed2ae75ef7b665e78674,L1,Sports,627,0.6627,0.666,3.1,0.429,0.5462,0.7788,True
0x938da0b2f87433660ce8ed2ae75ef7b665e78674,L2,Sports / Other sport,568,0.7609,0.7611,3.24,0.437,0.6236,0.8981,True
0x938da0b2f87433660ce8ed2ae75ef7b665e78674,L3,Sports / Other sport / Toronto Daily Weather,513,0.7968,0.7958,3.08,0.429,0.5853,1.0076,True
0x938da0b2f87433660ce8ed2ae75ef7b665e78674,L2t,Sports / Other sport / type=binary,568,0.7609,0.7611,3.24,0.437,0.6236,0.8981,True
0x938da0b2f87433660ce8ed2ae75ef7b665e78674,L1b,Sports / price=0.00-0.10,169,1.5992,1.5114,2.09,0.278,1.1545,2.0386,True
0x938da0b2f87433660ce8ed2ae75ef7b665e78674,L1b,Sports / price=0.10-0.30,231,0.5265,0.5459,4.17,0.398,0.4879,0.5648,True
0x938da0b2f87433660ce8ed2ae75ef7b665e78674,L1b,Weather / price=0.10-0.30,69,0.8652,0.8437,2.86,0.435,1.0458,0.6898,True
0x938da0b2f87433660ce8ed2ae75ef7b665e78674,L1b,Sports / price=0.70-0.90,38,0.1683,0.3756,3.76,0.895,0.1786,0.1581,True
0x938da0b2f87433660ce8ed2ae75ef7b665e78674,L2b,Sports / Other sport / price=0.00-0.10,159,1.728,1.6209,2.12,0.277,1.2877,2.1628,True
0x938da0b2f87433660ce8ed2ae75ef7b665e78674,L2b,Sports / Other sport / price=0.10-0.30,210,0.6203,0.6332,4.61,0.424,0.5825,0.658,True
0x938da0b2f87433660ce8ed2ae75ef7b665e78674,L2b,Weather / Recurring / price=0.10-0.30,69,0.8652,0.8437,2.86,0.435,1.0458,0.6898,True
0x938da0b2f87433660ce8ed2ae75ef7b665e78674,L2b,Sports / Other sport / price=0.70-0.90,37,0.172,0.3816,3.75,0.892,0.1669,0.1767,True
0x938da0b2f87433660ce8ed2ae75ef7b665e78674,L2l,Sports / Other sport / live,425,0.5281,0.5389,3.27,0.438,0.4642,0.5916,True
0x1f9e0fa8e8780246d637f40af24b331044c23d5d,L1b,Sports / price=0.50-0.70,173,0.1283,0.1115,2.22,0.653,0.1382,0.1185,True
0x1f9e0fa8e8780246d637f40af24b331044c23d5d,L2b,Sports / Soccer / price=0.50-0.70,123,0.1406,0.1162,2.08,0.667,0.1641,0.1174,True
0xc7ff72c4e9bcb104faaffe1cb19fdf968c698a60,L1,Sports,297,0.0863,0.087,1.49,0.549,0.2144,-0.0408,False
0xc7ff72c4e9bcb104faaffe1cb19fdf968c698a60,L1,Esports,40,0.1806,0.1529,0.67,0.575,-0.1113,0.4724,False
0xc7ff72c4e9bcb104faaffe1cb19fdf968c698a60,L2,Sports / Soccer,177,0.1428,0.1382,1.92,0.582,0.3603,-0.0722,False
0xc7ff72c4e9bcb104faaffe1cb19fdf968c698a60,L2,Esports / Esports,40,0.1806,0.1529,0.67,0.575,-0.1113,0.4724,False
0xc7ff72c4e9bcb104faaffe1cb19fdf968c698a60,L2,Sports / Basketball,68,0.0181,0.0362,0.15,0.5,0.0898,-0.0536,False
0xc7ff72c4e9bcb104faaffe1cb19fdf968c698a60,L2,Sports / Other sport,52,-0.0167,0.015,-0.12,0.5,0.0316,-0.065,False
0xc7ff72c4e9bcb104faaffe1cb19fdf968c698a60,L3,Sports / Soccer / FIFA World Cup,28,0.5859,0.3824,3.35,0.786,0.7248,0.4469,False
0xc7ff72c4e9bcb104faaffe1cb19fdf968c698a60,L3,Esports / Esports / League of Legends,39,0.2109,0.1724,0.77,0.59,-0.0645,0.4724,False
0xc7ff72c4e9bcb104faaffe1cb19fdf968c698a60,L3,Sports / Basketball / WNBA,59,0.0371,0.0524,0.28,0.508,-0.0038,0.0767,False
0xc7ff72c4e9bcb104faaffe1cb19fdf968c698a60,L3,Sports / Soccer / MLS 2025,22,-0.0192,0.0364,-0.09,0.5,0.235,-0.2734,False
0xc7ff72c4e9bcb104faaffe1cb19fdf968c698a60,L2t,Sports / Soccer / type=moneyline,47,0.3486,0.2737,2.45,0.681,0.3995,0.2999,True
0xc7ff72c4e9bcb104faaffe1cb19fdf968c698a60,L2t,Sports / Soccer / type=totals,111,0.0524,0.0593,0.56,0.541,0.2495,-0.1411,False
0xc7ff72c4e9bcb104faaffe1cb19fdf968c698a60,L2t,Sports / Basketball / type=totals,36,0.0769,0.0843,0.45,0.528,0.2554,-0.1016,False
0xc7ff72c4e9bcb104faaffe1cb19fdf968c698a60,L2t,Esports / Esports / type=kill_over_under_game,29,0.076,0.0848,0.46,0.655,0.1073,0.0467,False
0xc7ff72c4e9bcb104faaffe1cb19fdf968c698a60,L2t,Sports / Basketball / type=spreads,30,-0.1192,-0.0325,-0.64,0.433,-0.3056,0.0671,False
0xc7ff72c4e9bcb104faaffe1cb19fdf968c698a60,L2t,Sports / Other sport / type=totals,35,-0.1177,-0.0395,-0.71,0.457,-0.0005,-0.2285,False
0xc7ff72c4e9bcb104faaffe1cb19fdf968c698a60,L1b,Sports / price=0.50-0.70,146,0.2069,0.1937,2.72,0.637,0.4465,-0.0328,False
0xc7ff72c4e9bcb104faaffe1cb19fdf968c698a60,L1b,Sports / price=0.30-0.50,136,0.0014,0.0137,0.02,0.471,0.0391,-0.0363,False
0xc7ff72c4e9bcb104faaffe1cb19fdf968c698a60,L2b,Sports / Soccer / price=0.50-0.70,91,0.2945,0.259,3.21,0.692,0.5431,0.0513,True
0xc7ff72c4e9bcb104faaffe1cb19fdf968c698a60,L2b,Sports / Basketball / price=0.50-0.70,24,0.0703,0.0827,0.34,0.542,-0.0097,0.1503,False
0xc7ff72c4e9bcb104faaffe1cb19fdf968c698a60,L2b,Sports / Other sport / price=0.50-0.70,31,0.0555,0.072,0.32,0.548,0.1699,-0.0518,False
0xc7ff72c4e9bcb104faaffe1cb19fdf968c698a60,L2b,Sports / Basketball / price=0.30-0.50,42,0.0368,0.0564,0.23,0.5,0.1908,-0.1173,False
0xc7ff72c4e9bcb104faaffe1cb19fdf968c698a60,L2b,Sports / Soccer / price=0.30-0.50,76,-0.0085,0.0136,-0.07,0.461,0.0854,-0.1023,False
0xc7ff72c4e9bcb104faaffe1cb19fdf968c698a60,L2l,Sports / Soccer / pre,97,0.2029,0.1849,2.04,0.608,0.2362,0.1703,True
0xc7ff72c4e9bcb104faaffe1cb19fdf968c698a60,L2l,Esports / Esports / live,40,0.1806,0.1529,0.67,0.575,-0.1113,0.4724,False
0xc7ff72c4e9bcb104faaffe1cb19fdf968c698a60,L2l,Sports / Soccer / live,80,0.0699,0.0754,0.63,0.55,0.3316,-0.1917,False
0xc7ff72c4e9bcb104faaffe1cb19fdf968c698a60,L2l,Sports / Other sport / pre,31,0.0331,0.0583,0.18,0.516,0.0366,0.0298,False
0xc7ff72c4e9bcb104faaffe1cb19fdf968c698a60,L2l,Sports / Basketball / pre,63,0.0043,0.0267,0.03,0.492,0.0674,-0.0569,False
0xc7ff72c4e9bcb104faaffe1cb19fdf968c698a60,L2l,Sports / Other sport / live,21,-0.0901,0.0014,-0.41,0.476,-0.0779,-0.1012,False
0x974faca19c56e2f16a6ee568cb40acd4d0cfcd80,L1b,Esports / price=0.70-0.90,56,0.1977,0.1392,3.82,0.911,0.1701,0.2253,True
0x974faca19c56e2f16a6ee568cb40acd4d0cfcd80,L2b,Esports / Esports / price=0.70-0.90,56,0.1977,0.1392,3.82,0.911,0.1701,0.2253,True
0x3413c803c3a6efc8d963afbce2dcee48d3738ff2,L1,Esports,378,0.1505,0.15,2.03,0.439,0.2035,0.0975,True
0x3413c803c3a6efc8d963afbce2dcee48d3738ff2,L2,Esports / Esports,378,0.1505,0.15,2.03,0.439,0.2035,0.0975,True
0x3413c803c3a6efc8d963afbce2dcee48d3738ff2,L3,Esports / Esports / Dota 2,378,0.1505,0.15,2.03,0.439,0.2035,0.0975,True
0x3413c803c3a6efc8d963afbce2dcee48d3738ff2,L2t,Esports / Esports / type=child_moneyline,329,0.1691,0.1674,2.1,0.441,0.1793,0.159,True
0x3413c803c3a6efc8d963afbce2dcee48d3738ff2,L1b,Esports / price=0.30-0.50,191,0.2625,0.2508,2.82,0.503,0.3659,0.1601,True
0x3413c803c3a6efc8d963afbce2dcee48d3738ff2,L2b,Esports / Esports / price=0.30-0.50,191,0.2625,0.2508,2.82,0.503,0.3659,0.1601,True
0x3413c803c3a6efc8d963afbce2dcee48d3738ff2,L2l,Esports / Esports / live,363,0.1521,0.1514,2.01,0.438,0.1843,0.1201,True
0x853c37a959a5791b849e3f3225c7f5963746bd03,L1,Politics,514,0.5846,0.5795,3.51,0.521,0.9559,0.2134,True
0x853c37a959a5791b849e3f3225c7f5963746bd03,L1b,Politics / price=0.00-0.10,89,2.7136,2.2979,3.0,0.315,4.7587,0.7139,True
0x853c37a959a5791b849e3f3225c7f5963746bd03,L1b,Politics / price=0.10-0.30,110,0.3515,0.3663,2.3,0.373,0.3687,0.3343,True
0xd385bb420ad51200505d73526f16d20fd51234fb,L1,Esports,131,0.1438,0.1296,1.55,0.595,0.1922,0.0961,False
0xd385bb420ad51200505d73526f16d20fd51234fb,L1,Crypto,28,0.4248,0.2631,2.0,0.643,0.4989,0.3508,False
0xd385bb420ad51200505d73526f16d20fd51234fb,L1,Sports,127,-0.1591,-0.1325,-1.89,0.465,-0.1193,-0.1983,False
0xd385bb420ad51200505d73526f16d20fd51234fb,L2,Esports / Esports,131,0.1438,0.1296,1.55,0.595,0.1922,0.0961,False
0xd385bb420ad51200505d73526f16d20fd51234fb,L2,Crypto / Up/Down short,28,0.4248,0.2631,2.0,0.643,0.4989,0.3508,False
0xd385bb420ad51200505d73526f16d20fd51234fb,L2,Sports / Soccer,108,-0.1646,-0.1332,-1.83,0.472,-0.0452,-0.2841,False
0xd385bb420ad51200505d73526f16d20fd51234fb,L3,Crypto / Up/Down short / BTC Up or Down 5m,28,0.4248,0.2631,2.0,0.643,0.4989,0.3508,False
0xd385bb420ad51200505d73526f16d20fd51234fb,L3,Esports / Esports / Counter Strike,68,0.1369,0.1142,1.01,0.574,0.2944,-0.0206,False
0xd385bb420ad51200505d73526f16d20fd51234fb,L3,Sports / Soccer / FIFA World Cup,29,0.1945,0.1302,0.95,0.621,0.2343,0.1575,False
0xd385bb420ad51200505d73526f16d20fd51234fb,L3,Esports / Esports / League of Legends,22,0.0762,0.0574,0.31,0.5,0.4733,-0.3209,False
0xd385bb420ad51200505d73526f16d20fd51234fb,L3,Esports / Esports / Dota 2,22,0.0619,0.05,0.3,0.591,-0.0507,0.1746,False
0xd385bb420ad51200505d73526f16d20fd51234fb,L3,Sports / Soccer / Counter Strike,48,-0.3329,-0.2241,-2.73,0.375,-0.2282,-0.4375,False
0xd385bb420ad51200505d73526f16d20fd51234fb,L2t,Crypto / Up/Down short / type=updown,28,0.4248,0.2631,2.0,0.643,0.4989,0.3508,False
0xd385bb420ad51200505d73526f16d20fd51234fb,L2t,Esports / Esports / type=moneyline,130,0.1312,0.1186,1.42,0.592,0.1922,0.0702,False
0xd385bb420ad51200505d73526f16d20fd51234fb,L2t,Sports / Soccer / type=moneyline,89,-0.2159,-0.1696,-2.2,0.449,-0.0751,-0.3536,False
0xd385bb420ad51200505d73526f16d20fd51234fb,L1b,Esports / price=0.50-0.70,45,0.2898,0.212,2.7,0.756,0.5366,0.0538,True
0xd385bb420ad51200505d73526f16d20fd51234fb,L1b,Sports / price=0.50-0.70,41,0.0144,0.0217,0.12,0.585,-0.1361,0.1577,False
0xd385bb420ad51200505d73526f16d20fd51234fb,L1b,Esports / price=0.30-0.50,52,-0.0124,0.0013,-0.08,0.423,-0.1289,0.1041,False
0xd385bb420ad51200505d73526f16d20fd51234fb,L1b,Sports / price=0.70-0.90,23,-0.0562,-0.0129,-0.47,0.739,-0.155,0.0344,False
0xd385bb420ad51200505d73526f16d20fd51234fb,L1b,Sports / price=0.30-0.50,47,-0.2058,-0.1334,-1.2,0.319,0.0493,-0.4502,False
0xd385bb420ad51200505d73526f16d20fd51234fb,L2b,Esports / Esports / price=0.50-0.70,45,0.2898,0.212,2.7,0.756,0.5366,0.0538,True
0xd385bb420ad51200505d73526f16d20fd51234fb,L2b,Sports / Soccer / price=0.50-0.70,36,0.0186,0.0251,0.14,0.583,-0.123,0.1602,False
0xd385bb420ad51200505d73526f16d20fd51234fb,L2b,Esports / Esports / price=0.30-0.50,52,-0.0124,0.0013,-0.08,0.423,-0.1289,0.1041,False
0xd385bb420ad51200505d73526f16d20fd51234fb,L2b,Sports / Soccer / price=0.70-0.90,20,-0.0471,-0.0052,-0.37,0.75,-0.0929,-0.0014,False
0xd385bb420ad51200505d73526f16d20fd51234fb,L2b,Sports / Soccer / price=0.30-0.50,38,-0.2545,-0.1541,-1.36,0.316,0.2176,-0.7266,False
0xd385bb420ad51200505d73526f16d20fd51234fb,L2l,Esports / Esports / live,52,0.2228,0.1711,1.43,0.596,0.3294,0.1162,False
0xd385bb420ad51200505d73526f16d20fd51234fb,L2l,Esports / Esports / pre,79,0.0918,0.0807,0.8,0.595,0.2411,-0.0537,False
0xd385bb420ad51200505d73526f16d20fd51234fb,L2l,Sports / Soccer / pre,82,-0.0696,-0.0487,-0.65,0.512,-0.1025,-0.0367,False
0xd385bb420ad51200505d73526f16d20fd51234fb,L2l,Sports / Soccer / live,26,-0.4645,-0.2465,-3.15,0.346,-0.4756,-0.4534,False
0x6628d459a1ba4f231513f27232415af529a005ae,L3,Esports / Esports / Counter Strike,161,0.2214,0.1943,2.02,0.484,0.0391,0.4013,True
0x1b12d5a36522fc9459c6b3f35b00325d416e7a89,L1,Crypto,423,0.5053,0.5006,3.12,0.362,0.7482,0.2636,True
0x1b12d5a36522fc9459c6b3f35b00325d416e7a89,L2,Crypto / Bitcoin,131,0.7619,0.7141,2.16,0.359,1.0799,0.4487,True
0x1b12d5a36522fc9459c6b3f35b00325d416e7a89,L1b,Crypto / price=0.00-0.10,92,1.7834,1.5365,2.62,0.272,3.0643,0.5025,True
0x1b12d5a36522fc9459c6b3f35b00325d416e7a89,L1b,Crypto / price=0.30-0.50,51,0.4549,0.4397,2.72,0.569,0.5108,0.401,True
0xd68eba02e662023b16e4d134c1fcd8875c1e8048,L3,Sports / Soccer / Leagues Cup,43,0.105,0.0669,3.17,0.907,0.0771,0.1316,True
0xd0e0da72bab9de942f1647e6c4933e1fd8214d8f,L2l,Sports / Basketball / pre,563,0.0886,0.0884,2.49,0.508,0.1127,0.0647,True
0xde5314ddd05574a22cdaeef4e9ab2c02ce90e5be,L3,Sports / Soccer / La Liga 2025,57,0.2746,0.2018,2.15,0.737,0.1949,0.3515,True
0x8a31afc7ab5bc94fb4423e2a84f3bafb4957803f,L2b,Sports / Basketball / price=0.30-0.50,32,0.4298,0.2757,2.28,0.656,0.6732,0.1864,True
0x0a9d48d2c4d478daf0c4000c1855940bae0d6c84,L1,Esports,1304,0.1022,0.1023,3.54,0.524,0.1151,0.0893,True
0x0a9d48d2c4d478daf0c4000c1855940bae0d6c84,L2,Esports / Esports,1304,0.1022,0.1023,3.54,0.524,0.1151,0.0893,True
0x0a9d48d2c4d478daf0c4000c1855940bae0d6c84,L3,Esports / Esports / League of Legends,1302,0.103,0.103,3.56,0.524,0.116,0.09,True
0x0a9d48d2c4d478daf0c4000c1855940bae0d6c84,L2t,Esports / Esports / type=child_moneyline,818,0.1137,0.1135,2.75,0.538,0.1387,0.0887,True
0x0a9d48d2c4d478daf0c4000c1855940bae0d6c84,L2t,Esports / Esports / type=moneyline,486,0.0829,0.0838,2.43,0.5,0.0798,0.086,True
0x0a9d48d2c4d478daf0c4000c1855940bae0d6c84,L1b,Esports / price=0.10-0.30,288,0.1861,0.1808,2.54,0.406,0.2032,0.1691,True
0x0a9d48d2c4d478daf0c4000c1855940bae0d6c84,L1b,Esports / price=0.30-0.50,318,0.0908,0.0916,2.63,0.531,0.0565,0.125,True
0x0a9d48d2c4d478daf0c4000c1855940bae0d6c84,L1b,Sports / price=0.50-0.70,46,0.2241,0.1879,2.46,0.739,0.0688,0.3795,True
0x0a9d48d2c4d478daf0c4000c1855940bae0d6c84,L1b,Esports / price=0.50-0.70,361,0.0482,0.0511,2.05,0.609,0.0463,0.0501,True
0x0a9d48d2c4d478daf0c4000c1855940bae0d6c84,L2b,Esports / Esports / price=0.10-0.30,288,0.1861,0.1808,2.54,0.406,0.2032,0.1691,True
0x0a9d48d2c4d478daf0c4000c1855940bae0d6c84,L2b,Esports / Esports / price=0.30-0.50,318,0.0908,0.0916,2.63,0.531,0.0565,0.125,True
0x0a9d48d2c4d478daf0c4000c1855940bae0d6c84,L2b,Esports / Esports / price=0.50-0.70,361,0.0482,0.0511,2.05,0.609,0.0463,0.0501,True
0x0a9d48d2c4d478daf0c4000c1855940bae0d6c84,L2l,Esports / Esports / live,1265,0.1054,0.1054,3.57,0.526,0.1226,0.0882,True
0xc950f8f17a5e6429617ff56c737fcc39d7f89420,L1b,Sports / price=0.30-0.50,556,0.1551,0.1515,3.01,0.424,0.1038,0.2065,True
0xc950f8f17a5e6429617ff56c737fcc39d7f89420,L2b,Sports / Other sport / price=0.30-0.50,551,0.1551,0.1514,2.99,0.425,0.1029,0.207,True
0x1c0f3e4c90a48e4dd93d0abcdf719a5a5f1599d0,L1,Sports,1388,0.4789,0.4784,2.69,0.33,0.7503,0.2076,True
0x1c0f3e4c90a48e4dd93d0abcdf719a5a5f1599d0,L2,Sports / Other sport,1357,0.5098,0.5088,2.8,0.336,0.8013,0.2187,True
0x1c0f3e4c90a48e4dd93d0abcdf719a5a5f1599d0,L2t,Sports / Other sport / type=binary,1356,0.5109,0.5099,2.8,0.336,0.8013,0.2205,True
0x1c0f3e4c90a48e4dd93d0abcdf719a5a5f1599d0,L1b,Sports / price=0.00-0.10,774,0.6495,0.6443,2.05,0.156,1.019,0.28,True
0x1c0f3e4c90a48e4dd93d0abcdf719a5a5f1599d0,L1b,Sports / price=0.10-0.30,226,0.5808,0.5696,4.05,0.407,0.9516,0.21,True
0x1c0f3e4c90a48e4dd93d0abcdf719a5a5f1599d0,L1b,Sports / price=0.30-0.50,126,0.2947,0.315,3.4,0.54,0.3566,0.2328,True
0x1c0f3e4c90a48e4dd93d0abcdf719a5a5f1599d0,L1b,Sports / price=0.50-0.70,105,0.126,0.1767,2.0,0.619,0.2347,0.0193,True
0x1c0f3e4c90a48e4dd93d0abcdf719a5a5f1599d0,L2b,Sports / Other sport / price=0.00-0.10,772,0.6538,0.6485,2.06,0.157,1.0243,0.2833,True
0x1c0f3e4c90a48e4dd93d0abcdf719a5a5f1599d0,L2b,Sports / Other sport / price=0.10-0.30,226,0.5808,0.5696,4.05,0.407,0.9516,0.21,True
0x1c0f3e4c90a48e4dd93d0abcdf719a5a5f1599d0,L2b,Sports / Other sport / price=0.30-0.50,126,0.2947,0.315,3.4,0.54,0.3566,0.2328,True
0x1c0f3e4c90a48e4dd93d0abcdf719a5a5f1599d0,L2b,Sports / Other sport / price=0.50-0.70,105,0.126,0.1767,2.0,0.619,0.2347,0.0193,True
0x1c0f3e4c90a48e4dd93d0abcdf719a5a5f1599d0,L2b,Sports / Other sport / price=0.70-0.90,69,0.1256,0.1969,3.48,0.855,0.1743,0.0783,True
0x1c0f3e4c90a48e4dd93d0abcdf719a5a5f1599d0,L2l,Sports / Other sport / live,1298,0.4931,0.4924,2.73,0.343,0.8573,0.1289,True
0x6ffbcab9d52b216dffcf57678de935cd1af0f7f0,L3,Esports / Esports / Dota 2,471,0.1267,0.1211,2.24,0.537,0.1206,0.1327,True
0x6ffbcab9d52b216dffcf57678de935cd1af0f7f0,L2l,Esports / Esports / pre,435,0.1239,0.118,2.23,0.563,0.2125,0.0358,True
0x10ada67f59c7449f745d9ef4213d26c2e5a4827c,L2t,Esports / Esports / type=map_handicap,63,0.3065,0.2379,2.08,0.571,0.4028,0.2132,True
0x0ddd87a29b9e303336e0ad880f2497acbf174f1f,L1b,Sports / price=0.70-0.90,61,0.1507,0.1064,3.56,0.852,0.0925,0.207,True
0x0ddd87a29b9e303336e0ad880f2497acbf174f1f,L2b,Sports / Soccer / price=0.70-0.90,37,0.1958,0.1171,3.95,0.919,0.1766,0.2141,True
0x6918ea182d963b1fb7888860b8a8b8bcfba5782b,L1,Esports,1513,0.1151,0.115,4.2,0.594,0.0782,0.1519,True
0x6918ea182d963b1fb7888860b8a8b8bcfba5782b,L2,Esports / Esports,1513,0.1151,0.115,4.2,0.594,0.0782,0.1519,True
0x6918ea182d963b1fb7888860b8a8b8bcfba5782b,L3,Esports / Esports / League of Legends,1513,0.1151,0.115,4.2,0.594,0.0782,0.1519,True
0x6918ea182d963b1fb7888860b8a8b8bcfba5782b,L2t,Esports / Esports / type=child_moneyline,517,0.1515,0.1499,3.33,0.625,0.0887,0.2141,True
0x6918ea182d963b1fb7888860b8a8b8bcfba5782b,L2t,Esports / Esports / type=moneyline,369,0.1241,0.1233,2.0,0.58,0.0942,0.1537,True
0x6918ea182d963b1fb7888860b8a8b8bcfba5782b,L2t,Esports / Esports / type=totals,286,0.1262,0.125,2.03,0.601,0.1074,0.145,True
0x6918ea182d963b1fb7888860b8a8b8bcfba5782b,L1b,Esports / price=0.30-0.50,478,0.1706,0.1681,3.01,0.477,0.1781,0.1631,True
0x6918ea182d963b1fb7888860b8a8b8bcfba5782b,L1b,Esports / price=0.50-0.70,608,0.0814,0.0823,2.45,0.64,0.0313,0.1315,True
0x6918ea182d963b1fb7888860b8a8b8bcfba5782b,L1b,Esports / price=0.70-0.90,288,0.1063,0.1065,3.83,0.851,0.1207,0.0919,True
0x6918ea182d963b1fb7888860b8a8b8bcfba5782b,L2b,Esports / Esports / price=0.30-0.50,478,0.1706,0.1681,3.01,0.477,0.1781,0.1631,True
0x6918ea182d963b1fb7888860b8a8b8bcfba5782b,L2b,Esports / Esports / price=0.50-0.70,608,0.0814,0.0823,2.45,0.64,0.0313,0.1315,True
0x6918ea182d963b1fb7888860b8a8b8bcfba5782b,L2b,Esports / Esports / price=0.70-0.90,288,0.1063,0.1065,3.83,0.851,0.1207,0.0919,True
0x6918ea182d963b1fb7888860b8a8b8bcfba5782b,L2l,Esports / Esports / pre,1513,0.1151,0.115,4.2,0.594,0.0782,0.1519,True
0x00328e0f5993e36ba99da9e072508b752c8ce886,L3,Sports / Other sport / Moscow Daily Weather,95,0.0178,0.0187,20.6,1.0,0.0194,0.0162,True
0x00328e0f5993e36ba99da9e072508b752c8ce886,L3,Sports / Other sport / Busan Daily Weather,72,0.019,0.0198,16.68,1.0,0.0203,0.0177,True
0x00328e0f5993e36ba99da9e072508b752c8ce886,L3,Sports / Other sport / Munich Daily Weather,55,0.0208,0.0213,7.52,1.0,0.0263,0.0154,True
0x00328e0f5993e36ba99da9e072508b752c8ce886,L3,Sports / Other sport / Mexico City Daily Weather,69,0.0161,0.0176,15.02,1.0,0.0189,0.0134,True
0x00328e0f5993e36ba99da9e072508b752c8ce886,L3,Sports / Other sport / Cape Town Daily Weather,57,0.0179,0.0192,13.66,1.0,0.0224,0.0136,True
0x00328e0f5993e36ba99da9e072508b752c8ce886,L3,Sports / Other sport / Karachi Daily Weather,64,0.0154,0.0172,15.84,1.0,0.0148,0.0161,True
0x00328e0f5993e36ba99da9e072508b752c8ce886,L3,Sports / Other sport / Jeddah Daily Weather,54,0.0172,0.0187,11.78,1.0,0.0166,0.0178,True
0x00328e0f5993e36ba99da9e072508b752c8ce886,L3,Sports / Other sport / Dallas Daily Weather,38,0.0206,0.0214,5.63,1.0,0.0275,0.0137,True
0x00328e0f5993e36ba99da9e072508b752c8ce886,L3,Sports / Other sport / Manila Daily Weather,58,0.0138,0.0161,17.8,1.0,0.0149,0.0127,True
0x00328e0f5993e36ba99da9e072508b752c8ce886,L3,Sports / Other sport / Panama Daily Weather,43,0.0165,0.0185,12.2,1.0,0.0172,0.0158,True
0x00328e0f5993e36ba99da9e072508b752c8ce886,L3,Sports / Other sport / Tokyo Daily Weather,54,0.0134,0.016,18.09,1.0,0.0149,0.0119,True
0x00328e0f5993e36ba99da9e072508b752c8ce886,L3,Sports / Other sport / Wuhan Daily Weather,33,0.0189,0.0204,9.39,1.0,0.0209,0.017,True
0x00328e0f5993e36ba99da9e072508b752c8ce886,L3,Sports / Other sport / NYC Daily Weather,36,0.0162,0.0186,9.58,1.0,0.0191,0.0134,True
0x00328e0f5993e36ba99da9e072508b752c8ce886,L3,Sports / Other sport / Guangzhou Daily Weather,36,0.0156,0.0182,9.48,1.0,0.0165,0.0147,True
0x00328e0f5993e36ba99da9e072508b752c8ce886,L3,Sports / Other sport / Chongqing Daily Weather,31,0.0174,0.0195,8.07,1.0,0.0179,0.0169,True
0x7a6457bc030209feb6a51b2c761936c4dc3c6769,L2t,Sports / Hockey / type=totals,57,0.4386,0.3301,3.64,0.719,0.2316,0.6385,True
0x7a6457bc030209feb6a51b2c761936c4dc3c6769,L2b,Sports / Hockey / price=0.30-0.50,73,0.3494,0.2788,2.74,0.589,0.2458,0.4502,True
0x7a6457bc030209feb6a51b2c761936c4dc3c6769,L2b,Sports / American Football / price=0.30-0.50,35,0.4034,0.2643,2.19,0.629,0.4796,0.3314,True
0x26cddc59ed25b4d80b408d730c49af6469b42c85,L3,Sports / Other sport / Veikkausliiga,34,0.6077,0.3645,2.55,0.676,0.8747,0.3408,True
0x3c0b3957f80121d9a9908a68ea3761cddfb1a951,L1,Sports,201,0.1788,0.1782,4.78,0.836,0.0853,0.2713,True
0x3c0b3957f80121d9a9908a68ea3761cddfb1a951,L2,Sports / Other sport,201,0.1788,0.1782,4.78,0.836,0.0853,0.2713,True
0x3c0b3957f80121d9a9908a68ea3761cddfb1a951,L2t,Sports / Other sport / type=binary,201,0.1788,0.1782,4.78,0.836,0.0853,0.2713,True
0x3c0b3957f80121d9a9908a68ea3761cddfb1a951,L1b,Sports / price=0.50-0.70,44,0.2921,0.2548,3.52,0.773,0.1375,0.4466,True
0x3c0b3957f80121d9a9908a68ea3761cddfb1a951,L1b,Sports / price=0.70-0.90,109,0.0994,0.1108,3.32,0.89,0.0687,0.1295,True
0x3c0b3957f80121d9a9908a68ea3761cddfb1a951,L2b,Sports / Other sport / price=0.50-0.70,44,0.2921,0.2548,3.52,0.773,0.1375,0.4466,True
0x3c0b3957f80121d9a9908a68ea3761cddfb1a951,L2b,Sports / Other sport / price=0.70-0.90,109,0.0994,0.1108,3.32,0.89,0.0687,0.1295,True
0x3c0b3957f80121d9a9908a68ea3761cddfb1a951,L2l,Sports / Other sport / live,201,0.1788,0.1782,4.78,0.836,0.0853,0.2713,True
0xae33f55dbb0e91fccd6c0b5790f71debda92ba39,L1b,Sports / price=0.50-0.70,110,0.1602,0.1409,2.17,0.691,0.2099,0.1106,True
0xae33f55dbb0e91fccd6c0b5790f71debda92ba39,L2b,Sports / Soccer / price=0.50-0.70,92,0.1666,0.143,2.08,0.696,0.2508,0.0824,True
0xc036c0d767e955a0d355cc1f2895b4e2cb2530d4,L2t,Sports / Soccer / type=soccer_team_to_advance,38,0.3471,0.2187,2.59,0.816,0.2368,0.4574,True
0xa80cdd95c7d68e38e5b9e8a5ff6a8b65afa75a6d,L2l,Esports / Esports / pre,34,0.3688,0.289,3.2,0.882,0.4487,0.2889,True
0xb8c4482802bbc9256926cde54b3daa03ee8e7385,L2t,Sports / Soccer / type=spreads,188,0.2357,0.2105,2.5,0.543,0.2914,0.1801,True
0x695d8d90deae05ea1e07d3804130ff9564fd0d7c,L1,Sports,357,0.2872,0.2778,2.9,0.739,0.0985,0.4749,True
0x695d8d90deae05ea1e07d3804130ff9564fd0d7c,L1,Esports,1341,0.0634,0.0641,2.01,0.682,0.0815,0.0453,True
0x695d8d90deae05ea1e07d3804130ff9564fd0d7c,L2,Sports / Tennis,305,0.3329,0.3192,2.9,0.738,0.1224,0.542,True
0x695d8d90deae05ea1e07d3804130ff9564fd0d7c,L2,Esports / Esports,1306,0.0648,0.0655,2.01,0.678,0.0791,0.0506,True
0x695d8d90deae05ea1e07d3804130ff9564fd0d7c,L3,Sports / Tennis / League of Legends,305,0.3329,0.3192,2.9,0.738,0.1224,0.542,True
0x695d8d90deae05ea1e07d3804130ff9564fd0d7c,L3,Esports / Esports / League of Legends,1305,0.0648,0.0655,2.01,0.678,0.0807,0.049,True
0x695d8d90deae05ea1e07d3804130ff9564fd0d7c,L2t,Sports / Tennis / type=moneyline,106,0.541,0.4727,2.08,0.821,0.0832,0.9988,True
0x695d8d90deae05ea1e07d3804130ff9564fd0d7c,L2t,Sports / Tennis / type=child_moneyline,198,0.2281,0.2173,2.09,0.697,0.1808,0.2754,True
0x695d8d90deae05ea1e07d3804130ff9564fd0d7c,L1b,Sports / price=0.30-0.50,55,0.3823,0.3098,2.41,0.582,0.4121,0.3535,True
0x695d8d90deae05ea1e07d3804130ff9564fd0d7c,L1b,Esports / price=0.50-0.70,252,0.1029,0.1035,2.13,0.655,0.1939,0.012,True
0x695d8d90deae05ea1e07d3804130ff9564fd0d7c,L1b,Sports / price=0.50-0.70,85,0.1898,0.1747,2.31,0.706,0.2694,0.1121,True
0x695d8d90deae05ea1e07d3804130ff9564fd0d7c,L2b,Sports / Tennis / price=0.30-0.50,48,0.3745,0.2969,2.15,0.583,0.2892,0.4599,True
0x695d8d90deae05ea1e07d3804130ff9564fd0d7c,L2b,Esports / Esports / price=0.50-0.70,252,0.1029,0.1035,2.13,0.655,0.1939,0.012,True
0x695d8d90deae05ea1e07d3804130ff9564fd0d7c,L2b,Sports / Tennis / price=0.50-0.70,76,0.2055,0.1857,2.38,0.711,0.2744,0.1367,True
0x695d8d90deae05ea1e07d3804130ff9564fd0d7c,L2l,Sports / Tennis / live,282,0.3339,0.3191,2.71,0.738,0.1435,0.5243,True
0x695d8d90deae05ea1e07d3804130ff9564fd0d7c,L2l,Esports / Esports / pre,82,0.2249,0.2025,2.24,0.732,0.2791,0.1708,True
0x706958c87efe9202a8e2a8ad74d727824d01325b,L1,Other,87,1.4969,1.2433,11.05,0.966,1.6831,1.315,True
0x706958c87efe9202a8e2a8ad74d727824d01325b,L2,Other / ?,87,1.4969,1.2433,11.05,0.966,1.6831,1.315,True
0x706958c87efe9202a8e2a8ad74d727824d01325b,L3,Other / ? / ?,87,1.4969,1.2433,11.05,0.966,1.6831,1.315,True
0x706958c87efe9202a8e2a8ad74d727824d01325b,L2t,Other / ? / type=binary,87,1.4969,1.2433,11.05,0.966,1.6831,1.315,True
0x706958c87efe9202a8e2a8ad74d727824d01325b,L1b,Other / price=0.30-0.50,65,1.3063,1.0319,19.42,0.969,1.2741,1.3375,True
0x706958c87efe9202a8e2a8ad74d727824d01325b,L1b,Sports / price=0.50-0.70,121,0.1847,0.1784,2.31,0.612,0.1768,0.1925,True
0x706958c87efe9202a8e2a8ad74d727824d01325b,L2b,Other / ? / price=0.30-0.50,65,1.3063,1.0319,19.42,0.969,1.2741,1.3375,True
0x706958c87efe9202a8e2a8ad74d727824d01325b,L2b,Sports / Soccer / price=0.50-0.70,94,0.248,0.229,2.78,0.638,0.2761,0.2199,True
0xf10e941dbd215b98b90be7dd9ec61da409ef4308,L1,Sports,1108,0.1529,0.1527,5.25,0.758,0.2355,0.0702,True
0xf10e941dbd215b98b90be7dd9ec61da409ef4308,L2,Sports / Other sport,1108,0.1529,0.1527,5.25,0.758,0.2355,0.0702,True
0xf10e941dbd215b98b90be7dd9ec61da409ef4308,L3,Sports / Other sport / Istanbul Daily Weather,150,0.2158,0.2073,2.57,0.76,0.1886,0.243,True
0xf10e941dbd215b98b90be7dd9ec61da409ef4308,L3,Sports / Other sport / Paris Daily Weather,213,0.1251,0.1267,2.5,0.728,0.2455,0.0058,True
0xf10e941dbd215b98b90be7dd9ec61da409ef4308,L3,Sports / Other sport / Manila Daily Weather,64,0.202,0.188,2.98,0.891,0.1578,0.2462,True
0xf10e941dbd215b98b90be7dd9ec61da409ef4308,L3,Sports / Other sport / Ankara Daily Weather,71,0.1749,0.168,2.57,0.789,0.2308,0.1206,True
0xf10e941dbd215b98b90be7dd9ec61da409ef4308,L2t,Sports / Other sport / type=binary,1108,0.1529,0.1527,5.25,0.758,0.2355,0.0702,True
0xf10e941dbd215b98b90be7dd9ec61da409ef4308,L1b,Sports / price=0.30-0.50,115,0.3835,0.3479,3.94,0.591,0.6516,0.1201,True
0xf10e941dbd215b98b90be7dd9ec61da409ef4308,L1b,Sports / price=0.50-0.70,193,0.1922,0.1876,4.09,0.705,0.261,0.1241,True
0xf10e941dbd215b98b90be7dd9ec61da409ef4308,L1b,Sports / price=0.70-0.90,422,0.0742,0.0774,4.21,0.829,0.0467,0.1018,True
0xf10e941dbd215b98b90be7dd9ec61da409ef4308,L2b,Sports / Other sport / price=0.30-0.50,115,0.3835,0.3479,3.94,0.591,0.6516,0.1201,True
0xf10e941dbd215b98b90be7dd9ec61da409ef4308,L2b,Sports / Other sport / price=0.50-0.70,193,0.1922,0.1876,4.09,0.705,0.261,0.1241,True
0xf10e941dbd215b98b90be7dd9ec61da409ef4308,L2b,Sports / Other sport / price=0.70-0.90,422,0.0742,0.0774,4.21,0.829,0.0467,0.1018,True
0xf10e941dbd215b98b90be7dd9ec61da409ef4308,L2l,Sports / Other sport / live,874,0.1848,0.1839,5.26,0.772,0.2776,0.0921,True
0x8e521bd6e6ab1100390f4e19c5008de3bed4421f,L1b,Sports / price=0.70-0.90,142,0.1147,0.1051,3.26,0.803,0.1634,0.066,True
0x8e521bd6e6ab1100390f4e19c5008de3bed4421f,L2b,Sports / Soccer / price=0.70-0.90,106,0.1348,0.1193,3.39,0.821,0.2193,0.0504,True
0x72bc9c9d09dda1095030730e7bc93b86f07bb24e,L1,Sports,5419,0.0207,0.0207,5.21,0.913,0.0254,0.0159,True
0x72bc9c9d09dda1095030730e7bc93b86f07bb24e,L1,Esports,674,0.0153,0.0155,2.82,0.966,0.0125,0.0182,True
0x72bc9c9d09dda1095030730e7bc93b86f07bb24e,L2,Sports / Tennis,1994,0.0323,0.0322,3.92,0.879,0.031,0.0337,True
0x72bc9c9d09dda1095030730e7bc93b86f07bb24e,L2,Sports / Soccer,1479,0.0156,0.0157,2.29,0.913,0.0223,0.009,True
0x72bc9c9d09dda1095030730e7bc93b86f07bb24e,L2,Esports / Esports,674,0.0153,0.0155,2.82,0.966,0.0125,0.0182,True
0x72bc9c9d09dda1095030730e7bc93b86f07bb24e,L2,Sports / Baseball,1035,0.0123,0.0125,2.14,0.957,0.0219,0.0028,True
0x72bc9c9d09dda1095030730e7bc93b86f07bb24e,L3,Sports / Tennis / ITF,1057,0.0398,0.0394,2.81,0.822,0.0257,0.0538,True
0x72bc9c9d09dda1095030730e7bc93b86f07bb24e,L3,Sports / Baseball / MLB,924,0.0206,0.0205,4.21,0.97,0.0309,0.0102,True
0x72bc9c9d09dda1095030730e7bc93b86f07bb24e,L3,Sports / Soccer / FIFA World Cup,147,0.052,0.0481,2.6,0.891,0.0374,0.0664,True
0x72bc9c9d09dda1095030730e7bc93b86f07bb24e,L3,Sports / Tennis / ATP,496,0.0258,0.0256,4.31,0.974,0.0323,0.0194,True
0x72bc9c9d09dda1095030730e7bc93b86f07bb24e,L3,Esports / Esports / League of Legends,573,0.0165,0.0167,3.0,0.972,0.0178,0.0153,True
0x72bc9c9d09dda1095030730e7bc93b86f07bb24e,L3,Sports / Other sport / Liga 1,63,0.0596,0.0501,2.78,0.937,0.0878,0.0322,True
0x72bc9c9d09dda1095030730e7bc93b86f07bb24e,L3,Sports / Soccer / UEFA Europa League 2025,33,0.0921,0.0649,2.45,0.939,0.0348,0.146,True
0x72bc9c9d09dda1095030730e7bc93b86f07bb24e,L3,Sports / Tennis / Wimbledon,90,0.0427,0.0386,5.94,0.989,0.0439,0.0414,True
0x72bc9c9d09dda1095030730e7bc93b86f07bb24e,L3,Sports / American Football / NFL 2026,89,0.0249,0.024,14.26,1.0,0.0245,0.0252,True
0x72bc9c9d09dda1095030730e7bc93b86f07bb24e,L2t,Sports / Tennis / type=moneyline,1978,0.0324,0.0323,3.89,0.879,0.0313,0.0334,True
0x72bc9c9d09dda1095030730e7bc93b86f07bb24e,L2t,Esports / Esports / type=child_moneyline,301,0.0274,0.027,3.63,0.977,0.0305,0.0244,True
0x72bc9c9d09dda1095030730e7bc93b86f07bb24e,L2t,Sports / Hockey / type=moneyline,34,0.0575,0.0437,3.1,0.971,0.0633,0.0518,True
0x72bc9c9d09dda1095030730e7bc93b86f07bb24e,L2t,Esports / Esports / type=totals,105,0.0256,0.0247,10.31,0.99,0.0249,0.0262,True
0x72bc9c9d09dda1095030730e7bc93b86f07bb24e,L2t,Sports / Basketball / type=moneyline,65,0.0304,0.028,9.83,1.0,0.0344,0.0265,True
0x72bc9c9d09dda1095030730e7bc93b86f07bb24e,L2t,Sports / American Football / type=spreads,56,0.0229,0.0221,11.04,1.0,0.023,0.0227,True
0x72bc9c9d09dda1095030730e7bc93b86f07bb24e,L2b,Sports / Tennis / price=0.50-0.70,326,0.0795,0.076,2.19,0.669,0.0895,0.0695,True
0x72bc9c9d09dda1095030730e7bc93b86f07bb24e,L2l,Sports / Tennis / live,1960,0.0324,0.0323,3.88,0.879,0.032,0.0328,True
0x72bc9c9d09dda1095030730e7bc93b86f07bb24e,L2l,Sports / Soccer / live,1470,0.0172,0.0172,2.53,0.916,0.0234,0.011,True
0x72bc9c9d09dda1095030730e7bc93b86f07bb24e,L2l,Esports / Esports / live,668,0.0161,0.0162,3.08,0.969,0.0141,0.0182,True
0x72bc9c9d09dda1095030730e7bc93b86f07bb24e,L2l,Sports / Baseball / live,1035,0.0123,0.0125,2.14,0.957,0.0219,0.0028,True
0xdba10a9b40c401c6e47e98a5223801a79a3d8239,L1,Sports,539,0.9885,0.9882,2.88,0.542,0.8406,1.1358,True
0xdba10a9b40c401c6e47e98a5223801a79a3d8239,L2,Sports / Other sport,539,0.9885,0.9882,2.88,0.542,0.8406,1.1358,True
0xdba10a9b40c401c6e47e98a5223801a79a3d8239,L3,Sports / Other sport / Denver Daily Weather,238,1.4942,1.4542,2.05,0.513,1.3187,1.6696,True
0xdba10a9b40c401c6e47e98a5223801a79a3d8239,L3,Sports / Other sport / Seoul Daily Lowest Temperature,86,0.4853,0.5784,2.16,0.698,0.1107,0.86,True
0xdba10a9b40c401c6e47e98a5223801a79a3d8239,L2t,Sports / Other sport / type=binary,539,0.9885,0.9882,2.88,0.542,0.8406,1.1358,True
0xdba10a9b40c401c6e47e98a5223801a79a3d8239,L1b,Sports / price=0.00-0.10,160,2.6165,2.4346,2.3,0.256,2.8975,2.3355,True
0xdba10a9b40c401c6e47e98a5223801a79a3d8239,L1b,Sports / price=0.10-0.30,103,0.5889,0.6523,2.46,0.34,0.4394,0.7355,True
0xdba10a9b40c401c6e47e98a5223801a79a3d8239,L1b,Sports / price=0.30-0.50,72,0.3891,0.5173,3.16,0.583,0.1092,0.6691,True
0xdba10a9b40c401c6e47e98a5223801a79a3d8239,L1b,Sports / price=0.50-0.70,57,0.2386,0.4309,2.71,0.702,0.1612,0.3134,True
0xdba10a9b40c401c6e47e98a5223801a79a3d8239,L1b,Sports / price=0.70-0.90,89,0.1076,0.2674,3.1,0.888,0.0744,0.1401,True
0xdba10a9b40c401c6e47e98a5223801a79a3d8239,L2b,Sports / Other sport / price=0.00-0.10,160,2.6165,2.4346,2.3,0.256,2.8975,2.3355,True
0xdba10a9b40c401c6e47e98a5223801a79a3d8239,L2b,Sports / Other sport / price=0.10-0.30,103,0.5889,0.6523,2.46,0.34,0.4394,0.7355,True
0xdba10a9b40c401c6e47e98a5223801a79a3d8239,L2b,Sports / Other sport / price=0.30-0.50,72,0.3891,0.5173,3.16,0.583,0.1092,0.6691,True
0xdba10a9b40c401c6e47e98a5223801a79a3d8239,L2b,Sports / Other sport / price=0.50-0.70,57,0.2386,0.4309,2.71,0.702,0.1612,0.3134,True
0xdba10a9b40c401c6e47e98a5223801a79a3d8239,L2b,Sports / Other sport / price=0.70-0.90,89,0.1076,0.2674,3.1,0.888,0.0744,0.1401,True
0xdba10a9b40c401c6e47e98a5223801a79a3d8239,L2l,Sports / Other sport / live,491,1.0084,1.0072,2.7,0.558,1.0526,0.9643,True
0x69f42f6a16a4fa55c1770a066897257bb57cc6ee,L1,Crypto,1367,0.0447,0.0441,2.4,0.614,0.0893,0.0001,True
0x9f72b49cffd1460d9e28d5c077a9ec7ed448d4ee,L2,Sports / Other sport,69,0.2853,0.2345,2.33,0.594,0.1371,0.4293,True
0x9f72b49cffd1460d9e28d5c077a9ec7ed448d4ee,L2t,Sports / Other sport / type=totals,56,0.436,0.3369,3.13,0.696,0.2839,0.588,True
0x9f72b49cffd1460d9e28d5c077a9ec7ed448d4ee,L1b,Sports / price=0.50-0.70,109,0.2457,0.2168,3.05,0.633,0.2968,0.1956,True
0x9f72b49cffd1460d9e28d5c077a9ec7ed448d4ee,L2b,Sports / Soccer / price=0.50-0.70,88,0.2226,0.1924,2.44,0.602,0.2816,0.1636,True
0x9f72b49cffd1460d9e28d5c077a9ec7ed448d4ee,L2l,Sports / Other sport / live,40,0.5048,0.3563,3.08,0.675,0.38,0.6296,True
0xec25c44518e113a23b708070ed960d54ad83dec6,L2,Politics / Geopolitics,30,0.0409,0.0208,3.77,1.0,0.0488,0.0331,True
0xec25c44518e113a23b708070ed960d54ad83dec6,L3,Weather / Recurring / Chicago Daily Weather,35,0.0629,0.0366,2.44,1.0,0.0573,0.0683,True
0xec25c44518e113a23b708070ed960d54ad83dec6,L3,Sports / Other sport / Taipei Daily Weather,50,0.0424,0.0276,2.01,0.98,0.027,0.0578,True
0xec25c44518e113a23b708070ed960d54ad83dec6,L3,Sports / Other sport / Tokyo Daily Weather,52,0.0375,0.0245,7.48,1.0,0.0316,0.0434,True
0xec25c44518e113a23b708070ed960d54ad83dec6,L3,Sports / Other sport / NYC Daily Weather,33,0.0478,0.0262,3.81,1.0,0.0227,0.0714,True
0xec25c44518e113a23b708070ed960d54ad83dec6,L3,Sports / Other sport / Paris Daily Weather,35,0.0379,0.0207,5.64,1.0,0.0194,0.0554,True
0x75416a7208d60e517d20d99958250e5f607c963e,L1b,Sports / price=0.50-0.70,130,0.1315,0.1195,2.14,0.623,0.1649,0.0981,True
0x75416a7208d60e517d20d99958250e5f607c963e,L2b,Sports / Soccer / price=0.50-0.70,103,0.1826,0.1597,2.64,0.67,0.2585,0.1082,True
0x8090ba84e74f8d2c4d1807ec4a21b942533f42c1,L3,Sports / Soccer / UEFA Champions League 2025,32,0.2457,0.1424,2.05,0.812,0.1587,0.3328,True
0x9eee9569c40fb5ed50b900fa485159664948bf40,L1b,Sports / price=0.30-0.50,56,0.3148,0.3703,2.14,0.536,0.3225,0.3072,True
0x64e93f87d8a0c1b2cde6f20d71f211372a95eb4c,L1b,Sports / price=0.70-0.90,90,0.0838,0.0612,2.04,0.811,0.0394,0.1283,True
0xebf5b4b8feaafe8ac7bf7844ff5fa6a5a643b1d0,L3,Esports / Esports / Valorant,272,0.1738,0.1676,2.16,0.559,0.0949,0.2527,True
0xebf5b4b8feaafe8ac7bf7844ff5fa6a5a643b1d0,L1b,Esports / price=0.50-0.70,654,0.0836,0.0836,2.6,0.628,0.0446,0.1225,True
0xebf5b4b8feaafe8ac7bf7844ff5fa6a5a643b1d0,L2b,Sports / Basketball / price=0.30-0.50,32,0.6277,0.4184,3.08,0.688,0.7554,0.5001,True
0xebf5b4b8feaafe8ac7bf7844ff5fa6a5a643b1d0,L2b,Esports / Esports / price=0.50-0.70,654,0.0836,0.0836,2.6,0.628,0.0446,0.1225,True
0xebf5b4b8feaafe8ac7bf7844ff5fa6a5a643b1d0,L2b,Sports / Baseball / price=0.70-0.90,34,0.2123,0.1646,5.42,0.971,0.2339,0.1906,True
0x0d5f3020b3da232af2a29e0fe499e45e2a3a1171,L2t,Sports / Baseball / type=spreads,141,0.269,0.2352,3.35,0.752,0.2604,0.2775,True
0x7e3a1f95c558f39a51ff334d789e3e039b553246,L1,Sports,618,0.1121,0.1121,2.05,0.531,0.0798,0.1445,True
0x7e3a1f95c558f39a51ff334d789e3e039b553246,L1b,Sports / price=0.50-0.70,188,0.1344,0.1323,2.1,0.633,0.0634,0.2055,True
0x7e3a1f95c558f39a51ff334d789e3e039b553246,L1b,Sports / price=0.70-0.90,77,0.1032,0.105,2.19,0.883,0.0329,0.1717,True
0x7e3a1f95c558f39a51ff334d789e3e039b553246,L2l,Sports / Basketball / live,368,0.1585,0.1561,2.3,0.557,0.1644,0.1527,True
0xbae185ff7f75aca3abca60825944db511c05d8ab,L1,Sports,385,0.1008,0.1003,1.89,0.647,0.1399,0.062,False
0xbae185ff7f75aca3abca60825944db511c05d8ab,L2,Sports / Soccer,344,0.1256,0.1236,2.21,0.66,0.1719,0.0792,True
0xbae185ff7f75aca3abca60825944db511c05d8ab,L2,Sports / Other sport,26,-0.15,-0.0459,-0.65,0.423,-0.0506,-0.2493,False
0xbae185ff7f75aca3abca60825944db511c05d8ab,L3,Sports / Soccer / FIFA World Cup,142,0.2173,0.2015,2.26,0.732,0.0847,0.35,True
0xbae185ff7f75aca3abca60825944db511c05d8ab,L3,Sports / Soccer / UEFA Champions League 2025,26,0.3867,0.2574,2.71,0.885,0.1617,0.6117,False
0xbae185ff7f75aca3abca60825944db511c05d8ab,L3,Sports / Soccer / La Liga 2025,29,0.0493,0.0657,0.32,0.655,0.1164,-0.0133,False
0xbae185ff7f75aca3abca60825944db511c05d8ab,L3,Sports / Soccer / Premier League 2025,24,0.0212,0.0522,0.1,0.583,0.2627,-0.2202,False
0xbae185ff7f75aca3abca60825944db511c05d8ab,L3,Sports / Soccer / UEFA Nations League,27,-0.0444,0.0125,-0.22,0.444,-0.4221,0.3064,False
0xbae185ff7f75aca3abca60825944db511c05d8ab,L2t,Sports / Soccer / type=moneyline,171,0.076,0.0774,1.0,0.614,-0.0212,0.172,False
0xbae185ff7f75aca3abca60825944db511c05d8ab,L2t,Sports / Soccer / type=spreads,86,0.1079,0.1044,1.15,0.674,0.1842,0.0317,False
0xbae185ff7f75aca3abca60825944db511c05d8ab,L2t,Sports / Soccer / type=totals,41,0.1569,0.1348,1.3,0.732,0.5019,-0.1716,False
0xbae185ff7f75aca3abca60825944db511c05d8ab,L1b,Sports / price=0.10-0.30,29,0.4854,0.3238,1.39,0.379,0.389,0.5754,False
0xbae185ff7f75aca3abca60825944db511c05d8ab,L1b,Sports / price=0.50-0.70,147,0.0998,0.0985,1.6,0.68,0.2436,-0.0421,False
0xbae185ff7f75aca3abca60825944db511c05d8ab,L1b,Sports / price=0.30-0.50,63,0.0458,0.0563,0.3,0.413,-0.1902,0.2745,False
0xbae185ff7f75aca3abca60825944db511c05d8ab,L1b,Sports / price=0.70-0.90,131,-0.0053,0.0073,-0.12,0.763,0.011,-0.0214,False
0xbae185ff7f75aca3abca60825944db511c05d8ab,L2b,Sports / Soccer / price=0.50-0.70,136,0.1334,0.1278,2.09,0.699,0.2684,-0.0015,False
0xbae185ff7f75aca3abca60825944db511c05d8ab,L2b,Sports / Soccer / price=0.10-0.30,26,0.3639,0.2446,1.01,0.346,0.4317,0.2961,False
0xbae185ff7f75aca3abca60825944db511c05d8ab,L2b,Sports / Soccer / price=0.30-0.50,57,0.0683,0.0738,0.41,0.421,-0.2057,0.333,False
0xbae185ff7f75aca3abca60825944db511c05d8ab,L2b,Sports / Soccer / price=0.70-0.90,114,0.0354,0.0435,0.76,0.798,0.026,0.0449,False
0xbae185ff7f75aca3abca60825944db511c05d8ab,L2l,Sports / Soccer / pre,299,0.1429,0.1396,2.32,0.669,0.2091,0.0772,True
0xbae185ff7f75aca3abca60825944db511c05d8ab,L2l,Sports / Soccer / live,45,0.0101,0.0345,0.07,0.6,-0.0262,0.0449,False
0x9674de4a6cf9988c629cafac79c6803984e11302,L1,Sports,95,0.2637,0.2185,2.88,0.663,0.2631,0.2642,True
0x9674de4a6cf9988c629cafac79c6803984e11302,L1b,Sports / price=0.50-0.70,66,0.3016,0.2325,2.98,0.712,0.4112,0.1921,True
0x4bc5d791b6426215ad2bf26ff209af054e1ee563,L1b,Sports / price=0.50-0.70,267,0.0669,0.072,2.18,0.569,0.0456,0.088,True
0x4bc5d791b6426215ad2bf26ff209af054e1ee563,L2b,Sports / Soccer / price=0.50-0.70,260,0.0664,0.0717,2.11,0.569,0.0606,0.0723,True
0x82398835fe16616214d928ba87127e28fc1cd9a3,L2,Sports / Baseball,119,0.1851,0.1899,2.25,0.655,0.2462,0.1251,True
0x82398835fe16616214d928ba87127e28fc1cd9a3,L3,Sports / Baseball / MLB,119,0.1851,0.1899,2.25,0.655,0.2462,0.1251,True
0x82398835fe16616214d928ba87127e28fc1cd9a3,L2t,Sports / Baseball / type=moneyline,59,0.246,0.239,2.19,0.712,0.2413,0.2506,True
0x82398835fe16616214d928ba87127e28fc1cd9a3,L1b,Sports / price=0.30-0.50,56,0.3422,0.3095,2.11,0.571,0.1309,0.5535,True
0x82398835fe16616214d928ba87127e28fc1cd9a3,L2l,Sports / Baseball / pre,111,0.1835,0.1887,2.19,0.658,0.3079,0.0612,True
0xb209ec049419fe55a1075981fe67d5dd23fab744,L1,Sports,1557,1.0566,1.0571,4.63,0.518,0.6264,1.4862,True
0xb209ec049419fe55a1075981fe67d5dd23fab744,L1,Esports,1215,1.1477,1.1469,4.05,0.5,0.4474,1.8469,True
0xb209ec049419fe55a1075981fe67d5dd23fab744,L2,Sports / Soccer,888,1.3829,1.3766,4.01,0.511,0.5288,2.237,True
0xb209ec049419fe55a1075981fe67d5dd23fab744,L2,Esports / Esports,1215,1.1477,1.1469,4.05,0.5,0.4474,1.8469,True
0xb209ec049419fe55a1075981fe67d5dd23fab744,L2,Sports / Baseball,97,0.9042,0.9368,2.2,0.577,1.1834,0.6306,True
0xb209ec049419fe55a1075981fe67d5dd23fab744,L3,Esports / Esports / Valorant,199,2.9053,2.74,2.41,0.482,1.0966,4.6959,True
0xb209ec049419fe55a1075981fe67d5dd23fab744,L3,Sports / Soccer / NWSL,60,4.7774,3.8569,2.05,0.6,2.655,6.8998,True
0xb209ec049419fe55a1075981fe67d5dd23fab744,L3,Esports / Esports / League of Legends,108,1.3307,1.2939,2.01,0.528,0.5613,2.1001,True
0xb209ec049419fe55a1075981fe67d5dd23fab744,L3,Esports / Esports / Counter Strike,631,0.4915,0.51,2.03,0.499,0.4724,0.5105,True
0xb209ec049419fe55a1075981fe67d5dd23fab744,L3,Sports / Soccer / FIFA World Cup,273,0.5948,0.6289,2.5,0.535,0.8962,0.2955,True
0xb209ec049419fe55a1075981fe67d5dd23fab744,L3,Esports / Esports / Rainbow Six Siege,65,0.4801,0.6248,2.62,0.738,0.5892,0.3742,True
0xb209ec049419fe55a1075981fe67d5dd23fab744,L2t,Sports / Soccer / type=soccer_second_half_team_totals,44,12.0471,8.6246,2.81,0.636,1.0482,23.046,True
0xb209ec049419fe55a1075981fe67d5dd23fab744,L2t,Sports / Soccer / type=second_half_totals,97,4.8095,4.1746,2.41,0.526,1.0827,8.4602,True
0xb209ec049419fe55a1075981fe67d5dd23fab744,L2t,Esports / Esports / type=map_handicap,120,3.3892,3.0615,2.07,0.433,0.3389,6.4395,True
0xb209ec049419fe55a1075981fe67d5dd23fab744,L2t,Sports / Soccer / type=soccer_team_total_corners,66,1.0198,1.0373,2.62,0.652,1.0253,1.0143,True
0xb209ec049419fe55a1075981fe67d5dd23fab744,L2t,Esports / Esports / type=kill_over_under_game,31,0.6751,0.8398,2.64,0.71,0.4973,0.8418,True
0xb209ec049419fe55a1075981fe67d5dd23fab744,L1b,Esports / price=0.00-0.10,130,9.5186,8.3955,3.78,0.177,10.2633,8.7739,True
0xb209ec049419fe55a1075981fe67d5dd23fab744,L1b,Sports / price=0.00-0.10,245,5.59,5.2508,3.99,0.139,2.5741,8.5814,True
0xb209ec049419fe55a1075981fe67d5dd23fab744,L1b,Sports / price=0.10-0.30,227,0.6631,0.6981,3.75,0.322,0.8168,0.5107,True
0xb209ec049419fe55a1075981fe67d5dd23fab744,L1b,Esports / price=0.10-0.30,174,0.4538,0.52,2.33,0.276,0.5663,0.3413,True
0xb209ec049419fe55a1075981fe67d5dd23fab744,L1b,Sports / price=0.50-0.70,438,0.1831,0.2229,4.68,0.676,0.2148,0.1514,True
0xb209ec049419fe55a1075981fe67d5dd23fab744,L1b,Esports / price=0.70-0.90,94,0.1116,0.2842,2.36,0.851,0.1738,0.0493,True
0xb209ec049419fe55a1075981fe67d5dd23fab744,L1b,Sports / price=0.70-0.90,190,0.0747,0.1719,2.21,0.847,0.0349,0.1145,True
0xb209ec049419fe55a1075981fe67d5dd23fab744,L2b,Esports / Esports / price=0.00-0.10,130,9.5186,8.3955,3.78,0.177,10.2633,8.7739,True
0xb209ec049419fe55a1075981fe67d5dd23fab744,L2b,Sports / Soccer / price=0.00-0.10,147,7.2153,6.4824,3.61,0.17,2.8201,11.5512,True
0xb209ec049419fe55a1075981fe67d5dd23fab744,L2b,Sports / Soccer / price=0.10-0.30,141,0.6806,0.7321,2.86,0.305,1.0106,0.3553,True
0xb209ec049419fe55a1075981fe67d5dd23fab744,L2b,Esports / Esports / price=0.10-0.30,174,0.4538,0.52,2.33,0.276,0.5663,0.3413,True
0xb209ec049419fe55a1075981fe67d5dd23fab744,L2b,Sports / Soccer / price=0.50-0.70,255,0.1703,0.2376,3.37,0.675,0.1169,0.2233,True
0xb209ec049419fe55a1075981fe67d5dd23fab744,L2b,Sports / Other sport / price=0.50-0.70,55,0.2716,0.4913,2.72,0.764,0.4713,0.0791,True
0xb209ec049419fe55a1075981fe67d5dd23fab744,L2b,Esports / Esports / price=0.70-0.90,94,0.1116,0.2842,2.36,0.851,0.1738,0.0493,True
0xb209ec049419fe55a1075981fe67d5dd23fab744,L2l,Esports / Esports / live,960,1.319,1.3145,3.76,0.506,0.5692,2.0688,True
0xb209ec049419fe55a1075981fe67d5dd23fab744,L2l,Sports / Soccer / live,617,1.6456,1.6284,3.4,0.478,0.4045,2.8827,True
0xb209ec049419fe55a1075981fe67d5dd23fab744,L2l,Sports / Soccer / pre,271,0.7848,0.8062,3.25,0.587,0.8394,0.7307,True
0x9c4db21669d5c5b48c0655761b4fedd646e6168c,L1,Sports,1355,0.0789,0.0783,2.2,0.523,0.1545,0.0035,True
0x9c4db21669d5c5b48c0655761b4fedd646e6168c,L2t,Sports / American Football / type=moneyline,80,0.356,0.2913,2.68,0.562,0.0271,0.6849,True
0x9c4db21669d5c5b48c0655761b4fedd646e6168c,L1b,Sports / price=0.30-0.50,831,0.1238,0.1217,2.99,0.463,0.1906,0.0572,True
0x9c4db21669d5c5b48c0655761b4fedd646e6168c,L2b,Sports / American Football / price=0.30-0.50,76,0.4964,0.3998,3.48,0.579,0.2613,0.7316,True
0x60e30101f81028d16ac06b982728b085bfc457b5,L2,Sports / Soccer,41,0.2587,0.1821,2.54,0.805,0.3553,0.1667,True
0x60e30101f81028d16ac06b982728b085bfc457b5,L2t,Sports / Soccer / type=moneyline,40,0.2346,0.1648,2.32,0.8,0.3059,0.1633,True
0x60e30101f81028d16ac06b982728b085bfc457b5,L1b,Sports / price=0.70-0.90,49,0.1377,0.1051,2.47,0.878,0.0758,0.1972,True
0x40b959d8f1823a3f01b1d6fdf144594918f5a596,L1,Sports,985,0.2378,0.2377,4.01,0.699,0.2413,0.2342,True
0x40b959d8f1823a3f01b1d6fdf144594918f5a596,L2,Sports / Soccer,882,0.2524,0.252,3.85,0.694,0.2626,0.2422,True
0x40b959d8f1823a3f01b1d6fdf144594918f5a596,L3,Sports / Soccer / FIFA World Cup,287,0.2508,0.2499,2.63,0.61,0.2097,0.2916,True
0x40b959d8f1823a3f01b1d6fdf144594918f5a596,L2t,Sports / Soccer / type=totals,581,0.2029,0.204,3.31,0.69,0.2934,0.1126,True
0x40b959d8f1823a3f01b1d6fdf144594918f5a596,L1b,Sports / price=0.10-0.30,89,0.9069,0.7839,3.49,0.427,0.8153,0.9965,True
0x40b959d8f1823a3f01b1d6fdf144594918f5a596,L1b,Sports / price=0.30-0.50,150,0.1868,0.1926,2.55,0.453,0.0484,0.3251,True
0x40b959d8f1823a3f01b1d6fdf144594918f5a596,L1b,Sports / price=0.70-0.90,256,0.0692,0.0813,3.33,0.844,0.0893,0.0491,True
0x40b959d8f1823a3f01b1d6fdf144594918f5a596,L2b,Sports / Soccer / price=0.10-0.30,75,0.9674,0.8135,3.28,0.427,0.6902,1.2373,True
0x40b959d8f1823a3f01b1d6fdf144594918f5a596,L2b,Sports / Soccer / price=0.30-0.50,137,0.1656,0.1747,2.17,0.445,0.0495,0.2801,True
0x40b959d8f1823a3f01b1d6fdf144594918f5a596,L2b,Sports / Soccer / price=0.50-0.70,174,0.0825,0.0984,2.01,0.598,0.0884,0.0766,True
0x40b959d8f1823a3f01b1d6fdf144594918f5a596,L2b,Sports / Soccer / price=0.70-0.90,230,0.0621,0.0761,2.76,0.835,0.0769,0.0474,True
0x40b959d8f1823a3f01b1d6fdf144594918f5a596,L2l,Sports / Soccer / live,879,0.2524,0.252,3.84,0.693,0.262,0.2427,True
0x3f176a240c7b6c0e470bf150f43fc1c883de7035,L1,Esports,696,0.0954,0.0954,3.25,0.648,0.0783,0.1126,True
0x3f176a240c7b6c0e470bf150f43fc1c883de7035,L2,Esports / Esports,693,0.0985,0.0984,3.35,0.649,0.0812,0.1158,True
0x3f176a240c7b6c0e470bf150f43fc1c883de7035,L3,Esports / Esports / Counter Strike,451,0.1216,0.1205,3.23,0.656,0.1128,0.1303,True
0x3f176a240c7b6c0e470bf150f43fc1c883de7035,L3,Esports / Esports / Valorant,54,0.2063,0.1764,2.31,0.704,0.0714,0.3411,True
0x3f176a240c7b6c0e470bf150f43fc1c883de7035,L2t,Esports / Esports / type=moneyline,404,0.0816,0.0823,2.18,0.629,0.1048,0.0584,True
0x3f176a240c7b6c0e470bf150f43fc1c883de7035,L2t,Esports / Esports / type=map_handicap,136,0.148,0.1413,2.34,0.713,0.0777,0.2183,True
0x3f176a240c7b6c0e470bf150f43fc1c883de7035,L1b,Esports / price=0.50-0.70,414,0.0775,0.0783,2.11,0.611,0.0714,0.0835,True
0x3f176a240c7b6c0e470bf150f43fc1c883de7035,L2b,Esports / Esports / price=0.50-0.70,413,0.08,0.0807,2.18,0.613,0.0764,0.0835,True
0x3f176a240c7b6c0e470bf150f43fc1c883de7035,L2l,Esports / Esports / pre,366,0.1057,0.1051,2.85,0.658,0.1125,0.0988,True
0xf9a23d70c3429c582dce8737fc7d818f9044a79a,L1b,Crypto / price=0.10-0.30,50,0.654,0.4623,2.03,0.36,0.2222,1.0858,True
0x2db90f8bf381b2092654fe1de8950a1195ec846c,L2,Crypto / Bitcoin,71,0.042,0.0287,2.4,0.944,0.0769,0.0081,True
0x2db90f8bf381b2092654fe1de8950a1195ec846c,L3,Crypto / Bitcoin / Bitcoin Hit Price Monthly,66,0.0446,0.0299,2.37,0.955,0.0816,0.0076,True
0x2db90f8bf381b2092654fe1de8950a1195ec846c,L2t,Crypto / Bitcoin / type=binary,70,0.0427,0.0291,2.41,0.957,0.077,0.0084,True
0x2db90f8bf381b2092654fe1de8950a1195ec846c,L2b,Sports / Baseball / price=0.70-0.90,76,0.1198,0.0909,2.85,0.908,0.0655,0.174,True
0x160a47af418c7dfa3f4cb3827f56b46e7cfd43d3,L1,Sports,728,0.1546,0.1531,2.7,0.486,0.0083,0.3008,True
0x160a47af418c7dfa3f4cb3827f56b46e7cfd43d3,L3,Sports / Soccer / Fifa Friendly,32,0.8276,0.5467,2.24,0.594,0.4954,1.1597,True
0x160a47af418c7dfa3f4cb3827f56b46e7cfd43d3,L2t,Sports / Soccer / type=totals,112,0.3695,0.3282,2.08,0.518,0.1337,0.6052,True
0x160a47af418c7dfa3f4cb3827f56b46e7cfd43d3,L1b,Sports / price=0.10-0.30,134,0.3811,0.3442,2.05,0.306,0.1483,0.6139,True
0x0517c2d31fc7427e2c2bc1734d06bf265b26f995,L1,Esports,47,0.2253,0.1881,2.06,0.745,0.265,0.1872,True
0x0517c2d31fc7427e2c2bc1734d06bf265b26f995,L2,Esports / Esports,47,0.2253,0.1881,2.06,0.745,0.265,0.1872,True
0x0517c2d31fc7427e2c2bc1734d06bf265b26f995,L3,Esports / Esports / Counter Strike,47,0.2253,0.1881,2.06,0.745,0.265,0.1872,True
0x0517c2d31fc7427e2c2bc1734d06bf265b26f995,L2t,Esports / Esports / type=moneyline,47,0.2253,0.1881,2.06,0.745,0.265,0.1872,True
0x4149b3064c7fd2c42b887bb51cfc65e4c599ba5d,L2b,Sports / Tennis / price=0.70-0.90,152,0.0774,0.069,2.55,0.842,0.0822,0.0726,True
0x4ba85a821951d6893bf23c673e5334fb576d90a3,L2t,Sports / Soccer / type=moneyline,82,0.2481,0.2059,2.44,0.72,0.0092,0.4871,True
0x3066b476d7597095e0a72aa07ad4b26ff6581e7b,L2,Sports / Other sport,438,0.0602,0.0575,2.22,0.728,0.1149,0.0055,True
0x3066b476d7597095e0a72aa07ad4b26ff6581e7b,L2t,Sports / Other sport / type=binary,438,0.0602,0.0575,2.22,0.728,0.1149,0.0055,True
0x3066b476d7597095e0a72aa07ad4b26ff6581e7b,L1b,Sports / price=0.50-0.70,79,0.1993,0.1587,2.82,0.709,0.2401,0.1595,True
0x3066b476d7597095e0a72aa07ad4b26ff6581e7b,L2b,Sports / Other sport / price=0.50-0.70,74,0.1994,0.1567,2.73,0.716,0.2634,0.1354,True
0x3066b476d7597095e0a72aa07ad4b26ff6581e7b,L2l,Sports / Other sport / pre,357,0.0749,0.0708,2.6,0.751,0.1254,0.0247,True
0x5e40ba72c60c6fe4f970161818200bb5263cf89c,L1,Sports,1131,0.1495,0.1494,4.07,0.563,0.2293,0.0699,True
0x5e40ba72c60c6fe4f970161818200bb5263cf89c,L2,Sports / Other sport,1131,0.1495,0.1494,4.07,0.563,0.2293,0.0699,True
0x5e40ba72c60c6fe4f970161818200bb5263cf89c,L2t,Sports / Other sport / type=binary,1131,0.1495,0.1494,4.07,0.563,0.2293,0.0699,True
0x5e40ba72c60c6fe4f970161818200bb5263cf89c,L1b,Sports / price=0.10-0.30,219,0.5656,0.5299,4.08,0.361,0.8164,0.3171,True
0x5e40ba72c60c6fe4f970161818200bb5263cf89c,L1b,Sports / price=0.50-0.70,164,0.1339,0.1344,2.88,0.591,0.1715,0.0963,True
0x5e40ba72c60c6fe4f970161818200bb5263cf89c,L2b,Sports / Other sport / price=0.10-0.30,219,0.5656,0.5299,4.08,0.361,0.8164,0.3171,True
0x5e40ba72c60c6fe4f970161818200bb5263cf89c,L2b,Sports / Other sport / price=0.50-0.70,164,0.1339,0.1344,2.88,0.591,0.1715,0.0963,True
0x5e40ba72c60c6fe4f970161818200bb5263cf89c,L2l,Sports / Other sport / live,1093,0.1598,0.1594,4.22,0.567,0.2441,0.0757,True
0x6994e05f80b175ec761012b45db5f8fa164eeed0,L1b,Politics / price=0.70-0.90,66,0.1122,0.0848,3.05,0.788,0.1264,0.0979,True
0x6994e05f80b175ec761012b45db5f8fa164eeed0,L2b,Politics / Trump / price=0.70-0.90,35,0.1356,0.0843,2.4,0.8,0.089,0.1796,True
0x89f166c767ed8b59c7309fd8268862a65eec52e4,L3,Sports / Other sport / Chongqing Daily Weather,57,0.1144,0.0838,4.28,0.982,0.168,0.0628,True
0x89f166c767ed8b59c7309fd8268862a65eec52e4,L3,Sports / Other sport / Seoul Daily Weather,59,0.0996,0.0734,2.55,0.915,0.1286,0.0716,True
0x89f166c767ed8b59c7309fd8268862a65eec52e4,L3,Sports / Other sport / Helsinki Daily Weather,63,0.0522,0.0388,2.6,0.984,0.0417,0.0624,True
0xf8f854526e83997f2d59f369e326977d7e4cc055,L1b,Crypto / price=0.70-0.90,48,0.1293,0.0807,2.52,0.917,0.0986,0.1599,True
0xd1156233fca80629cbf6ce80d86a019e04e74906,L1,Sports,770,0.1298,0.1298,8.23,0.919,0.0651,0.1946,True
0xd1156233fca80629cbf6ce80d86a019e04e74906,L2,Sports / Other sport,770,0.1298,0.1298,8.23,0.919,0.0651,0.1946,True
0xd1156233fca80629cbf6ce80d86a019e04e74906,L3,Sports / Other sport / Chicago Daily Weather,36,0.3164,0.2497,4.71,0.972,0.3326,0.3001,True
0xd1156233fca80629cbf6ce80d86a019e04e74906,L3,Sports / Other sport / Los Angeles Daily Weather,35,0.3232,0.2529,6.98,1.0,0.327,0.3196,True
0xd1156233fca80629cbf6ce80d86a019e04e74906,L3,Sports / Other sport / London Daily Weather,41,0.2612,0.2181,2.2,0.854,0.1918,0.3273,True
0xd1156233fca80629cbf6ce80d86a019e04e74906,L3,Sports / Other sport / Miami Daily Weather,46,0.2209,0.1933,3.71,0.935,0.2033,0.2385,True
0xd1156233fca80629cbf6ce80d86a019e04e74906,L3,Sports / Other sport / Atlanta Daily Weather,44,0.1767,0.1621,2.65,0.909,0.1264,0.2271,True
0xd1156233fca80629cbf6ce80d86a019e04e74906,L3,Sports / Other sport / NYC Daily Weather,41,0.1734,0.1591,4.31,0.976,0.1217,0.2226,True
0xd1156233fca80629cbf6ce80d86a019e04e74906,L3,Sports / Other sport / San Francisco Daily Weather,30,0.2162,0.1817,2.75,0.933,0.1637,0.2687,True
0xd1156233fca80629cbf6ce80d86a019e04e74906,L2t,Sports / Other sport / type=binary,770,0.1298,0.1298,8.23,0.919,0.0651,0.1946,True
0xd1156233fca80629cbf6ce80d86a019e04e74906,L1b,Sports / price=0.50-0.70,125,0.3323,0.3044,6.63,0.856,0.2804,0.3833,True
0xd1156233fca80629cbf6ce80d86a019e04e74906,L1b,Sports / price=0.70-0.90,335,0.1132,0.1141,5.24,0.893,0.0974,0.1289,True
0xd1156233fca80629cbf6ce80d86a019e04e74906,L2b,Sports / Other sport / price=0.50-0.70,125,0.3323,0.3044,6.63,0.856,0.2804,0.3833,True
0xd1156233fca80629cbf6ce80d86a019e04e74906,L2b,Sports / Other sport / price=0.70-0.90,335,0.1132,0.1141,5.24,0.893,0.0974,0.1289,True
0xd1156233fca80629cbf6ce80d86a019e04e74906,L2l,Sports / Other sport / live,770,0.1298,0.1298,8.23,0.919,0.0651,0.1946,True
0xf7aa193b1d7c880db7f8e2bde9177c4559a8ddd6,L1b,Sports / price=0.70-0.90,958,0.0442,0.0432,3.01,0.807,0.0303,0.058,True
0xf7aa193b1d7c880db7f8e2bde9177c4559a8ddd6,L2b,Sports / Other sport / price=0.70-0.90,958,0.0442,0.0432,3.01,0.807,0.0303,0.058,True
0x4245e81be1b83794d447200788be3fe1d601a467,L1b,Sports / price=0.30-0.50,558,0.1179,0.1262,2.14,0.421,0.1277,0.1082,True
0x4245e81be1b83794d447200788be3fe1d601a467,L2b,Sports / Other sport / price=0.30-0.50,544,0.1273,0.1354,2.28,0.425,0.1203,0.1343,True
0x92d0cb81e6c891b835c8e0272e8c323095bd269e,L1,Politics,1140,0.1598,0.16,3.94,0.471,0.1655,0.1542,True
0x92d0cb81e6c891b835c8e0272e8c323095bd269e,L2,Politics / Geopolitics,186,0.2791,0.2685,2.34,0.516,0.2626,0.2957,True
0x92d0cb81e6c891b835c8e0272e8c323095bd269e,L2,Politics / Trump,165,0.2162,0.2111,2.15,0.467,0.3066,0.1269,True
0x92d0cb81e6c891b835c8e0272e8c323095bd269e,L3,Politics / Geopolitics / ?,99,0.5036,0.4474,2.4,0.545,0.5119,0.4955,True
0x92d0cb81e6c891b835c8e0272e8c323095bd269e,L3,Politics / Iran / US x Iran diplomatic meeting,31,0.3586,0.2843,2.0,0.645,0.3743,0.344,True
0x92d0cb81e6c891b835c8e0272e8c323095bd269e,L2t,Politics / Geopolitics / type=binary,168,0.3374,0.3195,2.59,0.53,0.1454,0.5293,True
0x92d0cb81e6c891b835c8e0272e8c323095bd269e,L1b,Politics / price=0.10-0.30,344,0.2196,0.2169,2.91,0.392,0.3554,0.0839,True
0x92d0cb81e6c891b835c8e0272e8c323095bd269e,L1b,Politics / price=0.30-0.50,278,0.1313,0.1338,2.96,0.496,0.1447,0.1178,True
0x92d0cb81e6c891b835c8e0272e8c323095bd269e,L1b,Sports / price=0.30-0.50,51,0.2634,0.2369,2.09,0.471,0.2676,0.2594,True
0x92d0cb81e6c891b835c8e0272e8c323095bd269e,L2b,Politics / Trump / price=0.10-0.30,44,0.6693,0.513,2.48,0.477,1.057,0.2817,True
0x92d0cb81e6c891b835c8e0272e8c323095bd269e,L2b,Sports / Other sport / price=0.30-0.50,46,0.3464,0.2927,2.78,0.5,0.3488,0.344,True
0x4980930da4ad1194d4f0fd5e29f17b70a42e5709,L1b,Esports / price=0.30-0.50,184,0.2668,0.2459,2.83,0.495,0.2418,0.2919,True
0x4980930da4ad1194d4f0fd5e29f17b70a42e5709,L2b,Esports / Esports / price=0.30-0.50,181,0.262,0.2413,2.75,0.492,0.241,0.2827,True
0xd5ccdf772f795547e299de57f47966e24de8dea4,L1,Politics,448,0.2067,0.2051,3.26,0.739,0.2936,0.1197,True
0xd5ccdf772f795547e299de57f47966e24de8dea4,L1b,Politics / price=0.10-0.30,53,0.7816,0.6138,2.76,0.491,1.111,0.4643,True
0xd5ccdf772f795547e299de57f47966e24de8dea4,L1b,Politics / price=0.30-0.50,52,0.3304,0.2857,2.42,0.654,0.4264,0.2344,True
0x028602e5b0909dd7864f884f899ff287a72cf61d,L1,Crypto,719,0.1166,0.1156,2.11,0.609,0.1343,0.099,True
0x08e48a80051b359b7624af273c4178b974201780,L1b,Sports / price=0.70-0.90,564,0.0509,0.0496,2.85,0.863,0.0584,0.0435,True
0x08e48a80051b359b7624af273c4178b974201780,L2b,Sports / Other sport / price=0.70-0.90,564,0.0509,0.0496,2.85,0.863,0.0584,0.0435,True
0xa2770432a5e6bd24c347c976b0d815db1f2c1182,L1,Tech,78,0.7278,0.6576,3.92,0.744,0.3058,1.1498,True
0xa2770432a5e6bd24c347c976b0d815db1f2c1182,L2,Tech / AI,62,0.7668,0.6734,3.58,0.726,0.2175,1.3161,True
0xa2770432a5e6bd24c347c976b0d815db1f2c1182,L2t,Tech / AI / type=negrisk,51,0.9202,0.7691,3.63,0.725,0.2803,1.5355,True
0xd0551fc6236560d9e1628ed48c169091406b28d0,L1,Sports,241,0.2341,0.2859,2.35,0.519,0.2111,0.2569,True
0xd0551fc6236560d9e1628ed48c169091406b28d0,L2,Sports / Soccer,223,0.2559,0.3097,2.48,0.529,0.2408,0.271,True
0xd0551fc6236560d9e1628ed48c169091406b28d0,L3,Sports / Soccer / Counter Strike,148,0.2992,0.3718,2.09,0.507,0.377,0.2213,True
0xd0551fc6236560d9e1628ed48c169091406b28d0,L2t,Sports / Soccer / type=moneyline,196,0.2725,0.3315,2.38,0.52,0.325,0.22,True
0xd0551fc6236560d9e1628ed48c169091406b28d0,L1b,Esports / price=0.10-0.30,277,0.282,0.3243,2.24,0.289,0.3899,0.1748,True
0xd0551fc6236560d9e1628ed48c169091406b28d0,L1b,Esports / price=0.30-0.50,723,0.1459,0.1664,3.26,0.474,0.1362,0.1555,True
0xd0551fc6236560d9e1628ed48c169091406b28d0,L1b,Esports / price=0.50-0.70,479,0.0769,0.1103,2.08,0.603,0.0502,0.1035,True
0xd0551fc6236560d9e1628ed48c169091406b28d0,L2b,Esports / Esports / price=0.10-0.30,277,0.282,0.3243,2.24,0.289,0.3899,0.1748,True
0xd0551fc6236560d9e1628ed48c169091406b28d0,L2b,Esports / Esports / price=0.30-0.50,723,0.1459,0.1664,3.26,0.474,0.1362,0.1555,True
0xd0551fc6236560d9e1628ed48c169091406b28d0,L2b,Sports / Soccer / price=0.30-0.50,114,0.2384,0.3386,2.15,0.518,0.1865,0.2904,True
0xd0551fc6236560d9e1628ed48c169091406b28d0,L2b,Esports / Esports / price=0.50-0.70,479,0.0769,0.1103,2.08,0.603,0.0502,0.1035,True
0xd0551fc6236560d9e1628ed48c169091406b28d0,L2l,Esports / Esports / live,1340,0.4422,0.4491,2.96,0.49,0.7615,0.123,True
0xbfab152afa43741b41be0f355f862be2630cf067,L1,Esports,1120,0.1245,0.1248,5.78,0.641,0.0987,0.1504,True
0xbfab152afa43741b41be0f355f862be2630cf067,L1,Sports,193,0.2105,0.2037,2.54,0.622,0.1557,0.2648,True
0xbfab152afa43741b41be0f355f862be2630cf067,L2,Esports / Esports,1116,0.1154,0.1158,5.91,0.641,0.0811,0.1498,True
0xbfab152afa43741b41be0f355f862be2630cf067,L2,Sports / Soccer,193,0.2105,0.2037,2.54,0.622,0.1557,0.2648,True
0xbfab152afa43741b41be0f355f862be2630cf067,L3,Esports / Esports / Dota 2,1089,0.1209,0.1212,6.13,0.646,0.0936,0.1481,True
0xbfab152afa43741b41be0f355f862be2630cf067,L3,Sports / Soccer / Dota 2,191,0.2147,0.2075,2.57,0.623,0.1592,0.2696,True
0xbfab152afa43741b41be0f355f862be2630cf067,L2t,Esports / Esports / type=child_moneyline,949,0.1249,0.1252,5.77,0.634,0.0919,0.1578,True
0xbfab152afa43741b41be0f355f862be2630cf067,L2t,Sports / Soccer / type=moneyline,192,0.2084,0.2018,2.5,0.62,0.1472,0.2696,True
0xbfab152afa43741b41be0f355f862be2630cf067,L1b,Esports / price=0.30-0.50,279,0.2205,0.215,4.63,0.541,0.1623,0.2782,True
0xbfab152afa43741b41be0f355f862be2630cf067,L1b,Esports / price=0.50-0.70,359,0.0954,0.0977,3.09,0.596,0.0871,0.1037,True
0xbfab152afa43741b41be0f355f862be2630cf067,L1b,Esports / price=0.70-0.90,311,0.0514,0.0566,2.2,0.762,0.0317,0.0709,True
0xbfab152afa43741b41be0f355f862be2630cf067,L2b,Esports / Esports / price=0.30-0.50,279,0.2205,0.215,4.63,0.541,0.1623,0.2782,True
0xbfab152afa43741b41be0f355f862be2630cf067,L2b,Esports / Esports / price=0.50-0.70,357,0.0923,0.0947,2.98,0.594,0.083,0.1015,True
0xbfab152afa43741b41be0f355f862be2630cf067,L2b,Esports / Esports / price=0.70-0.90,311,0.0514,0.0566,2.2,0.762,0.0317,0.0709,True
0xbfab152afa43741b41be0f355f862be2630cf067,L2l,Esports / Esports / live,1071,0.1185,0.1188,5.9,0.635,0.09,0.1469,True
0xbfab152afa43741b41be0f355f862be2630cf067,L2l,Sports / Soccer / live,185,0.22,0.212,2.56,0.622,0.1806,0.259,True
0x191ffc25ec9ebec33683ffb9957fcdd01acff09e,L1,Other,36,1.8003,1.1499,7.94,0.972,1.9337,1.667,True
0x191ffc25ec9ebec33683ffb9957fcdd01acff09e,L2,Other / ?,36,1.8003,1.1499,7.94,0.972,1.9337,1.667,True
0x191ffc25ec9ebec33683ffb9957fcdd01acff09e,L3,Other / ? / ?,36,1.8003,1.1499,7.94,0.972,1.9337,1.667,True
0x191ffc25ec9ebec33683ffb9957fcdd01acff09e,L2t,Other / ? / type=binary,36,1.8003,1.1499,7.94,0.972,1.9337,1.667,True
0x86ac0b8b34d87fbf07b0e515a9faeb70b23cb49d,L2,Sports / Baseball,304,0.1506,0.1441,2.62,0.579,0.179,0.1222,True
0x86ac0b8b34d87fbf07b0e515a9faeb70b23cb49d,L3,Sports / Baseball / MLB,304,0.1506,0.1441,2.62,0.579,0.179,0.1222,True
0x86ac0b8b34d87fbf07b0e515a9faeb70b23cb49d,L2t,Sports / Baseball / type=moneyline,245,0.1816,0.1713,2.77,0.588,0.1509,0.212,True
0x86ac0b8b34d87fbf07b0e515a9faeb70b23cb49d,L2b,Sports / Baseball / price=0.50-0.70,176,0.1311,0.1224,2.11,0.636,0.1347,0.1275,True
0x86ac0b8b34d87fbf07b0e515a9faeb70b23cb49d,L2l,Sports / Baseball / pre,272,0.1373,0.131,2.21,0.555,0.1458,0.1287,True
0x19829dcdd6ab1be5ecd1488695a257df403abc7b,L1b,Sports / price=0.50-0.70,143,0.1507,0.1526,2.27,0.685,0.0434,0.2565,True
0x137462b6fa367502b528933b1ee37ebecec4b067,L1,Sports,232,0.1562,0.1558,4.21,0.828,0.2204,0.0919,True
0x137462b6fa367502b528933b1ee37ebecec4b067,L2,Sports / Other sport,230,0.1599,0.1592,4.32,0.83,0.2273,0.0925,True
0x137462b6fa367502b528933b1ee37ebecec4b067,L3,Sports / Other sport / Buenos Aires Daily Weather,107,0.1735,0.17,3.08,0.85,0.2086,0.139,True
0x137462b6fa367502b528933b1ee37ebecec4b067,L3,Sports / Other sport / Sao Paulo Daily Weather,117,0.1172,0.1221,2.64,0.812,0.1624,0.0727,True
0x137462b6fa367502b528933b1ee37ebecec4b067,L2t,Sports / Other sport / type=binary,230,0.1599,0.1592,4.32,0.83,0.2273,0.0925,True
0x137462b6fa367502b528933b1ee37ebecec4b067,L1b,Sports / price=0.70-0.90,69,0.1569,0.1556,7.22,0.899,0.1787,0.1357,True
0x137462b6fa367502b528933b1ee37ebecec4b067,L2b,Sports / Other sport / price=0.70-0.90,69,0.1569,0.1556,7.22,0.899,0.1787,0.1357,True
0x137462b6fa367502b528933b1ee37ebecec4b067,L2l,Sports / Other sport / live,229,0.1601,0.1594,4.3,0.83,0.2291,0.0918,True
0x09705c0b0a5a7359f5c94688687fc73447e65ae4,L1b,Crypto / price=0.70-0.90,69,0.0943,0.0747,3.21,0.754,0.0053,0.1809,True
0x2f46f8ab03933074df295811df9e1ae441f885c0,L1,Esports,1158,0.0561,0.0555,2.37,0.61,0.0755,0.0367,True
0x2f46f8ab03933074df295811df9e1ae441f885c0,L2,Esports / Esports,1158,0.0561,0.0555,2.37,0.61,0.0755,0.0367,True
0x2f46f8ab03933074df295811df9e1ae441f885c0,L2l,Esports / Esports / live,1074,0.063,0.0623,2.56,0.611,0.0852,0.0407,True
0xfa023e33bf62f24ab63c2fe92b451fe361b78b07,L1,Other,75,1.3307,1.0702,12.08,0.907,1.0274,1.6261,True
0xfa023e33bf62f24ab63c2fe92b451fe361b78b07,L2,Other / ?,74,1.348,1.0811,12.23,0.905,1.1229,1.5732,True
0xfa023e33bf62f24ab63c2fe92b451fe361b78b07,L3,Other / ? / ?,74,1.348,1.0811,12.23,0.905,1.1229,1.5732,True
0xfa023e33bf62f24ab63c2fe92b451fe361b78b07,L2t,Other / ? / type=binary,74,1.348,1.0811,12.23,0.905,1.1229,1.5732,True
0xfa023e33bf62f24ab63c2fe92b451fe361b78b07,L1b,Other / price=0.30-0.50,46,1.3735,0.9856,14.06,0.935,1.0937,1.6533,True
0xfa023e33bf62f24ab63c2fe92b451fe361b78b07,L2b,Other / ? / price=0.30-0.50,45,1.4029,1.0,14.73,0.933,1.1411,1.6533,True
0x5c49f426986d0ae1a88dd717bfd45d719d16c6c2,L1,Other,43,1.587,1.0768,3.95,0.814,1.6122,1.563,True
0x5c49f426986d0ae1a88dd717bfd45d719d16c6c2,L2,Other / ?,43,1.587,1.0768,3.95,0.814,1.6122,1.563,True
0x5c49f426986d0ae1a88dd717bfd45d719d16c6c2,L3,Other / ? / ?,43,1.587,1.0768,3.95,0.814,1.6122,1.563,True
0x5c49f426986d0ae1a88dd717bfd45d719d16c6c2,L2t,Other / ? / type=binary,43,1.587,1.0768,3.95,0.814,1.6122,1.563,True
0xfb328b94ed05115259bbc48ba8182df1416edb85,L1,Politics,673,0.1472,0.1454,2.3,0.492,0.2125,0.082,True
0xfb328b94ed05115259bbc48ba8182df1416edb85,L1b,Crypto / price=0.70-0.90,32,0.1037,0.0972,2.81,0.875,0.1873,0.0201,True
0xaf518cc5765c11a9343f31f2520fbb1497d28bfa,L1b,Sports / price=0.30-0.50,114,0.1846,0.1717,2.02,0.43,0.322,0.0473,True
0x237419de121f3aecf3e1e0a613ecb9dc82b9a426,L1,Other,69,1.5272,1.1903,9.99,0.899,1.5884,1.4678,True
0x237419de121f3aecf3e1e0a613ecb9dc82b9a426,L2,Other / ?,69,1.5272,1.1903,9.99,0.899,1.5884,1.4678,True
0x237419de121f3aecf3e1e0a613ecb9dc82b9a426,L3,Other / ? / ?,69,1.5272,1.1903,9.99,0.899,1.5884,1.4678,True
0x237419de121f3aecf3e1e0a613ecb9dc82b9a426,L2t,Other / ? / type=binary,69,1.5272,1.1903,9.99,0.899,1.5884,1.4678,True
0x237419de121f3aecf3e1e0a613ecb9dc82b9a426,L1b,Other / price=0.30-0.50,45,1.2021,0.8408,13.6,0.933,1.1724,1.2306,True
0x237419de121f3aecf3e1e0a613ecb9dc82b9a426,L2b,Other / ? / price=0.30-0.50,45,1.2021,0.8408,13.6,0.933,1.1724,1.2306,True
0x3c2bcfde4caff0b4dd00d75d1b0e8f5fe2ddaf40,L1,Sports,260,0.0098,0.0081,0.19,0.546,0.0394,-0.0198,False
0x3c2bcfde4caff0b4dd00d75d1b0e8f5fe2ddaf40,L1,Esports,324,-0.0208,-0.0204,-0.54,0.549,0.0246,-0.0661,False
0x3c2bcfde4caff0b4dd00d75d1b0e8f5fe2ddaf40,L1,Crypto,30,-0.1589,-0.1012,-1.14,0.5,-0.0676,-0.2502,False
0x3c2bcfde4caff0b4dd00d75d1b0e8f5fe2ddaf40,L2,Sports / Tennis,90,0.0182,0.0122,0.27,0.6,0.147,-0.1107,False
0x3c2bcfde4caff0b4dd00d75d1b0e8f5fe2ddaf40,L2,Sports / Soccer,127,-0.013,-0.0132,-0.14,0.496,-0.0826,0.0556,False
0x3c2bcfde4caff0b4dd00d75d1b0e8f5fe2ddaf40,L2,Esports / Esports,321,-0.0253,-0.0247,-0.66,0.551,0.0151,-0.0655,False
0x3c2bcfde4caff0b4dd00d75d1b0e8f5fe2ddaf40,L2,Crypto / Up/Down short,30,-0.1589,-0.1012,-1.14,0.5,-0.0676,-0.2502,False
0x3c2bcfde4caff0b4dd00d75d1b0e8f5fe2ddaf40,L3,Sports / Soccer / Counter Strike,20,0.2747,0.13,2.74,0.8,0.3473,0.2021,False
0x3c2bcfde4caff0b4dd00d75d1b0e8f5fe2ddaf40,L3,Esports / Esports / Dota 2,55,0.1112,0.0777,1.29,0.655,0.1547,0.0693,False
0x3c2bcfde4caff0b4dd00d75d1b0e8f5fe2ddaf40,L3,Esports / Esports / League of Legends,81,0.0539,0.0403,0.67,0.568,0.1443,-0.0343,False
0x3c2bcfde4caff0b4dd00d75d1b0e8f5fe2ddaf40,L3,Sports / Tennis / WTA,24,0.0211,0.0049,0.15,0.625,0.1273,-0.0851,False
0x3c2bcfde4caff0b4dd00d75d1b0e8f5fe2ddaf40,L3,Sports / Tennis / ATP,50,-0.0437,-0.0354,-0.51,0.54,0.0333,-0.1208,False
0x3c2bcfde4caff0b4dd00d75d1b0e8f5fe2ddaf40,L3,Esports / Esports / Counter Strike,100,-0.0542,-0.0476,-0.85,0.55,0.0103,-0.1187,False
0x3c2bcfde4caff0b4dd00d75d1b0e8f5fe2ddaf40,L3,Sports / Soccer / FIFA World Cup,54,-0.192,-0.144,-1.09,0.333,-0.4353,0.0514,False
0x3c2bcfde4caff0b4dd00d75d1b0e8f5fe2ddaf40,L3,Esports / Esports / Valorant,85,-0.1552,-0.1284,-1.92,0.471,-0.1269,-0.1828,False
0x3c2bcfde4caff0b4dd00d75d1b0e8f5fe2ddaf40,L2t,Sports / Soccer / type=moneyline,72,0.0896,0.067,1.1,0.625,0.1264,0.0529,False
0x3c2bcfde4caff0b4dd00d75d1b0e8f5fe2ddaf40,L2t,Sports / Tennis / type=moneyline,74,0.0384,0.0271,0.55,0.608,0.1449,-0.0681,False
0x3c2bcfde4caff0b4dd00d75d1b0e8f5fe2ddaf40,L2t,Esports / Esports / type=child_moneyline,210,-0.002,-0.0031,-0.04,0.576,0.0333,-0.0373,False
0x3c2bcfde4caff0b4dd00d75d1b0e8f5fe2ddaf40,L2t,Crypto / Up/Down short / type=updown,30,-0.1589,-0.1012,-1.14,0.5,-0.0676,-0.2502,False
0x3c2bcfde4caff0b4dd00d75d1b0e8f5fe2ddaf40,L2t,Esports / Esports / type=moneyline,102,-0.0833,-0.0721,-1.26,0.49,-0.0149,-0.1517,False
0x3c2bcfde4caff0b4dd00d75d1b0e8f5fe2ddaf40,L2t,Sports / Soccer / type=soccer_exact_score,51,-0.2036,-0.1504,-1.04,0.275,-0.5062,0.0874,False
0x3c2bcfde4caff0b4dd00d75d1b0e8f5fe2ddaf40,L1b,Sports / price=0.50-0.70,153,0.0865,0.0748,1.68,0.608,0.1501,0.0237,False
0x3c2bcfde4caff0b4dd00d75d1b0e8f5fe2ddaf40,L1b,Sports / price=0.70-0.90,34,0.0893,0.0508,1.04,0.794,0.1149,0.0636,False
0x3c2bcfde4caff0b4dd00d75d1b0e8f5fe2ddaf40,L1b,Esports / price=0.30-0.50,50,0.0026,-0.0023,0.02,0.46,-0.0849,0.0901,False
0x3c2bcfde4caff0b4dd00d75d1b0e8f5fe2ddaf40,L1b,Esports / price=0.70-0.90,53,-0.0343,-0.0289,-0.47,0.66,-0.1096,0.0381,False
0x3c2bcfde4caff0b4dd00d75d1b0e8f5fe2ddaf40,L1b,Sports / price=0.30-0.50,20,-0.2244,-0.1195,-1.24,0.35,-0.117,-0.3317,False
0x3c2bcfde4caff0b4dd00d75d1b0e8f5fe2ddaf40,L1b,Sports / price=0.10-0.30,45,-0.1127,-0.0825,-0.52,0.311,-0.354,0.118,False
0x3c2bcfde4caff0b4dd00d75d1b0e8f5fe2ddaf40,L1b,Esports / price=0.50-0.70,210,-0.0628,-0.0586,-1.46,0.533,0.0338,-0.1594,False
0x3c2bcfde4caff0b4dd00d75d1b0e8f5fe2ddaf40,L2b,Sports / Soccer / price=0.50-0.70,53,0.2014,0.1422,2.28,0.698,0.2642,0.1408,True
0x3c2bcfde4caff0b4dd00d75d1b0e8f5fe2ddaf40,L2b,Sports / Tennis / price=0.50-0.70,72,0.0432,0.0306,0.58,0.597,0.2062,-0.1198,False
0x3c2bcfde4caff0b4dd00d75d1b0e8f5fe2ddaf40,L2b,Esports / Esports / price=0.30-0.50,49,0.0061,0.0001,0.05,0.469,-0.0863,0.0948,False
0x3c2bcfde4caff0b4dd00d75d1b0e8f5fe2ddaf40,L2b,Esports / Esports / price=0.70-0.90,53,-0.0343,-0.0289,-0.47,0.66,-0.1096,0.0381,False
0x3c2bcfde4caff0b4dd00d75d1b0e8f5fe2ddaf40,L2b,Sports / Soccer / price=0.10-0.30,44,-0.1145,-0.0832,-0.52,0.318,-0.354,0.1251,False
0x3c2bcfde4caff0b4dd00d75d1b0e8f5fe2ddaf40,L2b,Esports / Esports / price=0.50-0.70,210,-0.0628,-0.0586,-1.46,0.533,0.0338,-0.1594,False
0x3c2bcfde4caff0b4dd00d75d1b0e8f5fe2ddaf40,L2l,Sports / Soccer / live,83,0.0519,0.039,0.58,0.566,-0.0029,0.1053,False
0x3c2bcfde4caff0b4dd00d75d1b0e8f5fe2ddaf40,L2l,Sports / Tennis / live,83,0.0345,0.025,0.49,0.627,0.1171,-0.0462,False
0x3c2bcfde4caff0b4dd00d75d1b0e8f5fe2ddaf40,L2l,Esports / Esports / pre,25,-0.0924,-0.0578,-0.9,0.44,-0.1737,-0.0173,False
0x3c2bcfde4caff0b4dd00d75d1b0e8f5fe2ddaf40,L2l,Esports / Esports / live,296,-0.0197,-0.0193,-0.48,0.561,0.0293,-0.0686,False
0x3c2bcfde4caff0b4dd00d75d1b0e8f5fe2ddaf40,L2l,Sports / Soccer / pre,43,-0.1546,-0.1101,-0.73,0.349,-0.3486,0.0306,False
0x3e1b76cce069971a54b1ba7676b0cb7a1459aa71,L1b,Esports / price=0.50-0.70,277,0.1041,0.0989,2.4,0.653,0.0757,0.1322,True
0x3e1b76cce069971a54b1ba7676b0cb7a1459aa71,L2b,Esports / Esports / price=0.50-0.70,277,0.1041,0.0989,2.4,0.653,0.0757,0.1322,True
0xb3b449c88c717d1b4b799d351160d600162748b2,L1b,Sports / price=0.50-0.70,79,0.1982,0.2909,2.57,0.696,0.3135,0.0858,True
0xb3b449c88c717d1b4b799d351160d600162748b2,L2b,Sports / Other sport / price=0.30-0.50,108,0.21,0.2799,2.06,0.491,0.0227,0.3974,True
0xb3b449c88c717d1b4b799d351160d600162748b2,L2b,Sports / Other sport / price=0.50-0.70,71,0.2297,0.3236,2.88,0.704,0.3499,0.1128,True
0x07d601375c9bbb9037ad3c7a8f8fa0deff8164fb,L1b,Sports / price=0.50-0.70,131,0.1333,0.1207,2.91,0.611,0.1326,0.1341,True
0x07d601375c9bbb9037ad3c7a8f8fa0deff8164fb,L2b,Sports / Other sport / price=0.50-0.70,120,0.1223,0.1102,2.55,0.6,0.1143,0.1303,True
0xaf38cbafaa8da562cc7f88ae2b06e5ea7027c19e,L1b,Sports / price=0.50-0.70,436,0.0892,0.0833,2.57,0.594,0.1661,0.0123,True
0xaf38cbafaa8da562cc7f88ae2b06e5ea7027c19e,L2b,Sports / Other sport / price=0.50-0.70,418,0.0793,0.0735,2.25,0.586,0.1437,0.0149,True
0x3ccaa6056db28529df8e5f4fc4c266a7d43ac831,L3,Politics / Tweet Markets / Elon Tweets 48H,91,0.2806,0.234,2.17,0.516,0.2374,0.3228,True
0x35fc2761f60ab64855a2a99ccd134f44d665ac54,L2b,Sports / Other sport / price=0.30-0.50,238,0.1327,0.1228,2.13,0.483,0.0996,0.1658,True
0x6e61aac144a7c6903fe9afb57919ff6c7c352f1b,L1b,Sports / price=0.30-0.50,88,0.36,0.3073,2.72,0.557,0.2441,0.4759,True
0x6e61aac144a7c6903fe9afb57919ff6c7c352f1b,L2b,Sports / Tennis / price=0.30-0.50,83,0.3002,0.2566,2.19,0.53,0.1811,0.4165,True
0x43fe17cf68eb58be1d40514be0e52674b71d26ee,L2b,Sports / Cricket / price=0.50-0.70,151,0.1347,0.1256,2.29,0.662,0.1461,0.1234,True
0x4d8c3cd363b4a928ea00fc95d162210a973df777,L3,Sports / Soccer / EFL Championship,54,0.2733,0.1943,2.48,0.741,0.3404,0.2062,True
0x4d8c3cd363b4a928ea00fc95d162210a973df777,L3,Sports / Soccer / La Liga 2025,53,0.2338,0.1645,2.03,0.736,0.2527,0.2157,True
0x4d8c3cd363b4a928ea00fc95d162210a973df777,L2t,Sports / Soccer / type=spreads,136,0.0255,0.0198,2.91,0.985,0.0265,0.0246,True
0x4d8c3cd363b4a928ea00fc95d162210a973df777,L2t,Sports / Other sport / type=spreads,31,0.0299,0.0107,3.07,0.968,0.0188,0.0403,True
0x4d8c3cd363b4a928ea00fc95d162210a973df777,L1b,Sports / price=0.50-0.70,420,0.0822,0.0776,2.06,0.624,0.0612,0.1033,True
0xe1a24206ed13433b70c603424c8a616b691d14b8,L2b,Sports / Soccer / price=0.50-0.70,45,0.3371,0.2133,2.93,0.733,0.3309,0.3429,True
0x79b5eef80dfb788166e8606bbee6e186eb98df9b,L1,Esports,242,0.2552,0.2403,3.15,0.508,0.3064,0.204,True
0x79b5eef80dfb788166e8606bbee6e186eb98df9b,L2,Esports / Esports,241,0.2604,0.245,3.21,0.51,0.3173,0.204,True
0x79b5eef80dfb788166e8606bbee6e186eb98df9b,L3,Esports / Esports / Valorant,137,0.359,0.3209,3.24,0.533,0.3277,0.3899,True
0x79b5eef80dfb788166e8606bbee6e186eb98df9b,L2t,Esports / Esports / type=moneyline,147,0.4056,0.3641,3.85,0.558,0.4308,0.3807,True
0x79b5eef80dfb788166e8606bbee6e186eb98df9b,L1b,Esports / price=0.30-0.50,233,0.2522,0.2369,3.03,0.502,0.2923,0.2124,True
0x79b5eef80dfb788166e8606bbee6e186eb98df9b,L2b,Esports / Esports / price=0.30-0.50,232,0.2576,0.2419,3.09,0.504,0.311,0.2041,True
0x79b5eef80dfb788166e8606bbee6e186eb98df9b,L2l,Esports / Esports / pre,130,0.318,0.2836,2.85,0.531,0.3231,0.313,True
0x3a90e22d5afb2e41fbc786f0d0edd6b1c42ed8de,L2t,Sports / Soccer / type=moneyline,52,0.3187,0.244,2.5,0.769,0.3799,0.2576,True
0x3a90e22d5afb2e41fbc786f0d0edd6b1c42ed8de,L1b,Esports / price=0.30-0.50,45,0.5303,0.3825,3.2,0.689,0.3054,0.7455,True
0x3a90e22d5afb2e41fbc786f0d0edd6b1c42ed8de,L2b,Esports / Esports / price=0.30-0.50,45,0.5303,0.3825,3.2,0.689,0.3054,0.7455,True
0x3a90e22d5afb2e41fbc786f0d0edd6b1c42ed8de,L2l,Esports / Esports / pre,135,0.1427,0.1307,2.01,0.667,0.1847,0.1013,True
0x91044115736d94321e7a38529c2b6d23a81ac269,L2t,Sports / Cricket / type=cricket_toss_winner,34,0.0628,0.0718,2.57,1.0,0.0929,0.0327,True
0x01af8bb6abbcff287e8a726a1c5f39dd0b427bc2,L3,Sports / Other sport / Switzerland Super League,71,0.2659,0.2023,2.62,0.775,0.15,0.3786,True
0x01af8bb6abbcff287e8a726a1c5f39dd0b427bc2,L2b,Sports / Other sport / price=0.70-0.90,263,0.0554,0.0499,2.09,0.863,0.0429,0.0679,True
0x50f97e9c24050ca2cd7f0fef900df984e1d0c327,L1,Sports,358,0.0208,0.0201,0.55,0.612,0.0298,0.0118,False
0x50f97e9c24050ca2cd7f0fef900df984e1d0c327,L1,Esports,310,-0.0123,-0.011,-0.3,0.594,-0.0291,0.0046,False
0x50f97e9c24050ca2cd7f0fef900df984e1d0c327,L2,Sports / Basketball,86,0.0847,0.0702,1.11,0.663,0.0571,0.1123,False
0x50f97e9c24050ca2cd7f0fef900df984e1d0c327,L2,Sports / Tennis,52,0.0457,0.0352,0.61,0.635,0.0172,0.0742,False
0x50f97e9c24050ca2cd7f0fef900df984e1d0c327,L2,Sports / Soccer,120,0.0101,0.0097,0.15,0.592,0.0369,-0.0168,False
0x50f97e9c24050ca2cd7f0fef900df984e1d0c327,L2,Esports / Esports,310,-0.0123,-0.011,-0.3,0.594,-0.0291,0.0046,False
0x50f97e9c24050ca2cd7f0fef900df984e1d0c327,L2,Sports / American Football,59,-0.0669,-0.048,-0.64,0.542,-0.1653,0.0283,False
0x50f97e9c24050ca2cd7f0fef900df984e1d0c327,L3,Sports / Basketball / NBA 2026,49,0.1663,0.1204,1.51,0.694,0.1883,0.1453,False
0x50f97e9c24050ca2cd7f0fef900df984e1d0c327,L3,Sports / Tennis / ATP,36,0.0921,0.062,1.08,0.639,0.092,0.0921,False
0x50f97e9c24050ca2cd7f0fef900df984e1d0c327,L3,Sports / Soccer / FIFA World Cup,62,0.0453,0.0361,0.45,0.629,0.0009,0.0896,False
0x50f97e9c24050ca2cd7f0fef900df984e1d0c327,L3,Esports / Esports / Counter Strike,237,0.008,0.008,0.17,0.599,-0.0248,0.0406,False
0x50f97e9c24050ca2cd7f0fef900df984e1d0c327,L3,Sports / Soccer / Counter Strike,24,0.0183,0.0135,0.12,0.583,0.2819,-0.2452,False
0x50f97e9c24050ca2cd7f0fef900df984e1d0c327,L3,Sports / Basketball / NCAA CBB,37,-0.0234,-0.0125,-0.23,0.622,0.0203,-0.0649,False
0x50f97e9c24050ca2cd7f0fef900df984e1d0c327,L3,Esports / Esports / League of Legends,63,-0.1116,-0.0828,-1.35,0.571,-0.1015,-0.1213,False
0x50f97e9c24050ca2cd7f0fef900df984e1d0c327,L3,Sports / American Football / NFL 2025,20,-0.3983,-0.1953,-2.88,0.4,-0.2213,-0.5754,False
0x50f97e9c24050ca2cd7f0fef900df984e1d0c327,L2t,Sports / Basketball / type=moneyline,81,0.0776,0.0638,1.0,0.667,0.0485,0.1059,False
0x50f97e9c24050ca2cd7f0fef900df984e1d0c327,L2t,Sports / Tennis / type=moneyline,51,0.039,0.0302,0.51,0.627,0.0192,0.0581,False
0x50f97e9c24050ca2cd7f0fef900df984e1d0c327,L2t,Esports / Esports / type=moneyline,162,0.013,0.0125,0.24,0.636,-0.0256,0.0516,False
0x50f97e9c24050ca2cd7f0fef900df984e1d0c327,L2t,Esports / Esports / type=child_moneyline,131,-0.0076,-0.0056,-0.11,0.565,-0.0461,0.0303,False
0x50f97e9c24050ca2cd7f0fef900df984e1d0c327,L2t,Sports / Soccer / type=moneyline,94,-0.0219,-0.0167,-0.31,0.574,0.0784,-0.1222,False
0x50f97e9c24050ca2cd7f0fef900df984e1d0c327,L2t,Sports / American Football / type=moneyline,52,-0.083,-0.0578,-0.74,0.538,-0.1232,-0.0428,False
0x50f97e9c24050ca2cd7f0fef900df984e1d0c327,L1b,Esports / price=0.50-0.70,112,0.1246,0.1069,2.09,0.652,0.1835,0.0656,True
0x50f97e9c24050ca2cd7f0fef900df984e1d0c327,L1b,Sports / price=0.30-0.50,60,0.0974,0.075,0.72,0.483,0.0655,0.1292,False
0x50f97e9c24050ca2cd7f0fef900df984e1d0c327,L1b,Sports / price=0.50-0.70,125,0.0263,0.0238,0.44,0.56,0.0339,0.0189,False
0x50f97e9c24050ca2cd7f0fef900df984e1d0c327,L1b,Sports / price=0.70-0.90,120,0.0268,0.0241,0.75,0.717,-0.0137,0.0674,False
0x50f97e9c24050ca2cd7f0fef900df984e1d0c327,L1b,Esports / price=0.90-1.00,27,0.0407,0.0267,2.67,0.926,0.0553,0.0272,False
0x50f97e9c24050ca2cd7f0fef900df984e1d0c327,L1b,Sports / price=0.90-1.00,32,0.017,0.0134,0.5,0.938,-0.0119,0.0458,False
0x50f97e9c24050ca2cd7f0fef900df984e1d0c327,L1b,Esports / price=0.30-0.50,47,-0.1029,-0.0698,-0.69,0.383,-0.151,-0.0568,False
0x50f97e9c24050ca2cd7f0fef900df984e1d0c327,L1b,Sports / price=0.10-0.30,21,-0.2589,-0.1288,-0.86,0.19,-0.1287,-0.3772,False
0x50f97e9c24050ca2cd7f0fef900df984e1d0c327,L1b,Esports / price=0.70-0.90,111,-0.1128,-0.0944,-2.43,0.586,-0.1526,-0.0737,False
0x50f97e9c24050ca2cd7f0fef900df984e1d0c327,L2b,Esports / Esports / price=0.50-0.70,112,0.1246,0.1069,2.09,0.652,0.1835,0.0656,True
0x50f97e9c24050ca2cd7f0fef900df984e1d0c327,L2b,Sports / Soccer / price=0.30-0.50,21,0.3112,0.1632,1.24,0.571,0.4801,0.1576,False
0x50f97e9c24050ca2cd7f0fef900df984e1d0c327,L2b,Sports / Tennis / price=0.70-0.90,22,0.1018,0.057,1.46,0.773,-0.0319,0.2355,False
0x50f97e9c24050ca2cd7f0fef900df984e1d0c327,L2b,Sports / Basketball / price=0.50-0.70,25,0.0689,0.0417,0.56,0.56,0.0821,0.0567,False
0x50f97e9c24050ca2cd7f0fef900df984e1d0c327,L2b,Sports / Soccer / price=0.70-0.90,43,0.0338,0.0255,0.64,0.674,0.0389,0.0289,False
0x50f97e9c24050ca2cd7f0fef900df984e1d0c327,L2b,Esports / Esports / price=0.90-1.00,27,0.0407,0.0267,2.67,0.926,0.0553,0.0272,False
0x50f97e9c24050ca2cd7f0fef900df984e1d0c327,L2b,Sports / Basketball / price=0.70-0.90,31,0.0129,0.0109,0.17,0.71,0.0235,0.0029,False
0x50f97e9c24050ca2cd7f0fef900df984e1d0c327,L2b,Sports / American Football / price=0.50-0.70,26,-0.0165,-0.0059,-0.13,0.538,-0.0495,0.0165,False
0x50f97e9c24050ca2cd7f0fef900df984e1d0c327,L2b,Sports / Soccer / price=0.50-0.70,38,-0.0712,-0.044,-0.61,0.526,-0.0369,-0.1056,False
0x50f97e9c24050ca2cd7f0fef900df984e1d0c327,L2b,Esports / Esports / price=0.30-0.50,47,-0.1029,-0.0698,-0.69,0.383,-0.151,-0.0568,False
0x50f97e9c24050ca2cd7f0fef900df984e1d0c327,L2b,Esports / Esports / price=0.70-0.90,111,-0.1128,-0.0944,-2.43,0.586,-0.1526,-0.0737,False
0x50f97e9c24050ca2cd7f0fef900df984e1d0c327,L2l,Sports / Soccer / pre,42,0.176,0.1217,1.4,0.69,0.1767,0.1753,False
0x50f97e9c24050ca2cd7f0fef900df984e1d0c327,L2l,Sports / Basketball / pre,26,0.1544,0.0907,1.25,0.654,0.0432,0.2656,False
0x50f97e9c24050ca2cd7f0fef900df984e1d0c327,L2l,Esports / Esports / live,250,0.0224,0.0213,0.5,0.608,-0.0099,0.0546,False
0x50f97e9c24050ca2cd7f0fef900df984e1d0c327,L2l,Sports / Basketball / live,60,0.0545,0.0428,0.57,0.667,0.0484,0.0606,False
0x50f97e9c24050ca2cd7f0fef900df984e1d0c327,L2l,Sports / Tennis / live,42,-0.0234,-0.0133,-0.27,0.595,-0.0649,0.0182,False
0x50f97e9c24050ca2cd7f0fef900df984e1d0c327,L2l,Sports / American Football / live,46,-0.0536,-0.035,-0.46,0.587,-0.0243,-0.083,False
0x50f97e9c24050ca2cd7f0fef900df984e1d0c327,L2l,Sports / Soccer / live,76,-0.0739,-0.0568,-0.93,0.539,-0.0088,-0.139,False
0x50f97e9c24050ca2cd7f0fef900df984e1d0c327,L2l,Esports / Esports / pre,60,-0.1566,-0.1155,-1.65,0.533,-0.2614,-0.0517,False
0x32eb43da789fbe9e6e6ef3d6bbabf3c07a35ded0,L1,Esports,1153,0.1489,0.1485,2.75,0.547,0.152,0.1459,True
0x32eb43da789fbe9e6e6ef3d6bbabf3c07a35ded0,L2,Esports / Esports,1153,0.1489,0.1485,2.75,0.547,0.152,0.1459,True
0x32eb43da789fbe9e6e6ef3d6bbabf3c07a35ded0,L3,Esports / Esports / League of Legends,1079,0.1066,0.1069,3.5,0.539,0.1448,0.0685,True
0x32eb43da789fbe9e6e6ef3d6bbabf3c07a35ded0,L2t,Esports / Esports / type=child_moneyline,971,0.1685,0.1677,2.67,0.555,0.1681,0.169,True
0x32eb43da789fbe9e6e6ef3d6bbabf3c07a35ded0,L1b,Esports / price=0.10-0.30,225,0.2718,0.2598,2.86,0.436,0.2903,0.2535,True
0x32eb43da789fbe9e6e6ef3d6bbabf3c07a35ded0,L1b,Esports / price=0.50-0.70,303,0.0807,0.0834,2.74,0.584,0.1379,0.0238,True
0x32eb43da789fbe9e6e6ef3d6bbabf3c07a35ded0,L2b,Esports / Esports / price=0.10-0.30,225,0.2718,0.2598,2.86,0.436,0.2903,0.2535,True
0x32eb43da789fbe9e6e6ef3d6bbabf3c07a35ded0,L2b,Esports / Esports / price=0.50-0.70,303,0.0807,0.0834,2.74,0.584,0.1379,0.0238,True
0x32eb43da789fbe9e6e6ef3d6bbabf3c07a35ded0,L2l,Esports / Esports / live,1136,0.152,0.1516,2.77,0.547,0.1594,0.1447,True
0x68e80eee1c448daaf93b782953c60653f070c464,L1,Crypto,88,0.1261,0.1131,2.18,0.864,0.2111,0.041,True
0x68e80eee1c448daaf93b782953c60653f070c464,L2,Crypto / Bitcoin,36,0.1284,0.1026,2.07,0.917,0.199,0.0578,True
0x68e80eee1c448daaf93b782953c60653f070c464,L3,Crypto / Bitcoin / Bitcoin Hit Price Monthly,36,0.1284,0.1026,2.07,0.917,0.199,0.0578,True
0x68e80eee1c448daaf93b782953c60653f070c464,L2t,Crypto / Bitcoin / type=binary,36,0.1284,0.1026,2.07,0.917,0.199,0.0578,True
0x68e80eee1c448daaf93b782953c60653f070c464,L1b,Crypto / price=0.70-0.90,69,0.1252,0.1097,3.21,0.928,0.1544,0.0968,True
0x63ad2e6f80f7240598d4e2f72a7ac64d6ffe790c,L1b,Esports / price=0.70-0.90,31,0.1528,0.1362,2.15,0.871,0.0924,0.2094,True
0x63ad2e6f80f7240598d4e2f72a7ac64d6ffe790c,L2b,Esports / Esports / price=0.70-0.90,31,0.1528,0.1362,2.15,0.871,0.0924,0.2094,True
0x8165f885f94e120a28c4d38396acfe4b871b97b8,L2t,Sports / Soccer / type=soccer_exact_score,75,0.0475,0.0354,3.17,0.987,0.0229,0.0713,True
0x7f2949f207a5b3bfd1d2a7d15e040c35c877f03d,L2l,Sports / American Football / pre,123,0.2127,0.1845,2.19,0.569,0.2048,0.2205,True
0x33ae5c5d641ebda2f1be68b756694d4da82acf9e,L1,Sports,3615,0.1886,0.1886,9.84,0.772,0.1011,0.276,True
0x33ae5c5d641ebda2f1be68b756694d4da82acf9e,L2,Sports / Soccer,2689,0.1813,0.1814,7.79,0.768,0.0863,0.2763,True
0x33ae5c5d641ebda2f1be68b756694d4da82acf9e,L2,Sports / Other sport,917,0.1988,0.1986,6.45,0.783,0.1151,0.2823,True
0x33ae5c5d641ebda2f1be68b756694d4da82acf9e,L3,Sports / Soccer / Concacaf Nations League,51,0.7637,0.6018,3.29,0.824,1.1477,0.3945,True
0x33ae5c5d641ebda2f1be68b756694d4da82acf9e,L3,Sports / Soccer / UEFA Nations League,309,0.2299,0.2274,2.76,0.676,0.2213,0.2384,True
0x33ae5c5d641ebda2f1be68b756694d4da82acf9e,L3,Sports / Other sport / K-league,64,0.3525,0.3135,2.64,0.828,0.0896,0.6154,True
0x33ae5c5d641ebda2f1be68b756694d4da82acf9e,L3,Sports / Soccer / Premier League 2025,108,0.2304,0.2239,2.51,0.833,0.2319,0.229,True
0x33ae5c5d641ebda2f1be68b756694d4da82acf9e,L3,Sports / Soccer / Liga MX 2025,168,0.1523,0.1562,2.08,0.762,0.0194,0.2852,True
0x33ae5c5d641ebda2f1be68b756694d4da82acf9e,L3,Sports / Other sport / Netherlands Eerste Divisie,44,0.3526,0.3014,2.9,0.864,0.4273,0.2779,True
0x33ae5c5d641ebda2f1be68b756694d4da82acf9e,L3,Sports / Soccer / Serie A 2025,95,0.1506,0.1572,2.47,0.853,0.0576,0.2417,True
0x33ae5c5d641ebda2f1be68b756694d4da82acf9e,L3,Sports / Other sport / Brazil Serie B,61,0.1897,0.1895,2.27,0.803,0.2849,0.0977,True
0x33ae5c5d641ebda2f1be68b756694d4da82acf9e,L3,Sports / Soccer / Eredivisie 2025,55,0.1475,0.1585,3.16,0.909,0.0828,0.2098,True
0x33ae5c5d641ebda2f1be68b756694d4da82acf9e,L3,Sports / Soccer / Ligue 1 2025,44,0.1244,0.1445,2.23,0.818,0.1295,0.1194,True
0x33ae5c5d641ebda2f1be68b756694d4da82acf9e,L2t,Sports / Soccer / type=totals,1040,0.1625,0.163,5.27,0.808,0.055,0.27,True
0x33ae5c5d641ebda2f1be68b756694d4da82acf9e,L2t,Sports / Soccer / type=soccer_exact_score,84,0.5757,0.5013,2.09,0.536,0.3519,0.7996,True
0x33ae5c5d641ebda2f1be68b756694d4da82acf9e,L2t,Sports / Soccer / type=moneyline,664,0.1748,0.1752,2.98,0.718,0.1831,0.1665,True
0x33ae5c5d641ebda2f1be68b756694d4da82acf9e,L2t,Sports / Soccer / type=spreads,145,0.3518,0.332,3.82,0.759,0.3826,0.3214,True
0x33ae5c5d641ebda2f1be68b756694d4da82acf9e,L2t,Sports / Soccer / type=soccer_halftime_result,69,0.5236,0.4483,2.93,0.783,0.6427,0.4079,True
0x33ae5c5d641ebda2f1be68b756694d4da82acf9e,L2t,Sports / Other sport / type=totals,386,0.1749,0.1756,3.29,0.829,0.1047,0.2452,True
0x33ae5c5d641ebda2f1be68b756694d4da82acf9e,L2t,Sports / Other sport / type=moneyline,271,0.1478,0.1506,3.29,0.708,0.1171,0.1783,True
0x33ae5c5d641ebda2f1be68b756694d4da82acf9e,L2t,Sports / Other sport / type=first_half_totals,49,0.3133,0.2772,2.75,0.878,0.1385,0.4812,True
0x33ae5c5d641ebda2f1be68b756694d4da82acf9e,L1b,Sports / price=0.10-0.30,322,0.8661,0.8265,6.97,0.528,0.8221,0.9101,True
0x33ae5c5d641ebda2f1be68b756694d4da82acf9e,L1b,Sports / price=0.00-0.10,130,0.7669,0.6898,2.2,0.4,0.8057,0.7282,True
0x33ae5c5d641ebda2f1be68b756694d4da82acf9e,L1b,Sports / price=0.30-0.50,430,0.3439,0.337,6.98,0.621,0.2759,0.4119,True
0x33ae5c5d641ebda2f1be68b756694d4da82acf9e,L1b,Sports / price=0.50-0.70,690,0.1465,0.1477,6.49,0.736,0.1635,0.1295,True
0x33ae5c5d641ebda2f1be68b756694d4da82acf9e,L1b,Sports / price=0.70-0.90,1001,0.0636,0.0661,5.26,0.833,0.0718,0.0555,True
0x33ae5c5d641ebda2f1be68b756694d4da82acf9e,L2b,Sports / Soccer / price=0.10-0.30,240,0.8719,0.8193,5.92,0.517,0.7277,1.0161,True
0x33ae5c5d641ebda2f1be68b756694d4da82acf9e,L2b,Sports / Other sport / price=0.10-0.30,80,0.7459,0.6345,3.52,0.55,0.9664,0.5255,True
0x33ae5c5d641ebda2f1be68b756694d4da82acf9e,L2b,Sports / Soccer / price=0.30-0.50,323,0.3108,0.3037,5.53,0.619,0.2552,0.3661,True
0x33ae5c5d641ebda2f1be68b756694d4da82acf9e,L2b,Sports / Other sport / price=0.30-0.50,106,0.4286,0.3906,4.23,0.623,0.3055,0.5518,True
0x33ae5c5d641ebda2f1be68b756694d4da82acf9e,L2b,Sports / Other sport / price=0.50-0.70,182,0.2126,0.2102,4.58,0.758,0.2311,0.194,True
0x33ae5c5d641ebda2f1be68b756694d4da82acf9e,L2b,Sports / Soccer / price=0.50-0.70,507,0.1222,0.1247,4.74,0.728,0.1322,0.1123,True
0x33ae5c5d641ebda2f1be68b756694d4da82acf9e,L2b,Sports / Soccer / price=0.70-0.90,746,0.0612,0.0645,4.39,0.834,0.0684,0.054,True
0x33ae5c5d641ebda2f1be68b756694d4da82acf9e,L2b,Sports / Other sport / price=0.70-0.90,252,0.0697,0.0785,2.84,0.833,0.085,0.0545,True
0x33ae5c5d641ebda2f1be68b756694d4da82acf9e,L2l,Sports / Soccer / live,2667,0.1841,0.1841,7.85,0.769,0.0906,0.2775,True
0x33ae5c5d641ebda2f1be68b756694d4da82acf9e,L2l,Sports / Other sport / live,917,0.1988,0.1986,6.45,0.783,0.1151,0.2823,True
0xad31a34b93256c1dc2591371b2c865369aefc93a,L1,Sports,838,0.3997,0.3997,2.5,0.453,0.6275,0.1719,True
0xad31a34b93256c1dc2591371b2c865369aefc93a,L2,Sports / Other sport,162,1.0026,0.9364,2.1,0.549,1.2057,0.7995,True
0xad31a34b93256c1dc2591371b2c865369aefc93a,L2b,Sports / Other sport / price=0.10-0.30,35,0.7881,0.6469,2.21,0.457,0.4275,1.1287,True
0xad31a34b93256c1dc2591371b2c865369aefc93a,L2l,Sports / Other sport / live,159,1.0302,0.9598,2.12,0.56,1.5017,0.5647,True
0xb260e618bd5b0351f54cbb6b2370def471af715a,L1,Culture,795,0.2308,0.226,2.79,0.659,0.3127,0.1492,True
0xb260e618bd5b0351f54cbb6b2370def471af715a,L2,Culture / MrBeast,406,0.3317,0.3177,2.21,0.643,0.2074,0.456,True
0xb260e618bd5b0351f54cbb6b2370def471af715a,L3,Culture / MrBeast / MrBeast views day 1,239,0.2394,0.2235,2.03,0.615,0.2263,0.2524,True
0xb260e618bd5b0351f54cbb6b2370def471af715a,L2t,Culture / MrBeast / type=negrisk,346,0.3623,0.3444,2.08,0.61,0.2397,0.485,True
0xb260e618bd5b0351f54cbb6b2370def471af715a,L1b,Culture / price=0.10-0.30,135,0.5069,0.4458,2.87,0.326,0.4309,0.5818,True
0xb260e618bd5b0351f54cbb6b2370def471af715a,L1b,Culture / price=0.70-0.90,145,0.0726,0.0679,2.4,0.834,0.1234,0.0225,True
0xb260e618bd5b0351f54cbb6b2370def471af715a,L2b,Culture / MrBeast / price=0.10-0.30,72,0.6135,0.4874,2.29,0.319,0.3626,0.8645,True
0xb260e618bd5b0351f54cbb6b2370def471af715a,L2b,Culture / MrBeast / price=0.70-0.90,71,0.1045,0.0888,2.71,0.859,0.1468,0.0633,True
0xf163625aa894e79b73629926992e142b740eca34,L1,Esports,3165,0.1084,0.1084,3.13,0.602,0.0584,0.1583,True
0xf163625aa894e79b73629926992e142b740eca34,L2,Esports / Esports,3149,0.0853,0.0855,3.71,0.604,0.0586,0.1121,True
0xf163625aa894e79b73629926992e142b740eca34,L3,Esports / Esports / League of Legends,3123,0.0862,0.0863,3.73,0.605,0.0576,0.1148,True
0xf163625aa894e79b73629926992e142b740eca34,L2t,Esports / Esports / type=child_moneyline,1489,0.1061,0.1061,2.76,0.544,0.1172,0.0949,True
0xf163625aa894e79b73629926992e142b740eca34,L1b,Esports / price=0.30-0.50,726,0.134,0.1333,3.0,0.466,0.0848,0.1831,True
0xf163625aa894e79b73629926992e142b740eca34,L1b,Esports / price=0.50-0.70,1039,0.0694,0.0702,2.68,0.607,0.0842,0.0547,True
0xf163625aa894e79b73629926992e142b740eca34,L1b,Esports / price=0.70-0.90,172,0.13,0.1278,4.53,0.901,0.1574,0.1026,True
0xf163625aa894e79b73629926992e142b740eca34,L2b,Esports / Esports / price=0.30-0.50,723,0.1315,0.1309,2.94,0.465,0.079,0.1839,True
0xf163625aa894e79b73629926992e142b740eca34,L2b,Esports / Esports / price=0.50-0.70,1038,0.0688,0.0695,2.65,0.607,0.0842,0.0533,True
0xf163625aa894e79b73629926992e142b740eca34,L2b,Esports / Esports / price=0.70-0.90,172,0.13,0.1278,4.53,0.901,0.1574,0.1026,True
0xf163625aa894e79b73629926992e142b740eca34,L2l,Esports / Esports / live,2819,0.0826,0.0828,3.36,0.613,0.0524,0.1127,True
0xbb11ecf6c95b3b63d0997c9922fea8c2354366cb,L1b,Sports / price=0.50-0.70,38,0.2647,0.1869,2.29,0.737,0.2656,0.2639,True
0xbb11ecf6c95b3b63d0997c9922fea8c2354366cb,L2b,Sports / Tennis / price=0.50-0.70,33,0.3024,0.2031,2.53,0.758,0.3369,0.27,True
0x9fad8308ef6b6ed5320e53a290a3bd4ad91f5a9f,L3,Sports / Soccer / Bundesliga 2025,133,0.2669,0.2325,2.44,0.571,0.3331,0.2016,True
0x9fad8308ef6b6ed5320e53a290a3bd4ad91f5a9f,L2b,Sports / Baseball / price=0.50-0.70,119,0.2088,0.1793,2.57,0.655,0.3057,0.1136,True
0x9efca41059704f2281cdb8321377133a377acce5,L2t,Sports / Soccer / type=totals,62,0.3844,0.3259,3.17,0.694,0.3936,0.3752,True
0x8558363730682d7aab94e544b21741a20df88615,L1,Sports,3430,0.1614,0.1614,12.52,0.817,0.1462,0.1767,True
0x8558363730682d7aab94e544b21741a20df88615,L1,Esports,438,0.1222,0.1237,2.3,0.575,0.2215,0.0229,True
0x8558363730682d7aab94e544b21741a20df88615,L2,Sports / Soccer,824,0.265,0.2624,6.45,0.758,0.2751,0.2549,True
0x8558363730682d7aab94e544b21741a20df88615,L2,Sports / Tennis,2191,0.1148,0.1152,9.87,0.844,0.0962,0.1334,True
0x8558363730682d7aab94e544b21741a20df88615,L2,Sports / Other sport,215,0.273,0.2632,5.21,0.791,0.2524,0.2935,True
0x8558363730682d7aab94e544b21741a20df88615,L2,Esports / Esports,438,0.1222,0.1237,2.3,0.575,0.2215,0.0229,True
0x8558363730682d7aab94e544b21741a20df88615,L2,Sports / American Football,88,0.1517,0.1527,3.82,0.795,0.1588,0.1447,True
0x8558363730682d7aab94e544b21741a20df88615,L2,Sports / Baseball,36,0.1384,0.145,2.87,0.75,0.1322,0.1446,True
0x8558363730682d7aab94e544b21741a20df88615,L2,Sports / Basketball,44,0.1034,0.1201,3.93,0.864,0.0924,0.1143,True
0x8558363730682d7aab94e544b21741a20df88615,L3,Sports / Tennis / ATP,944,0.1312,0.1317,7.51,0.88,0.0943,0.168,True
0x8558363730682d7aab94e544b21741a20df88615,L3,Sports / Tennis / ITF,865,0.1033,0.1046,5.08,0.797,0.0974,0.1092,True
0x8558363730682d7aab94e544b21741a20df88615,L3,Esports / Esports / League of Legends,371,0.1396,0.1405,2.38,0.582,0.2449,0.0349,True
0x8558363730682d7aab94e544b21741a20df88615,L3,Sports / Soccer / MLS 2025,74,0.2723,0.2478,3.15,0.703,0.187,0.3577,True
0x8558363730682d7aab94e544b21741a20df88615,L3,Sports / Soccer / Premier League 2025,44,0.3734,0.3058,3.51,0.773,0.2916,0.4553,True
0x8558363730682d7aab94e544b21741a20df88615,L3,Sports / Tennis / WTA,350,0.0932,0.0966,4.15,0.863,0.0783,0.108,True
0x8558363730682d7aab94e544b21741a20df88615,L3,Sports / Soccer / Primera División Argentina,43,0.2775,0.2392,2.41,0.744,0.4313,0.1307,True
0x8558363730682d7aab94e544b21741a20df88615,L3,Sports / Soccer / FIFA World Cup,70,0.169,0.1663,4.17,0.757,0.1058,0.2321,True
0x8558363730682d7aab94e544b21741a20df88615,L3,Sports / American Football / NFL 2026,38,0.2042,0.1879,2.6,0.737,0.2301,0.1783,True
0x8558363730682d7aab94e544b21741a20df88615,L3,Sports / Soccer / Bundesliga 2025,31,0.2338,0.2037,2.39,0.806,0.2069,0.2589,True
0x8558363730682d7aab94e544b21741a20df88615,L3,Sports / American Football / CFB 2026,50,0.1119,0.1248,3.1,0.84,0.1024,0.1214,True
0x8558363730682d7aab94e544b21741a20df88615,L3,Sports / Baseball / MLB,36,0.1384,0.145,2.87,0.75,0.1322,0.1446,True
0x8558363730682d7aab94e544b21741a20df88615,L3,Sports / Basketball / WNBA,44,0.1034,0.1201,3.93,0.864,0.0924,0.1143,True
0x8558363730682d7aab94e544b21741a20df88615,L2t,Sports / Soccer / type=moneyline,758,0.2622,0.2595,6.03,0.755,0.2871,0.2374,True
0x8558363730682d7aab94e544b21741a20df88615,L2t,Sports / Tennis / type=moneyline,2191,0.1148,0.1152,9.87,0.844,0.0962,0.1334,True
0x8558363730682d7aab94e544b21741a20df88615,L2t,Sports / Other sport / type=moneyline,215,0.273,0.2632,5.21,0.791,0.2524,0.2935,True
0x8558363730682d7aab94e544b21741a20df88615,L2t,Sports / American Football / type=moneyline,88,0.1517,0.1527,3.82,0.795,0.1588,0.1447,True
0x8558363730682d7aab94e544b21741a20df88615,L2t,Sports / Baseball / type=moneyline,36,0.1384,0.145,2.87,0.75,0.1322,0.1446,True
0x8558363730682d7aab94e544b21741a20df88615,L2t,Sports / Basketball / type=moneyline,44,0.1034,0.1201,3.93,0.864,0.0924,0.1143,True
0x8558363730682d7aab94e544b21741a20df88615,L1b,Sports / price=0.10-0.30,473,0.4806,0.4675,9.23,0.799,0.3289,0.6317,True
0x8558363730682d7aab94e544b21741a20df88615,L1b,Sports / price=0.00-0.10,34,1.8332,1.2124,2.27,0.824,2.1994,1.4671,True
0x8558363730682d7aab94e544b21741a20df88615,L1b,Sports / price=0.30-0.50,963,0.1455,0.1458,8.15,0.775,0.1543,0.1368,True
0x8558363730682d7aab94e544b21741a20df88615,L1b,Esports / price=0.30-0.50,155,0.2028,0.1976,2.12,0.523,0.2865,0.1202,True
0x8558363730682d7aab94e544b21741a20df88615,L1b,Sports / price=0.50-0.70,1033,0.0694,0.0711,6.06,0.803,0.0638,0.0751,True
0x8558363730682d7aab94e544b21741a20df88615,L1b,Sports / price=0.70-0.90,757,0.0643,0.0667,10.52,0.882,0.0605,0.0681,True
0x8558363730682d7aab94e544b21741a20df88615,L2b,Sports / Soccer / price=0.10-0.30,135,0.7188,0.6463,6.47,0.689,0.4949,0.9395,True
0x8558363730682d7aab94e544b21741a20df88615,L2b,Sports / Tennis / price=0.10-0.30,281,0.3151,0.3046,5.32,0.861,0.2332,0.3964,True
0x8558363730682d7aab94e544b21741a20df88615,L2b,Sports / Other sport / price=0.10-0.30,32,1.2622,0.8371,5.03,0.875,1.1777,1.3467,True
0x8558363730682d7aab94e544b21741a20df88615,L2b,Sports / Tennis / price=0.30-0.50,676,0.1163,0.1175,5.21,0.8,0.1191,0.1135,True
0x8558363730682d7aab94e544b21741a20df88615,L2b,Sports / Soccer / price=0.30-0.50,187,0.2258,0.2192,6.01,0.717,0.2516,0.2003,True
0x8558363730682d7aab94e544b21741a20df88615,L2b,Esports / Esports / price=0.30-0.50,155,0.2028,0.1976,2.12,0.523,0.2865,0.1202,True
0x8558363730682d7aab94e544b21741a20df88615,L2b,Sports / Tennis / price=0.50-0.70,733,0.0668,0.0692,4.61,0.823,0.061,0.0725,True
0x8558363730682d7aab94e544b21741a20df88615,L2b,Sports / Tennis / price=0.70-0.90,391,0.0779,0.0817,8.88,0.926,0.0661,0.0897,True
0x8558363730682d7aab94e544b21741a20df88615,L2b,Sports / Other sport / price=0.30-0.50,42,0.2067,0.1907,2.85,0.667,0.319,0.0945,True
0x8558363730682d7aab94e544b21741a20df88615,L2b,Sports / Soccer / price=0.50-0.70,192,0.0724,0.0804,3.12,0.74,0.0847,0.06,True
0x8558363730682d7aab94e544b21741a20df88615,L2b,Sports / Soccer / price=0.70-0.90,252,0.0459,0.0541,4.21,0.821,0.0523,0.0395,True
0x8558363730682d7aab94e544b21741a20df88615,L2b,Sports / Other sport / price=0.70-0.90,70,0.0567,0.079,3.33,0.857,0.0526,0.0608,True
0x8558363730682d7aab94e544b21741a20df88615,L2l,Sports / Soccer / live,818,0.2668,0.2642,6.45,0.759,0.2735,0.2601,True
0x8558363730682d7aab94e544b21741a20df88615,L2l,Sports / Tennis / live,2172,0.115,0.1154,9.81,0.845,0.0962,0.1337,True
0x8558363730682d7aab94e544b21741a20df88615,L2l,Sports / Other sport / live,215,0.273,0.2632,5.21,0.791,0.2524,0.2935,True
0x8558363730682d7aab94e544b21741a20df88615,L2l,Esports / Esports / live,437,0.1212,0.1227,2.27,0.574,0.2271,0.0158,True
0x8558363730682d7aab94e544b21741a20df88615,L2l,Sports / American Football / live,88,0.1517,0.1527,3.82,0.795,0.1588,0.1447,True
0x8558363730682d7aab94e544b21741a20df88615,L2l,Sports / Baseball / live,34,0.1251,0.1369,2.63,0.765,0.1305,0.1197,True
0x8558363730682d7aab94e544b21741a20df88615,L2l,Sports / Basketball / live,44,0.1034,0.1201,3.93,0.864,0.0924,0.1143,True
0xf9173aca792ebab3ca021d0f948555a8a4b4bde0,L2t,Esports / Esports / type=child_moneyline,42,0.3195,0.2478,2.41,0.786,0.2034,0.4355,True
0x24ae647bd3d6fec6ec54e3e02606a0a260804c80,L1,Sports,717,0.3835,0.3831,4.24,0.767,0.519,0.2485,True
0x24ae647bd3d6fec6ec54e3e02606a0a260804c80,L2,Sports / Soccer,596,0.4277,0.4259,3.97,0.785,0.7662,0.0893,True
0x24ae647bd3d6fec6ec54e3e02606a0a260804c80,L3,Sports / Soccer / FIFA World Cup,241,0.933,0.8898,3.61,0.78,0.6962,1.1678,True
0x24ae647bd3d6fec6ec54e3e02606a0a260804c80,L3,Sports / Soccer / Fifa Friendly,60,0.24,0.2725,2.51,0.75,0.2625,0.2175,True
0x24ae647bd3d6fec6ec54e3e02606a0a260804c80,L2t,Sports / Soccer / type=soccer_player_goals,76,1.8209,1.5186,2.61,0.842,0.7519,2.8898,True
0x24ae647bd3d6fec6ec54e3e02606a0a260804c80,L2t,Sports / Soccer / type=soccer_team_total_corners,69,0.2143,0.2493,2.62,0.725,0.1966,0.2315,True
0x24ae647bd3d6fec6ec54e3e02606a0a260804c80,L1b,Sports / price=0.10-0.30,88,1.0518,0.9255,4.15,0.511,0.8069,1.2966,True
0x24ae647bd3d6fec6ec54e3e02606a0a260804c80,L1b,Sports / price=0.30-0.50,119,0.2709,0.2851,3.33,0.597,0.3212,0.2214,True
0x24ae647bd3d6fec6ec54e3e02606a0a260804c80,L1b,Sports / price=0.50-0.70,106,0.17,0.2018,3.29,0.736,0.2903,0.0498,True
0x24ae647bd3d6fec6ec54e3e02606a0a260804c80,L1b,Sports / price=0.70-0.90,182,0.1122,0.1377,6.87,0.896,0.1323,0.0922,True
0x24ae647bd3d6fec6ec54e3e02606a0a260804c80,L2b,Sports / Soccer / price=0.10-0.30,69,1.2594,1.0595,4.15,0.565,1.0485,1.4643,True
0x24ae647bd3d6fec6ec54e3e02606a0a260804c80,L2b,Sports / Soccer / price=0.30-0.50,96,0.2939,0.307,3.14,0.604,0.3579,0.23,True
0x24ae647bd3d6fec6ec54e3e02606a0a260804c80,L2b,Sports / Soccer / price=0.50-0.70,86,0.1752,0.2119,3.1,0.756,0.287,0.0634,True
0x24ae647bd3d6fec6ec54e3e02606a0a260804c80,L2b,Sports / Soccer / price=0.70-0.90,155,0.123,0.1512,7.7,0.91,0.1518,0.0946,True
0x24ae647bd3d6fec6ec54e3e02606a0a260804c80,L2l,Sports / Soccer / live,589,0.4345,0.4324,3.99,0.791,0.787,0.0832,True
0xa9cf33875d94900c2c16c9c58f42e327c980c8b9,L1b,Esports / price=0.50-0.70,75,0.1598,0.1325,2.09,0.613,0.2439,0.078,True
0xa9cf33875d94900c2c16c9c58f42e327c980c8b9,L2b,Esports / Esports / price=0.50-0.70,71,0.1837,0.1499,2.32,0.648,0.2462,0.1229,True
0x2f633efb75256a2f2445110c8978684ab8936643,L1,Finance,460,0.2301,0.2281,9.32,0.998,0.1671,0.2932,True
0x2f633efb75256a2f2445110c8978684ab8936643,L1,Politics,328,0.2038,0.2025,2.8,0.768,0.0853,0.3224,True
0x2f633efb75256a2f2445110c8978684ab8936643,L1,Economy,191,0.1842,0.184,7.24,1.0,0.1402,0.2278,True
0x2f633efb75256a2f2445110c8978684ab8936643,L1,Other,82,0.2216,0.2137,3.56,0.866,0.0744,0.3688,True
0x2f633efb75256a2f2445110c8978684ab8936643,L2,Politics / Iran,49,0.9653,0.7381,2.3,0.898,0.4134,1.4951,True
0x2f633efb75256a2f2445110c8978684ab8936643,L2,Finance / Earnings,209,0.2166,0.2135,6.75,1.0,0.1346,0.2979,True
0x2f633efb75256a2f2445110c8978684ab8936643,L2,Finance / Equities,62,0.4423,0.3787,3.68,1.0,0.2627,0.622,True
0x2f633efb75256a2f2445110c8978684ab8936643,L2,Other / Oil,32,0.5159,0.3872,5.17,0.969,0.6446,0.3871,True
0x2f633efb75256a2f2445110c8978684ab8936643,L2,Finance / Hide From New,53,0.2365,0.2214,4.18,1.0,0.2662,0.2079,True
0x2f633efb75256a2f2445110c8978684ab8936643,L3,Politics / Iran / ?,32,0.6483,0.4687,3.35,0.875,0.3555,0.9411,True
0x2f633efb75256a2f2445110c8978684ab8936643,L3,Finance / Earnings / ?,70,0.271,0.2511,4.06,1.0,0.1308,0.4112,True
0x2f633efb75256a2f2445110c8978684ab8936643,L3,Finance / Hide From New / ?,31,0.2186,0.204,2.85,1.0,0.2,0.236,True
0x2f633efb75256a2f2445110c8978684ab8936643,L2t,Politics / Iran / type=binary,48,0.5773,0.4609,3.57,0.896,0.4134,0.7412,True
0x2f633efb75256a2f2445110c8978684ab8936643,L2t,Finance / Earnings / type=binary,209,0.2166,0.2135,6.75,1.0,0.1346,0.2979,True
0x2f633efb75256a2f2445110c8978684ab8936643,L2t,Finance / Equities / type=binary,62,0.4423,0.3787,3.68,1.0,0.2627,0.622,True
0x2f633efb75256a2f2445110c8978684ab8936643,L2t,Other / Oil / type=negrisk,31,0.5247,0.39,5.11,0.968,0.6714,0.3871,True
0x2f633efb75256a2f2445110c8978684ab8936643,L2t,Finance / Hide From New / type=binary,53,0.2365,0.2214,4.18,1.0,0.2662,0.2079,True
0x2f633efb75256a2f2445110c8978684ab8936643,L1b,Politics / price=0.10-0.30,30,1.092,0.7277,3.25,0.7,0.5185,1.6654,True
0x2f633efb75256a2f2445110c8978684ab8936643,L1b,Finance / price=0.70-0.90,115,0.1982,0.1957,26.62,1.0,0.1805,0.2155,True
0x2f633efb75256a2f2445110c8978684ab8936643,L1b,Economy / price=0.70-0.90,68,0.2054,0.1999,19.21,1.0,0.2131,0.1977,True
0x2f633efb75256a2f2445110c8978684ab8936643,L2b,Finance / Earnings / price=0.70-0.90,54,0.1961,0.1921,16.15,1.0,0.1821,0.2101,True
0xfec046688669bf915101d63726ee6abfe3bcf051,L3,Sports / Soccer / Bundesliga 2025,82,0.5834,0.4662,2.96,0.512,0.8629,0.3039,True
0x1513ef4b6b9709d6cb698b4cae7f2e777e24831a,L1b,Sports / price=0.30-0.50,215,0.1764,0.162,2.12,0.474,0.127,0.2253,True
0x1513ef4b6b9709d6cb698b4cae7f2e777e24831a,L2b,Sports / Soccer / price=0.30-0.50,135,0.2338,0.2045,2.25,0.504,0.1654,0.3012,True
0x0f48cbd617d1b2350abdce6213a0ff1172e6e2a4,L2t,Sports / Soccer / type=totals,91,0.2452,0.2085,2.23,0.593,0.3232,0.1688,True
0x0380b557788bfdb99596d0d78d71129bda1a4943,L1,Sports,4666,0.0442,0.0442,2.41,0.489,0.071,0.0174,True
0x0380b557788bfdb99596d0d78d71129bda1a4943,L2t,Sports / Other sport / type=moneyline,106,0.3239,0.2794,2.14,0.481,0.5245,0.1232,True
0x0380b557788bfdb99596d0d78d71129bda1a4943,L2t,Sports / Basketball / type=spreads,74,0.2138,0.1776,2.1,0.662,0.2932,0.1344,True
0x0380b557788bfdb99596d0d78d71129bda1a4943,L2b,Sports / Other sport / price=0.30-0.50,43,0.4601,0.3278,2.36,0.581,0.4096,0.5082,True
0x87473f60af64d456c966c9d486192543de7a8b5d,L2t,Sports / Other sport / type=moneyline,33,0.1903,0.1188,2.32,0.909,0.0935,0.2815,True
0xa9900345e6d9644c97bdf47b7ae2ae634ae4dc90,L2l,Sports / Other sport / pre,1106,0.1677,0.1658,2.23,0.349,0.22,0.1155,True
0xf4bd46f1394a3e3759634f38e68a13207726c685,L2,Crypto / Crypto Prices,42,0.0274,0.0262,8.36,1.0,0.0239,0.031,True
0xf4bd46f1394a3e3759634f38e68a13207726c685,L2t,Crypto / Crypto Prices / type=binary,42,0.0274,0.0262,8.36,1.0,0.0239,0.031,True
0x608f12195cf35c48b263ec3d21c1720776da02a8,L3,Sports / Other sport / Wellington Daily Weather,60,0.2615,0.1919,2.39,0.817,0.3199,0.203,True
0x30feed64250cab6b6d9e4c8fa3e8841da41774bc,L2,Sports / Other sport,1156,0.1873,0.1857,2.57,0.625,0.3714,0.0032,True
0x30feed64250cab6b6d9e4c8fa3e8841da41774bc,L2t,Sports / Other sport / type=binary,1156,0.1873,0.1857,2.57,0.625,0.3714,0.0032,True
0x30feed64250cab6b6d9e4c8fa3e8841da41774bc,L1b,Sports / price=0.50-0.70,152,0.2056,0.1925,4.0,0.684,0.2578,0.1535,True
0x30feed64250cab6b6d9e4c8fa3e8841da41774bc,L2b,Sports / Other sport / price=0.50-0.70,142,0.2064,0.1923,3.88,0.683,0.2367,0.1761,True
0x30feed64250cab6b6d9e4c8fa3e8841da41774bc,L2b,Sports / Other sport / price=0.70-0.90,398,0.0506,0.0526,3.02,0.781,0.1005,0.0007,True
0x30feed64250cab6b6d9e4c8fa3e8841da41774bc,L2l,Sports / Other sport / pre,669,0.4096,0.4004,3.34,0.726,0.689,0.131,True
0x4d9c794a88b875e943f860666a1254d48688edcb,L1b,Sports / price=0.70-0.90,42,0.1413,0.1191,2.6,0.905,0.1086,0.174,True
0x4d9c794a88b875e943f860666a1254d48688edcb,L2b,Sports / Soccer / price=0.70-0.90,42,0.1413,0.1191,2.6,0.905,0.1086,0.174,True
0x927ffeba73eb63ffb7e576aca7d32f78e54be7e7,L2,Politics / Trump,313,0.3685,0.3448,2.94,0.457,0.2745,0.4619,True
0x927ffeba73eb63ffb7e576aca7d32f78e54be7e7,L3,Politics / Trump / ?,306,0.3795,0.3546,2.97,0.458,0.2445,0.5145,True
0x927ffeba73eb63ffb7e576aca7d32f78e54be7e7,L2t,Politics / Trump / type=binary,311,0.3748,0.3506,2.97,0.46,0.3363,0.413,True
0x927ffeba73eb63ffb7e576aca7d32f78e54be7e7,L2b,Politics / Trump / price=0.10-0.30,108,0.5909,0.4946,2.38,0.343,0.6495,0.5324,True
0xd7b7f781cd60bb7756dda6d18960203f973a3852,L3,Sports / Other sport / Shenzhen Daily Weather,34,0.0214,0.0154,4.22,1.0,0.025,0.0179,True
0xd7b7f781cd60bb7756dda6d18960203f973a3852,L3,Sports / Other sport / Tokyo Daily Weather,30,0.0191,0.0135,4.09,1.0,0.0263,0.0119,True
0xd7b7f781cd60bb7756dda6d18960203f973a3852,L3,Sports / Other sport / Beijing Daily Weather,33,0.0148,0.0111,2.02,0.97,0.0073,0.0218,True
0xad5057e6947081649c263a538d58899117e63122,L1b,Sports / price=0.10-0.30,355,0.4626,0.4768,4.09,0.366,0.4712,0.4541,True
0xad5057e6947081649c263a538d58899117e63122,L2b,Sports / Other sport / price=0.10-0.30,343,0.4642,0.4788,4.07,0.37,0.4347,0.4936,True
0xf2c29fa94f5a18b1c68c00baee66155b89254de7,L1b,Sports / price=0.30-0.50,511,0.1281,0.1265,2.39,0.472,0.1544,0.1019,True
0x5a83009fa6c4fcf4c0eef638b7f2bfb5dd27497d,L1b,Sports / price=0.30-0.50,240,0.2164,0.2024,2.62,0.475,0.2759,0.157,True
0x5a83009fa6c4fcf4c0eef638b7f2bfb5dd27497d,L2b,Sports / Other sport / price=0.30-0.50,240,0.2164,0.2024,2.62,0.475,0.2759,0.157,True
0xbddc2a7690bf600e347d5eb4a9c28f9f24e55d4f,L3,Sports / Other sport / Tel Aviv Daily Weather,100,0.3115,0.2647,3.66,0.67,0.3919,0.2311,True
0xbddc2a7690bf600e347d5eb4a9c28f9f24e55d4f,L3,Sports / Other sport / Istanbul Daily Weather,94,0.2858,0.2411,2.53,0.553,0.4989,0.0728,True
0xbddc2a7690bf600e347d5eb4a9c28f9f24e55d4f,L3,Sports / Other sport / Amsterdam Daily Weather,44,0.3678,0.2625,2.22,0.614,0.5945,0.1412,True
0xbddc2a7690bf600e347d5eb4a9c28f9f24e55d4f,L1b,Sports / price=0.30-0.50,593,0.1076,0.1051,2.21,0.425,0.1665,0.0489,True
0xbddc2a7690bf600e347d5eb4a9c28f9f24e55d4f,L1b,Sports / price=0.50-0.70,494,0.0954,0.0929,2.58,0.605,0.1238,0.067,True
0xbddc2a7690bf600e347d5eb4a9c28f9f24e55d4f,L2b,Sports / Other sport / price=0.30-0.50,593,0.1076,0.1051,2.21,0.425,0.1665,0.0489,True
0xbddc2a7690bf600e347d5eb4a9c28f9f24e55d4f,L2b,Sports / Other sport / price=0.50-0.70,494,0.0954,0.0929,2.58,0.605,0.1238,0.067,True
0xc28b036ded5d1552eed82efbb7e54adab6b03683,L2b,Sports / Soccer / price=0.50-0.70,207,0.1103,0.0974,2.12,0.614,0.0452,0.1747,True
0xd6144ed688181019647e871e13224a6591d71fa3,L1b,Politics / price=0.50-0.70,92,0.1528,0.1137,2.09,0.696,0.1209,0.1847,True
0xd6144ed688181019647e871e13224a6591d71fa3,L2b,Sports / MMA/Boxing / price=0.50-0.70,104,0.1597,0.1232,2.24,0.692,0.1942,0.1252,True
0xb4218a8df77b1d49197958acf401079be6128856,L1,Sports,4503,0.0878,0.0877,4.09,0.533,0.1234,0.0521,True
0xb4218a8df77b1d49197958acf401079be6128856,L2,Sports / Tennis,3395,0.0828,0.0827,3.22,0.531,0.1335,0.032,True
0xb4218a8df77b1d49197958acf401079be6128856,L3,Sports / Tennis / ATP,1293,0.085,0.0848,2.11,0.514,0.1307,0.0394,True
0xb4218a8df77b1d49197958acf401079be6128856,L3,Sports / Soccer / FIFA World Cup,89,0.2656,0.2295,2.23,0.607,0.0001,0.5253,True
0xb4218a8df77b1d49197958acf401079be6128856,L2t,Sports / Tennis / type=moneyline,1623,0.1006,0.1002,2.55,0.548,0.1028,0.0983,True
0xb4218a8df77b1d49197958acf401079be6128856,L2t,Sports / Baseball / type=baseball_team_first_five_total,120,0.3603,0.3187,3.72,0.658,0.2469,0.4738,True
0xb4218a8df77b1d49197958acf401079be6128856,L2t,Sports / Soccer / type=total_corners,41,0.4717,0.3396,2.57,0.659,0.3424,0.5949,True
0xb4218a8df77b1d49197958acf401079be6128856,L1b,Sports / price=0.50-0.70,1424,0.0854,0.0852,3.92,0.64,0.0811,0.0898,True
0xb4218a8df77b1d49197958acf401079be6128856,L1b,Sports / price=0.30-0.50,1316,0.0777,0.0776,2.26,0.435,0.1523,0.0031,True
0xb4218a8df77b1d49197958acf401079be6128856,L2b,Sports / Soccer / price=0.30-0.50,111,0.3687,0.3229,3.03,0.541,0.5206,0.2195,True
0xb4218a8df77b1d49197958acf401079be6128856,L2b,Sports / Tennis / price=0.50-0.70,983,0.0923,0.0918,3.55,0.647,0.078,0.1066,True
0xb4218a8df77b1d49197958acf401079be6128856,L2b,Sports / Baseball / price=0.50-0.70,166,0.169,0.1583,2.68,0.681,0.1585,0.1795,True
0xb4218a8df77b1d49197958acf401079be6128856,L2l,Sports / Tennis / live,3021,0.0842,0.0841,3.02,0.531,0.158,0.0103,True
0x08e4a65a33b6b52d4b250f1a0eeba1ac5ac7e173,L1b,Crypto / price=0.70-0.90,44,0.053,0.0176,2.04,0.886,0.0679,0.038,True
0x08e4a65a33b6b52d4b250f1a0eeba1ac5ac7e173,L2b,Crypto / Bitcoin / price=0.70-0.90,44,0.053,0.0176,2.04,0.886,0.0679,0.038,True
0x3b16f056806f2f4bb2138672d4bbab82d28d1290,L2,Sports / Basketball,258,0.1356,0.1274,2.04,0.55,0.2133,0.058,True
0x3b16f056806f2f4bb2138672d4bbab82d28d1290,L2t,Sports / Basketball / type=moneyline,120,0.2706,0.2351,2.3,0.508,0.4185,0.1228,True
0x3b16f056806f2f4bb2138672d4bbab82d28d1290,L2b,Sports / Basketball / price=0.30-0.50,85,0.3087,0.2541,2.5,0.541,0.5522,0.071,True
0x3b16f056806f2f4bb2138672d4bbab82d28d1290,L2l,Sports / Basketball / pre,226,0.1592,0.1481,2.14,0.527,0.278,0.0405,True
0x66c0589117421bdefb48a756a5b8784f28945fc2,L3,Esports / Esports / League of Legends,208,0.1537,0.1399,2.08,0.572,0.2315,0.0759,True
0xd43c1e83dca9cf7821ce8043f8997045529a8c63,L2b,Sports / Baseball / price=0.70-0.90,31,0.3147,0.2062,6.97,0.968,0.257,0.3687,True
0x2c50b0b2992ea5cb444a6097b68bcd9fb09589b6,L2t,Esports / Esports / type=map_handicap,38,0.2635,0.1892,2.09,0.737,0.2622,0.2649,True
0x2c50b0b2992ea5cb444a6097b68bcd9fb09589b6,L1b,Esports / price=0.70-0.90,30,0.1812,0.1279,2.54,0.867,0.2297,0.1328,True
0x2c50b0b2992ea5cb444a6097b68bcd9fb09589b6,L2b,Esports / Esports / price=0.70-0.90,30,0.1812,0.1279,2.54,0.867,0.2297,0.1328,True
0x73ee03e69aff55ef0d113ee531ff6f01c77beea9,L2l,Sports / Other sport / pre,371,0.027,0.0266,2.53,0.865,0.0281,0.026,True
0x5dc2ae7a9502a298fb059df0135906ffecca4837,L3,Sports / Soccer / FIFA World Cup,78,0.1457,0.1103,2.16,0.833,0.2206,0.0708,True
0xa71093cafc0c099b4ccab24c3cb8018d817923c4,L1,Sports,1320,0.0921,0.0921,2.65,0.504,0.0939,0.0902,True
0xa71093cafc0c099b4ccab24c3cb8018d817923c4,L2,Sports / Basketball,295,0.1709,0.1659,2.55,0.556,0.0861,0.2553,True
0xa71093cafc0c099b4ccab24c3cb8018d817923c4,L2,Sports / Baseball,656,0.1108,0.1103,2.03,0.48,0.0767,0.1449,True
0xa71093cafc0c099b4ccab24c3cb8018d817923c4,L3,Sports / Basketball / NBA 2026,295,0.1709,0.1659,2.55,0.556,0.0861,0.2553,True
0xa71093cafc0c099b4ccab24c3cb8018d817923c4,L3,Sports / Baseball / MLB,656,0.1108,0.1103,2.03,0.48,0.0767,0.1449,True
0xa71093cafc0c099b4ccab24c3cb8018d817923c4,L2t,Sports / Basketball / type=totals,127,0.2378,0.218,2.81,0.63,0.2396,0.2361,True
0xa71093cafc0c099b4ccab24c3cb8018d817923c4,L1b,Sports / price=0.30-0.50,483,0.1508,0.1485,2.93,0.516,0.1359,0.1657,True
0xa71093cafc0c099b4ccab24c3cb8018d817923c4,L2b,Sports / Baseball / price=0.30-0.50,271,0.1387,0.1355,2.09,0.524,0.0347,0.242,True
0xa71093cafc0c099b4ccab24c3cb8018d817923c4,L2b,Sports / Basketball / price=0.50-0.70,193,0.1632,0.1565,2.38,0.601,0.1038,0.222,True
0xa71093cafc0c099b4ccab24c3cb8018d817923c4,L2b,Sports / Basketball / price=0.30-0.50,76,0.2818,0.2423,2.19,0.579,0.2272,0.3364,True
0xa71093cafc0c099b4ccab24c3cb8018d817923c4,L2l,Sports / Basketball / pre,293,0.1651,0.1605,2.45,0.553,0.0792,0.2505,True
0x545d11e8772d8329ffdba88885ad2a757df370ff,L3,Sports / Soccer / UEFA Europa League 2025,55,0.3226,0.243,2.17,0.618,0.2781,0.3654,True
0x545d11e8772d8329ffdba88885ad2a757df370ff,L3,Sports / Other sport / Sweden Allsvenskan 2026,35,0.3788,0.2499,2.15,0.657,0.2946,0.4582,True
0x545d11e8772d8329ffdba88885ad2a757df370ff,L3,Sports / Soccer / Copa do Brasil,37,0.2524,0.1723,2.28,0.838,0.2898,0.2169,True
0x545d11e8772d8329ffdba88885ad2a757df370ff,L2t,Sports / Soccer / type=spreads,114,0.272,0.235,2.68,0.605,0.09,0.454,True
0x545d11e8772d8329ffdba88885ad2a757df370ff,L2t,Sports / Other sport / type=spreads,38,0.369,0.2501,2.0,0.658,0.3944,0.3435,True
0x9d46fcc091ffff18e4731e96360e251a604b26d8,L3,Sports / Soccer / Saudi Professional League,42,0.2116,0.1484,3.12,0.881,0.3054,0.1177,True
0x9d46fcc091ffff18e4731e96360e251a604b26d8,L2t,Sports / Tennis / type=tennis_match_totals,88,0.0666,0.0572,2.84,0.989,0.0955,0.0377,True
0x9d46fcc091ffff18e4731e96360e251a604b26d8,L1b,Sports / price=0.30-0.50,146,0.1877,0.167,2.01,0.514,0.115,0.2604,True
0xfd1df6a11eb52b2b1a1b6131e7a7d604291e6f23,L1b,Esports / price=0.70-0.90,399,0.0511,0.0484,2.12,0.827,0.0591,0.0433,True
0xfd1df6a11eb52b2b1a1b6131e7a7d604291e6f23,L2b,Esports / Esports / price=0.70-0.90,399,0.0511,0.0484,2.12,0.827,0.0591,0.0433,True
0xd5374430a0e5a775af0480e5d1f9a434f31a0f7c,L1,Sports,69,0.0478,0.0249,0.55,0.71,0.1327,-0.0346,False
0xd5374430a0e5a775af0480e5d1f9a434f31a0f7c,L1,Esports,1372,-0.0594,-0.0593,-2.54,0.615,-0.0658,-0.053,False
0xd5374430a0e5a775af0480e5d1f9a434f31a0f7c,L2,Sports / Soccer,36,0.0477,0.0112,0.36,0.667,0.0881,0.0072,False
0xd5374430a0e5a775af0480e5d1f9a434f31a0f7c,L2,Sports / Basketball,26,0.0625,0.0117,0.5,0.769,0.0388,0.0863,False
0xd5374430a0e5a775af0480e5d1f9a434f31a0f7c,L2,Esports / Esports,1372,-0.0594,-0.0593,-2.54,0.615,-0.0658,-0.053,False
0xd5374430a0e5a775af0480e5d1f9a434f31a0f7c,L3,Sports / Basketball / NBA 2026,26,0.0625,0.0117,0.5,0.769,0.0388,0.0863,False
0xd5374430a0e5a775af0480e5d1f9a434f31a0f7c,L3,Esports / Esports / Valorant,22,-0.0295,-0.0413,-0.21,0.682,0.1443,-0.2032,False
0xd5374430a0e5a775af0480e5d1f9a434f31a0f7c,L3,Esports / Esports / Counter Strike,551,-0.0394,-0.0399,-1.21,0.65,-0.022,-0.0567,False
0xd5374430a0e5a775af0480e5d1f9a434f31a0f7c,L3,Esports / Esports / League of Legends,502,-0.0525,-0.0525,-1.21,0.618,-0.0943,-0.0106,False
0xd5374430a0e5a775af0480e5d1f9a434f31a0f7c,L3,Esports / Esports / Dota 2,297,-0.1104,-0.1069,-2.21,0.542,-0.1329,-0.088,False
0xd5374430a0e5a775af0480e5d1f9a434f31a0f7c,L2t,Sports / Basketball / type=moneyline,25,0.105,0.0342,0.85,0.8,0.0212,0.1824,False
0xd5374430a0e5a775af0480e5d1f9a434f31a0f7c,L2t,Sports / Soccer / type=moneyline,30,0.0705,0.0206,0.48,0.667,0.0533,0.0876,False
0xd5374430a0e5a775af0480e5d1f9a434f31a0f7c,L2t,Esports / Esports / type=moneyline,263,-0.0705,-0.0693,-1.43,0.601,-0.0868,-0.0543,False
0xd5374430a0e5a775af0480e5d1f9a434f31a0f7c,L2t,Esports / Esports / type=child_moneyline,1107,-0.0566,-0.0565,-2.14,0.619,-0.0602,-0.0529,False
0xd5374430a0e5a775af0480e5d1f9a434f31a0f7c,L1b,Sports / price=0.70-0.90,33,0.1581,0.078,2.39,0.909,0.2028,0.1162,True
0xd5374430a0e5a775af0480e5d1f9a434f31a0f7c,L1b,Sports / price=0.50-0.70,20,0.0537,-0.0003,0.29,0.6,0.0186,0.0887,False
0xd5374430a0e5a775af0480e5d1f9a434f31a0f7c,L1b,Esports / price=0.10-0.30,31,-0.0063,-0.0251,-0.02,0.258,-0.2411,0.2138,False
0xd5374430a0e5a775af0480e5d1f9a434f31a0f7c,L1b,Esports / price=0.90-1.00,80,-0.019,-0.026,-0.56,0.887,0.0716,-0.1096,False
0xd5374430a0e5a775af0480e5d1f9a434f31a0f7c,L1b,Esports / price=0.50-0.70,537,-0.032,-0.0328,-0.94,0.583,-0.0346,-0.0293,False
0xd5374430a0e5a775af0480e5d1f9a434f31a0f7c,L1b,Esports / price=0.70-0.90,503,-0.0416,-0.0421,-1.73,0.755,-0.0301,-0.0531,False
0xd5374430a0e5a775af0480e5d1f9a434f31a0f7c,L1b,Esports / price=0.30-0.50,218,-0.2428,-0.2269,-3.27,0.326,-0.3329,-0.1526,False
0xd5374430a0e5a775af0480e5d1f9a434f31a0f7c,L2b,Esports / Esports / price=0.10-0.30,31,-0.0063,-0.0251,-0.02,0.258,-0.2411,0.2138,False
0xd5374430a0e5a775af0480e5d1f9a434f31a0f7c,L2b,Esports / Esports / price=0.90-1.00,80,-0.019,-0.026,-0.56,0.887,0.0716,-0.1096,False
0xd5374430a0e5a775af0480e5d1f9a434f31a0f7c,L2b,Esports / Esports / price=0.50-0.70,537,-0.032,-0.0328,-0.94,0.583,-0.0346,-0.0293,False
0xd5374430a0e5a775af0480e5d1f9a434f31a0f7c,L2b,Esports / Esports / price=0.70-0.90,503,-0.0416,-0.0421,-1.73,0.755,-0.0301,-0.0531,False
0xd5374430a0e5a775af0480e5d1f9a434f31a0f7c,L2b,Esports / Esports / price=0.30-0.50,218,-0.2428,-0.2269,-3.27,0.326,-0.3329,-0.1526,False
0xd5374430a0e5a775af0480e5d1f9a434f31a0f7c,L2l,Sports / Soccer / live,28,0.1264,0.0511,0.82,0.714,0.0661,0.1867,False
0xd5374430a0e5a775af0480e5d1f9a434f31a0f7c,L2l,Sports / Basketball / live,24,0.0781,0.0179,0.62,0.792,0.0904,0.0657,False
0xd5374430a0e5a775af0480e5d1f9a434f31a0f7c,L2l,Esports / Esports / pre,66,-0.1324,-0.1143,-1.42,0.561,-0.0478,-0.2171,False
0xd5374430a0e5a775af0480e5d1f9a434f31a0f7c,L2l,Esports / Esports / live,1306,-0.0557,-0.0557,-2.31,0.618,-0.0651,-0.0463,False
0x8daea7b4b923815062b1437f7516ccc21e3a125c,L2b,Sports / Baseball / price=0.50-0.70,36,0.3491,0.2421,2.97,0.694,0.5763,0.122,True
0x8daea7b4b923815062b1437f7516ccc21e3a125c,L2l,Sports / Tennis / pre,74,0.3037,0.2496,2.02,0.514,0.3304,0.277,True
0x8daea7b4b923815062b1437f7516ccc21e3a125c,L2l,Sports / Baseball / pre,74,0.2655,0.2195,2.24,0.568,0.367,0.1639,True
0xa991049a265f0f29f8a1a8856b170ad799c10935,L1,Sports,2011,0.5282,0.5262,7.24,0.719,0.474,0.5824,True
0xa991049a265f0f29f8a1a8856b170ad799c10935,L2,Sports / Other sport,586,0.8336,0.8169,3.47,0.698,0.5321,1.1351,True
0xa991049a265f0f29f8a1a8856b170ad799c10935,L2,Sports / Soccer,1400,0.4178,0.4165,14.5,0.733,0.476,0.3596,True
0xa991049a265f0f29f8a1a8856b170ad799c10935,L3,Sports / Soccer / Europa Conference League,77,0.7011,0.624,5.55,0.792,0.8817,0.5252,True
0xa991049a265f0f29f8a1a8856b170ad799c10935,L3,Sports / Soccer / UEFA Europa League 2025,49,0.7512,0.6283,4.08,0.776,0.8517,0.6548,True
0xa991049a265f0f29f8a1a8856b170ad799c10935,L3,Sports / Soccer / Fifa Friendly,139,0.3764,0.3702,3.99,0.899,0.1382,0.6112,True
0xa991049a265f0f29f8a1a8856b170ad799c10935,L3,Sports / Soccer / FIFA World Cup,168,0.2651,0.2717,3.24,0.815,0.2401,0.29,True
0xa991049a265f0f29f8a1a8856b170ad799c10935,L3,Sports / Soccer / UEFA Champions League 2025,57,0.4996,0.4547,5.04,0.789,0.5652,0.4361,True
0xa991049a265f0f29f8a1a8856b170ad799c10935,L3,Sports / Soccer / Club Friendlies,51,0.498,0.4498,2.54,0.627,0.6326,0.3686,True
0xa991049a265f0f29f8a1a8856b170ad799c10935,L3,Sports / Soccer / Concacaf Nations League,36,0.5586,0.4759,2.97,0.694,0.3918,0.7253,True
0xa991049a265f0f29f8a1a8856b170ad799c10935,L3,Sports / Soccer / UEFA Nations League,51,0.4128,0.3887,4.3,0.843,0.3421,0.4809,True
0xa991049a265f0f29f8a1a8856b170ad799c10935,L3,Sports / Soccer / MLS 2025,61,0.3269,0.327,3.85,0.607,0.2377,0.4133,True
0xa991049a265f0f29f8a1a8856b170ad799c10935,L3,Sports / Other sport / K-league,69,0.272,0.2844,3.53,0.725,0.3145,0.2308,True
0xa991049a265f0f29f8a1a8856b170ad799c10935,L3,Sports / Other sport / Brazil Serie B,46,0.3533,0.3453,2.19,0.543,0.0164,0.6901,True
0xa991049a265f0f29f8a1a8856b170ad799c10935,L2t,Sports / Soccer / type=totals,572,0.3356,0.3353,8.63,0.753,0.2207,0.4505,True
0xa991049a265f0f29f8a1a8856b170ad799c10935,L2t,Sports / Soccer / type=moneyline,307,0.4224,0.4166,6.48,0.655,0.6234,0.2226,True
0xa991049a265f0f29f8a1a8856b170ad799c10935,L2t,Sports / Other sport / type=moneyline,176,0.4344,0.4235,4.67,0.625,0.5512,0.3176,True
0xa991049a265f0f29f8a1a8856b170ad799c10935,L2t,Sports / Soccer / type=first_half_totals,128,0.4614,0.4432,5.42,0.75,0.5852,0.3376,True
0xa991049a265f0f29f8a1a8856b170ad799c10935,L2t,Sports / Soccer / type=soccer_halftime_result,80,0.6023,0.5473,3.67,0.613,0.4598,0.7449,True
0xa991049a265f0f29f8a1a8856b170ad799c10935,L2t,Sports / Soccer / type=soccer_team_totals,143,0.3632,0.3587,4.83,0.783,0.5133,0.2151,True
0xa991049a265f0f29f8a1a8856b170ad799c10935,L2t,Sports / Other sport / type=first_half_totals,42,0.565,0.4882,4.18,0.81,0.3112,0.8187,True
0xa991049a265f0f29f8a1a8856b170ad799c10935,L1b,Sports / price=0.10-0.30,278,1.3742,1.3039,11.63,0.64,1.7915,0.9568,True
0xa991049a265f0f29f8a1a8856b170ad799c10935,L1b,Sports / price=0.30-0.50,425,0.5595,0.549,12.75,0.694,0.5912,0.5279,True
0xa991049a265f0f29f8a1a8856b170ad799c10935,L1b,Sports / price=0.50-0.70,601,0.2643,0.2663,12.37,0.725,0.3258,0.2029,True
0xa991049a265f0f29f8a1a8856b170ad799c10935,L1b,Sports / price=0.70-0.90,453,0.1002,0.1098,6.34,0.737,0.1152,0.0853,True
0xa991049a265f0f29f8a1a8856b170ad799c10935,L2b,Sports / Soccer / price=0.10-0.30,198,1.3814,1.2847,9.69,0.631,1.8186,0.9442,True
0xa991049a265f0f29f8a1a8856b170ad799c10935,L2b,Sports / Other sport / price=0.10-0.30,77,1.4334,1.2052,6.67,0.675,1.8373,1.0398,True
0xa991049a265f0f29f8a1a8856b170ad799c10935,L2b,Sports / Soccer / price=0.30-0.50,278,0.588,0.5705,10.6,0.701,0.6321,0.5438,True
0xa991049a265f0f29f8a1a8856b170ad799c10935,L2b,Sports / Other sport / price=0.30-0.50,144,0.5124,0.4898,7.12,0.681,0.508,0.5168,True
0xa991049a265f0f29f8a1a8856b170ad799c10935,L2b,Sports / Soccer / price=0.50-0.70,429,0.2564,0.2595,10.22,0.72,0.3025,0.2105,True
0xa991049a265f0f29f8a1a8856b170ad799c10935,L2b,Sports / Other sport / price=0.50-0.70,167,0.3001,0.3029,7.43,0.743,0.4039,0.1975,True
0xa991049a265f0f29f8a1a8856b170ad799c10935,L2b,Sports / Soccer / price=0.70-0.90,306,0.1198,0.1325,6.37,0.768,0.1351,0.1045,True
0xa991049a265f0f29f8a1a8856b170ad799c10935,L2b,Sports / Other sport / price=0.70-0.90,142,0.0654,0.0977,2.27,0.676,0.0706,0.0603,True
0xa991049a265f0f29f8a1a8856b170ad799c10935,L2l,Sports / Other sport / live,568,0.8636,0.8453,3.48,0.72,0.557,1.1702,True
0xa991049a265f0f29f8a1a8856b170ad799c10935,L2l,Sports / Soccer / live,1377,0.4222,0.4208,14.47,0.734,0.485,0.3595,True
0x274b7d6f2a9afd7da632aa631b53652e6969d408,L3,Sports / Other sport / Chinese Super League,31,0.4061,0.2886,2.04,0.613,0.3213,0.4856,True
0xa0f595cc791e76435c4849a8b8eafebefdc057e2,L1,Other,50,1.4713,1.0405,5.88,0.76,1.1205,1.8222,True
0xa0f595cc791e76435c4849a8b8eafebefdc057e2,L2,Other / ?,43,1.788,1.2087,6.88,0.884,1.4959,2.0669,True
0xa0f595cc791e76435c4849a8b8eafebefdc057e2,L3,Other / ? / ?,43,1.788,1.2087,6.88,0.884,1.4959,2.0669,True
0xa0f595cc791e76435c4849a8b8eafebefdc057e2,L2t,Other / ? / type=binary,43,1.788,1.2087,6.88,0.884,1.4959,2.0669,True
0x27d21c4ad2fa8fb34dc4c4226916e6e0c1a88ee8,L1b,Esports / price=0.70-0.90,59,0.1301,0.0944,2.14,0.831,0.0784,0.1802,True
0x27d21c4ad2fa8fb34dc4c4226916e6e0c1a88ee8,L2b,Esports / Esports / price=0.70-0.90,59,0.1301,0.0944,2.14,0.831,0.0784,0.1802,True
0x75e28b207a7a286082e939838d6473921f3c2ed0,L1,Other,52,1.7194,1.2433,2.93,0.981,1.0139,2.425,True
0x75e28b207a7a286082e939838d6473921f3c2ed0,L2,Other / ?,52,1.7194,1.2433,2.93,0.981,1.0139,2.425,True
0x75e28b207a7a286082e939838d6473921f3c2ed0,L3,Other / ? / ?,52,1.7194,1.2433,2.93,0.981,1.0139,2.425,True
0x75e28b207a7a286082e939838d6473921f3c2ed0,L2t,Other / ? / type=binary,52,1.7194,1.2433,2.93,0.981,1.0139,2.425,True
0x75e28b207a7a286082e939838d6473921f3c2ed0,L1b,Other / price=0.30-0.50,41,1.1292,0.7607,18.33,0.976,1.1073,1.15,True
0x75e28b207a7a286082e939838d6473921f3c2ed0,L2b,Other / ? / price=0.30-0.50,41,1.1292,0.7607,18.33,0.976,1.1073,1.15,True
0xf0ea0711aa08556fc9a4d0f8ca379254de2f2f71,L1,Sports,3479,0.1712,0.1711,5.98,0.822,0.1775,0.1648,True
0xf0ea0711aa08556fc9a4d0f8ca379254de2f2f71,L2,Sports / Soccer,780,0.372,0.3667,3.06,0.753,0.4059,0.3382,True
0xf0ea0711aa08556fc9a4d0f8ca379254de2f2f71,L2,Sports / Other sport,219,0.3233,0.3095,4.3,0.849,0.2703,0.3758,True
0xf0ea0711aa08556fc9a4d0f8ca379254de2f2f71,L2,Sports / Tennis,2293,0.09,0.0906,8.74,0.847,0.1017,0.0784,True
0xf0ea0711aa08556fc9a4d0f8ca379254de2f2f71,L2,Sports / American Football,90,0.1722,0.1698,3.39,0.789,0.1498,0.1945,True
0xf0ea0711aa08556fc9a4d0f8ca379254de2f2f71,L2,Sports / Basketball,51,0.0822,0.1038,3.88,0.843,0.038,0.1247,True
0xf0ea0711aa08556fc9a4d0f8ca379254de2f2f71,L3,Sports / Tennis / ATP,1003,0.0975,0.0987,6.55,0.879,0.1002,0.0948,True
0xf0ea0711aa08556fc9a4d0f8ca379254de2f2f71,L3,Sports / Tennis / ITF,898,0.0769,0.0787,3.93,0.791,0.1059,0.048,True
0xf0ea0711aa08556fc9a4d0f8ca379254de2f2f71,L3,Sports / Tennis / WTA,366,0.1005,0.1035,7.41,0.896,0.1115,0.0894,True
0xf0ea0711aa08556fc9a4d0f8ca379254de2f2f71,L3,Sports / Soccer / Primera División Argentina,52,0.2488,0.2239,2.76,0.75,0.1941,0.3036,True
0xf0ea0711aa08556fc9a4d0f8ca379254de2f2f71,L3,Sports / Soccer / La Liga 2025,59,0.1772,0.1726,2.24,0.746,0.1851,0.1696,True
0xf0ea0711aa08556fc9a4d0f8ca379254de2f2f71,L3,Sports / Soccer / Premier League 2025,39,0.2388,0.2118,3.74,0.795,0.1627,0.3111,True
0xf0ea0711aa08556fc9a4d0f8ca379254de2f2f71,L3,Sports / Soccer / MLS 2025,70,0.1504,0.1523,2.24,0.729,0.0359,0.2649,True
0xf0ea0711aa08556fc9a4d0f8ca379254de2f2f71,L3,Sports / American Football / NFL 2026,46,0.189,0.1799,2.84,0.761,0.1984,0.1796,True
0xf0ea0711aa08556fc9a4d0f8ca379254de2f2f71,L3,Sports / Soccer / FIFA World Cup,53,0.1584,0.1586,3.37,0.774,0.1059,0.2089,True
0xf0ea0711aa08556fc9a4d0f8ca379254de2f2f71,L3,Sports / Basketball / WNBA,51,0.0822,0.1038,3.88,0.843,0.038,0.1247,True
0xf0ea0711aa08556fc9a4d0f8ca379254de2f2f71,L2t,Sports / Soccer / type=moneyline,723,0.3844,0.3783,2.94,0.751,0.4232,0.3457,True
0xf0ea0711aa08556fc9a4d0f8ca379254de2f2f71,L2t,Sports / Other sport / type=moneyline,219,0.3233,0.3095,4.3,0.849,0.2703,0.3758,True
0xf0ea0711aa08556fc9a4d0f8ca379254de2f2f71,L2t,Sports / Tennis / type=moneyline,2293,0.09,0.0906,8.74,0.847,0.1017,0.0784,True
0xf0ea0711aa08556fc9a4d0f8ca379254de2f2f71,L2t,Sports / American Football / type=moneyline,90,0.1722,0.1698,3.39,0.789,0.1498,0.1945,True
0xf0ea0711aa08556fc9a4d0f8ca379254de2f2f71,L2t,Sports / Basketball / type=moneyline,51,0.0822,0.1038,3.88,0.843,0.038,0.1247,True
0xf0ea0711aa08556fc9a4d0f8ca379254de2f2f71,L1b,Sports / price=0.00-0.10,35,5.5249,3.5737,2.13,0.829,6.0038,5.0727,True
0xf0ea0711aa08556fc9a4d0f8ca379254de2f2f71,L1b,Sports / price=0.10-0.30,513,0.3613,0.3537,8.81,0.793,0.3279,0.3945,True
0xf0ea0711aa08556fc9a4d0f8ca379254de2f2f71,L1b,Sports / price=0.30-0.50,926,0.1128,0.1137,6.45,0.776,0.1395,0.086,True
0xf0ea0711aa08556fc9a4d0f8ca379254de2f2f71,L1b,Sports / price=0.50-0.70,1031,0.0638,0.0656,5.61,0.815,0.0742,0.0534,True
0xf0ea0711aa08556fc9a4d0f8ca379254de2f2f71,L1b,Sports / price=0.70-0.90,779,0.0536,0.0562,7.58,0.882,0.0493,0.0578,True
0xf0ea0711aa08556fc9a4d0f8ca379254de2f2f71,L2b,Sports / Soccer / price=0.10-0.30,125,0.6237,0.5596,5.97,0.704,0.5519,0.6944,True
0xf0ea0711aa08556fc9a4d0f8ca379254de2f2f71,L2b,Sports / Other sport / price=0.10-0.30,33,1.1998,0.807,4.18,0.848,0.9018,1.4802,True
0xf0ea0711aa08556fc9a4d0f8ca379254de2f2f71,L2b,Sports / Tennis / price=0.10-0.30,329,0.1872,0.1856,5.5,0.839,0.2507,0.1241,True
0xf0ea0711aa08556fc9a4d0f8ca379254de2f2f71,L2b,Sports / Tennis / price=0.30-0.50,685,0.0893,0.0913,4.25,0.807,0.1131,0.0655,True
0xf0ea0711aa08556fc9a4d0f8ca379254de2f2f71,L2b,Sports / Soccer / price=0.30-0.50,155,0.1833,0.1805,4.72,0.677,0.2351,0.1321,True
0xf0ea0711aa08556fc9a4d0f8ca379254de2f2f71,L2b,Sports / Tennis / price=0.50-0.70,713,0.0529,0.0558,3.62,0.827,0.0569,0.049,True
0xf0ea0711aa08556fc9a4d0f8ca379254de2f2f71,L2b,Sports / Tennis / price=0.70-0.90,436,0.0607,0.065,6.1,0.917,0.0544,0.0669,True
0xf0ea0711aa08556fc9a4d0f8ca379254de2f2f71,L2b,Sports / Other sport / price=0.30-0.50,40,0.2165,0.1974,2.6,0.675,0.39,0.043,True
0xf0ea0711aa08556fc9a4d0f8ca379254de2f2f71,L2b,Sports / Soccer / price=0.50-0.70,198,0.0679,0.0763,2.71,0.727,0.0612,0.0746,True
0xf0ea0711aa08556fc9a4d0f8ca379254de2f2f71,L2b,Sports / Other sport / price=0.50-0.70,55,0.1227,0.1324,4.2,0.891,0.0825,0.1616,True
0xf0ea0711aa08556fc9a4d0f8ca379254de2f2f71,L2b,Sports / Soccer / price=0.70-0.90,242,0.0369,0.0463,2.89,0.826,0.0365,0.0374,True
0xf0ea0711aa08556fc9a4d0f8ca379254de2f2f71,L2b,Sports / Other sport / price=0.70-0.90,64,0.0612,0.0845,3.52,0.906,0.0586,0.0637,True
0xf0ea0711aa08556fc9a4d0f8ca379254de2f2f71,L2l,Sports / Soccer / live,775,0.3743,0.3689,3.06,0.754,0.4109,0.3378,True
0xf0ea0711aa08556fc9a4d0f8ca379254de2f2f71,L2l,Sports / Other sport / live,219,0.3233,0.3095,4.3,0.849,0.2703,0.3758,True
0xf0ea0711aa08556fc9a4d0f8ca379254de2f2f71,L2l,Sports / Tennis / live,2265,0.0901,0.0907,8.65,0.848,0.1019,0.0783,True
0xf0ea0711aa08556fc9a4d0f8ca379254de2f2f71,L2l,Sports / American Football / live,90,0.1722,0.1698,3.39,0.789,0.1498,0.1945,True
0xf0ea0711aa08556fc9a4d0f8ca379254de2f2f71,L2l,Sports / Basketball / live,51,0.0822,0.1038,3.88,0.843,0.038,0.1247,True
0x73c23be6613c85b3ec98a1003f15209515bab0c4,L2b,Sports / Tennis / price=0.50-0.70,88,0.1825,0.1449,2.29,0.705,0.0712,0.2937,True
0x8c8b3c58b60f50f12021d16dd1910e2582877a07,L1,Esports,587,0.1308,0.1316,3.54,0.624,0.1107,0.1508,True
0x8c8b3c58b60f50f12021d16dd1910e2582877a07,L1,Sports,236,0.1644,0.1637,2.99,0.631,0.0859,0.243,True
0x8c8b3c58b60f50f12021d16dd1910e2582877a07,L2,Esports / Esports,587,0.1308,0.1316,3.54,0.624,0.1107,0.1508,True
0x8c8b3c58b60f50f12021d16dd1910e2582877a07,L3,Esports / Esports / Counter Strike,248,0.1473,0.1479,2.61,0.625,0.1801,0.1145,True
0x8c8b3c58b60f50f12021d16dd1910e2582877a07,L3,Sports / Soccer / Counter Strike,142,0.1514,0.1519,2.24,0.648,0.0118,0.2909,True
0x8c8b3c58b60f50f12021d16dd1910e2582877a07,L2t,Esports / Esports / type=child_moneyline,207,0.1758,0.174,2.59,0.618,0.1529,0.1985,True
0x8c8b3c58b60f50f12021d16dd1910e2582877a07,L1b,Sports / price=0.50-0.70,115,0.203,0.196,3.08,0.678,0.1037,0.3005,True
0x8c8b3c58b60f50f12021d16dd1910e2582877a07,L1b,Esports / price=0.50-0.70,314,0.1071,0.11,2.43,0.637,0.0885,0.1256,True
0x8c8b3c58b60f50f12021d16dd1910e2582877a07,L1b,Esports / price=0.70-0.90,77,0.1593,0.1585,3.16,0.831,0.185,0.1342,True
0x8c8b3c58b60f50f12021d16dd1910e2582877a07,L2b,Sports / Soccer / price=0.50-0.70,93,0.2257,0.2134,3.16,0.688,0.0489,0.3989,True
0x8c8b3c58b60f50f12021d16dd1910e2582877a07,L2b,Esports / Esports / price=0.50-0.70,314,0.1071,0.11,2.43,0.637,0.0885,0.1256,True
0x8c8b3c58b60f50f12021d16dd1910e2582877a07,L2b,Esports / Esports / price=0.70-0.90,77,0.1593,0.1585,3.16,0.831,0.185,0.1342,True
0x8c8b3c58b60f50f12021d16dd1910e2582877a07,L2l,Esports / Esports / pre,290,0.1422,0.143,3.01,0.648,0.1086,0.1758,True
0x8c8b3c58b60f50f12021d16dd1910e2582877a07,L2l,Esports / Esports / live,297,0.1196,0.1219,2.12,0.599,0.0902,0.1488,True
0x8c8b3c58b60f50f12021d16dd1910e2582877a07,L2l,Sports / Soccer / pre,85,0.1845,0.179,2.06,0.635,0.0467,0.319,True
0x8d9f8127677a6c64219b1ba5ecd126043551787a,L1,Esports,526,0.2832,0.2833,2.5,0.439,0.3997,0.1668,True
0x8d9f8127677a6c64219b1ba5ecd126043551787a,L2,Esports / Esports,523,0.2811,0.2812,2.47,0.44,0.3827,0.1799,True
0x8d9f8127677a6c64219b1ba5ecd126043551787a,L3,Esports / Esports / League of Legends,523,0.2811,0.2812,2.47,0.44,0.3827,0.1799,True
0x8d9f8127677a6c64219b1ba5ecd126043551787a,L2l,Esports / Esports / live,341,0.3726,0.3678,2.23,0.416,0.6266,0.1201,True
0x37ca2d9e1bf5b599416608ff644cd36e4043f644,L1b,Esports / price=0.30-0.50,128,0.2631,0.2379,2.42,0.516,0.5135,0.0127,True
0x37ca2d9e1bf5b599416608ff644cd36e4043f644,L2b,Esports / Esports / price=0.30-0.50,128,0.2631,0.2379,2.42,0.516,0.5135,0.0127,True
0xeda67a7fbbc9153b1163cce738eea503ec9c84c5,L1,Sports,468,3.399,3.3836,4.17,0.545,3.3175,3.4805,True
0xeda67a7fbbc9153b1163cce738eea503ec9c84c5,L2,Sports / Tennis,192,2.6406,2.6766,2.31,0.568,5.1601,0.1212,True
0xeda67a7fbbc9153b1163cce738eea503ec9c84c5,L2,Sports / Soccer,170,2.8177,2.8392,2.36,0.524,3.4052,2.2302,True
0xeda67a7fbbc9153b1163cce738eea503ec9c84c5,L1b,Sports / price=0.00-0.10,97,15.2607,13.1686,4.13,0.186,14.6208,15.8876,True
0xeda67a7fbbc9153b1163cce738eea503ec9c84c5,L1b,Sports / price=0.10-0.30,77,0.8616,1.307,2.52,0.325,1.3524,0.3834,True
0xeda67a7fbbc9153b1163cce738eea503ec9c84c5,L1b,Sports / price=0.30-0.50,76,0.3455,0.903,2.45,0.553,0.4191,0.2719,True
0xeda67a7fbbc9153b1163cce738eea503ec9c84c5,L2b,Sports / Tennis / price=0.00-0.10,36,13.2693,9.6094,2.28,0.167,10.1056,16.433,True
0xeda67a7fbbc9153b1163cce738eea503ec9c84c5,L2b,Sports / Soccer / price=0.00-0.10,31,13.5161,9.4007,2.17,0.161,15.6667,11.5,True
0xeda67a7fbbc9153b1163cce738eea503ec9c84c5,L2b,Sports / Soccer / price=0.10-0.30,38,1.451,1.9926,2.83,0.447,2.1043,0.7977,True
0xeda67a7fbbc9153b1163cce738eea503ec9c84c5,L2l,Sports / Tennis / live,182,2.799,2.821,2.32,0.571,5.4606,0.1373,True
0xeda67a7fbbc9153b1163cce738eea503ec9c84c5,L2l,Sports / Soccer / live,166,2.8893,2.9035,2.37,0.524,3.5113,2.2673,True
0x62be842529357da0980375cdb82ac8ff2b5a444c,L1b,Sports / price=0.50-0.70,36,0.2863,0.1962,2.19,0.722,0.2114,0.3613,True
0xaf21b89714840bfbb74f401bc0007710d065d34a,L1b,Esports / price=0.70-0.90,156,0.0993,0.1018,3.56,0.878,0.131,0.0677,True
0xaf21b89714840bfbb74f401bc0007710d065d34a,L2b,Esports / Esports / price=0.70-0.90,156,0.0993,0.1018,3.56,0.878,0.131,0.0677,True
0xd6ecaffcc10467bb3950cd28021ddae39bfdf993,L1b,Esports / price=0.70-0.90,190,0.0791,0.0704,2.55,0.842,0.0786,0.0796,True
0xd6ecaffcc10467bb3950cd28021ddae39bfdf993,L2b,Esports / Esports / price=0.70-0.90,190,0.0791,0.0704,2.55,0.842,0.0786,0.0796,True
0x0d27e320356ebc4626ee580f62f5fc8eff00bd5a,L1b,Sports / price=0.70-0.90,87,0.1011,0.0798,2.62,0.782,0.128,0.0749,True
0xd9b251a2fc9afb57e2bc5eba22b0c72035253f62,L2l,Sports / Soccer / live,84,0.1008,0.0874,2.04,0.857,0.1457,0.0558,True
0xaaa18cd28d27e7a89b341f9a64f1fd9a9ea9d5da,L3,Esports / Esports / Valorant,765,0.1853,0.1814,2.57,0.362,0.1077,0.2627,True
0xaaa18cd28d27e7a89b341f9a64f1fd9a9ea9d5da,L2t,Esports / Esports / type=totals,892,0.1607,0.1578,2.4,0.374,0.1993,0.122,True
0xaaa18cd28d27e7a89b341f9a64f1fd9a9ea9d5da,L1b,Sports / price=0.70-0.90,105,0.1505,0.1313,3.36,0.867,0.2101,0.0919,True
0xaaa18cd28d27e7a89b341f9a64f1fd9a9ea9d5da,L2b,Sports / Tennis / price=0.70-0.90,80,0.1439,0.1213,2.77,0.863,0.2317,0.0561,True
0x2c752b17c61a34da5c2ee876939da7101318fd50,L2,Politics / Tweet Markets,305,0.1715,0.1605,2.33,0.495,0.258,0.0857,True
0x2c752b17c61a34da5c2ee876939da7101318fd50,L2t,Politics / Tweet Markets / type=negrisk,305,0.1715,0.1605,2.33,0.495,0.258,0.0857,True
0x078e544a78cbae23d41604f589750e0333aa7ba8,L1b,Sports / price=0.30-0.50,155,0.2037,0.1808,2.33,0.529,0.1371,0.2695,True
0xead6c88cc958e17de5a541cf46bb5ee46a1fb510,L2,Sports / Soccer,99,0.3489,0.2979,2.14,0.545,0.2972,0.3995,True
0xead6c88cc958e17de5a541cf46bb5ee46a1fb510,L2t,Sports / Soccer / type=moneyline,72,0.5499,0.4403,2.78,0.611,0.562,0.5378,True
0xead6c88cc958e17de5a541cf46bb5ee46a1fb510,L1b,Sports / price=0.10-0.30,38,0.8602,0.5793,2.07,0.395,0.6557,1.0646,True
0xead6c88cc958e17de5a541cf46bb5ee46a1fb510,L2l,Sports / Soccer / pre,80,0.3982,0.3277,2.06,0.537,0.3512,0.4452,True
0x93acc56a0b7f79d859dbcca85b200bd036a22761,L2,Sports / Baseball,2843,0.0449,0.0449,2.58,0.58,0.0862,0.0036,True
0x93acc56a0b7f79d859dbcca85b200bd036a22761,L3,Sports / Baseball / MLB,2843,0.0449,0.0449,2.58,0.58,0.0862,0.0036,True
0x93acc56a0b7f79d859dbcca85b200bd036a22761,L3,Sports / Basketball / NBA 2026,646,0.0857,0.0845,2.36,0.596,0.1538,0.0176,True
0x93acc56a0b7f79d859dbcca85b200bd036a22761,L2t,Sports / Baseball / type=moneyline,1207,0.0639,0.0636,2.35,0.581,0.104,0.0238,True
0x93acc56a0b7f79d859dbcca85b200bd036a22761,L1b,Sports / price=0.50-0.70,1963,0.0561,0.056,2.91,0.61,0.0977,0.0146,True
0x93acc56a0b7f79d859dbcca85b200bd036a22761,L2b,Sports / Baseball / price=0.50-0.70,1464,0.0535,0.0534,2.41,0.611,0.0627,0.0442,True
0x93acc56a0b7f79d859dbcca85b200bd036a22761,L2l,Sports / Baseball / live,2533,0.0561,0.056,3.07,0.592,0.0936,0.0185,True
0x50e11af3a14c8f0a54d3a4f1a807134317bdc79c,L1b,Sports / price=0.30-0.50,45,0.3698,0.3271,2.07,0.578,0.4043,0.3367,True
0x50e11af3a14c8f0a54d3a4f1a807134317bdc79c,L2b,Sports / Other sport / price=0.30-0.50,45,0.3698,0.3271,2.07,0.578,0.4043,0.3367,True
0xe1e4cbe2cc3d6770173b7df5ad6a7b3d5f39b4da,L3,Sports / Other sport / Munich Daily Weather,59,0.0972,0.0711,2.85,0.966,0.159,0.0374,True
0xa081cfa9dd909125aa4b00b380f50f1d1d07e7a0,L3,Sports / Other sport / Madrid Daily Weather,91,0.0682,0.0437,2.37,0.923,0.0888,0.048,True
0x35426f3ba1a3d920d1d9c1e6b4db76b9b7afd286,L3,Sports / Soccer / La Liga 2025,33,0.138,0.0807,2.05,0.909,0.1896,0.0895,True
0x6d82f7d183c7f0d44968b012a2fd9ce83d7b9e66,L1,Sports,281,0.2826,0.2812,2.18,0.53,0.3266,0.2389,True
0x6d82f7d183c7f0d44968b012a2fd9ce83d7b9e66,L2,Sports / Other sport,270,0.2965,0.2941,2.27,0.544,0.3757,0.2173,True
0x6d82f7d183c7f0d44968b012a2fd9ce83d7b9e66,L2t,Sports / Other sport / type=binary,270,0.2965,0.2941,2.27,0.544,0.3757,0.2173,True
0x6d82f7d183c7f0d44968b012a2fd9ce83d7b9e66,L1b,Sports / price=0.10-0.30,62,0.6571,0.5608,2.08,0.371,0.5604,0.7538,True
0x6d82f7d183c7f0d44968b012a2fd9ce83d7b9e66,L1b,Sports / price=0.30-0.50,42,0.3536,0.3241,2.29,0.595,0.5387,0.1684,True
0x6d82f7d183c7f0d44968b012a2fd9ce83d7b9e66,L1b,Sports / price=0.70-0.90,54,0.1104,0.1514,2.13,0.87,0.0822,0.1386,True
0x6d82f7d183c7f0d44968b012a2fd9ce83d7b9e66,L2b,Sports / Other sport / price=0.30-0.50,42,0.3536,0.3241,2.29,0.595,0.5387,0.1684,True
0x6d82f7d183c7f0d44968b012a2fd9ce83d7b9e66,L2b,Sports / Other sport / price=0.70-0.90,53,0.1075,0.1498,2.03,0.868,0.0806,0.1333,True
0x6d82f7d183c7f0d44968b012a2fd9ce83d7b9e66,L2l,Sports / Other sport / live,259,0.3081,0.3048,2.29,0.556,0.3992,0.2177,True
0x334de55eb688d474f5915aa083acfbe7836546c1,L3,Sports / Soccer / Fifa Friendly,63,0.0456,0.0295,2.47,0.921,0.0335,0.0574,True
0xdff2649db2a57e428d9085d4f536a41781c22e27,L1,Sports,2054,0.0728,0.0728,3.96,0.307,0.0817,0.0638,True
0xdff2649db2a57e428d9085d4f536a41781c22e27,L2,Sports / Soccer,1286,0.0767,0.0766,3.02,0.3,0.093,0.0604,True
0xdff2649db2a57e428d9085d4f536a41781c22e27,L3,Sports / Soccer / MLS 2025,525,0.0979,0.097,2.03,0.349,0.1017,0.0941,True
0xdff2649db2a57e428d9085d4f536a41781c22e27,L3,Sports / Soccer / FIFA World Cup,147,0.1902,0.1761,2.89,0.476,0.1996,0.1808,True
0xdff2649db2a57e428d9085d4f536a41781c22e27,L2t,Sports / Soccer / type=moneyline,817,0.0855,0.0852,2.34,0.253,0.1195,0.0516,True
0xdff2649db2a57e428d9085d4f536a41781c22e27,L2t,Sports / Soccer / type=totals,162,0.1007,0.0976,2.34,0.543,0.0775,0.1238,True
0xdff2649db2a57e428d9085d4f536a41781c22e27,L1b,Sports / price=0.10-0.30,400,0.2068,0.2004,3.18,0.17,0.2155,0.1981,True
0xdff2649db2a57e428d9085d4f536a41781c22e27,L1b,Sports / price=0.30-0.50,633,0.0829,0.0826,3.45,0.264,0.1326,0.0333,True
0xdff2649db2a57e428d9085d4f536a41781c22e27,L1b,Sports / price=0.50-0.70,483,0.0765,0.0764,4.15,0.379,0.0175,0.1352,True
0xdff2649db2a57e428d9085d4f536a41781c22e27,L2b,Sports / Other sport / price=0.10-0.30,58,0.4979,0.3889,2.1,0.259,0.3628,0.633,True
0xdff2649db2a57e428d9085d4f536a41781c22e27,L2b,Sports / Soccer / price=0.10-0.30,311,0.1479,0.1433,2.18,0.141,0.1722,0.1237,True
0xdff2649db2a57e428d9085d4f536a41781c22e27,L2b,Sports / Soccer / price=0.30-0.50,373,0.1156,0.1135,3.29,0.287,0.1918,0.0399,True
0xdff2649db2a57e428d9085d4f536a41781c22e27,L2b,Sports / Soccer / price=0.50-0.70,208,0.1091,0.1059,3.57,0.447,0.0854,0.1329,True
0xdff2649db2a57e428d9085d4f536a41781c22e27,L2b,Sports / Other sport / price=0.50-0.70,59,0.1617,0.1392,2.48,0.424,0.0892,0.2317,True
0xdff2649db2a57e428d9085d4f536a41781c22e27,L2l,Sports / Soccer / live,661,0.159,0.1565,3.44,0.495,0.1601,0.158,True
0xdff2649db2a57e428d9085d4f536a41781c22e27,L2l,Sports / Other sport / live,116,0.3406,0.3012,2.57,0.569,0.338,0.3431,True
0xbc9bd0866e97ae4725fcd72c1c851f51c72b4238,L1,Sports,332,0.1289,0.1288,2.26,0.337,0.0383,0.2195,True
0xbc9bd0866e97ae4725fcd72c1c851f51c72b4238,L2,Sports / Other sport,113,0.2862,0.2623,2.13,0.327,-0.0199,0.5869,False
0xbc9bd0866e97ae4725fcd72c1c851f51c72b4238,L2,Sports / Soccer,122,0.1015,0.1051,1.87,0.262,0.1921,0.0108,False
0xbc9bd0866e97ae4725fcd72c1c851f51c72b4238,L2,Sports / Basketball,92,-0.0036,0.0198,-0.04,0.457,-0.0011,-0.006,False
0xbc9bd0866e97ae4725fcd72c1c851f51c72b4238,L3,Sports / Other sport / K-league,91,0.3465,0.307,2.12,0.374,0.0258,0.6601,True
0xbc9bd0866e97ae4725fcd72c1c851f51c72b4238,L3,Sports / Soccer / Brazil Serie A,46,0.1052,0.112,1.05,0.217,0.208,0.0024,False
0xbc9bd0866e97ae4725fcd72c1c851f51c72b4238,L3,Sports / Basketball / NBA 2026,92,-0.0036,0.0198,-0.04,0.457,-0.0011,-0.006,False
0xbc9bd0866e97ae4725fcd72c1c851f51c72b4238,L2t,Sports / Other sport / type=moneyline,63,0.1995,0.1822,1.34,0.286,0.0297,0.364,False
0xbc9bd0866e97ae4725fcd72c1c851f51c72b4238,L2t,Sports / Soccer / type=moneyline,75,0.1219,0.1231,1.48,0.173,0.281,-0.033,False
0xbc9bd0866e97ae4725fcd72c1c851f51c72b4238,L2t,Sports / Other sport / type=first_half_totals,31,0.0438,0.0766,0.16,0.129,-0.0604,0.1415,False
0xbc9bd0866e97ae4725fcd72c1c851f51c72b4238,L2t,Sports / Soccer / type=first_half_totals,24,0.0111,0.064,0.15,0.167,-0.0266,0.0488,False
0xbc9bd0866e97ae4725fcd72c1c851f51c72b4238,L2t,Sports / Basketball / type=moneyline,92,-0.0036,0.0198,-0.04,0.457,-0.0011,-0.006,False
0xbc9bd0866e97ae4725fcd72c1c851f51c72b4238,L1b,Sports / price=0.10-0.30,65,0.5853,0.4776,2.62,0.215,0.123,1.0337,True
0xbc9bd0866e97ae4725fcd72c1c851f51c72b4238,L1b,Sports / price=0.50-0.70,58,0.1237,0.1247,1.99,0.379,0.1072,0.1402,False
0xbc9bd0866e97ae4725fcd72c1c851f51c72b4238,L1b,Sports / price=0.30-0.50,142,0.0594,0.0678,0.82,0.317,-0.0066,0.1254,False
0xbc9bd0866e97ae4725fcd72c1c851f51c72b4238,L1b,Sports / price=0.70-0.90,52,0.0022,0.037,0.05,0.558,-0.0457,0.0502,False
0xbc9bd0866e97ae4725fcd72c1c851f51c72b4238,L2b,Sports / Other sport / price=0.10-0.30,25,1.3924,0.8302,2.71,0.36,0.5931,2.1302,False
0xbc9bd0866e97ae4725fcd72c1c851f51c72b4238,L2b,Sports / Soccer / price=0.30-0.50,33,0.1735,0.1561,1.37,0.273,0.3123,0.0428,False
0xbc9bd0866e97ae4725fcd72c1c851f51c72b4238,L2b,Sports / Other sport / price=0.50-0.70,25,0.1429,0.1361,1.44,0.44,0.0942,0.1879,False
0xbc9bd0866e97ae4725fcd72c1c851f51c72b4238,L2b,Sports / Soccer / price=0.50-0.70,24,0.1363,0.1323,2.25,0.292,0.1805,0.0921,False
0xbc9bd0866e97ae4725fcd72c1c851f51c72b4238,L2b,Sports / Soccer / price=0.10-0.30,40,0.0809,0.0965,0.67,0.125,0.1878,-0.0259,False
0xbc9bd0866e97ae4725fcd72c1c851f51c72b4238,L2b,Sports / Other sport / price=0.30-0.50,36,0.0848,0.1001,0.79,0.222,0.0972,0.0725,False
0xbc9bd0866e97ae4725fcd72c1c851f51c72b4238,L2b,Sports / Soccer / price=0.70-0.90,22,0.0327,0.0778,0.66,0.455,0.0123,0.0531,False
0xbc9bd0866e97ae4725fcd72c1c851f51c72b4238,L2b,Sports / Basketball / price=0.30-0.50,73,-0.0047,0.0237,-0.04,0.384,0.1252,-0.1311,False
0xbc9bd0866e97ae4725fcd72c1c851f51c72b4238,L2l,Sports / Other sport / live,58,0.619,0.493,2.43,0.638,0.1212,1.1168,True
0xbc9bd0866e97ae4725fcd72c1c851f51c72b4238,L2l,Sports / Soccer / live,49,0.2965,0.2475,2.28,0.592,0.358,0.2375,True
0xbc9bd0866e97ae4725fcd72c1c851f51c72b4238,L2l,Sports / Basketball / live,92,-0.0036,0.0198,-0.04,0.457,-0.0011,-0.006,False
0xbc9bd0866e97ae4725fcd72c1c851f51c72b4238,L2l,Sports / Soccer / pre,73,-0.0295,0.0043,-3.88,0.041,-0.0251,-0.0338,False
0xbc9bd0866e97ae4725fcd72c1c851f51c72b4238,L2l,Sports / Other sport / pre,55,-0.0647,-0.0135,-3.26,0.0,-0.0988,-0.0319,False
0x50cc8708aff3791f2d6125645c82bda532baa534,L3,Sports / Soccer / Club Friendlies,48,0.2279,0.154,2.14,0.75,0.3809,0.0749,True
0x50cc8708aff3791f2d6125645c82bda532baa534,L2l,Sports / Soccer / pre,321,0.1055,0.0979,2.13,0.623,0.0984,0.1125,True
0x880ac0b88924f50eb0c7230c92e75e5b7500308e,L1b,Sports / price=0.30-0.50,80,0.4129,0.3357,3.0,0.525,0.2805,0.5453,True
0x880ac0b88924f50eb0c7230c92e75e5b7500308e,L2b,Sports / Other sport / price=0.30-0.50,80,0.4129,0.3357,3.0,0.525,0.2805,0.5453,True
0x880ac0b88924f50eb0c7230c92e75e5b7500308e,L2b,Crypto / Bitcoin / price=0.30-0.50,56,0.3085,0.2344,2.05,0.536,0.541,0.076,True
0x4dd25d80bec83bc40b6406acc5af78fc26099014,L1,Sports,638,0.0032,0.0013,0.09,0.497,-0.0023,0.0087,False
0x4dd25d80bec83bc40b6406acc5af78fc26099014,L1,Crypto,389,-0.1648,-0.1597,-3.74,0.486,-0.1627,-0.1668,False
0x4dd25d80bec83bc40b6406acc5af78fc26099014,L2,Sports / Soccer,159,0.1028,0.0846,1.34,0.491,0.2102,-0.0032,False
0x4dd25d80bec83bc40b6406acc5af78fc26099014,L2,Sports / Tennis,154,0.0188,0.0097,0.28,0.513,0.0477,-0.0101,False
0x4dd25d80bec83bc40b6406acc5af78fc26099014,L2,Sports / Basketball,324,-0.05,-0.0506,-1.09,0.494,-0.0391,-0.0609,False
0x4dd25d80bec83bc40b6406acc5af78fc26099014,L2,Crypto / Up/Down short,389,-0.1648,-0.1597,-3.74,0.486,-0.1627,-0.1668,False
0x4dd25d80bec83bc40b6406acc5af78fc26099014,L3,Sports / Soccer / FIFA World Cup,156,0.1027,0.0841,1.31,0.487,0.2242,-0.0189,False
0x4dd25d80bec83bc40b6406acc5af78fc26099014,L3,Sports / Tennis / ATP,116,0.0241,0.0117,0.31,0.509,0.0442,0.004,False
0x4dd25d80bec83bc40b6406acc5af78fc26099014,L3,Sports / Tennis / WTA,37,-0.0125,-0.0293,-0.09,0.514,0.1018,-0.1208,False
0x4dd25d80bec83bc40b6406acc5af78fc26099014,L3,Sports / Basketball / WNBA,40,-0.0442,-0.0496,-0.38,0.55,0.0384,-0.1268,False
0x4dd25d80bec83bc40b6406acc5af78fc26099014,L3,Sports / Basketball / NBA Summer League,24,-0.1373,-0.1023,-0.81,0.5,0.0049,-0.2795,False
0x4dd25d80bec83bc40b6406acc5af78fc26099014,L3,Sports / Basketball / NBA 2026,258,-0.0427,-0.0439,-0.81,0.484,-0.0928,0.0075,False
0x4dd25d80bec83bc40b6406acc5af78fc26099014,L3,Crypto / Up/Down short / BTC Up or Down 5m,389,-0.1648,-0.1597,-3.74,0.486,-0.1627,-0.1668,False
0x4dd25d80bec83bc40b6406acc5af78fc26099014,L2t,Sports / Soccer / type=both_teams_to_score,25,0.2164,0.0934,1.51,0.56,0.2889,0.1495,False
0x4dd25d80bec83bc40b6406acc5af78fc26099014,L2t,Sports / Soccer / type=moneyline,31,0.1557,0.0709,0.59,0.452,0.586,-0.2478,False
0x4dd25d80bec83bc40b6406acc5af78fc26099014,L2t,Sports / Soccer / type=totals,72,0.0431,0.0206,0.48,0.472,0.1261,-0.0398,False
0x4dd25d80bec83bc40b6406acc5af78fc26099014,L2t,Sports / Tennis / type=moneyline,154,0.0188,0.0097,0.28,0.513,0.0477,-0.0101,False
0x4dd25d80bec83bc40b6406acc5af78fc26099014,L2t,Sports / Basketball / type=moneyline,322,-0.0441,-0.045,-0.96,0.497,-0.034,-0.0541,False
0x4dd25d80bec83bc40b6406acc5af78fc26099014,L2t,Crypto / Up/Down short / type=updown,389,-0.1648,-0.1597,-3.74,0.486,-0.1627,-0.1668,False
0x4dd25d80bec83bc40b6406acc5af78fc26099014,L1b,Sports / price=0.10-0.30,82,0.1045,0.0721,0.68,0.378,-0.1137,0.3226,False
0x4dd25d80bec83bc40b6406acc5af78fc26099014,L1b,Crypto / price=0.50-0.70,24,0.2728,0.1213,2.44,0.875,0.3124,0.2332,False
0x4dd25d80bec83bc40b6406acc5af78fc26099014,L1b,Sports / price=0.50-0.70,237,0.0428,0.0348,0.93,0.557,0.0804,0.0056,False
0x4dd25d80bec83bc40b6406acc5af78fc26099014,L1b,Sports / price=0.70-0.90,89,0.0018,-0.0096,0.04,0.719,-0.0479,0.0503,False
0x4dd25d80bec83bc40b6406acc5af78fc26099014,L1b,Sports / price=0.30-0.50,203,-0.0143,-0.0184,-0.22,0.394,0.0223,-0.0505,False
0x4dd25d80bec83bc40b6406acc5af78fc26099014,L1b,Crypto / price=0.30-0.50,242,-0.0968,-0.094,-1.9,0.529,-0.0581,-0.1355,False
0x4dd25d80bec83bc40b6406acc5af78fc26099014,L1b,Crypto / price=0.10-0.30,95,-0.3745,-0.3199,-3.34,0.295,-0.3903,-0.359,False
0x4dd25d80bec83bc40b6406acc5af78fc26099014,L2b,Sports / Soccer / price=0.50-0.70,62,0.1789,0.1205,2.02,0.613,0.232,0.1258,True
0x4dd25d80bec83bc40b6406acc5af78fc26099014,L2b,Crypto / Up/Down short / price=0.50-0.70,24,0.2728,0.1213,2.44,0.875,0.3124,0.2332,False
0x4dd25d80bec83bc40b6406acc5af78fc26099014,L2b,Sports / Soccer / price=0.10-0.30,20,0.2403,0.0899,0.58,0.3,0.7636,-0.283,False
0x4dd25d80bec83bc40b6406acc5af78fc26099014,L2b,Sports / Soccer / price=0.30-0.50,68,0.0459,0.0218,0.45,0.441,-0.0517,0.1435,False
0x4dd25d80bec83bc40b6406acc5af78fc26099014,L2b,Sports / Tennis / price=0.50-0.70,74,0.0399,0.0186,0.51,0.554,0.0303,0.0495,False
0x4dd25d80bec83bc40b6406acc5af78fc26099014,L2b,Sports / Basketball / price=0.70-0.90,64,0.0055,-0.0102,0.1,0.719,-0.0235,0.0345,False
0x4dd25d80bec83bc40b6406acc5af78fc26099014,L2b,Sports / Basketball / price=0.10-0.30,48,-0.0249,-0.0353,-0.16,0.375,-0.2111,0.1614,False
0x4dd25d80bec83bc40b6406acc5af78fc26099014,L2b,Sports / Tennis / price=0.70-0.90,20,-0.0628,-0.0616,-0.61,0.7,0.0764,-0.2019,False
0x4dd25d80bec83bc40b6406acc5af78fc26099014,L2b,Sports / Tennis / price=0.30-0.50,42,-0.0521,-0.0548,-0.35,0.357,-0.1071,0.0028,False
0x4dd25d80bec83bc40b6406acc5af78fc26099014,L2b,Sports / Basketball / price=0.50-0.70,101,-0.0386,-0.0422,-0.52,0.525,0.142,-0.2156,False
0x4dd25d80bec83bc40b6406acc5af78fc26099014,L2b,Sports / Basketball / price=0.30-0.50,93,-0.0412,-0.0446,-0.41,0.376,-0.0183,-0.0636,False
0x4dd25d80bec83bc40b6406acc5af78fc26099014,L2b,Crypto / Up/Down short / price=0.30-0.50,242,-0.0968,-0.094,-1.9,0.529,-0.0581,-0.1355,False
0x4dd25d80bec83bc40b6406acc5af78fc26099014,L2b,Crypto / Up/Down short / price=0.10-0.30,95,-0.3745,-0.3199,-3.34,0.295,-0.3903,-0.359,False
0x4dd25d80bec83bc40b6406acc5af78fc26099014,L2l,Sports / Soccer / pre,92,0.1002,0.0715,0.93,0.467,0.2575,-0.0571,False
0x4dd25d80bec83bc40b6406acc5af78fc26099014,L2l,Sports / Soccer / live,67,0.1064,0.068,0.98,0.522,0.0649,0.1467,False
0x4dd25d80bec83bc40b6406acc5af78fc26099014,L2l,Sports / Tennis / pre,70,0.0643,0.0366,0.59,0.514,0.1397,-0.0111,False
0x4dd25d80bec83bc40b6406acc5af78fc26099014,L2l,Sports / Tennis / live,84,-0.0191,-0.027,-0.22,0.512,0.0399,-0.0781,False
0x4dd25d80bec83bc40b6406acc5af78fc26099014,L2l,Sports / Basketball / live,234,-0.0134,-0.0171,-0.25,0.53,0.0096,-0.0364,False
0x4dd25d80bec83bc40b6406acc5af78fc26099014,L2l,Sports / Basketball / pre,90,-0.145,-0.1296,-1.61,0.4,-0.2556,-0.0344,False
0x69328b074d80bfc9da925e8773bd2f839e286878,L3,Sports / Basketball / NBA 2026,50,0.3399,0.2738,2.12,0.6,0.3837,0.2961,True
0xfc1f2cdad82b15b8191b9985dd1ac70441bca246,L2,Sports / Soccer,44,0.1586,0.1042,2.53,0.705,0.1667,0.1504,True
0xa93cf45d6e18e927748203b89c2129d0735f16f3,L1b,Sports / price=0.70-0.90,36,0.1143,0.1361,2.63,0.889,0.1526,0.0761,True
0x057621bea5fc03a53af38530c95b17a510716232,L2t,Sports / Other sport / type=moneyline,44,0.4989,0.349,2.81,0.659,0.2387,0.7591,True
0xe6e695c5734405cdb28dd49c7674be4e592679b5,L1b,Crypto / price=0.70-0.90,228,0.07,0.0643,2.52,0.851,0.0443,0.0956,True
0xd0fb9a0a26b9f3f560cb560bbc7a458f95718092,L1,Sports,273,0.231,0.2265,2.42,0.516,0.2644,0.1978,True
0xd0fb9a0a26b9f3f560cb560bbc7a458f95718092,L2,Sports / Soccer,171,0.4216,0.3948,3.08,0.55,0.4153,0.4278,True
0xd0fb9a0a26b9f3f560cb560bbc7a458f95718092,L3,Sports / Soccer / FIFA World Cup,66,0.6419,0.5311,2.37,0.485,0.9885,0.2952,True
0xd0fb9a0a26b9f3f560cb560bbc7a458f95718092,L2t,Sports / Soccer / type=moneyline,50,0.9407,0.7192,3.1,0.62,0.8939,0.9875,True
0xd0fb9a0a26b9f3f560cb560bbc7a458f95718092,L1b,Sports / price=0.30-0.50,94,0.3049,0.2805,2.49,0.553,0.1984,0.4114,True
0xd0fb9a0a26b9f3f560cb560bbc7a458f95718092,L2b,Sports / Soccer / price=0.10-0.30,35,1.0206,0.7097,2.07,0.4,1.9471,0.1455,True
0xd0fb9a0a26b9f3f560cb560bbc7a458f95718092,L2b,Sports / Soccer / price=0.30-0.50,62,0.4675,0.3938,3.16,0.629,0.3384,0.5966,True
0xd0fb9a0a26b9f3f560cb560bbc7a458f95718092,L2l,Sports / Soccer / pre,80,0.5118,0.4425,2.3,0.537,0.7814,0.2421,True
0xd0fb9a0a26b9f3f560cb560bbc7a458f95718092,L2l,Sports / Soccer / live,90,0.3456,0.3129,2.04,0.556,0.204,0.4873,True
0x88394534c6d050ac528964a2df5928dc5935ddb5,L1b,Sports / price=0.70-0.90,271,0.0731,0.07,3.99,0.753,0.0607,0.0853,True
0x88394534c6d050ac528964a2df5928dc5935ddb5,L2b,Sports / Other sport / price=0.70-0.90,271,0.0731,0.07,3.99,0.753,0.0607,0.0853,True
0xdd22fb0e71982d6793e9a22e47306c462eba2013,L1,Sports,585,0.3152,0.3152,3.48,0.521,0.4129,0.2178,True
0xdd22fb0e71982d6793e9a22e47306c462eba2013,L2,Sports / Other sport,585,0.3152,0.3152,3.48,0.521,0.4129,0.2178,True
0xdd22fb0e71982d6793e9a22e47306c462eba2013,L3,Sports / Other sport / Austin Daily Weather,86,0.4974,0.463,2.97,0.64,0.5341,0.4607,True
0xdd22fb0e71982d6793e9a22e47306c462eba2013,L2t,Sports / Other sport / type=binary,585,0.3152,0.3152,3.48,0.521,0.4129,0.2178,True
0xdd22fb0e71982d6793e9a22e47306c462eba2013,L1b,Sports / price=0.10-0.30,138,0.6013,0.5651,2.77,0.312,0.5914,0.6112,True
0xdd22fb0e71982d6793e9a22e47306c462eba2013,L1b,Sports / price=0.50-0.70,179,0.1503,0.1669,2.48,0.676,0.2148,0.0865,True
0xdd22fb0e71982d6793e9a22e47306c462eba2013,L1b,Sports / price=0.70-0.90,72,0.1691,0.2008,3.4,0.889,0.2107,0.1274,True
0xdd22fb0e71982d6793e9a22e47306c462eba2013,L2b,Sports / Other sport / price=0.10-0.30,138,0.6013,0.5651,2.77,0.312,0.5914,0.6112,True
0xdd22fb0e71982d6793e9a22e47306c462eba2013,L2b,Sports / Other sport / price=0.50-0.70,179,0.1503,0.1669,2.48,0.676,0.2148,0.0865,True
0xdd22fb0e71982d6793e9a22e47306c462eba2013,L2b,Sports / Other sport / price=0.70-0.90,72,0.1691,0.2008,3.4,0.889,0.2107,0.1274,True
0xdd22fb0e71982d6793e9a22e47306c462eba2013,L2l,Sports / Other sport / pre,341,0.3706,0.3676,3.18,0.531,0.4797,0.2622,True
0xaf0e578b7a4fcc8132375e2fa7d0d22d31a73197,L3,Sports / Soccer / Bundesliga 2025,83,0.162,0.1281,2.2,0.867,0.1822,0.1423,True
0x8745515868e4e3b40044355483634dcf304f4658,L1,Other,31,0.4057,0.2334,3.38,0.839,0.3196,0.4863,True
0x8745515868e4e3b40044355483634dcf304f4658,L2,Other / ?,31,0.4057,0.2334,3.38,0.839,0.3196,0.4863,True
0x8745515868e4e3b40044355483634dcf304f4658,L3,Other / ? / ?,31,0.4057,0.2334,3.38,0.839,0.3196,0.4863,True
0x8745515868e4e3b40044355483634dcf304f4658,L2t,Other / ? / type=binary,31,0.4057,0.2334,3.38,0.839,0.3196,0.4863,True
0x8ce7eb8a3ad1d6907b24368865c8487a68fb3150,L3,Sports / Tennis / ATP,232,0.1905,0.1744,2.48,0.543,0.2329,0.148,True
0xb5db6abf19904c4f18daa9bcd753edb99b1f5800,L1,Other,40,0.8973,0.6132,2.14,0.75,1.1094,0.6852,True
0xb5db6abf19904c4f18daa9bcd753edb99b1f5800,L2,Other / ?,39,0.9131,0.6188,2.12,0.744,1.1529,0.6852,True
0xb5db6abf19904c4f18daa9bcd753edb99b1f5800,L3,Other / ? / ?,39,0.9131,0.6188,2.12,0.744,1.1529,0.6852,True
0xb5db6abf19904c4f18daa9bcd753edb99b1f5800,L2t,Other / ? / type=binary,39,0.9131,0.6188,2.12,0.744,1.1529,0.6852,True
0xb5db6abf19904c4f18daa9bcd753edb99b1f5800,L1b,Sports / price=0.70-0.90,329,0.0441,0.0442,2.08,0.805,0.0514,0.037,True
0xb5db6abf19904c4f18daa9bcd753edb99b1f5800,L2b,Sports / Basketball / price=0.70-0.90,37,0.1757,0.1298,4.57,0.946,0.2246,0.1293,True
0xaa05cc99fa6913d1f39c517be218cdd2ebcb9907,L1,Sports,326,0.2823,0.278,2.32,0.684,0.3957,0.169,True
0xaa05cc99fa6913d1f39c517be218cdd2ebcb9907,L2,Sports / Other sport,321,0.2944,0.2893,2.39,0.688,0.3958,0.1935,True
0xaa05cc99fa6913d1f39c517be218cdd2ebcb9907,L3,Sports / Other sport / Singapore Daily Weather,307,0.3064,0.3004,2.38,0.674,0.4156,0.1979,True
0xaa05cc99fa6913d1f39c517be218cdd2ebcb9907,L2t,Sports / Other sport / type=binary,321,0.2944,0.2893,2.39,0.688,0.3958,0.1935,True
0xaa05cc99fa6913d1f39c517be218cdd2ebcb9907,L1b,Sports / price=0.10-0.30,39,0.5729,0.4492,2.36,0.513,0.5855,0.5609,True
0xaa05cc99fa6913d1f39c517be218cdd2ebcb9907,L1b,Sports / price=0.50-0.70,53,0.1904,0.1952,2.92,0.623,0.106,0.2716,True
0xaa05cc99fa6913d1f39c517be218cdd2ebcb9907,L1b,Sports / price=0.70-0.90,89,0.0994,0.1193,3.3,0.787,0.1338,0.0658,True
0xaa05cc99fa6913d1f39c517be218cdd2ebcb9907,L2b,Sports / Other sport / price=0.10-0.30,38,0.6143,0.4742,2.51,0.526,0.5855,0.6431,True
0xaa05cc99fa6913d1f39c517be218cdd2ebcb9907,L2b,Sports / Other sport / price=0.50-0.70,52,0.1902,0.1951,2.86,0.615,0.106,0.2744,True
0xaa05cc99fa6913d1f39c517be218cdd2ebcb9907,L2b,Sports / Other sport / price=0.70-0.90,87,0.1092,0.1277,3.81,0.793,0.1299,0.0889,True
0xaa05cc99fa6913d1f39c517be218cdd2ebcb9907,L2l,Sports / Other sport / live,292,0.2651,0.2614,2.1,0.709,0.3376,0.1925,True
0x47c066a44c3032704e5d78168638cb0cb3b40974,L2,Sports / American Football,37,0.5382,0.3682,2.28,0.622,0.3831,0.6852,True
0x47c066a44c3032704e5d78168638cb0cb3b40974,L2l,Sports / American Football / live,36,0.581,0.3927,2.43,0.639,0.5683,0.5936,True
0x7e34b41b14e6413decce962ddb81ea06f49463f7,L3,Sports / Soccer / FIFA World Cup,307,0.0986,0.0923,2.08,0.655,0.0895,0.1077,True
0x7e34b41b14e6413decce962ddb81ea06f49463f7,L3,Sports / Other sport / Chinese Super League,56,0.1847,0.1347,2.02,0.804,0.2264,0.1429,True
0x7e34b41b14e6413decce962ddb81ea06f49463f7,L1b,Sports / price=0.30-0.50,154,0.223,0.1968,2.37,0.5,0.2255,0.2204,True
0x7e34b41b14e6413decce962ddb81ea06f49463f7,L1b,Sports / price=0.70-0.90,486,0.0471,0.0451,2.27,0.788,0.0797,0.0146,True
0x7e34b41b14e6413decce962ddb81ea06f49463f7,L2b,Sports / Soccer / price=0.30-0.50,99,0.2618,0.2169,2.19,0.505,0.2714,0.2524,True
0x7fe3113e54b7692b880461ecee520090293c6580,L3,Sports / Baseball / NPB,37,0.0017,0.0121,4.81,1.0,0.0018,0.0015,True
0x7fe3113e54b7692b880461ecee520090293c6580,L2t,Sports / American Football / type=totals,105,0.2332,0.2009,2.09,0.59,0.3663,0.1026,True
0x7fe3113e54b7692b880461ecee520090293c6580,L2b,Sports / American Football / price=0.30-0.50,81,0.322,0.2644,2.39,0.556,0.3443,0.3002,True
0x817fb2fbff81cd0c61d3f63b8c37a468f5febf28,L1,Sports,134,0.4836,0.4355,3.36,0.634,0.2857,0.6816,True
0x817fb2fbff81cd0c61d3f63b8c37a468f5febf28,L2,Sports / Other sport,132,0.4775,0.4296,3.27,0.629,0.3051,0.6498,True
0x817fb2fbff81cd0c61d3f63b8c37a468f5febf28,L3,Sports / Other sport / CZ Tweets,115,0.5731,0.505,3.5,0.652,0.3668,0.7759,True
0x817fb2fbff81cd0c61d3f63b8c37a468f5febf28,L2t,Sports / Other sport / type=binary,132,0.4775,0.4296,3.27,0.629,0.3051,0.6498,True
0x817fb2fbff81cd0c61d3f63b8c37a468f5febf28,L1b,Sports / price=0.10-0.30,33,1.1008,0.7282,3.17,0.606,0.7031,1.4751,True
0x817fb2fbff81cd0c61d3f63b8c37a468f5febf28,L1b,Sports / price=0.30-0.50,40,0.3648,0.281,2.16,0.625,0.1229,0.6067,True
0x817fb2fbff81cd0c61d3f63b8c37a468f5febf28,L2b,Sports / Other sport / price=0.10-0.30,33,1.1008,0.7282,3.17,0.606,0.7031,1.4751,True
0x817fb2fbff81cd0c61d3f63b8c37a468f5febf28,L2b,Sports / Other sport / price=0.30-0.50,39,0.3475,0.2681,2.02,0.615,0.0746,0.6067,True
0x817fb2fbff81cd0c61d3f63b8c37a468f5febf28,L2l,Sports / Other sport / live,83,0.505,0.429,2.41,0.566,0.2185,0.7847,True
0x817fb2fbff81cd0c61d3f63b8c37a468f5febf28,L2l,Sports / Other sport / pre,49,0.4307,0.3387,2.48,0.735,0.4985,0.3657,True
0xfb48c8e007a8e45700b39191bad0904c80cd6ad1,L2,Sports / Other sport,139,0.0275,0.0505,2.05,0.986,0.0206,0.0343,True
0xfb48c8e007a8e45700b39191bad0904c80cd6ad1,L3,Sports / Soccer / UEFA Champions League 2025,43,0.0479,0.0994,2.19,1.0,0.0594,0.037,True
0xfb48c8e007a8e45700b39191bad0904c80cd6ad1,L3,Sports / Soccer / MLS 2025,57,0.0179,0.0678,6.88,1.0,0.0244,0.0117,True
0xfb48c8e007a8e45700b39191bad0904c80cd6ad1,L2t,Esports / Esports / type=dota2_game_ends_daytime,42,0.0198,0.0812,14.52,1.0,0.0234,0.0162,True
0xfb48c8e007a8e45700b39191bad0904c80cd6ad1,L2t,Esports / Esports / type=lol_penta_kill,30,0.0189,0.0954,2.03,0.933,0.0116,0.0262,True
0xfb48c8e007a8e45700b39191bad0904c80cd6ad1,L2t,Esports / Esports / type=lol_both_teams_dragon,34,0.0148,0.0872,9.11,1.0,0.0176,0.0121,True
0xfb48c8e007a8e45700b39191bad0904c80cd6ad1,L2t,Sports / Tennis / type=tennis_first_set_totals,40,0.0053,0.0736,5.38,1.0,0.0067,0.0038,True
0x946fe170c23baaf733fc98ae0334c7b2d5de67c1,L1,Sports,849,0.1382,0.1382,2.73,0.756,0.1303,0.1461,True
0x946fe170c23baaf733fc98ae0334c7b2d5de67c1,L2,Sports / Soccer,647,0.1236,0.124,2.08,0.754,0.0814,0.1656,True
0x946fe170c23baaf733fc98ae0334c7b2d5de67c1,L3,Sports / Soccer / UEFA Champions League 2025,35,0.1967,0.1754,2.05,0.857,0.1282,0.2614,True
0x946fe170c23baaf733fc98ae0334c7b2d5de67c1,L1b,Sports / price=0.50-0.70,159,0.1397,0.1395,2.8,0.698,0.106,0.1729,True
0x946fe170c23baaf733fc98ae0334c7b2d5de67c1,L1b,Sports / price=0.70-0.90,285,0.0772,0.0812,3.73,0.867,0.0913,0.0633,True
0x946fe170c23baaf733fc98ae0334c7b2d5de67c1,L2b,Sports / Soccer / price=0.70-0.90,222,0.0699,0.0755,2.98,0.865,0.0844,0.0554,True
0x946fe170c23baaf733fc98ae0334c7b2d5de67c1,L2b,Sports / Other sport / price=0.70-0.90,63,0.1029,0.1114,2.32,0.873,0.1034,0.1025,True
0x946fe170c23baaf733fc98ae0334c7b2d5de67c1,L2l,Sports / Soccer / live,644,0.1223,0.1228,2.05,0.753,0.08,0.1647,True
0x482acc0c3c6268a16482953be000b2b46cccc85d,L1,Sports,1826,0.3249,0.3249,2.98,0.625,0.4121,0.2377,True
0x482acc0c3c6268a16482953be000b2b46cccc85d,L2,Sports / Soccer,1503,0.3779,0.3772,2.86,0.61,0.4832,0.2727,True
0x482acc0c3c6268a16482953be000b2b46cccc85d,L1b,Sports / price=0.00-0.10,272,1.5258,1.4435,2.13,0.114,1.5654,1.4862,True
0x482acc0c3c6268a16482953be000b2b46cccc85d,L1b,Sports / price=0.30-0.50,208,0.3031,0.305,3.75,0.529,0.3846,0.2217,True
0x482acc0c3c6268a16482953be000b2b46cccc85d,L1b,Sports / price=0.70-0.90,515,0.0629,0.0727,3.67,0.827,0.075,0.0509,True
0x482acc0c3c6268a16482953be000b2b46cccc85d,L2b,Sports / Soccer / price=0.00-0.10,233,1.8773,1.7545,2.25,0.116,1.9381,1.8169,True
0x482acc0c3c6268a16482953be000b2b46cccc85d,L2b,Sports / Soccer / price=0.30-0.50,176,0.2999,0.3024,3.5,0.528,0.3217,0.2782,True
0x482acc0c3c6268a16482953be000b2b46cccc85d,L2b,Sports / Soccer / price=0.70-0.90,418,0.0641,0.076,3.43,0.828,0.0707,0.0575,True
0x482acc0c3c6268a16482953be000b2b46cccc85d,L2l,Sports / Soccer / live,1490,0.3833,0.3825,2.88,0.611,0.4918,0.2747,True
0x13e4bf768f4c2005af84d9f23c670ac0bc788b89,L1,Sports,1264,0.1927,0.1927,4.14,0.572,0.2814,0.104,True
0x13e4bf768f4c2005af84d9f23c670ac0bc788b89,L2,Sports / Soccer,909,0.176,0.1763,3.22,0.564,0.261,0.0912,True
0x13e4bf768f4c2005af84d9f23c670ac0bc788b89,L2,Sports / Other sport,322,0.2475,0.244,2.63,0.593,0.3187,0.1762,True
0x13e4bf768f4c2005af84d9f23c670ac0bc788b89,L2t,Sports / Soccer / type=moneyline,652,0.1488,0.15,2.98,0.551,0.2297,0.068,True
0x13e4bf768f4c2005af84d9f23c670ac0bc788b89,L2t,Sports / Other sport / type=moneyline,293,0.1966,0.1961,2.06,0.567,0.2095,0.1837,True
0x13e4bf768f4c2005af84d9f23c670ac0bc788b89,L2t,Sports / Soccer / type=spreads,98,0.2833,0.2672,2.39,0.673,0.4221,0.1445,True
0x13e4bf768f4c2005af84d9f23c670ac0bc788b89,L1b,Sports / price=0.10-0.30,222,0.3679,0.3531,2.57,0.351,0.6482,0.0877,True
0x13e4bf768f4c2005af84d9f23c670ac0bc788b89,L1b,Sports / price=0.30-0.50,352,0.1571,0.1588,2.83,0.497,0.1,0.2141,True
0x13e4bf768f4c2005af84d9f23c670ac0bc788b89,L1b,Sports / price=0.50-0.70,324,0.1312,0.1346,3.52,0.682,0.1192,0.1433,True
0x13e4bf768f4c2005af84d9f23c670ac0bc788b89,L1b,Sports / price=0.70-0.90,230,0.0579,0.0684,2.12,0.761,0.0799,0.0359,True
0x13e4bf768f4c2005af84d9f23c670ac0bc788b89,L2b,Sports / Soccer / price=0.10-0.30,160,0.4049,0.3809,2.52,0.369,0.5591,0.2507,True
0x13e4bf768f4c2005af84d9f23c670ac0bc788b89,L2b,Sports / Other sport / price=0.30-0.50,97,0.2302,0.2231,2.21,0.557,0.0397,0.4168,True
0x13e4bf768f4c2005af84d9f23c670ac0bc788b89,L2b,Sports / Soccer / price=0.50-0.70,248,0.1187,0.1239,2.77,0.669,0.1193,0.1181,True
0x13e4bf768f4c2005af84d9f23c670ac0bc788b89,L2b,Sports / Other sport / price=0.50-0.70,71,0.1903,0.1899,2.5,0.732,0.1199,0.2586,True
0x13e4bf768f4c2005af84d9f23c670ac0bc788b89,L2l,Sports / Soccer / live,894,0.1819,0.182,3.28,0.567,0.2697,0.094,True
0x13e4bf768f4c2005af84d9f23c670ac0bc788b89,L2l,Sports / Other sport / live,320,0.2505,0.2469,2.65,0.594,0.3201,0.181,True
0x2c832c3eef5bfa5cff18a691152c5f289ddbfca2,L3,Sports / Other sport / K-league,48,0.25,0.1909,2.07,0.667,0.1888,0.3112,True
0x2c832c3eef5bfa5cff18a691152c5f289ddbfca2,L3,Sports / Other sport / Japan J League,37,0.2871,0.2035,2.05,0.703,0.5327,0.0543,True
0x2c832c3eef5bfa5cff18a691152c5f289ddbfca2,L1b,Sports / price=0.50-0.70,377,0.1096,0.1065,2.63,0.634,0.0108,0.2078,True
0x4156b5b7e7832b4feb8437799b4b7cd43512997e,L2,Sports / Soccer,682,0.1031,0.1067,2.04,0.579,0.0233,0.1829,True
0x4156b5b7e7832b4feb8437799b4b7cd43512997e,L3,Sports / Soccer / Fifa Friendly,62,0.8911,0.7296,2.13,0.677,0.2302,1.552,True
0x4156b5b7e7832b4feb8437799b4b7cd43512997e,L3,Sports / Soccer / MLS 2025,52,0.2205,0.2229,2.11,0.692,0.1412,0.2997,True
0x4156b5b7e7832b4feb8437799b4b7cd43512997e,L2l,Sports / Soccer / live,652,0.1212,0.1244,2.32,0.592,0.0385,0.204,True
0xe922473e81dbd20e3fffd7b64b51f057a9b839b3,L3,Sports / American Football / NFL 2026,34,0.438,0.2866,2.04,0.647,0.4539,0.4221,True
0xfa69efd5dda3de77b5107bfcd3001892ea4e02c1,L2t,Sports / Soccer / type=moneyline,260,0.1484,0.142,2.09,0.465,0.1544,0.1423,True
0x4afbb6588c79f2c5e9019908fd7440224dd1ed2b,L1,Sports,166,3.1455,2.979,2.37,0.416,2.3057,3.9853,True
0x1985327e5782c62362dbbdf714c423d40d8f51ab,L1,Sports,1312,1.0235,1.0235,2.67,0.718,1.4019,0.6451,True
0x1985327e5782c62362dbbdf714c423d40d8f51ab,L2,Sports / Soccer,863,1.2138,1.2094,2.09,0.703,1.7709,0.6579,True
0x1985327e5782c62362dbbdf714c423d40d8f51ab,L2,Sports / Other sport,446,0.6627,0.6781,7.34,0.747,0.6962,0.6292,True
0x1985327e5782c62362dbbdf714c423d40d8f51ab,L3,Sports / Soccer / Europa Conference League,48,0.8337,0.8891,4.11,0.729,0.9806,0.6869,True
0x1985327e5782c62362dbbdf714c423d40d8f51ab,L3,Sports / Other sport / Brazil Serie B,31,0.861,0.9241,2.75,0.742,0.7368,0.9774,True
0x1985327e5782c62362dbbdf714c423d40d8f51ab,L3,Sports / Soccer / USL Championship,34,0.7785,0.8687,2.76,0.824,0.8413,0.7157,True
0x1985327e5782c62362dbbdf714c423d40d8f51ab,L3,Sports / Soccer / UEFA Champions League 2025,36,0.7355,0.8378,4.09,0.861,0.7473,0.7237,True
0x1985327e5782c62362dbbdf714c423d40d8f51ab,L3,Sports / Soccer / FIFA World Cup,114,0.3459,0.4468,3.13,0.623,0.1031,0.5888,True
0x1985327e5782c62362dbbdf714c423d40d8f51ab,L3,Sports / Other sport / K-league,45,0.3404,0.5501,2.86,0.733,0.4293,0.2554,True
0x1985327e5782c62362dbbdf714c423d40d8f51ab,L2t,Sports / Soccer / type=moneyline,356,0.7904,0.8027,7.12,0.694,0.8247,0.7561,True
0x1985327e5782c62362dbbdf714c423d40d8f51ab,L2t,Sports / Other sport / type=moneyline,249,0.6649,0.6914,4.63,0.703,0.7578,0.5726,True
0x1985327e5782c62362dbbdf714c423d40d8f51ab,L2t,Sports / Soccer / type=totals,197,0.5182,0.5647,3.68,0.721,0.5896,0.4476,True
0x1985327e5782c62362dbbdf714c423d40d8f51ab,L2t,Sports / Soccer / type=first_half_totals,31,1.1693,1.1115,2.69,0.645,1.5016,0.8578,True
0x1985327e5782c62362dbbdf714c423d40d8f51ab,L2t,Sports / Soccer / type=both_teams_to_score,79,0.5529,0.6477,4.83,0.759,0.6615,0.4471,True
0x1985327e5782c62362dbbdf714c423d40d8f51ab,L2t,Sports / Other sport / type=both_teams_to_score,49,0.6089,0.7286,4.47,0.755,0.9598,0.2721,True
0x1985327e5782c62362dbbdf714c423d40d8f51ab,L2t,Sports / Other sport / type=totals,81,0.4108,0.5318,4.85,0.84,0.364,0.4563,True
0x1985327e5782c62362dbbdf714c423d40d8f51ab,L1b,Sports / price=0.10-0.30,275,1.3038,1.2847,9.15,0.593,1.0246,1.581,True
0x1985327e5782c62362dbbdf714c423d40d8f51ab,L1b,Sports / price=0.30-0.50,319,0.6331,0.6561,11.23,0.705,0.6214,0.6447,True
0x1985327e5782c62362dbbdf714c423d40d8f51ab,L1b,Sports / price=0.50-0.70,372,0.3675,0.4009,13.19,0.788,0.3894,0.3456,True
0x1985327e5782c62362dbbdf714c423d40d8f51ab,L1b,Sports / price=0.70-0.90,279,0.1635,0.2209,9.11,0.853,0.1386,0.1882,True
0x1985327e5782c62362dbbdf714c423d40d8f51ab,L2b,Sports / Soccer / price=0.10-0.30,190,1.2909,1.2653,7.57,0.584,1.1443,1.4376,True
0x1985327e5782c62362dbbdf714c423d40d8f51ab,L2b,Sports / Other sport / price=0.10-0.30,84,1.359,1.2942,5.17,0.619,0.9659,1.7522,True
0x1985327e5782c62362dbbdf714c423d40d8f51ab,L2b,Sports / Soccer / price=0.30-0.50,204,0.592,0.6304,8.31,0.691,0.6332,0.5507,True
0x1985327e5782c62362dbbdf714c423d40d8f51ab,L2b,Sports / Other sport / price=0.30-0.50,115,0.7061,0.7529,7.67,0.73,0.6198,0.7909,True
0x1985327e5782c62362dbbdf714c423d40d8f51ab,L2b,Sports / Soccer / price=0.50-0.70,236,0.3812,0.4312,11.26,0.788,0.3707,0.3917,True
0x1985327e5782c62362dbbdf714c423d40d8f51ab,L2b,Sports / Other sport / price=0.50-0.70,136,0.3437,0.4307,7.06,0.787,0.4422,0.2453,True
0x1985327e5782c62362dbbdf714c423d40d8f51ab,L2b,Sports / Other sport / price=0.70-0.90,94,0.1895,0.3355,6.0,0.894,0.1602,0.2188,True
0x1985327e5782c62362dbbdf714c423d40d8f51ab,L2b,Sports / Soccer / price=0.70-0.90,183,0.1482,0.2343,6.74,0.831,0.1278,0.1684,True
0x1985327e5782c62362dbbdf714c423d40d8f51ab,L2l,Sports / Soccer / live,853,1.228,1.2233,2.09,0.705,1.7907,0.6667,True
0x1985327e5782c62362dbbdf714c423d40d8f51ab,L2l,Sports / Other sport / live,446,0.6627,0.6781,7.34,0.747,0.6962,0.6292,True
0x3968f7c9fd10697665c3b0b92a8c9b18462985b5,L1,Sports,1010,0.7451,0.7451,6.59,0.733,0.6333,0.8569,True
0x3968f7c9fd10697665c3b0b92a8c9b18462985b5,L2,Sports / Soccer,705,0.8125,0.8106,5.1,0.715,0.702,0.9227,True
0x3968f7c9fd10697665c3b0b92a8c9b18462985b5,L2,Sports / Other sport,304,0.589,0.5985,8.59,0.773,0.4795,0.6986,True
0x3968f7c9fd10697665c3b0b92a8c9b18462985b5,L3,Sports / Soccer / Fifa Friendly,36,1.7362,1.3812,2.02,0.667,0.1576,3.3149,True
0x3968f7c9fd10697665c3b0b92a8c9b18462985b5,L3,Sports / Soccer / FIFA World Cup,106,0.5247,0.5592,3.67,0.651,0.191,0.8584,True
0x3968f7c9fd10697665c3b0b92a8c9b18462985b5,L3,Sports / Other sport / K-league,37,0.6775,0.7002,4.39,0.865,0.7122,0.6446,True
0x3968f7c9fd10697665c3b0b92a8c9b18462985b5,L3,Sports / Soccer / MLS 2025,52,0.4123,0.5039,2.98,0.692,0.7052,0.1194,True
0x3968f7c9fd10697665c3b0b92a8c9b18462985b5,L3,Sports / Soccer / Club Friendlies,36,0.3893,0.5153,2.42,0.722,0.5377,0.2409,True
0x3968f7c9fd10697665c3b0b92a8c9b18462985b5,L2t,Sports / Soccer / type=totals,309,0.539,0.5513,4.73,0.696,0.5636,0.5145,True
0x3968f7c9fd10697665c3b0b92a8c9b18462985b5,L2t,Sports / Soccer / type=soccer_exact_score,62,1.1975,1.0864,4.52,0.79,0.7847,1.6103,True
0x3968f7c9fd10697665c3b0b92a8c9b18462985b5,L2t,Sports / Soccer / type=moneyline,77,0.7588,0.7553,2.34,0.675,1.0549,0.4702,True
0x3968f7c9fd10697665c3b0b92a8c9b18462985b5,L2t,Sports / Soccer / type=both_teams_to_score,99,0.6332,0.6515,5.35,0.768,0.5484,0.7164,True
0x3968f7c9fd10697665c3b0b92a8c9b18462985b5,L2t,Sports / Other sport / type=both_teams_to_score,55,0.7306,0.7337,5.12,0.836,0.7714,0.6913,True
0x3968f7c9fd10697665c3b0b92a8c9b18462985b5,L2t,Sports / Soccer / type=first_half_totals,35,0.8033,0.781,3.36,0.714,1.3406,0.2959,True
0x3968f7c9fd10697665c3b0b92a8c9b18462985b5,L2t,Sports / Other sport / type=totals,128,0.3349,0.3899,4.66,0.766,0.2903,0.3795,True
0x3968f7c9fd10697665c3b0b92a8c9b18462985b5,L2t,Sports / Other sport / type=moneyline,44,0.5502,0.6102,3.07,0.705,0.2027,0.8978,True
0x3968f7c9fd10697665c3b0b92a8c9b18462985b5,L1b,Sports / price=0.10-0.30,209,1.3338,1.2821,8.44,0.636,1.2641,1.4028,True
0x3968f7c9fd10697665c3b0b92a8c9b18462985b5,L1b,Sports / price=0.30-0.50,228,0.6194,0.6293,9.66,0.719,0.6154,0.6234,True
0x3968f7c9fd10697665c3b0b92a8c9b18462985b5,L1b,Sports / price=0.50-0.70,262,0.377,0.4029,11.63,0.794,0.3551,0.3989,True
0x3968f7c9fd10697665c3b0b92a8c9b18462985b5,L1b,Sports / price=0.70-0.90,239,0.1968,0.2389,14.74,0.874,0.1736,0.2198,True
0x3968f7c9fd10697665c3b0b92a8c9b18462985b5,L2b,Sports / Soccer / price=0.10-0.30,148,1.3506,1.2781,6.96,0.628,1.3381,1.3631,True
0x3968f7c9fd10697665c3b0b92a8c9b18462985b5,L2b,Sports / Other sport / price=0.10-0.30,61,1.2931,1.157,4.79,0.656,1.0605,1.5182,True
0x3968f7c9fd10697665c3b0b92a8c9b18462985b5,L2b,Sports / Soccer / price=0.30-0.50,159,0.6214,0.6348,8.11,0.717,0.6849,0.5586,True
0x3968f7c9fd10697665c3b0b92a8c9b18462985b5,L2b,Sports / Other sport / price=0.30-0.50,69,0.6149,0.6435,5.21,0.725,0.4756,0.7502,True
0x3968f7c9fd10697665c3b0b92a8c9b18462985b5,L2b,Sports / Soccer / price=0.50-0.70,180,0.331,0.3721,7.94,0.756,0.3057,0.3563,True
0x3968f7c9fd10697665c3b0b92a8c9b18462985b5,L2b,Sports / Other sport / price=0.50-0.70,81,0.4756,0.5284,10.05,0.877,0.4874,0.4641,True
0x3968f7c9fd10697665c3b0b92a8c9b18462985b5,L2b,Sports / Soccer / price=0.70-0.90,164,0.1967,0.256,13.11,0.866,0.1704,0.2231,True
0x3968f7c9fd10697665c3b0b92a8c9b18462985b5,L2b,Sports / Other sport / price=0.70-0.90,75,0.1969,0.3117,7.23,0.893,0.1911,0.2025,True
0x3968f7c9fd10697665c3b0b92a8c9b18462985b5,L2l,Sports / Soccer / live,693,0.8134,0.8114,5.02,0.711,0.699,0.9273,True
0x3968f7c9fd10697665c3b0b92a8c9b18462985b5,L2l,Sports / Other sport / live,304,0.589,0.5985,8.59,0.773,0.4795,0.6986,True
0x41558102a796ba971c7567cad41c307e59f8fa41,L1,Sports,6133,0.3211,0.3211,10.39,0.851,0.3319,0.3104,True
0x41558102a796ba971c7567cad41c307e59f8fa41,L2,Sports / Other sport,1859,0.4596,0.4581,5.73,0.843,0.4864,0.4328,True
0x41558102a796ba971c7567cad41c307e59f8fa41,L2,Sports / Soccer,4267,0.2612,0.2615,9.53,0.854,0.262,0.2603,True
0x41558102a796ba971c7567cad41c307e59f8fa41,L3,Sports / Other sport / K-league,213,0.4441,0.4335,4.33,0.793,0.4433,0.4449,True
0x41558102a796ba971c7567cad41c307e59f8fa41,L3,Sports / Other sport / Japan J2 League,154,0.5162,0.4938,5.54,0.922,0.6449,0.3876,True
0x41558102a796ba971c7567cad41c307e59f8fa41,L3,Sports / Soccer / FIFA World Cup,481,0.2213,0.2253,8.29,0.915,0.2548,0.188,True
0x41558102a796ba971c7567cad41c307e59f8fa41,L3,Sports / Soccer / Fifa Friendly,153,0.3953,0.3867,4.23,0.889,0.553,0.2397,True
0x41558102a796ba971c7567cad41c307e59f8fa41,L3,Sports / Soccer / USL Championship,173,0.3301,0.3291,4.69,0.861,0.3863,0.2746,True
0x41558102a796ba971c7567cad41c307e59f8fa41,L3,Sports / Soccer / League One,39,0.8603,0.6774,2.29,0.949,0.4858,1.2161,True
0x41558102a796ba971c7567cad41c307e59f8fa41,L3,Sports / Soccer / MLS 2025,344,0.215,0.2208,5.1,0.863,0.3217,0.1084,True
0x41558102a796ba971c7567cad41c307e59f8fa41,L3,Sports / Soccer / Liga MX 2025,113,0.3576,0.3521,2.39,0.814,0.3961,0.3197,True
0x41558102a796ba971c7567cad41c307e59f8fa41,L3,Sports / Soccer / Europa Conference League,245,0.2291,0.236,4.9,0.898,0.1187,0.3387,True
0x41558102a796ba971c7567cad41c307e59f8fa41,L3,Sports / Soccer / Club Friendlies,193,0.2559,0.262,4.23,0.85,0.2764,0.2357,True
0x41558102a796ba971c7567cad41c307e59f8fa41,L3,Sports / Other sport / Egypt 1,46,0.5799,0.5014,3.59,0.935,0.6141,0.5457,True
0x41558102a796ba971c7567cad41c307e59f8fa41,L3,Sports / Other sport / Romania 1,38,0.6512,0.5373,3.84,0.947,0.4135,0.8889,True
0x41558102a796ba971c7567cad41c307e59f8fa41,L3,Sports / Other sport / USL League One,46,0.4805,0.4321,4.36,0.957,0.6098,0.3511,True
0x41558102a796ba971c7567cad41c307e59f8fa41,L3,Sports / Other sport / Chinese Super League,85,0.3067,0.3094,2.81,0.8,0.2715,0.3412,True
0x41558102a796ba971c7567cad41c307e59f8fa41,L3,Sports / Soccer / NWSL,112,0.2571,0.2667,2.5,0.812,0.188,0.3262,True
0x41558102a796ba971c7567cad41c307e59f8fa41,L3,Sports / Soccer / Primeira Liga,58,0.3875,0.3704,3.65,0.879,0.5217,0.2534,True
0x41558102a796ba971c7567cad41c307e59f8fa41,L3,Sports / Soccer / Primera División Argentina,94,0.2613,0.2717,3.16,0.809,0.2532,0.2693,True
0x41558102a796ba971c7567cad41c307e59f8fa41,L3,Sports / Soccer / Bundesliga 2,57,0.3519,0.3438,2.44,0.807,0.5529,0.1578,True
0x41558102a796ba971c7567cad41c307e59f8fa41,L3,Sports / Soccer / UEFA Champions League 2025,159,0.1896,0.2042,3.03,0.849,0.124,0.2543,True
0x41558102a796ba971c7567cad41c307e59f8fa41,L3,Sports / Other sport / Japan J League,116,0.2209,0.2356,3.0,0.819,0.2102,0.2315,True
0x41558102a796ba971c7567cad41c307e59f8fa41,L3,Sports / Soccer / Premier League 2025,113,0.2092,0.226,4.05,0.912,0.327,0.0936,True
0x41558102a796ba971c7567cad41c307e59f8fa41,L3,Sports / Other sport / K League 2,58,0.3116,0.314,2.33,0.793,0.3474,0.2758,True
0x41558102a796ba971c7567cad41c307e59f8fa41,L3,Sports / Soccer / Copa Libertadores 2025,62,0.2919,0.299,3.55,0.887,0.3704,0.2134,True
0x41558102a796ba971c7567cad41c307e59f8fa41,L3,Sports / Other sport / Norway Eliteserien,61,0.2886,0.2966,3.34,0.934,0.1976,0.3768,True
0x41558102a796ba971c7567cad41c307e59f8fa41,L3,Sports / Soccer / Brazil Serie A,122,0.1832,0.2026,2.7,0.803,0.1687,0.1977,True
0x41558102a796ba971c7567cad41c307e59f8fa41,L3,Sports / Other sport / Denmark Superliga,33,0.4065,0.3742,3.02,0.879,0.4809,0.3366,True
0x41558102a796ba971c7567cad41c307e59f8fa41,L3,Sports / Soccer / Copa Sudamericana 2025,58,0.2679,0.2815,2.07,0.724,0.2427,0.2932,True
0x41558102a796ba971c7567cad41c307e59f8fa41,L3,Sports / Soccer / La Liga 2,80,0.209,0.2314,2.52,0.812,0.1697,0.2484,True
0x41558102a796ba971c7567cad41c307e59f8fa41,L3,Sports / Soccer / UEFA Nations League,55,0.2542,0.272,4.29,0.945,0.2439,0.2642,True
0x41558102a796ba971c7567cad41c307e59f8fa41,L3,Sports / Soccer / Taca de Portugal,46,0.0985,0.1658,2.41,0.978,0.1085,0.0884,True
0x41558102a796ba971c7567cad41c307e59f8fa41,L2t,Sports / Other sport / type=moneyline,845,0.4912,0.4872,3.93,0.742,0.7132,0.2696,True
0x41558102a796ba971c7567cad41c307e59f8fa41,L2t,Sports / Soccer / type=moneyline,1355,0.2878,0.2883,8.9,0.743,0.3147,0.2611,True
0x41558102a796ba971c7567cad41c307e59f8fa41,L2t,Sports / Soccer / type=soccer_halftime_result,396,0.4187,0.414,6.42,0.79,0.5016,0.3359,True
0x41558102a796ba971c7567cad41c307e59f8fa41,L2t,Sports / Other sport / type=soccer_halftime_result,114,0.7671,0.7005,4.63,0.825,0.9295,0.6048,True
0x41558102a796ba971c7567cad41c307e59f8fa41,L2t,Sports / Soccer / type=totals,756,0.152,0.1563,5.88,0.91,0.1595,0.1445,True
0x41558102a796ba971c7567cad41c307e59f8fa41,L2t,Sports / Other sport / type=totals,368,0.199,0.2052,6.38,0.921,0.161,0.2369,True
0x41558102a796ba971c7567cad41c307e59f8fa41,L2t,Sports / Other sport / type=both_teams_to_score,105,0.3772,0.3682,4.99,0.971,0.2868,0.4658,True
0x41558102a796ba971c7567cad41c307e59f8fa41,L2t,Sports / Other sport / type=soccer_exact_score,206,0.2562,0.2619,2.14,0.971,0.4365,0.0759,True
0x41558102a796ba971c7567cad41c307e59f8fa41,L2t,Sports / Soccer / type=both_teams_to_score,224,0.2087,0.2179,7.49,0.951,0.2168,0.2005,True
0x41558102a796ba971c7567cad41c307e59f8fa41,L2t,Sports / Soccer / type=soccer_second_half_result,103,0.3202,0.3203,2.64,0.825,0.3737,0.2678,True
0x41558102a796ba971c7567cad41c307e59f8fa41,L2t,Sports / Soccer / type=soccer_exact_score,671,0.1152,0.1212,10.85,0.975,0.1234,0.1071,True
0x41558102a796ba971c7567cad41c307e59f8fa41,L2t,Sports / Soccer / type=first_half_totals,199,0.2039,0.2145,5.05,0.889,0.2316,0.1764,True
0x41558102a796ba971c7567cad41c307e59f8fa41,L2t,Sports / Other sport / type=first_half_totals,77,0.332,0.3297,4.63,0.909,0.1981,0.4625,True
0x41558102a796ba971c7567cad41c307e59f8fa41,L2t,Sports / Soccer / type=soccer_team_totals,155,0.2009,0.2146,3.36,0.865,0.1623,0.239,True
0x41558102a796ba971c7567cad41c307e59f8fa41,L2t,Sports / Soccer / type=soccer_first_to_score,72,0.3101,0.3125,3.65,0.944,0.3048,0.3155,True
0x41558102a796ba971c7567cad41c307e59f8fa41,L2t,Sports / Soccer / type=soccer_player_goals,37,0.4801,0.4242,3.73,0.946,0.865,0.1155,True
0x41558102a796ba971c7567cad41c307e59f8fa41,L2t,Sports / Soccer / type=soccer_first_half_team_totals,71,0.2542,0.2688,3.71,0.915,0.3944,0.1179,True
0x41558102a796ba971c7567cad41c307e59f8fa41,L1b,Sports / price=0.00-0.10,40,10.2323,6.9285,2.43,0.3,13.5003,6.9643,True
0x41558102a796ba971c7567cad41c307e59f8fa41,L1b,Sports / price=0.10-0.30,331,1.5166,1.4485,11.73,0.598,1.5702,1.4634,True
0x41558102a796ba971c7567cad41c307e59f8fa41,L1b,Sports / price=0.30-0.50,690,0.617,0.6087,13.78,0.659,0.6828,0.5512,True
0x41558102a796ba971c7567cad41c307e59f8fa41,L1b,Sports / price=0.50-0.70,1124,0.2808,0.2815,13.91,0.77,0.2829,0.2787,True
0x41558102a796ba971c7567cad41c307e59f8fa41,L1b,Sports / price=0.70-0.90,2154,0.1147,0.1166,14.53,0.895,0.1293,0.1002,True
0x41558102a796ba971c7567cad41c307e59f8fa41,L2b,Sports / Soccer / price=0.10-0.30,193,1.3969,1.2958,8.23,0.57,1.4224,1.3716,True
0x41558102a796ba971c7567cad41c307e59f8fa41,L2b,Sports / Other sport / price=0.10-0.30,138,1.6841,1.5116,8.45,0.638,1.7759,1.5924,True
0x41558102a796ba971c7567cad41c307e59f8fa41,L2b,Sports / Soccer / price=0.30-0.50,422,0.5873,0.5753,10.47,0.652,0.6254,0.5493,True
0x41558102a796ba971c7567cad41c307e59f8fa41,L2b,Sports / Other sport / price=0.30-0.50,268,0.6638,0.6399,8.95,0.672,0.7794,0.5481,True
0x41558102a796ba971c7567cad41c307e59f8fa41,L2b,Sports / Soccer / price=0.50-0.70,791,0.275,0.2762,11.42,0.769,0.264,0.286,True
0x41558102a796ba971c7567cad41c307e59f8fa41,L2b,Sports / Other sport / price=0.50-0.70,332,0.2929,0.2945,7.88,0.774,0.3186,0.2671,True
0x41558102a796ba971c7567cad41c307e59f8fa41,L2b,Sports / Soccer / price=0.70-0.90,1566,0.1097,0.1123,11.7,0.895,0.1374,0.0819,True
0x41558102a796ba971c7567cad41c307e59f8fa41,L2b,Sports / Other sport / price=0.70-0.90,586,0.1278,0.1342,8.73,0.896,0.115,0.1407,True
0x41558102a796ba971c7567cad41c307e59f8fa41,L2l,Sports / Other sport / live,1850,0.4612,0.4597,5.73,0.843,0.4876,0.4349,True
0x41558102a796ba971c7567cad41c307e59f8fa41,L2l,Sports / Soccer / live,4112,0.2672,0.2675,9.4,0.85,0.2663,0.2681,True
0x41558102a796ba971c7567cad41c307e59f8fa41,L2l,Sports / Soccer / pre,155,0.1018,0.1268,3.47,0.955,0.1262,0.0777,True
0xad69a788e183e06d2fb63a9e77a4c37765ea7397,L1b,Esports / price=0.70-0.90,34,0.1266,0.1457,2.01,0.912,0.1021,0.1511,True
0xad69a788e183e06d2fb63a9e77a4c37765ea7397,L2b,Esports / Esports / price=0.70-0.90,34,0.1266,0.1457,2.01,0.912,0.1021,0.1511,True
0x8aaaac8e8523492db360b722af35177f4d4d51df,L1b,Sports / price=0.10-0.30,34,0.8762,0.7337,2.02,0.382,1.1109,0.6414,True
0xeff9837de49ff99f1a2e5f7fa03e27a07b3c05fd,L1b,Politics / price=0.70-0.90,33,0.1211,0.0711,2.18,0.879,0.0485,0.1894,True
0x92a7cfd236957a6f5472ac3f81e6468cd5d8eb78,L1,Politics,85,0.4082,1.5334,2.54,0.635,0.1153,0.6942,True
0x2b5c80ce9fa11869da04ba8570f7790068f9ab22,L3,Esports / Esports / Counter Strike,105,0.4925,0.429,2.33,0.457,0.6741,0.3142,True
0x2b5c80ce9fa11869da04ba8570f7790068f9ab22,L2t,Esports / Esports / type=child_moneyline,92,0.4792,0.4107,2.06,0.435,0.7073,0.2511,True
0x2b5c80ce9fa11869da04ba8570f7790068f9ab22,L2b,Sports / Basketball / price=0.30-0.50,58,0.3124,0.2569,2.04,0.569,0.2701,0.3547,True
0xe7bab01b9f27238202dc1fc2d7926ce586ec269e,L2b,Sports / Basketball / price=0.70-0.90,102,0.0984,0.0833,2.65,0.814,0.1743,0.0226,True
0x31234101ffb9421eeab5b704fe974f0b6721b44d,L2,Sports / Soccer,1231,0.0621,0.0611,2.44,0.63,0.0566,0.0677,True
0x31234101ffb9421eeab5b704fe974f0b6721b44d,L3,Sports / Soccer / Club Friendlies,33,0.317,0.1959,2.06,0.727,0.2318,0.3972,True
0x31234101ffb9421eeab5b704fe974f0b6721b44d,L3,Sports / Soccer / La Liga 2025,42,0.2366,0.159,2.15,0.81,0.2887,0.1845,True
0x31234101ffb9421eeab5b704fe974f0b6721b44d,L2t,Sports / Soccer / type=moneyline,589,0.0938,0.0906,2.47,0.628,0.0784,0.1092,True
0x31234101ffb9421eeab5b704fe974f0b6721b44d,L2b,Sports / Soccer / price=0.30-0.50,368,0.1382,0.1308,2.21,0.476,0.1966,0.0798,True
0x19a104df5196d8142844792afb95523057d12fa0,L2t,Sports / Baseball / type=moneyline,144,0.1553,0.142,2.01,0.625,0.1635,0.147,True
0x19a104df5196d8142844792afb95523057d12fa0,L2b,Sports / Soccer / price=0.50-0.70,106,0.1772,0.1565,2.37,0.679,0.2163,0.1382,True
0x6196dce65aa9f4819e242c23a18810b6e1901a64,L2b,Sports / Basketball / price=0.30-0.50,46,0.3839,0.2595,2.15,0.543,0.5582,0.2096,True
0x6196dce65aa9f4819e242c23a18810b6e1901a64,L2b,Sports / Soccer / price=0.70-0.90,37,0.153,0.09,2.24,0.892,0.1696,0.1372,True
0x278d4ce2b167b3601e07469979a37c864868d3ec,L3,Esports / Esports / League of Legends,256,0.1285,0.1218,2.49,0.629,0.1406,0.1163,True
0x278d4ce2b167b3601e07469979a37c864868d3ec,L2t,Esports / Esports / type=child_moneyline,320,0.1235,0.1183,2.6,0.625,0.1515,0.0955,True
0x278d4ce2b167b3601e07469979a37c864868d3ec,L1b,Esports / price=0.30-0.50,70,0.3333,0.2673,2.32,0.557,0.2722,0.3944,True
0x278d4ce2b167b3601e07469979a37c864868d3ec,L2b,Esports / Esports / price=0.30-0.50,70,0.3333,0.2673,2.32,0.557,0.2722,0.3944,True
0x6a6cbb798b61eb2317bea8af3c27eab15719f3ea,L2b,Sports / American Football / price=0.50-0.70,36,0.3195,0.2523,2.14,0.694,0.3699,0.2691,True
0x7b3794895bc20b6eff13bd8c4bb53367dcd005e3,L1b,Sports / price=0.30-0.50,195,0.2342,0.216,2.59,0.456,0.1945,0.2735,True
0x7b3794895bc20b6eff13bd8c4bb53367dcd005e3,L2b,Sports / Soccer / price=0.30-0.50,123,0.2602,0.2292,2.23,0.455,0.2454,0.2748,True
0xce0062bdbcdecdaa27964d1350f6dfe345ee7d1d,L2l,Sports / Basketball / pre,50,0.2991,0.2061,2.56,0.58,0.2222,0.376,True
0x18f62a62410905dbc14d4a56d5fa266c96b1b00b,L3,Sports / American Football / CFB 2025,86,0.1185,0.0899,2.03,0.756,0.0853,0.1517,True
0xc8c85d22512563539d1710954ef1da1f3e41b949,L2b,Sports / Tennis / price=0.50-0.70,155,0.1376,0.1192,2.08,0.658,0.0116,0.2619,True
0xb5a5d4c7bc15a6b67ee5335328fbcfa6ae20fb44,L2,Sports / Other sport,31,0.1478,0.073,2.64,0.581,0.0399,0.2489,True
0x906f3d396d8d59a9efa7ff226434d72aaaf12877,L1b,Sports / price=0.70-0.90,32,0.2109,0.1497,3.41,0.812,0.0703,0.3515,True
0x5519828dccde706884d90291e77d540763f1f7e1,L3,Esports / Esports / League of Legends,203,0.1988,0.1803,2.04,0.562,0.3073,0.0914,True
0x5519828dccde706884d90291e77d540763f1f7e1,L2t,Esports / Esports / type=child_moneyline,226,0.2198,0.2013,2.46,0.58,0.2866,0.1531,True
0x5519828dccde706884d90291e77d540763f1f7e1,L1b,Esports / price=0.70-0.90,45,0.1949,0.1326,3.85,0.933,0.0815,0.3034,True
0x5519828dccde706884d90291e77d540763f1f7e1,L2b,Esports / Esports / price=0.70-0.90,45,0.1949,0.1326,3.85,0.933,0.0815,0.3034,True
0x5519828dccde706884d90291e77d540763f1f7e1,L2l,Esports / Esports / live,315,0.1723,0.1616,2.32,0.578,0.2411,0.104,True
0xcc6b29a00a01519c26ef2f40283a5e6159d71b16,L2t,Sports / Basketball / type=moneyline,59,0.313,0.244,2.27,0.644,0.3348,0.2919,True
0x9791def134b591930d95ae6da13278a3bea7a14a,L3,Sports / Other sport / Austin Daily Weather,32,0.0523,0.03,3.96,1.0,0.0835,0.0212,True
0x8ede54a31d7653787e9aefdabda775185f07ce7e,L1,Sports,636,0.049,0.0477,2.9,0.915,0.0752,0.0227,True
0x8ede54a31d7653787e9aefdabda775185f07ce7e,L2,Sports / Other sport,636,0.049,0.0477,2.9,0.915,0.0752,0.0227,True
0x8ede54a31d7653787e9aefdabda775185f07ce7e,L3,Sports / Other sport / Milan Daily Weather,76,0.1053,0.0849,29.65,1.0,0.1147,0.0959,True
0x8ede54a31d7653787e9aefdabda775185f07ce7e,L3,Sports / Other sport / Paris Daily Weather,62,0.1052,0.0813,25.08,1.0,0.1073,0.1031,True
0x8ede54a31d7653787e9aefdabda775185f07ce7e,L3,Sports / Other sport / Munich Daily Weather,60,0.0718,0.0556,2.73,0.967,0.1131,0.0304,True
0x8ede54a31d7653787e9aefdabda775185f07ce7e,L2t,Sports / Other sport / type=binary,636,0.049,0.0477,2.9,0.915,0.0752,0.0227,True
0x8ede54a31d7653787e9aefdabda775185f07ce7e,L1b,Sports / price=0.70-0.90,153,0.052,0.0469,2.02,0.915,0.0672,0.0371,True
0x8ede54a31d7653787e9aefdabda775185f07ce7e,L2b,Sports / Other sport / price=0.70-0.90,153,0.052,0.0469,2.02,0.915,0.0672,0.0371,True
0x8ede54a31d7653787e9aefdabda775185f07ce7e,L2l,Sports / Other sport / pre,251,0.0712,0.0664,5.84,0.968,0.0849,0.0576,True
0x92af9605d2d6cfd94df9e4dfdf194d14db128b55,L3,Sports / Soccer / Primera División Argentina,86,0.1246,0.1046,2.26,0.814,0.2347,0.0145,True
0x2b131da7ff24f50083b98d199670fc670e7162d3,L1b,Sports / price=0.30-0.50,355,0.0825,0.08,2.8,0.575,0.086,0.079,True
0x2b131da7ff24f50083b98d199670fc670e7162d3,L2b,Sports / Other sport / price=0.30-0.50,355,0.0825,0.08,2.8,0.575,0.086,0.079,True
0x2b131da7ff24f50083b98d199670fc670e7162d3,L2l,Sports / Other sport / pre,574,0.0786,0.0771,2.99,0.568,0.054,0.1032,True
0xa8e998aa07853d8a7feaca3d4faca69c1857316e,L1,Esports,55,0.2487,0.2193,2.69,0.8,0.2732,0.2251,True
0xa8e998aa07853d8a7feaca3d4faca69c1857316e,L1,Sports,114,0.1334,0.1341,2.09,0.754,0.1727,0.0941,True
0xa8e998aa07853d8a7feaca3d4faca69c1857316e,L2,Esports / Esports,55,0.2487,0.2193,2.69,0.8,0.2732,0.2251,True
0xa8e998aa07853d8a7feaca3d4faca69c1857316e,L2t,Esports / Esports / type=moneyline,55,0.2487,0.2193,2.69,0.8,0.2732,0.2251,True
0xa8e998aa07853d8a7feaca3d4faca69c1857316e,L1b,Esports / price=0.50-0.70,37,0.2894,0.2364,2.32,0.757,0.3368,0.2445,True
0xa8e998aa07853d8a7feaca3d4faca69c1857316e,L2b,Esports / Esports / price=0.50-0.70,37,0.2894,0.2364,2.32,0.757,0.3368,0.2445,True
0xa8e998aa07853d8a7feaca3d4faca69c1857316e,L2l,Esports / Esports / pre,50,0.2444,0.2141,2.57,0.8,0.2433,0.2455,True
0x88eec58b3e9b13487605da83970467f87b983e8b,L1,Sports,508,0.8663,0.8662,3.57,0.463,0.9189,0.8137,True
0x88eec58b3e9b13487605da83970467f87b983e8b,L2,Sports / Other sport,508,0.8663,0.8662,3.57,0.463,0.9189,0.8137,True
0x88eec58b3e9b13487605da83970467f87b983e8b,L3,Sports / Other sport / Chengdu Daily Weather,229,1.3571,1.3175,2.75,0.493,1.0832,1.6286,True
0x88eec58b3e9b13487605da83970467f87b983e8b,L3,Sports / Other sport / Beijing Daily Weather,149,0.4875,0.5321,2.81,0.443,0.7091,0.2689,True
0x88eec58b3e9b13487605da83970467f87b983e8b,L2t,Sports / Other sport / type=binary,508,0.8663,0.8662,3.57,0.463,0.9189,0.8137,True
0x88eec58b3e9b13487605da83970467f87b983e8b,L1b,Sports / price=0.00-0.10,161,1.7949,1.692,2.42,0.329,1.5728,2.0143,True
0x88eec58b3e9b13487605da83970467f87b983e8b,L1b,Sports / price=0.10-0.30,255,0.5189,0.544,4.97,0.494,0.7625,0.2772,True
0x88eec58b3e9b13487605da83970467f87b983e8b,L1b,Sports / price=0.30-0.50,56,0.3522,0.4869,2.92,0.607,0.6185,0.086,True
0x88eec58b3e9b13487605da83970467f87b983e8b,L2b,Sports / Other sport / price=0.00-0.10,161,1.7949,1.692,2.42,0.329,1.5728,2.0143,True
0x88eec58b3e9b13487605da83970467f87b983e8b,L2b,Sports / Other sport / price=0.10-0.30,255,0.5189,0.544,4.97,0.494,0.7625,0.2772,True
0x88eec58b3e9b13487605da83970467f87b983e8b,L2b,Sports / Other sport / price=0.30-0.50,56,0.3522,0.4869,2.92,0.607,0.6185,0.086,True
0x88eec58b3e9b13487605da83970467f87b983e8b,L2l,Sports / Other sport / live,484,0.9157,0.9136,3.6,0.467,0.9593,0.872,True
0x52380e03eec638cf859e9e2b053ed3fa652c8699,L3,Sports / Other sport / Kuala Lumpur Daily Weather,38,0.3299,0.2076,2.4,0.684,0.1088,0.551,True
0x0b886a8a9a8f3d121dfb735c905b4c20daf163df,L1,Sports,675,0.1267,0.1267,2.83,0.444,0.0908,0.1624,True
0x0b886a8a9a8f3d121dfb735c905b4c20daf163df,L2,Sports / Other sport,675,0.1267,0.1267,2.83,0.444,0.0908,0.1624,True
0x0b886a8a9a8f3d121dfb735c905b4c20daf163df,L3,Sports / Other sport / Atlanta Daily Weather,39,0.4613,0.3479,2.75,0.538,0.4063,0.5136,True
0x0b886a8a9a8f3d121dfb735c905b4c20daf163df,L2t,Sports / Other sport / type=binary,675,0.1267,0.1267,2.83,0.444,0.0908,0.1624,True
0x0b886a8a9a8f3d121dfb735c905b4c20daf163df,L1b,Sports / price=0.30-0.50,427,0.2278,0.2233,4.36,0.485,0.2375,0.2182,True
0x0b886a8a9a8f3d121dfb735c905b4c20daf163df,L2b,Sports / Other sport / price=0.30-0.50,427,0.2278,0.2233,4.36,0.485,0.2375,0.2182,True
0x0b886a8a9a8f3d121dfb735c905b4c20daf163df,L2l,Sports / Other sport / pre,386,0.1505,0.1493,2.69,0.453,0.1572,0.1437,True
0x65ce21c7cac4ec6ca1410de8f46e0cae06996ff8,L1b,Sports / price=0.50-0.70,31,0.3108,0.1868,2.82,0.742,0.2755,0.3439,True
0x65ce21c7cac4ec6ca1410de8f46e0cae06996ff8,L2b,Sports / Other sport / price=0.50-0.70,30,0.2971,0.176,2.63,0.733,0.2715,0.3226,True
0x4d1336383b9f9e936fcc61a73fab7c3058783618,L3,Sports / Other sport / Qingdao Daily Weather,41,0.2224,0.1402,2.01,0.683,0.1402,0.3007,True
0x16d94d682aaeb4d51cfe355a035f7031e25ffab9,L3,Sports / Other sport / Ankara Daily Weather,90,0.1349,0.1102,2.5,0.811,0.1388,0.1311,True
0x63850ce907044eac77fba13d59f263ade68093f2,L1,Culture,513,0.2145,0.2114,3.63,0.801,0.2618,0.1673,True
0x63850ce907044eac77fba13d59f263ade68093f2,L1,Tech,96,0.2561,0.2347,2.18,0.875,0.4374,0.0749,True
0x63850ce907044eac77fba13d59f263ade68093f2,L2,Culture / MrBeast,298,0.268,0.2594,2.83,0.799,0.3423,0.1936,True
0x63850ce907044eac77fba13d59f263ade68093f2,L2,Culture / YouTube,52,0.2847,0.2422,2.23,0.865,0.1038,0.4657,True
0x63850ce907044eac77fba13d59f263ade68093f2,L3,Culture / MrBeast / MrBeast Mentions,48,0.4804,0.3779,3.04,0.938,0.4701,0.4908,True
0x63850ce907044eac77fba13d59f263ade68093f2,L2t,Culture / MrBeast / type=binary,135,0.2623,0.2455,3.63,0.933,0.2549,0.2696,True
0x63850ce907044eac77fba13d59f263ade68093f2,L1b,Culture / price=0.10-0.30,51,0.7661,0.5874,2.67,0.451,0.7203,0.8102,True
0x63850ce907044eac77fba13d59f263ade68093f2,L1b,Culture / price=0.30-0.50,49,0.5875,0.4554,3.86,0.633,0.704,0.4757,True
0x63850ce907044eac77fba13d59f263ade68093f2,L1b,Culture / price=0.50-0.70,55,0.3451,0.2882,4.44,0.836,0.2626,0.4247,True
0x63850ce907044eac77fba13d59f263ade68093f2,L1b,Culture / price=0.70-0.90,129,0.0698,0.0782,2.14,0.837,0.0372,0.102,True
0x63850ce907044eac77fba13d59f263ade68093f2,L2b,Culture / MrBeast / price=0.30-0.50,32,0.7471,0.5104,4.11,0.688,0.8502,0.644,True
0x63850ce907044eac77fba13d59f263ade68093f2,L2b,Culture / MrBeast / price=0.50-0.70,32,0.3222,0.2489,2.95,0.812,0.1087,0.5356,True
0x99b09d8a752ade0db1cbae4995d820c0d8431d6b,L1b,Sports / price=0.50-0.70,38,0.2805,0.1931,2.05,0.711,0.0768,0.4843,True
0x85c3e3052e5bbe835ff27a4cbf2abd296a89700c,L2t,Sports / Baseball / type=totals,1060,0.0752,0.0738,2.18,0.503,0.1218,0.0287,True
0x582f7f70450bc2954e7a679b1c0533cf08e903cd,L3,Sports / Other sport / Singapore Daily Weather,31,0.0187,0.0053,2.93,1.0,0.0202,0.0174,True
0x41583f2efc720b8e2682750fffb67f2806fece9f,L1,Politics,1406,0.213,0.2125,4.26,0.486,0.1275,0.2985,True
0x41583f2efc720b8e2682750fffb67f2806fece9f,L1,Sports,248,0.2267,0.2232,2.17,0.444,0.151,0.3024,True
0x41583f2efc720b8e2682750fffb67f2806fece9f,L2,Sports / Other sport,214,0.2831,0.2742,2.39,0.449,0.1636,0.4026,True
0x41583f2efc720b8e2682750fffb67f2806fece9f,L2,Politics / Geopolitics,250,0.1661,0.1671,2.02,0.48,0.046,0.2863,True
0x41583f2efc720b8e2682750fffb67f2806fece9f,L2t,Sports / Other sport / type=binary,214,0.2831,0.2742,2.39,0.449,0.1636,0.4026,True
0x41583f2efc720b8e2682750fffb67f2806fece9f,L2t,Politics / Geopolitics / type=binary,224,0.1922,0.1911,2.18,0.487,0.0684,0.316,True
0x41583f2efc720b8e2682750fffb67f2806fece9f,L1b,Politics / price=0.10-0.30,468,0.2324,0.2303,3.8,0.449,0.1994,0.2655,True
0x41583f2efc720b8e2682750fffb67f2806fece9f,L1b,World / price=0.10-0.30,32,0.6569,0.4733,2.12,0.438,0.4336,0.8802,True
0x41583f2efc720b8e2682750fffb67f2806fece9f,L1b,Politics / price=0.30-0.50,384,0.1328,0.1351,3.11,0.505,0.089,0.1766,True
0x41583f2efc720b8e2682750fffb67f2806fece9f,L1b,Sports / price=0.30-0.50,68,0.3208,0.2887,2.82,0.559,0.3034,0.3383,True
0x41583f2efc720b8e2682750fffb67f2806fece9f,L2b,Sports / Other sport / price=0.30-0.50,57,0.3015,0.2699,2.47,0.544,0.2622,0.3395,True
0x41583f2efc720b8e2682750fffb67f2806fece9f,L2l,Sports / Other sport / pre,158,0.3439,0.3255,2.26,0.43,0.2377,0.4502,True
0x6eacd4f7089d7c43a39153958192c4f8b02aed37,L1,Esports,666,0.1707,0.1707,3.0,0.473,0.2089,0.1325,True
0x6eacd4f7089d7c43a39153958192c4f8b02aed37,L1,Sports,59,0.1981,0.1917,1.13,0.508,0.3769,0.0253,False
0x6eacd4f7089d7c43a39153958192c4f8b02aed37,L2,Esports / Esports,666,0.1707,0.1707,3.0,0.473,0.2089,0.1325,True
0x6eacd4f7089d7c43a39153958192c4f8b02aed37,L2,Sports / Soccer,58,0.1246,0.137,0.77,0.5,0.1885,0.0606,False
0x6eacd4f7089d7c43a39153958192c4f8b02aed37,L3,Esports / Esports / Dota 2,666,0.1707,0.1707,3.0,0.473,0.2089,0.1325,True
0x6eacd4f7089d7c43a39153958192c4f8b02aed37,L3,Sports / Soccer / Dota 2,58,0.1246,0.137,0.77,0.5,0.1885,0.0606,False
0x6eacd4f7089d7c43a39153958192c4f8b02aed37,L2t,Esports / Esports / type=child_moneyline,573,0.1946,0.1939,3.08,0.475,0.2296,0.1598,True
0x6eacd4f7089d7c43a39153958192c4f8b02aed37,L2t,Sports / Soccer / type=moneyline,58,0.1246,0.137,0.77,0.5,0.1885,0.0606,False
0x6eacd4f7089d7c43a39153958192c4f8b02aed37,L2t,Esports / Esports / type=moneyline,93,0.0232,0.0497,0.19,0.462,-0.004,0.0498,False
0x6eacd4f7089d7c43a39153958192c4f8b02aed37,L1b,Esports / price=0.10-0.30,103,0.6323,0.5576,2.67,0.35,0.7321,0.5344,True
0x6eacd4f7089d7c43a39153958192c4f8b02aed37,L1b,Esports / price=0.50-0.70,200,0.1483,0.1506,2.34,0.62,0.1581,0.1385,True
0x6eacd4f7089d7c43a39153958192c4f8b02aed37,L1b,Esports / price=0.30-0.50,347,0.0645,0.0704,0.99,0.444,0.0479,0.081,False
0x6eacd4f7089d7c43a39153958192c4f8b02aed37,L1b,Sports / price=0.30-0.50,33,0.0015,0.0662,0.01,0.424,0.0039,-0.0008,False
0x6eacd4f7089d7c43a39153958192c4f8b02aed37,L2b,Esports / Esports / price=0.10-0.30,103,0.6323,0.5576,2.67,0.35,0.7321,0.5344,True
0x6eacd4f7089d7c43a39153958192c4f8b02aed37,L2b,Esports / Esports / price=0.50-0.70,200,0.1483,0.1506,2.34,0.62,0.1581,0.1385,True
0x6eacd4f7089d7c43a39153958192c4f8b02aed37,L2b,Esports / Esports / price=0.30-0.50,347,0.0645,0.0704,0.99,0.444,0.0479,0.081,False
0x6eacd4f7089d7c43a39153958192c4f8b02aed37,L2b,Sports / Soccer / price=0.30-0.50,33,0.0015,0.0662,0.01,0.424,0.0039,-0.0008,False
0x6eacd4f7089d7c43a39153958192c4f8b02aed37,L2l,Esports / Esports / live,665,0.1695,0.1696,2.97,0.472,0.2066,0.1325,True
0x6eacd4f7089d7c43a39153958192c4f8b02aed37,L2l,Sports / Soccer / live,58,0.1246,0.137,0.77,0.5,0.1885,0.0606,False
0x2df7b033e2173a93226dfb2717a0dc2377d27f76,L1b,Sports / price=0.10-0.30,390,0.2256,0.2216,2.02,0.262,0.3821,0.0692,True
0x2df7b033e2173a93226dfb2717a0dc2377d27f76,L2l,Sports / Basketball / pre,155,0.3372,0.3149,2.08,0.355,0.3295,0.3448,True
0xb569786bcb19be651f97d420dd956c5f27f56fe0,L1,Esports,294,0.0465,0.0468,0.73,0.534,0.0322,0.0608,False
0xb569786bcb19be651f97d420dd956c5f27f56fe0,L1,Sports,38,0.0857,0.0737,0.53,0.605,0.1885,-0.0172,False
0xb569786bcb19be651f97d420dd956c5f27f56fe0,L2,Esports / Esports,293,0.0477,0.0479,0.75,0.536,0.0344,0.0608,False
0xb569786bcb19be651f97d420dd956c5f27f56fe0,L2,Sports / Soccer,28,0.0702,0.0622,0.36,0.571,0.2413,-0.101,False
0xb569786bcb19be651f97d420dd956c5f27f56fe0,L3,Esports / Esports / Counter Strike,144,0.1411,0.1301,1.48,0.569,0.2368,0.0453,False
0xb569786bcb19be651f97d420dd956c5f27f56fe0,L3,Esports / Esports / Dota 2,123,0.0241,0.0279,0.26,0.528,0.1449,-0.0948,False
0xb569786bcb19be651f97d420dd956c5f27f56fe0,L3,Sports / Soccer / Counter Strike,21,0.0396,0.0452,0.18,0.571,0.1519,-0.0624,False
0xb569786bcb19be651f97d420dd956c5f27f56fe0,L3,Esports / Esports / ?,23,-0.4586,-0.2216,-2.79,0.348,-0.6074,-0.3221,False
0xb569786bcb19be651f97d420dd956c5f27f56fe0,L2t,Esports / Esports / type=child_moneyline,95,0.2901,0.2485,2.3,0.589,0.3581,0.2235,True
0xb569786bcb19be651f97d420dd956c5f27f56fe0,L2t,Sports / Soccer / type=moneyline,28,0.0702,0.0622,0.36,0.571,0.2413,-0.101,False
0xb569786bcb19be651f97d420dd956c5f27f56fe0,L2t,Esports / Esports / type=moneyline,172,-0.0525,-0.0417,-0.68,0.512,-0.0588,-0.0461,False
0xb569786bcb19be651f97d420dd956c5f27f56fe0,L1b,Esports / price=0.30-0.50,122,0.148,0.1343,1.34,0.475,0.1852,0.1108,False
0xb569786bcb19be651f97d420dd956c5f27f56fe0,L1b,Sports / price=0.50-0.70,22,0.1294,0.0921,0.74,0.682,0.1461,0.1127,False
0xb569786bcb19be651f97d420dd956c5f27f56fe0,L1b,Esports / price=0.70-0.90,33,0.033,0.0398,0.34,0.788,-0.0149,0.078,False
0xb569786bcb19be651f97d420dd956c5f27f56fe0,L1b,Esports / price=0.50-0.70,103,-0.01,-0.0001,-0.12,0.583,0.0442,-0.0632,False
0xb569786bcb19be651f97d420dd956c5f27f56fe0,L1b,Esports / price=0.10-0.30,28,-0.1423,-0.0618,-0.45,0.214,-0.4006,0.1159,False
0xb569786bcb19be651f97d420dd956c5f27f56fe0,L2b,Esports / Esports / price=0.30-0.50,121,0.1517,0.1374,1.36,0.479,0.1932,0.1108,False
0xb569786bcb19be651f97d420dd956c5f27f56fe0,L2b,Esports / Esports / price=0.70-0.90,33,0.033,0.0398,0.34,0.788,-0.0149,0.078,False
0xb569786bcb19be651f97d420dd956c5f27f56fe0,L2b,Esports / Esports / price=0.50-0.70,103,-0.01,-0.0001,-0.12,0.583,0.0442,-0.0632,False
0xb569786bcb19be651f97d420dd956c5f27f56fe0,L2b,Esports / Esports / price=0.10-0.30,28,-0.1423,-0.0618,-0.45,0.214,-0.4006,0.1159,False
0xb569786bcb19be651f97d420dd956c5f27f56fe0,L2l,Esports / Esports / pre,83,0.0835,0.0772,0.8,0.602,0.0691,0.0975,False
0xb569786bcb19be651f97d420dd956c5f27f56fe0,L2l,Esports / Esports / live,210,0.0335,0.035,0.43,0.51,0.1075,-0.0405,False
0xa4131264e0cfa60b1e8d994551d29ee5f9806c4a,L2l,Esports / Esports / live,186,0.185,0.179,2.13,0.581,0.0418,0.3282,True
0x843e8947c303fdbab39ef3d1c8482b1eb7eae477,L1,Esports,88,0.2253,0.1834,2.25,0.67,0.2819,0.1688,True
0x843e8947c303fdbab39ef3d1c8482b1eb7eae477,L2,Esports / Esports,87,0.21,0.1705,2.1,0.667,0.3117,0.1105,True
0x843e8947c303fdbab39ef3d1c8482b1eb7eae477,L2t,Esports / Esports / type=moneyline,67,0.2497,0.1921,2.22,0.687,0.2539,0.2457,True
0x03f4bd4bd14e0dffa6f012d023387e1a327f7e44,L1,Esports,555,0.0962,0.0942,2.0,0.65,0.0547,0.1375,True
0x03f4bd4bd14e0dffa6f012d023387e1a327f7e44,L2,Esports / Esports,554,0.0982,0.0961,2.04,0.652,0.0547,0.1416,True
0x03f4bd4bd14e0dffa6f012d023387e1a327f7e44,L3,Esports / Esports / Valorant,66,0.5158,0.405,2.46,0.788,0.4803,0.5512,True
0x03f4bd4bd14e0dffa6f012d023387e1a327f7e44,L1b,Esports / price=0.50-0.70,136,0.1539,0.1392,2.29,0.684,0.1282,0.1795,True
0x03f4bd4bd14e0dffa6f012d023387e1a327f7e44,L2b,Esports / Esports / price=0.50-0.70,136,0.1539,0.1392,2.29,0.684,0.1282,0.1795,True
0x03f4bd4bd14e0dffa6f012d023387e1a327f7e44,L2b,Sports / Tennis / price=0.70-0.90,36,0.1286,0.0968,2.09,0.889,0.0761,0.1811,True
0x079a39f6d15ef5607ab19f27e75a06aa8a46d3df,L1,Sports,459,0.01,0.0098,0.51,0.76,0.0241,-0.0039,False
0x079a39f6d15ef5607ab19f27e75a06aa8a46d3df,L2,Sports / Other sport,67,0.0565,0.0443,1.32,0.806,0.0985,0.0157,False
0x079a39f6d15ef5607ab19f27e75a06aa8a46d3df,L2,Sports / Soccer,233,0.0097,0.0092,0.35,0.742,-0.0225,0.0416,False
0x079a39f6d15ef5607ab19f27e75a06aa8a46d3df,L2,Sports / Cricket,145,-0.0073,-0.006,-0.2,0.766,0.0007,-0.0152,False
0x079a39f6d15ef5607ab19f27e75a06aa8a46d3df,L3,Sports / Soccer / Indian Premier League,97,0.0775,0.0648,2.06,0.742,0.0049,0.1485,True
0x079a39f6d15ef5607ab19f27e75a06aa8a46d3df,L3,Sports / Other sport / Pakistan Super League,44,0.0917,0.0641,1.74,0.841,0.0918,0.0915,False
0x079a39f6d15ef5607ab19f27e75a06aa8a46d3df,L3,Sports / Soccer / FIFA World Cup,45,0.0214,0.0159,0.57,0.867,0.0331,0.0102,False
0x079a39f6d15ef5607ab19f27e75a06aa8a46d3df,L3,Sports / Cricket / International Cricket,103,0.0102,0.0091,0.23,0.777,-0.036,0.0555,False
0x079a39f6d15ef5607ab19f27e75a06aa8a46d3df,L3,Sports / Soccer / International Cricket,22,0.0124,0.0081,0.16,0.864,0.1882,-0.1634,False
0x079a39f6d15ef5607ab19f27e75a06aa8a46d3df,L3,Sports / Cricket / The Hundred,22,-0.1116,-0.0568,-1.1,0.636,-0.0158,-0.2073,False
0x079a39f6d15ef5607ab19f27e75a06aa8a46d3df,L3,Sports / Soccer / Premier League 2025,23,-0.257,-0.1359,-1.91,0.478,-0.225,-0.2863,False
0x079a39f6d15ef5607ab19f27e75a06aa8a46d3df,L2t,Sports / Other sport / type=moneyline,51,0.095,0.0692,1.95,0.843,0.1094,0.0812,False
0x079a39f6d15ef5607ab19f27e75a06aa8a46d3df,L2t,Sports / Soccer / type=totals,43,0.032,0.023,1.09,0.884,0.0824,-0.016,False
0x079a39f6d15ef5607ab19f27e75a06aa8a46d3df,L2t,Sports / Soccer / type=moneyline,180,-0.0024,-0.0019,-0.07,0.7,-0.0425,0.0376,False
0x079a39f6d15ef5607ab19f27e75a06aa8a46d3df,L2t,Sports / Cricket / type=moneyline,128,-0.0051,-0.004,-0.12,0.742,0.0105,-0.0208,False
0x079a39f6d15ef5607ab19f27e75a06aa8a46d3df,L1b,Sports / price=0.70-0.90,138,0.0598,0.0527,2.32,0.833,0.0405,0.0791,True
0x079a39f6d15ef5607ab19f27e75a06aa8a46d3df,L1b,Sports / price=0.90-1.00,169,0.0259,0.0235,2.94,0.923,0.0235,0.0283,False
0x079a39f6d15ef5607ab19f27e75a06aa8a46d3df,L1b,Sports / price=0.30-0.50,41,0.1493,0.1015,1.3,0.561,0.0647,0.2299,False
0x079a39f6d15ef5607ab19f27e75a06aa8a46d3df,L1b,Sports / price=0.50-0.70,95,-0.0541,-0.0441,-0.91,0.568,-0.0126,-0.0947,False
0x079a39f6d15ef5607ab19f27e75a06aa8a46d3df,L2b,Sports / Soccer / price=0.70-0.90,65,0.0893,0.0691,3.0,0.877,0.0478,0.1296,True
0x079a39f6d15ef5607ab19f27e75a06aa8a46d3df,L2b,Sports / Soccer / price=0.90-1.00,83,0.0353,0.0291,3.58,0.916,0.0225,0.0477,False
0x079a39f6d15ef5607ab19f27e75a06aa8a46d3df,L2b,Sports / Cricket / price=0.70-0.90,44,0.0406,0.029,0.81,0.795,0.0043,0.0769,False
0x079a39f6d15ef5607ab19f27e75a06aa8a46d3df,L2b,Sports / Other sport / price=0.70-0.90,23,0.0705,0.0393,1.26,0.826,0.1243,0.0212,False
0x079a39f6d15ef5607ab19f27e75a06aa8a46d3df,L2b,Sports / Other sport / price=0.90-1.00,25,0.0408,0.0242,2.44,0.96,0.0144,0.0652,False
0x079a39f6d15ef5607ab19f27e75a06aa8a46d3df,L2b,Sports / Soccer / price=0.30-0.50,24,0.0274,0.0165,0.19,0.458,-0.0963,0.151,False
0x079a39f6d15ef5607ab19f27e75a06aa8a46d3df,L2b,Sports / Cricket / price=0.90-1.00,57,0.0047,0.0044,0.23,0.912,0.029,-0.0188,False
0x079a39f6d15ef5607ab19f27e75a06aa8a46d3df,L2b,Sports / Soccer / price=0.50-0.70,51,-0.0469,-0.0327,-0.6,0.549,0.0092,-0.1009,False
0x079a39f6d15ef5607ab19f27e75a06aa8a46d3df,L2b,Sports / Cricket / price=0.50-0.70,30,-0.1619,-0.0958,-1.44,0.533,-0.1116,-0.2122,False
0x079a39f6d15ef5607ab19f27e75a06aa8a46d3df,L2l,Sports / Other sport / live,61,0.0406,0.0314,0.98,0.82,0.0802,0.0023,False
0x079a39f6d15ef5607ab19f27e75a06aa8a46d3df,L2l,Sports / Soccer / live,172,0.0107,0.01,0.31,0.721,-0.028,0.0495,False
0x079a39f6d15ef5607ab19f27e75a06aa8a46d3df,L2l,Sports / Cricket / live,137,0.0042,0.0041,0.11,0.774,0.0231,-0.0143,False
0x079a39f6d15ef5607ab19f27e75a06aa8a46d3df,L2l,Sports / Soccer / pre,58,0.0018,0.0022,0.04,0.81,0.0198,-0.0162,False
0x644a161adfe2f98a1f051cf8998c41df14e6ffb2,L3,Esports / Esports / League of Legends,82,0.0715,0.0552,3.07,0.963,0.1101,0.0329,True
0x79df2e46cee0edb6185056655fac80ab2b2b31d6,L1b,Sports / price=0.50-0.70,66,0.2451,0.1939,2.52,0.697,0.3393,0.151,True
0x0c6367b4e0022ca702ad6f33cd2cf504b2cc3cbb,L2b,Sports / Soccer / price=0.50-0.70,36,0.2337,0.1504,3.21,0.694,0.3169,0.1504,True
0x8db620c77726ed0e989f2d11e5a1d8b068f78679,L2b,Sports / Soccer / price=0.50-0.70,31,0.2545,0.1645,2.03,0.742,0.2809,0.2296,True
0xdd3612366dda4c1f18572960432185102a3b6674,L2b,Sports / Soccer / price=0.50-0.70,117,0.143,0.1445,2.04,0.65,0.1194,0.1663,True
0xf3d3c029eea604047526d5615cf19795eb6e77a0,L1,Sports,646,0.0008,0.0008,0.04,0.723,-0.0293,0.0309,False
0xf3d3c029eea604047526d5615cf19795eb6e77a0,L2,Sports / Other sport,52,0.1386,0.1,2.03,0.808,0.086,0.1913,True
0xf3d3c029eea604047526d5615cf19795eb6e77a0,L2,Sports / Soccer,156,0.0088,0.0077,0.19,0.737,-0.0009,0.0184,False
0xf3d3c029eea604047526d5615cf19795eb6e77a0,L2,Sports / Tennis,438,-0.0184,-0.0176,-0.81,0.708,-0.0141,-0.0227,False
0xf3d3c029eea604047526d5615cf19795eb6e77a0,L3,Sports / Soccer / UEFA Nations League,53,0.1131,0.082,1.8,0.849,0.1792,0.0495,False
0xf3d3c029eea604047526d5615cf19795eb6e77a0,L3,Sports / Tennis / WTA,157,-0.0005,-0.0005,-0.01,0.745,-0.0039,0.0028,False
0xf3d3c029eea604047526d5615cf19795eb6e77a0,L3,Sports / Tennis / ITF,50,-0.0133,-0.0096,-0.22,0.7,0.0935,-0.1201,False
0xf3d3c029eea604047526d5615cf19795eb6e77a0,L3,Sports / Soccer / FIFA World Cup,25,-0.0722,-0.0403,-0.41,0.56,-0.1372,-0.0121,False
0xf3d3c029eea604047526d5615cf19795eb6e77a0,L3,Sports / Tennis / ATP,227,-0.0327,-0.0301,-0.99,0.683,-0.073,0.0072,False
0xf3d3c029eea604047526d5615cf19795eb6e77a0,L2t,Sports / Other sport / type=moneyline,52,0.1386,0.1,2.03,0.808,0.086,0.1913,True
0xf3d3c029eea604047526d5615cf19795eb6e77a0,L2t,Sports / Soccer / type=moneyline,140,0.0115,0.01,0.25,0.757,0.0003,0.0227,False
0xf3d3c029eea604047526d5615cf19795eb6e77a0,L2t,Sports / Tennis / type=moneyline,438,-0.0184,-0.0176,-0.81,0.708,-0.0141,-0.0227,False
0xf3d3c029eea604047526d5615cf19795eb6e77a0,L1b,Sports / price=0.50-0.70,139,0.0956,0.0835,1.76,0.655,0.0145,0.1756,False
0xf3d3c029eea604047526d5615cf19795eb6e77a0,L1b,Sports / price=0.30-0.50,26,0.1479,0.0834,0.76,0.5,-0.3165,0.6122,False
0xf3d3c029eea604047526d5615cf19795eb6e77a0,L1b,Sports / price=0.70-0.90,311,-0.0141,-0.0133,-0.58,0.73,-0.0237,-0.0045,False
0xf3d3c029eea604047526d5615cf19795eb6e77a0,L1b,Sports / price=0.90-1.00,159,-0.0288,-0.0256,-1.43,0.849,-0.0577,-0.0002,False
0xf3d3c029eea604047526d5615cf19795eb6e77a0,L2b,Sports / Tennis / price=0.50-0.70,83,0.1045,0.0841,1.59,0.651,0.0178,0.1892,False
0xf3d3c029eea604047526d5615cf19795eb6e77a0,L2b,Sports / Soccer / price=0.70-0.90,78,0.0811,0.0645,1.71,0.846,0.1004,0.0619,False
0xf3d3c029eea604047526d5615cf19795eb6e77a0,L2b,Sports / Other sport / price=0.70-0.90,30,0.0921,0.0551,1.25,0.8,0.0615,0.1228,False
0xf3d3c029eea604047526d5615cf19795eb6e77a0,L2b,Sports / Soccer / price=0.50-0.70,40,0.0138,0.009,0.12,0.625,0.0719,-0.0443,False
0xf3d3c029eea604047526d5615cf19795eb6e77a0,L2b,Sports / Soccer / price=0.90-1.00,24,-0.0668,-0.0367,-1.04,0.833,-0.082,-0.0516,False
0xf3d3c029eea604047526d5615cf19795eb6e77a0,L2b,Sports / Tennis / price=0.90-1.00,129,-0.026,-0.0226,-1.19,0.845,-0.0555,0.0031,False
0xf3d3c029eea604047526d5615cf19795eb6e77a0,L2b,Sports / Tennis / price=0.70-0.90,203,-0.0664,-0.0605,-2.19,0.675,-0.0185,-0.1138,False
0xf3d3c029eea604047526d5615cf19795eb6e77a0,L2l,Sports / Other sport / live,52,0.1386,0.1,2.03,0.808,0.086,0.1913,True
0xf3d3c029eea604047526d5615cf19795eb6e77a0,L2l,Sports / Soccer / live,137,0.0116,0.0101,0.26,0.759,0.0063,0.0169,False
0xf3d3c029eea604047526d5615cf19795eb6e77a0,L2l,Sports / Tennis / live,426,-0.0186,-0.0178,-0.81,0.711,-0.0289,-0.0083,False
0x2ef771fd8389db12d5ba48b6b12eadaac11085ec,L2,Politics / Iran,33,1.8924,1.6773,2.54,0.576,2.6855,1.1459,True
0x2ef771fd8389db12d5ba48b6b12eadaac11085ec,L2,Politics / Trump,55,0.2064,0.504,3.12,0.945,0.341,0.0766,True
0x2ef771fd8389db12d5ba48b6b12eadaac11085ec,L2t,Politics / Trump / type=binary,47,0.2034,0.5374,2.65,0.936,0.3579,0.0553,True
0xd577d7d6c4cabcd7164d97ad45879be393d1c012,L1b,Esports / price=0.70-0.90,33,0.1563,0.0843,2.03,0.879,0.1185,0.1919,True
0xd577d7d6c4cabcd7164d97ad45879be393d1c012,L2b,Esports / Esports / price=0.70-0.90,33,0.1563,0.0843,2.03,0.879,0.1185,0.1919,True
0xace9509ff0e2ff142e730551c7e7009e5799f74a,L1b,Sports / price=0.70-0.90,274,0.0592,0.0548,2.2,0.785,0.0458,0.0725,True
0xd2e820929e3940f5e1a8810f3ebfafb25c3dc60e,L1,Sports,3816,0.1399,0.1399,12.4,0.813,0.1142,0.1656,True
0xd2e820929e3940f5e1a8810f3ebfafb25c3dc60e,L1,Esports,397,0.1597,0.1588,3.01,0.612,0.2073,0.1123,True
0xd2e820929e3940f5e1a8810f3ebfafb25c3dc60e,L2,Sports / Soccer,882,0.2151,0.2135,7.8,0.747,0.174,0.2562,True
0xd2e820929e3940f5e1a8810f3ebfafb25c3dc60e,L2,Sports / Other sport,211,0.3557,0.3372,2.88,0.791,0.2943,0.4166,True
0xd2e820929e3940f5e1a8810f3ebfafb25c3dc60e,L2,Sports / Tennis,2384,0.0993,0.0997,10.32,0.846,0.0959,0.1028,True
0xd2e820929e3940f5e1a8810f3ebfafb25c3dc60e,L2,Esports / Esports,397,0.1597,0.1588,3.01,0.612,0.2073,0.1123,True
0xd2e820929e3940f5e1a8810f3ebfafb25c3dc60e,L2,Sports / American Football,79,0.1519,0.1499,3.45,0.81,0.2167,0.0887,True
0xd2e820929e3940f5e1a8810f3ebfafb25c3dc60e,L2,Sports / Basketball,64,0.1277,0.1311,2.66,0.844,0.0748,0.1806,True
0xd2e820929e3940f5e1a8810f3ebfafb25c3dc60e,L2,Sports / Baseball,162,0.0651,0.0735,2.47,0.71,0.0548,0.0754,True
0xd2e820929e3940f5e1a8810f3ebfafb25c3dc60e,L3,Esports / Esports / League of Legends,338,0.1922,0.1894,3.31,0.627,0.2232,0.1613,True
0xd2e820929e3940f5e1a8810f3ebfafb25c3dc60e,L3,Sports / Tennis / ATP,1037,0.1041,0.1049,8.42,0.872,0.1011,0.1072,True
0xd2e820929e3940f5e1a8810f3ebfafb25c3dc60e,L3,Sports / Tennis / ITF,875,0.0961,0.0971,4.77,0.799,0.1066,0.0857,True
0xd2e820929e3940f5e1a8810f3ebfafb25c3dc60e,L3,Sports / Soccer / La Liga 2025,65,0.3671,0.3141,2.58,0.8,0.1384,0.5889,True
0xd2e820929e3940f5e1a8810f3ebfafb25c3dc60e,L3,Sports / Tennis / WTA,388,0.1004,0.1024,5.99,0.881,0.0846,0.1161,True
0xd2e820929e3940f5e1a8810f3ebfafb25c3dc60e,L3,Sports / Soccer / MLS 2025,73,0.2463,0.2239,2.81,0.712,0.1662,0.3243,True
0xd2e820929e3940f5e1a8810f3ebfafb25c3dc60e,L3,Sports / Soccer / FIFA World Cup,138,0.1649,0.162,5.0,0.674,0.1454,0.1844,True
0xd2e820929e3940f5e1a8810f3ebfafb25c3dc60e,L3,Sports / Soccer / Premier League 2025,37,0.2689,0.2243,2.18,0.73,0.3836,0.1602,True
0xd2e820929e3940f5e1a8810f3ebfafb25c3dc60e,L3,Sports / American Football / NFL 2026,44,0.1805,0.1684,2.54,0.795,0.2761,0.0849,True
0xd2e820929e3940f5e1a8810f3ebfafb25c3dc60e,L3,Sports / Basketball / WNBA,63,0.1285,0.1317,2.64,0.841,0.0761,0.1793,True
0xd2e820929e3940f5e1a8810f3ebfafb25c3dc60e,L3,Sports / Tennis / Wimbledon,72,0.1036,0.1119,3.77,0.917,0.0718,0.1354,True
0xd2e820929e3940f5e1a8810f3ebfafb25c3dc60e,L3,Sports / Baseball / MLB,162,0.0651,0.0735,2.47,0.71,0.0548,0.0754,True
0xd2e820929e3940f5e1a8810f3ebfafb25c3dc60e,L3,Sports / American Football / CFB 2026,35,0.116,0.1254,2.66,0.829,0.1399,0.0934,True
0xd2e820929e3940f5e1a8810f3ebfafb25c3dc60e,L2t,Sports / Soccer / type=moneyline,791,0.2194,0.2175,7.47,0.756,0.1902,0.2485,True
0xd2e820929e3940f5e1a8810f3ebfafb25c3dc60e,L2t,Sports / Other sport / type=moneyline,211,0.3557,0.3372,2.88,0.791,0.2943,0.4166,True
0xd2e820929e3940f5e1a8810f3ebfafb25c3dc60e,L2t,Sports / Tennis / type=moneyline,2384,0.0993,0.0997,10.32,0.846,0.0959,0.1028,True
0xd2e820929e3940f5e1a8810f3ebfafb25c3dc60e,L2t,Esports / Esports / type=child_moneyline,340,0.1554,0.1547,2.7,0.606,0.185,0.1258,True
0xd2e820929e3940f5e1a8810f3ebfafb25c3dc60e,L2t,Sports / American Football / type=moneyline,79,0.1519,0.1499,3.45,0.81,0.2167,0.0887,True
0xd2e820929e3940f5e1a8810f3ebfafb25c3dc60e,L2t,Sports / Basketball / type=moneyline,64,0.1277,0.1311,2.66,0.844,0.0748,0.1806,True
0xd2e820929e3940f5e1a8810f3ebfafb25c3dc60e,L2t,Sports / Baseball / type=moneyline,161,0.0699,0.0779,2.68,0.714,0.0643,0.0754,True
0xd2e820929e3940f5e1a8810f3ebfafb25c3dc60e,L1b,Sports / price=0.00-0.10,43,1.7079,1.2107,2.63,0.791,0.512,2.8494,True
0xd2e820929e3940f5e1a8810f3ebfafb25c3dc60e,L1b,Sports / price=0.10-0.30,523,0.344,0.3365,8.18,0.759,0.2844,0.4034,True
0xd2e820929e3940f5e1a8810f3ebfafb25c3dc60e,L1b,Sports / price=0.30-0.50,1060,0.1525,0.1523,9.56,0.792,0.1319,0.173,True
0xd2e820929e3940f5e1a8810f3ebfafb25c3dc60e,L1b,Esports / price=0.30-0.50,142,0.2449,0.2322,2.55,0.563,0.2733,0.2165,True
0xd2e820929e3940f5e1a8810f3ebfafb25c3dc60e,L1b,Sports / price=0.50-0.70,1173,0.0546,0.0561,5.27,0.791,0.0676,0.0416,True
0xd2e820929e3940f5e1a8810f3ebfafb25c3dc60e,L1b,Sports / price=0.70-0.90,822,0.0627,0.0646,9.71,0.88,0.0491,0.0762,True
0xd2e820929e3940f5e1a8810f3ebfafb25c3dc60e,L2b,Sports / Soccer / price=0.10-0.30,132,0.5847,0.5264,5.37,0.659,0.4291,0.7403,True
0xd2e820929e3940f5e1a8810f3ebfafb25c3dc60e,L2b,Sports / Tennis / price=0.10-0.30,313,0.2209,0.2162,5.26,0.827,0.2422,0.1999,True
0xd2e820929e3940f5e1a8810f3ebfafb25c3dc60e,L2b,Sports / Soccer / price=0.30-0.50,211,0.2443,0.2354,7.19,0.706,0.22,0.2684,True
0xd2e820929e3940f5e1a8810f3ebfafb25c3dc60e,L2b,Sports / Tennis / price=0.30-0.50,720,0.1225,0.123,6.1,0.826,0.0972,0.1478,True
0xd2e820929e3940f5e1a8810f3ebfafb25c3dc60e,L2b,Esports / Esports / price=0.30-0.50,142,0.2449,0.2322,2.55,0.563,0.2733,0.2165,True
0xd2e820929e3940f5e1a8810f3ebfafb25c3dc60e,L2b,Sports / Tennis / price=0.70-0.90,443,0.0727,0.0757,7.64,0.921,0.0579,0.0874,True
0xd2e820929e3940f5e1a8810f3ebfafb25c3dc60e,L2b,Sports / Tennis / price=0.50-0.70,780,0.0538,0.056,3.94,0.817,0.0685,0.0391,True
0xd2e820929e3940f5e1a8810f3ebfafb25c3dc60e,L2b,Sports / Other sport / price=0.30-0.50,45,0.2386,0.2088,2.79,0.711,0.3976,0.0865,True
0xd2e820929e3940f5e1a8810f3ebfafb25c3dc60e,L2b,Sports / Soccer / price=0.50-0.70,225,0.0491,0.0566,2.16,0.724,0.0815,0.0169,True
0xd2e820929e3940f5e1a8810f3ebfafb25c3dc60e,L2b,Sports / Soccer / price=0.70-0.90,250,0.0455,0.0527,4.13,0.812,0.033,0.0581,True
0xd2e820929e3940f5e1a8810f3ebfafb25c3dc60e,L2b,Sports / Baseball / price=0.30-0.50,38,0.1086,0.1201,2.81,0.684,0.139,0.0783,True
0xd2e820929e3940f5e1a8810f3ebfafb25c3dc60e,L2b,Sports / Other sport / price=0.50-0.70,57,0.0634,0.0837,2.3,0.754,0.0409,0.0851,True
0xd2e820929e3940f5e1a8810f3ebfafb25c3dc60e,L2b,Sports / Other sport / price=0.70-0.90,56,0.0607,0.0821,2.94,0.893,0.062,0.0595,True
0xd2e820929e3940f5e1a8810f3ebfafb25c3dc60e,L2l,Sports / Soccer / live,875,0.2172,0.2155,7.81,0.75,0.176,0.2583,True
0xd2e820929e3940f5e1a8810f3ebfafb25c3dc60e,L2l,Sports / Other sport / live,211,0.3557,0.3372,2.88,0.791,0.2943,0.4166,True
0xd2e820929e3940f5e1a8810f3ebfafb25c3dc60e,L2l,Sports / Tennis / live,2350,0.1004,0.1007,10.33,0.847,0.0974,0.1034,True
0xd2e820929e3940f5e1a8810f3ebfafb25c3dc60e,L2l,Esports / Esports / live,397,0.1597,0.1588,3.01,0.612,0.2073,0.1123,True
0xd2e820929e3940f5e1a8810f3ebfafb25c3dc60e,L2l,Sports / American Football / live,79,0.1519,0.1499,3.45,0.81,0.2167,0.0887,True
0xd2e820929e3940f5e1a8810f3ebfafb25c3dc60e,L2l,Sports / Basketball / live,64,0.1277,0.1311,2.66,0.844,0.0748,0.1806,True
0xd2e820929e3940f5e1a8810f3ebfafb25c3dc60e,L2l,Sports / Baseball / live,162,0.0651,0.0735,2.47,0.71,0.0548,0.0754,True
0x1f791d88438d48ef507dc2c0972a03823a66434a,L1b,Esports / price=0.70-0.90,54,0.1611,0.115,2.86,0.87,0.0222,0.3001,True
0x1f791d88438d48ef507dc2c0972a03823a66434a,L2b,Esports / Esports / price=0.70-0.90,54,0.1611,0.115,2.86,0.87,0.0222,0.3001,True
0xe1e6334b4b7657da25049aafc8ff5113824105f4,L1b,Esports / price=0.50-0.70,161,0.15,0.1432,2.52,0.702,0.0529,0.246,True
0xe1e6334b4b7657da25049aafc8ff5113824105f4,L2b,Esports / Esports / price=0.50-0.70,160,0.1572,0.1495,2.64,0.706,0.0529,0.2616,True
0xc176b3f2c1e2af38e4ae1ea9d1fcaa18a6515d01,L2b,Sports / Other sport / price=0.10-0.30,287,0.1699,0.1614,2.14,0.443,0.1658,0.1739,True
0xe53058e9c439d899540992eb7352de3626aaa2ca,L2,Sports / Baseball,286,0.1572,0.1489,2.27,0.5,0.2613,0.053,True
0xe53058e9c439d899540992eb7352de3626aaa2ca,L3,Sports / Baseball / MLB,286,0.1572,0.1489,2.27,0.5,0.2613,0.053,True
0xe53058e9c439d899540992eb7352de3626aaa2ca,L2t,Sports / Baseball / type=moneyline,286,0.1572,0.1489,2.27,0.5,0.2613,0.053,True
0xe53058e9c439d899540992eb7352de3626aaa2ca,L2b,Sports / Baseball / price=0.30-0.50,265,0.1622,0.153,2.28,0.502,0.2405,0.0845,True
0xe53058e9c439d899540992eb7352de3626aaa2ca,L2l,Sports / Baseball / pre,236,0.1975,0.1844,2.69,0.53,0.2427,0.1522,True
0x746069033ad4443923096e6dfdea54ffccd7de6e,L1,Sports,98,0.3867,0.3629,2.4,0.561,0.3208,0.4527,True
0x746069033ad4443923096e6dfdea54ffccd7de6e,L2,Sports / Soccer,96,0.3831,0.3595,2.35,0.562,0.2831,0.483,True
0x746069033ad4443923096e6dfdea54ffccd7de6e,L3,Sports / Soccer / Counter Strike,95,0.3976,0.3713,2.42,0.568,0.3104,0.483,True
0x746069033ad4443923096e6dfdea54ffccd7de6e,L2t,Sports / Soccer / type=moneyline,96,0.3831,0.3595,2.35,0.562,0.2831,0.483,True
0x746069033ad4443923096e6dfdea54ffccd7de6e,L2l,Sports / Soccer / live,65,0.4236,0.3819,2.02,0.585,0.082,0.7547,True
0x746069033ad4443923096e6dfdea54ffccd7de6e,L2l,Esports / Esports / pre,41,0.5585,0.4561,2.66,0.634,0.203,0.8971,True
0x62c68066fe7466ad3048a4adff9ad18cfecdab7b,L1,Esports,911,0.0355,0.0352,1.15,0.562,0.0305,0.0405,False
0x62c68066fe7466ad3048a4adff9ad18cfecdab7b,L1,Sports,176,-0.0336,-0.0277,-0.49,0.534,-0.0156,-0.0515,False
0x62c68066fe7466ad3048a4adff9ad18cfecdab7b,L2,Esports / Esports,911,0.0355,0.0352,1.15,0.562,0.0305,0.0405,False
0x62c68066fe7466ad3048a4adff9ad18cfecdab7b,L2,Sports / Tennis,139,-0.0542,-0.0444,-0.7,0.525,-0.0409,-0.0674,False
0x62c68066fe7466ad3048a4adff9ad18cfecdab7b,L3,Esports / Esports / League of Legends,898,0.0375,0.0372,1.21,0.565,0.0297,0.0454,False
0x62c68066fe7466ad3048a4adff9ad18cfecdab7b,L3,Sports / Tennis / League of Legends,139,-0.0542,-0.0444,-0.7,0.525,-0.0409,-0.0674,False
0x62c68066fe7466ad3048a4adff9ad18cfecdab7b,L2t,Esports / Esports / type=child_moneyline,728,0.0443,0.0438,1.26,0.57,0.0329,0.0557,False
0x62c68066fe7466ad3048a4adff9ad18cfecdab7b,L2t,Esports / Esports / type=moneyline,177,0.0231,0.0232,0.36,0.548,0.0565,-0.0099,False
0x62c68066fe7466ad3048a4adff9ad18cfecdab7b,L2t,Sports / Tennis / type=child_moneyline,81,-0.0047,0.001,-0.05,0.568,0.0442,-0.0524,False
0x62c68066fe7466ad3048a4adff9ad18cfecdab7b,L2t,Sports / Tennis / type=moneyline,58,-0.1234,-0.0856,-1.01,0.466,-0.2511,0.0043,False
0x62c68066fe7466ad3048a4adff9ad18cfecdab7b,L1b,Esports / price=0.50-0.70,438,0.0861,0.0834,2.37,0.626,0.1119,0.0603,True
0x62c68066fe7466ad3048a4adff9ad18cfecdab7b,L1b,Sports / price=0.30-0.50,45,0.2267,0.1643,1.3,0.511,0.3167,0.1405,False
0x62c68066fe7466ad3048a4adff9ad18cfecdab7b,L1b,Esports / price=0.10-0.30,46,0.0823,0.0646,0.29,0.283,-0.2348,0.3994,False
0x62c68066fe7466ad3048a4adff9ad18cfecdab7b,L1b,Esports / price=0.30-0.50,273,-0.0091,-0.0069,-0.14,0.418,0.0221,-0.0402,False
0x62c68066fe7466ad3048a4adff9ad18cfecdab7b,L1b,Esports / price=0.70-0.90,146,-0.0264,-0.0204,-0.56,0.726,-0.0759,0.023,False
0x62c68066fe7466ad3048a4adff9ad18cfecdab7b,L1b,Sports / price=0.50-0.70,94,-0.0904,-0.0703,-1.08,0.521,-0.106,-0.0747,False
0x62c68066fe7466ad3048a4adff9ad18cfecdab7b,L2b,Esports / Esports / price=0.50-0.70,438,0.0861,0.0834,2.37,0.626,0.1119,0.0603,True
0x62c68066fe7466ad3048a4adff9ad18cfecdab7b,L2b,Sports / Tennis / price=0.30-0.50,37,0.2509,0.1713,1.34,0.514,0.2961,0.2082,False
0x62c68066fe7466ad3048a4adff9ad18cfecdab7b,L2b,Esports / Esports / price=0.10-0.30,46,0.0823,0.0646,0.29,0.283,-0.2348,0.3994,False
0x62c68066fe7466ad3048a4adff9ad18cfecdab7b,L2b,Esports / Esports / price=0.30-0.50,273,-0.0091,-0.0069,-0.14,0.418,0.0221,-0.0402,False
0x62c68066fe7466ad3048a4adff9ad18cfecdab7b,L2b,Esports / Esports / price=0.70-0.90,146,-0.0264,-0.0204,-0.56,0.726,-0.0759,0.023,False
0x62c68066fe7466ad3048a4adff9ad18cfecdab7b,L2b,Sports / Tennis / price=0.50-0.70,69,-0.1354,-0.0996,-1.38,0.507,-0.2072,-0.0656,False
0x62c68066fe7466ad3048a4adff9ad18cfecdab7b,L2l,Esports / Esports / live,895,0.0377,0.0374,1.21,0.565,0.0319,0.0434,False
0x62c68066fe7466ad3048a4adff9ad18cfecdab7b,L2l,Sports / Tennis / live,133,-0.079,-0.0655,-1.03,0.519,-0.1002,-0.058,False
0x3e5e8b0cd401211fdb9f162daf4427d589967445,L1,Esports,83,0.2009,0.1982,2.48,0.711,0.2607,0.1426,True
0x3e5e8b0cd401211fdb9f162daf4427d589967445,L2,Esports / Esports,81,0.2138,0.2084,2.62,0.716,0.2713,0.1577,True
0x3e5e8b0cd401211fdb9f162daf4427d589967445,L3,Esports / Esports / League of Legends,61,0.2476,0.2326,2.79,0.754,0.3617,0.1372,True
0x3e5e8b0cd401211fdb9f162daf4427d589967445,L2t,Esports / Esports / type=child_moneyline,67,0.1965,0.1942,2.32,0.731,0.2724,0.1229,True
0x3e5e8b0cd401211fdb9f162daf4427d589967445,L2l,Esports / Esports / live,80,0.223,0.2158,2.71,0.725,0.3398,0.1062,True
0x69fa1bc61d634b7b7b409e1c0ef906e2f157e259,L1,Crypto,721,0.1342,0.1308,2.59,0.451,0.104,0.1643,True
0xf815ac60a1f65b6894fef730c59b91e692104f3e,L3,Sports / Soccer / Bundesliga 2025,30,0.2893,0.174,2.35,0.833,0.3603,0.2182,True
0xf815ac60a1f65b6894fef730c59b91e692104f3e,L2b,Sports / Basketball / price=0.70-0.90,36,0.178,0.1148,3.58,0.944,0.0965,0.2595,True
0xe219de3b5081b45dc5fd1d2225c19b1476f139e2,L1b,Esports / price=0.70-0.90,255,0.0709,0.0655,2.2,0.784,0.0915,0.0504,True
0xe219de3b5081b45dc5fd1d2225c19b1476f139e2,L2b,Esports / Esports / price=0.70-0.90,255,0.0709,0.0655,2.2,0.784,0.0915,0.0504,True
0x600f6630ea8db6ffca5da84ae84365e822044392,L2l,Esports / Esports / live,46,0.3417,0.2491,2.1,0.674,0.6353,0.0481,True
0x6c04b9a304cf969a45ea0be21259d3cdf13da593,L2t,Sports / Soccer / type=moneyline,117,0.2286,0.1861,2.38,0.453,0.0937,0.3611,True
0x32e00152a6a6c3733935323f368b7c4cf553a295,L3,Sports / Soccer / La Liga 2025,30,0.1157,0.0641,2.35,0.9,0.0385,0.193,True
0xbfd82f9361838ec786fb1ebfc2a8b1a77575eeca,L2t,Sports / Hockey / type=moneyline,32,0.3256,0.2336,2.05,0.625,0.2672,0.3839,True
0xbfd82f9361838ec786fb1ebfc2a8b1a77575eeca,L2b,Sports / Basketball / price=0.50-0.70,38,0.3123,0.2344,2.16,0.632,0.392,0.2325,True
0x1337fe91072f3a98647cacda8570ee18482bed5a,L1b,Sports / price=0.50-0.70,484,0.0746,0.0728,2.01,0.64,0.1025,0.0467,True
0x4b90c4051660da6b8b4fc5e00d244b36de36e344,L1b,Crypto / price=0.50-0.70,32,0.3094,0.2038,2.24,0.719,0.4902,0.1286,True
0xcd90fe632f3068abe89a15503a22c364db494bfc,L1b,Sports / price=0.30-0.50,490,0.1353,0.1421,2.66,0.441,0.1635,0.1071,True
0xcd90fe632f3068abe89a15503a22c364db494bfc,L1b,Sports / price=0.50-0.70,241,0.1295,0.1433,2.77,0.585,0.0897,0.1689,True
0xcd90fe632f3068abe89a15503a22c364db494bfc,L2b,Sports / Other sport / price=0.30-0.50,489,0.1362,0.143,2.67,0.442,0.1653,0.1071,True
0xcd90fe632f3068abe89a15503a22c364db494bfc,L2b,Sports / Other sport / price=0.50-0.70,240,0.1321,0.1458,2.82,0.588,0.0855,0.1787,True
0xb5026e69232aa394668fe1edf7e8eda36ab49d8b,L2b,Sports / Other sport / price=0.50-0.70,93,0.2201,0.1737,2.82,0.72,0.2516,0.1893,True
0xf2164d15c8392b273c078b56858ce4e824974844,L1b,Sports / price=0.70-0.90,58,0.1386,0.1584,3.65,0.914,0.1727,0.1046,True
0xf2164d15c8392b273c078b56858ce4e824974844,L2b,Sports / Other sport / price=0.70-0.90,58,0.1386,0.1584,3.65,0.914,0.1727,0.1046,True
0x9d968338cf9e06c32f4efdf489858887cbc60be4,L2,Sports / Basketball,192,0.2855,0.2567,2.11,0.365,0.3787,0.1923,True
0x9d968338cf9e06c32f4efdf489858887cbc60be4,L3,Sports / Basketball / NBA 2026,191,0.2923,0.2626,2.15,0.366,0.3933,0.1923,True
0x9d968338cf9e06c32f4efdf489858887cbc60be4,L2t,Sports / Basketball / type=moneyline,190,0.2991,0.2686,2.19,0.368,0.3933,0.2048,True
0x9d968338cf9e06c32f4efdf489858887cbc60be4,L2b,Sports / Basketball / price=0.10-0.30,85,0.5259,0.4218,2.04,0.318,0.7445,0.3123,True
0x9d968338cf9e06c32f4efdf489858887cbc60be4,L2l,Sports / Basketball / pre,192,0.2855,0.2567,2.11,0.365,0.3787,0.1923,True
0xbb83aab35a624db31653c03f8141620b2f2df415,L2b,Sports / Other sport / price=0.50-0.70,42,0.2465,0.1921,2.09,0.738,0.0835,0.4094,True
0x398cf5300209e19846ad7ae0f24a4d441b5ec935,L1,Sports,843,0.4715,0.4696,3.04,0.39,0.7401,0.2036,True
0x398cf5300209e19846ad7ae0f24a4d441b5ec935,L2,Sports / Other sport,823,0.4745,0.4725,3.02,0.395,0.7574,0.1924,True
0x398cf5300209e19846ad7ae0f24a4d441b5ec935,L3,Sports / Other sport / Lucknow Daily Weather,665,0.5578,0.5529,2.91,0.409,0.8548,0.2618,True
0x398cf5300209e19846ad7ae0f24a4d441b5ec935,L2t,Sports / Other sport / type=binary,823,0.4745,0.4725,3.02,0.395,0.7574,0.1924,True
0x398cf5300209e19846ad7ae0f24a4d441b5ec935,L1b,Sports / price=0.10-0.30,330,0.4565,0.4527,4.28,0.364,0.4512,0.4619,True
0x398cf5300209e19846ad7ae0f24a4d441b5ec935,L1b,Sports / price=0.50-0.70,59,0.2859,0.3122,3.86,0.746,0.2416,0.3287,True
0x398cf5300209e19846ad7ae0f24a4d441b5ec935,L1b,Sports / price=0.30-0.50,154,0.1656,0.1913,2.1,0.429,0.1313,0.1998,True
0x398cf5300209e19846ad7ae0f24a4d441b5ec935,L1b,Sports / price=0.70-0.90,37,0.1267,0.219,3.09,0.784,0.1695,0.0862,True
0x398cf5300209e19846ad7ae0f24a4d441b5ec935,L2b,Sports / Other sport / price=0.10-0.30,326,0.4618,0.4576,4.3,0.365,0.466,0.4576,True
0x398cf5300209e19846ad7ae0f24a4d441b5ec935,L2b,Sports / Other sport / price=0.50-0.70,56,0.3241,0.3413,4.5,0.768,0.3328,0.3154,True
0x398cf5300209e19846ad7ae0f24a4d441b5ec935,L2b,Sports / Other sport / price=0.30-0.50,153,0.1732,0.1982,2.19,0.431,0.1462,0.1998,True
0x398cf5300209e19846ad7ae0f24a4d441b5ec935,L2b,Sports / Other sport / price=0.70-0.90,36,0.125,0.2195,2.97,0.778,0.1723,0.0778,True
0x398cf5300209e19846ad7ae0f24a4d441b5ec935,L2l,Sports / Other sport / live,566,0.4692,0.4665,2.18,0.376,0.6911,0.2473,True
0x398cf5300209e19846ad7ae0f24a4d441b5ec935,L2l,Sports / Other sport / pre,257,0.4862,0.4793,2.83,0.436,0.7499,0.2246,True
0x6ed82f5fc1a0522c8b937312407597383d757559,L1b,Sports / price=0.50-0.70,74,0.212,0.1859,2.19,0.676,0.3027,0.1212,True
0x26910eb79ce05cf3a527dcac37394eed04416c3c,L2b,Sports / Soccer / price=0.50-0.70,76,0.1777,0.1312,2.39,0.711,0.2698,0.0857,True
0x177500541ae20bb0d46ab0db3fd2559e2a7e85b0,L1,Sports,1307,0.2463,0.2457,5.02,0.565,0.2023,0.2902,True
0x177500541ae20bb0d46ab0db3fd2559e2a7e85b0,L2,Sports / Other sport,1300,0.2488,0.2481,5.06,0.568,0.2083,0.2892,True
0x177500541ae20bb0d46ab0db3fd2559e2a7e85b0,L3,Sports / Other sport / Busan Daily Weather,596,0.3301,0.326,3.85,0.604,0.2547,0.4055,True
0x177500541ae20bb0d46ab0db3fd2559e2a7e85b0,L3,Sports / Other sport / Seoul Daily Weather,535,0.1977,0.198,3.37,0.557,0.2599,0.1357,True
0x177500541ae20bb0d46ab0db3fd2559e2a7e85b0,L2t,Sports / Other sport / type=binary,1294,0.2508,0.2501,5.07,0.57,0.2132,0.2883,True
0x177500541ae20bb0d46ab0db3fd2559e2a7e85b0,L1b,Sports / price=0.10-0.30,256,0.4281,0.412,3.75,0.379,0.2466,0.6096,True
0x177500541ae20bb0d46ab0db3fd2559e2a7e85b0,L1b,Sports / price=0.30-0.50,192,0.3555,0.3414,5.73,0.552,0.3381,0.3729,True
0x177500541ae20bb0d46ab0db3fd2559e2a7e85b0,L1b,Sports / price=0.50-0.70,205,0.2106,0.2102,7.11,0.688,0.16,0.2608,True
0x177500541ae20bb0d46ab0db3fd2559e2a7e85b0,L1b,Sports / price=0.70-0.90,282,0.0803,0.0886,5.99,0.738,0.0394,0.1212,True
0x177500541ae20bb0d46ab0db3fd2559e2a7e85b0,L2b,Sports / Other sport / price=0.10-0.30,253,0.4233,0.4074,3.69,0.379,0.2588,0.5865,True
0x177500541ae20bb0d46ab0db3fd2559e2a7e85b0,L2b,Sports / Other sport / price=0.30-0.50,191,0.3626,0.3478,5.85,0.555,0.3366,0.3883,True
0x177500541ae20bb0d46ab0db3fd2559e2a7e85b0,L2b,Sports / Other sport / price=0.50-0.70,205,0.2106,0.2102,7.11,0.688,0.16,0.2608,True
0x177500541ae20bb0d46ab0db3fd2559e2a7e85b0,L2b,Sports / Other sport / price=0.70-0.90,282,0.0803,0.0886,5.99,0.738,0.0394,0.1212,True
0x177500541ae20bb0d46ab0db3fd2559e2a7e85b0,L2l,Sports / Other sport / live,1167,0.2504,0.2496,4.84,0.579,0.2116,0.289,True
0x094083e2a805e5e890008f439039c56d8ccc15b7,L3,Sports / Other sport / Milan Daily Weather,48,0.6418,0.4856,2.1,0.417,0.885,0.3986,True
0xc5dbdeb9d7b057e9bcc0fa874940ea5cd529b42d,L2t,Sports / Tennis / type=moneyline,367,0.0418,0.0395,2.37,0.91,0.0437,0.04,True
0xc5dbdeb9d7b057e9bcc0fa874940ea5cd529b42d,L2b,Sports / Hockey / price=0.70-0.90,37,0.13,0.0829,4.46,0.946,0.1747,0.0875,True
0xc5dbdeb9d7b057e9bcc0fa874940ea5cd529b42d,L2l,Sports / Tennis / pre,82,0.082,0.0651,2.15,0.902,0.0879,0.0761,True
0xc5dbdeb9d7b057e9bcc0fa874940ea5cd529b42d,L2l,Sports / Basketball / pre,66,0.0766,0.0578,2.11,0.924,0.0192,0.134,True
0x30634e6e3543b39595e40cade3c28565e9229108,L2t,Sports / Other sport / type=soccer_team_total_corners,68,0.2405,0.1875,2.05,0.632,0.1765,0.3044,True
0x30634e6e3543b39595e40cade3c28565e9229108,L1b,Sports / price=0.50-0.70,667,0.0689,0.0671,2.05,0.606,0.0498,0.0879,True
0x30634e6e3543b39595e40cade3c28565e9229108,L2b,Sports / Other sport / price=0.50-0.70,136,0.1508,0.1324,2.04,0.647,0.184,0.1177,True
0x0df758f3a438f88d9b98da42ab76cd585a101ec1,L1,Sports,5311,0.1605,0.1605,4.5,0.547,0.1694,0.1515,True
0x0df758f3a438f88d9b98da42ab76cd585a101ec1,L2,Sports / Soccer,1366,0.2163,0.2155,4.06,0.592,0.2049,0.2277,True
0x0df758f3a438f88d9b98da42ab76cd585a101ec1,L2,Sports / Baseball,845,0.1261,0.1269,2.33,0.542,0.226,0.0264,True
0x0df758f3a438f88d9b98da42ab76cd585a101ec1,L2,Sports / Tennis,2542,0.0691,0.0698,2.03,0.522,0.0558,0.0823,True
0x0df758f3a438f88d9b98da42ab76cd585a101ec1,L3,Sports / Baseball / MLB,845,0.1261,0.1269,2.33,0.542,0.226,0.0264,True
0x0df758f3a438f88d9b98da42ab76cd585a101ec1,L2t,Sports / Soccer / type=moneyline,1366,0.2163,0.2155,4.06,0.592,0.2049,0.2277,True
0x0df758f3a438f88d9b98da42ab76cd585a101ec1,L2t,Sports / Baseball / type=moneyline,845,0.1261,0.1269,2.33,0.542,0.226,0.0264,True
0x0df758f3a438f88d9b98da42ab76cd585a101ec1,L2t,Sports / Tennis / type=moneyline,2542,0.0691,0.0698,2.03,0.522,0.0558,0.0823,True
0x0df758f3a438f88d9b98da42ab76cd585a101ec1,L1b,Sports / price=0.00-0.10,188,1.991,1.815,2.29,0.117,1.6826,2.2994,True
0x0df758f3a438f88d9b98da42ab76cd585a101ec1,L1b,Sports / price=0.10-0.30,961,0.2139,0.2128,2.86,0.241,0.3003,0.1277,True
0x0df758f3a438f88d9b98da42ab76cd585a101ec1,L1b,Sports / price=0.50-0.70,1486,0.0872,0.0882,4.12,0.645,0.0996,0.0749,True
0x0df758f3a438f88d9b98da42ab76cd585a101ec1,L1b,Sports / price=0.30-0.50,1345,0.09,0.091,2.59,0.433,0.1098,0.0703,True
0x0df758f3a438f88d9b98da42ab76cd585a101ec1,L2b,Sports / Soccer / price=0.10-0.30,259,0.5486,0.5208,3.34,0.29,0.5542,0.5431,True
0x0df758f3a438f88d9b98da42ab76cd585a101ec1,L2b,Sports / Tennis / price=0.50-0.70,728,0.1052,0.1067,3.51,0.658,0.1336,0.0767,True
0x0df758f3a438f88d9b98da42ab76cd585a101ec1,L2b,Sports / Baseball / price=0.50-0.70,306,0.1037,0.1072,2.16,0.641,0.1307,0.0768,True
0x0df758f3a438f88d9b98da42ab76cd585a101ec1,L2b,Sports / Soccer / price=0.70-0.90,365,0.062,0.0671,2.53,0.841,0.0689,0.0551,True
0x0df758f3a438f88d9b98da42ab76cd585a101ec1,L2l,Sports / Soccer / live,1366,0.2163,0.2155,4.06,0.592,0.2049,0.2277,True
0x0df758f3a438f88d9b98da42ab76cd585a101ec1,L2l,Sports / Baseball / live,844,0.1255,0.1263,2.32,0.541,0.226,0.0251,True
0x0df758f3a438f88d9b98da42ab76cd585a101ec1,L2l,Sports / Tennis / live,2413,0.0733,0.074,2.07,0.522,0.0604,0.0862,True
0xfd80d58f9346659dd69a7b9d8d82aa705dd2393a,L1,Crypto,353,0.0158,0.0142,0.77,0.861,0.0358,-0.004,False
0xfd80d58f9346659dd69a7b9d8d82aa705dd2393a,L1,Sports,222,-0.0582,-0.0546,-1.17,0.64,-0.0055,-0.1109,False
0xfd80d58f9346659dd69a7b9d8d82aa705dd2393a,L2,Crypto / Bitcoin,71,0.0701,0.0514,1.64,0.915,0.1209,0.0206,False
0xfd80d58f9346659dd69a7b9d8d82aa705dd2393a,L2,Crypto / Crypto Prices,91,0.0153,0.0099,0.32,0.857,0.0813,-0.0493,False
0xfd80d58f9346659dd69a7b9d8d82aa705dd2393a,L2,Crypto / Ethereum,179,0.0006,-0.001,0.02,0.844,-0.0583,0.0588,False
0xfd80d58f9346659dd69a7b9d8d82aa705dd2393a,L2,Sports / Basketball,188,-0.0535,-0.0498,-1.02,0.66,0.0373,-0.1442,False
0xfd80d58f9346659dd69a7b9d8d82aa705dd2393a,L3,Crypto / Bitcoin / Bitcoin Neg Risk 4H,37,0.1115,0.0671,2.3,0.946,0.1924,0.0348,True
0xfd80d58f9346659dd69a7b9d8d82aa705dd2393a,L3,Crypto / Crypto Prices / Ethereum Neg Risk 4H,59,0.0451,0.0299,0.83,0.881,0.0998,-0.0078,False
0xfd80d58f9346659dd69a7b9d8d82aa705dd2393a,L3,Crypto / Ethereum / Ethereum Neg Risk Weekly,146,0.0194,0.0152,0.69,0.849,-0.0393,0.078,False
0xfd80d58f9346659dd69a7b9d8d82aa705dd2393a,L3,Crypto / Bitcoin / Bitcoin Neg Risk Weekly,26,0.0388,0.0155,0.46,0.885,0.0788,-0.0012,False
0xfd80d58f9346659dd69a7b9d8d82aa705dd2393a,L3,Sports / Basketball / NBA 2026,188,-0.0535,-0.0498,-1.02,0.66,0.0373,-0.1442,False
0xfd80d58f9346659dd69a7b9d8d82aa705dd2393a,L2t,Crypto / Bitcoin / type=negrisk,63,0.0815,0.0583,1.82,0.921,0.0905,0.0727,False
0xfd80d58f9346659dd69a7b9d8d82aa705dd2393a,L2t,Crypto / Crypto Prices / type=negrisk,77,0.0335,0.0235,0.73,0.883,0.0671,0.0008,False
0xfd80d58f9346659dd69a7b9d8d82aa705dd2393a,L2t,Crypto / Ethereum / type=negrisk,162,0.0198,0.0159,0.76,0.858,-0.0336,0.0731,False
0xfd80d58f9346659dd69a7b9d8d82aa705dd2393a,L2t,Sports / Basketball / type=moneyline,153,-0.0141,-0.0142,-0.26,0.725,0.0647,-0.092,False
0xfd80d58f9346659dd69a7b9d8d82aa705dd2393a,L1b,Crypto / price=0.70-0.90,149,0.0367,0.0306,1.1,0.832,0.0331,0.0403,False
0xfd80d58f9346659dd69a7b9d8d82aa705dd2393a,L1b,Sports / price=0.90-1.00,38,-0.0047,-0.0082,-0.12,0.947,0.0385,-0.0479,False
0xfd80d58f9346659dd69a7b9d8d82aa705dd2393a,L1b,Crypto / price=0.90-1.00,181,-0.0164,-0.0163,-0.84,0.912,-0.0027,-0.03,False
0xfd80d58f9346659dd69a7b9d8d82aa705dd2393a,L1b,Sports / price=0.50-0.70,77,-0.0305,-0.0273,-0.31,0.545,0.0843,-0.1424,False
0xfd80d58f9346659dd69a7b9d8d82aa705dd2393a,L1b,Sports / price=0.30-0.50,29,-0.0719,-0.0486,-0.36,0.414,0.1018,-0.2341,False
0xfd80d58f9346659dd69a7b9d8d82aa705dd2393a,L1b,Sports / price=0.70-0.90,68,-0.0636,-0.0525,-1.02,0.75,-0.0954,-0.0318,False
0xfd80d58f9346659dd69a7b9d8d82aa705dd2393a,L2b,Crypto / Ethereum / price=0.70-0.90,67,0.0715,0.0516,1.59,0.836,0.0771,0.066,False
0xfd80d58f9346659dd69a7b9d8d82aa705dd2393a,L2b,Sports / Basketball / price=0.30-0.50,25,0.0766,0.0359,0.35,0.48,-0.0653,0.2075,False
0xfd80d58f9346659dd69a7b9d8d82aa705dd2393a,L2b,Crypto / Bitcoin / price=0.90-1.00,30,0.0302,0.0122,0.84,0.967,0.0597,0.0008,False
0xfd80d58f9346659dd69a7b9d8d82aa705dd2393a,L2b,Crypto / Bitcoin / price=0.70-0.90,36,0.0245,0.0105,0.36,0.861,0.1037,-0.0546,False
0xfd80d58f9346659dd69a7b9d8d82aa705dd2393a,L2b,Crypto / Crypto Prices / price=0.90-1.00,44,0.0084,0.0011,0.25,0.955,0.0515,-0.0348,False
0xfd80d58f9346659dd69a7b9d8d82aa705dd2393a,L2b,Sports / Basketball / price=0.90-1.00,38,-0.0047,-0.0082,-0.12,0.947,0.0385,-0.0479,False
0xfd80d58f9346659dd69a7b9d8d82aa705dd2393a,L2b,Crypto / Crypto Prices / price=0.70-0.90,39,-0.0062,-0.0092,-0.08,0.795,0.1067,-0.1135,False
0xfd80d58f9346659dd69a7b9d8d82aa705dd2393a,L2b,Crypto / Ethereum / price=0.90-1.00,102,-0.0326,-0.0297,-1.17,0.882,-0.0434,-0.0219,False
0xfd80d58f9346659dd69a7b9d8d82aa705dd2393a,L2b,Sports / Basketball / price=0.70-0.90,67,-0.0681,-0.0558,-1.08,0.746,-0.068,-0.0681,False
0xfd80d58f9346659dd69a7b9d8d82aa705dd2393a,L2b,Sports / Basketball / price=0.50-0.70,49,-0.0867,-0.0659,-0.71,0.51,0.2499,-0.4098,False
0xfd80d58f9346659dd69a7b9d8d82aa705dd2393a,L2l,Sports / Basketball / live,75,-0.0119,-0.0125,-0.18,0.773,0.0302,-0.0529,False
0xfd80d58f9346659dd69a7b9d8d82aa705dd2393a,L2l,Sports / Basketball / pre,113,-0.0811,-0.0711,-1.08,0.584,-0.0314,-0.1299,False
0xd4b659f0cc516b7867bfae41c517b9117c385858,L1,Esports,82,0.5373,0.4438,2.13,0.415,0.6207,0.454,True
0xd4b659f0cc516b7867bfae41c517b9117c385858,L2,Esports / Esports,82,0.5373,0.4438,2.13,0.415,0.6207,0.454,True
0xd4b659f0cc516b7867bfae41c517b9117c385858,L3,Esports / Esports / League of Legends,54,0.6856,0.5166,2.24,0.444,0.992,0.3792,True
0xd4b659f0cc516b7867bfae41c517b9117c385858,L1b,Esports / price=0.10-0.30,35,0.9278,0.6123,2.09,0.371,1.2928,0.5831,True
0xd4b659f0cc516b7867bfae41c517b9117c385858,L2b,Esports / Esports / price=0.10-0.30,35,0.9278,0.6123,2.09,0.371,1.2928,0.5831,True
0xd4b659f0cc516b7867bfae41c517b9117c385858,L2l,Esports / Esports / live,81,0.5447,0.4488,2.14,0.42,0.6376,0.454,True
0x948f67a0d66c1c196491b149923bcd4fa2510b98,L3,Sports / Other sport / Cape Town Daily Weather,274,0.35,0.3645,2.92,0.704,0.3522,0.3479,True
0x948f67a0d66c1c196491b149923bcd4fa2510b98,L3,Sports / Other sport / Seoul Daily Weather,275,0.2466,0.268,2.33,0.724,0.2658,0.2276,True
0x948f67a0d66c1c196491b149923bcd4fa2510b98,L3,Sports / Other sport / Miami Daily Lowest Temperature,97,0.2853,0.3327,2.94,0.784,0.3819,0.1906,True
0x948f67a0d66c1c196491b149923bcd4fa2510b98,L3,Sports / Other sport / NYC Daily Lowest Temperature,194,0.1574,0.1953,2.31,0.784,0.2766,0.0383,True
0x948f67a0d66c1c196491b149923bcd4fa2510b98,L1b,Sports / price=0.10-0.30,339,0.276,0.2919,2.29,0.283,0.492,0.0612,True
0x948f67a0d66c1c196491b149923bcd4fa2510b98,L1b,Sports / price=0.70-0.90,873,0.0715,0.0825,5.44,0.869,0.0792,0.0638,True
0x948f67a0d66c1c196491b149923bcd4fa2510b98,L1b,Sports / price=0.50-0.70,374,0.102,0.1254,2.68,0.679,0.1703,0.0336,True
0x948f67a0d66c1c196491b149923bcd4fa2510b98,L2b,Sports / Other sport / price=0.10-0.30,324,0.253,0.271,2.05,0.275,0.4272,0.0788,True
0x948f67a0d66c1c196491b149923bcd4fa2510b98,L2b,Sports / Other sport / price=0.50-0.70,368,0.1109,0.1342,2.89,0.688,0.1882,0.0337,True
0x948f67a0d66c1c196491b149923bcd4fa2510b98,L2b,Sports / Other sport / price=0.70-0.90,854,0.0698,0.0811,5.22,0.868,0.0709,0.0687,True
0x89b6593ddaf149c72c2b4b06719a20463d7b886e,L2,Sports / Baseball,62,0.1229,0.0766,2.4,0.823,0.046,0.1998,True
0x89b6593ddaf149c72c2b4b06719a20463d7b886e,L2t,Sports / Soccer / type=moneyline,153,0.1543,0.1287,2.02,0.588,0.1671,0.1416,True
0x234c96d402d7cfb7914724017b6f458e517a90db,L3,Sports / Other sport / Houston Daily Weather,69,0.9306,0.7201,2.14,0.464,1.7987,0.0872,True
0x1d6819679e37b51fc1d01ac7691cb4f408dd4354,L1,Sports,684,0.375,0.3734,4.26,0.722,0.2583,0.4917,True
0x1d6819679e37b51fc1d01ac7691cb4f408dd4354,L2,Sports / Tennis,392,0.361,0.359,2.72,0.681,0.0116,0.7104,True
0x1d6819679e37b51fc1d01ac7691cb4f408dd4354,L2,Sports / Soccer,190,0.4723,0.4577,3.89,0.816,0.7069,0.2377,True
0x1d6819679e37b51fc1d01ac7691cb4f408dd4354,L3,Sports / Soccer / FIFA World Cup,57,1.044,0.8557,3.51,0.947,1.7593,0.3534,True
0x1d6819679e37b51fc1d01ac7691cb4f408dd4354,L2t,Sports / Tennis / type=moneyline,306,0.4808,0.4709,2.87,0.686,0.03,0.9316,True
0x1d6819679e37b51fc1d01ac7691cb4f408dd4354,L1b,Sports / price=0.10-0.30,108,0.726,0.6624,3.48,0.556,0.3359,1.116,True
0x1d6819679e37b51fc1d01ac7691cb4f408dd4354,L1b,Sports / price=0.30-0.50,103,0.3786,0.3689,4.15,0.689,0.5593,0.2014,True
0x1d6819679e37b51fc1d01ac7691cb4f408dd4354,L1b,Sports / price=0.50-0.70,146,0.1549,0.1747,2.85,0.719,0.0722,0.2376,True
0x1d6819679e37b51fc1d01ac7691cb4f408dd4354,L2b,Sports / Soccer / price=0.10-0.30,31,1.2381,0.8777,2.81,0.677,1.2565,1.2209,True
0x1d6819679e37b51fc1d01ac7691cb4f408dd4354,L2b,Sports / Tennis / price=0.10-0.30,68,0.6292,0.5587,2.47,0.515,0.0354,1.223,True
0x1d6819679e37b51fc1d01ac7691cb4f408dd4354,L2b,Sports / Soccer / price=0.50-0.70,32,0.5373,0.4533,9.74,0.969,0.4167,0.6578,True
0x1d6819679e37b51fc1d01ac7691cb4f408dd4354,L2b,Sports / Tennis / price=0.30-0.50,65,0.2504,0.2666,2.41,0.677,0.4394,0.0672,True
0x1d6819679e37b51fc1d01ac7691cb4f408dd4354,L2l,Sports / Tennis / pre,161,0.7155,0.6717,2.67,0.609,0.0808,1.3423,True
0x1d6819679e37b51fc1d01ac7691cb4f408dd4354,L2l,Sports / Soccer / pre,135,0.5904,0.5554,3.74,0.807,0.9844,0.2022,True
0xd81e5bc01e4a98d0af93d82dc2c542a4c0f9e3d0,L2t,Sports / Baseball / type=spreads,55,0.3437,0.2572,2.46,0.709,0.4771,0.215,True
0x353b43033b5ddd7904c1c6f037324f0bd588e535,L2b,Sports / Soccer / price=0.50-0.70,30,0.321,0.2175,2.55,0.8,0.4111,0.2308,True
0x0ee1f6ce74081e6df165be0ac7877c3718bc268b,L2t,Sports / Soccer / type=moneyline,35,0.4907,0.3241,2.13,0.686,0.6714,0.3201,True
0xad8828df46f40d377468a325c9f8d5f914363c1e,L2t,Sports / Baseball / type=moneyline,347,0.1253,0.1202,2.26,0.562,0.1417,0.1089,True
0x9b2d2f9a51ec5e1809b1f698477b74c8d1326708,L1,Sports,483,0.1539,0.1544,2.97,0.683,0.2441,0.0641,True
0x9b2d2f9a51ec5e1809b1f698477b74c8d1326708,L2,Sports / Other sport,92,0.2939,0.2712,2.74,0.793,0.5666,0.0212,True
0x9b2d2f9a51ec5e1809b1f698477b74c8d1326708,L1b,Sports / price=0.10-0.30,60,1.03,0.8142,3.38,0.45,1.5729,0.4871,True
0x9b2d2f9a51ec5e1809b1f698477b74c8d1326708,L2b,Sports / Soccer / price=0.10-0.30,39,0.917,0.6627,2.33,0.41,1.3549,0.501,True
0x9b2d2f9a51ec5e1809b1f698477b74c8d1326708,L2l,Sports / Other sport / live,92,0.2939,0.2712,2.74,0.793,0.5666,0.0212,True
0xc551705ae47e8740ee01e2672b395de52595fa51,L1,Sports,1642,0.4568,0.4568,6.3,0.78,0.534,0.3796,True
0xc551705ae47e8740ee01e2672b395de52595fa51,L2,Sports / Other sport,416,0.794,0.7785,2.95,0.82,0.8584,0.7296,True
0xc551705ae47e8740ee01e2672b395de52595fa51,L2,Sports / Soccer,1221,0.3442,0.346,10.42,0.767,0.4233,0.2653,True
0xc551705ae47e8740ee01e2672b395de52595fa51,L3,Sports / Soccer / MLS 2025,174,0.6149,0.5985,4.46,0.845,0.644,0.5857,True
0xc551705ae47e8740ee01e2672b395de52595fa51,L3,Sports / Soccer / EFL Championship,36,0.8813,0.7293,3.09,0.944,0.6033,1.1594,True
0xc551705ae47e8740ee01e2672b395de52595fa51,L3,Sports / Other sport / Japan J League,53,0.5675,0.5369,4.49,0.887,0.5442,0.59,True
0xc551705ae47e8740ee01e2672b395de52595fa51,L3,Sports / Soccer / La Liga 2025,83,0.3393,0.3619,5.14,0.819,0.3108,0.367,True
0xc551705ae47e8740ee01e2672b395de52595fa51,L3,Sports / Soccer / Brazil Serie A,69,0.373,0.3916,2.39,0.696,0.2664,0.4765,True
0xc551705ae47e8740ee01e2672b395de52595fa51,L3,Sports / Other sport / Serie B,32,0.5357,0.5049,2.75,0.844,0.414,0.6574,True
0xc551705ae47e8740ee01e2672b395de52595fa51,L3,Sports / Soccer / Saudi Professional League,31,0.523,0.4966,2.44,0.839,0.2719,0.7584,True
0xc551705ae47e8740ee01e2672b395de52595fa51,L3,Sports / Soccer / La Liga 2,55,0.3403,0.371,2.92,0.818,0.3155,0.3642,True
0xc551705ae47e8740ee01e2672b395de52595fa51,L3,Sports / Other sport / Süper Lig 2025,33,0.4506,0.4526,2.15,0.848,0.3245,0.5694,True
0xc551705ae47e8740ee01e2672b395de52595fa51,L3,Sports / Soccer / Copa Libertadores 2025,44,0.3155,0.3593,2.2,0.636,0.6136,0.0174,True
0xc551705ae47e8740ee01e2672b395de52595fa51,L3,Sports / Soccer / Bundesliga 2025,66,0.2422,0.2919,4.23,0.803,0.2591,0.2253,True
0xc551705ae47e8740ee01e2672b395de52595fa51,L3,Sports / Soccer / Premier League 2025,74,0.2066,0.2596,3.15,0.824,0.1997,0.2134,True
0xc551705ae47e8740ee01e2672b395de52595fa51,L3,Sports / Soccer / Ligue 1 2025,46,0.2126,0.2863,2.5,0.804,0.1574,0.2678,True
0xc551705ae47e8740ee01e2672b395de52595fa51,L2t,Sports / Other sport / type=moneyline,181,0.7554,0.7256,2.72,0.818,0.4278,1.0793,True
0xc551705ae47e8740ee01e2672b395de52595fa51,L2t,Sports / Soccer / type=totals,634,0.3213,0.3254,7.31,0.773,0.4386,0.2041,True
0xc551705ae47e8740ee01e2672b395de52595fa51,L2t,Sports / Soccer / type=moneyline,460,0.3535,0.3578,6.97,0.754,0.324,0.3831,True
0xc551705ae47e8740ee01e2672b395de52595fa51,L2t,Sports / Soccer / type=spreads,71,0.5853,0.5568,2.48,0.704,0.4204,0.7456,True
0xc551705ae47e8740ee01e2672b395de52595fa51,L2t,Sports / Soccer / type=both_teams_to_score,56,0.2211,0.2829,2.49,0.893,0.3582,0.084,True
0xc551705ae47e8740ee01e2672b395de52595fa51,L1b,Sports / price=0.10-0.30,228,0.9456,0.9061,7.84,0.684,1.0183,0.8729,True
0xc551705ae47e8740ee01e2672b395de52595fa51,L1b,Sports / price=0.30-0.50,361,0.5257,0.522,12.72,0.778,0.5207,0.5306,True
0xc551705ae47e8740ee01e2672b395de52595fa51,L1b,Sports / price=0.50-0.70,431,0.2196,0.23,9.01,0.794,0.2758,0.1635,True
0xc551705ae47e8740ee01e2672b395de52595fa51,L1b,Sports / price=0.70-0.90,489,0.0998,0.1138,7.33,0.853,0.112,0.0876,True
0xc551705ae47e8740ee01e2672b395de52595fa51,L2b,Sports / Soccer / price=0.10-0.30,178,0.7926,0.7585,6.25,0.663,1.0126,0.5725,True
0xc551705ae47e8740ee01e2672b395de52595fa51,L2b,Sports / Other sport / price=0.10-0.30,50,1.4904,1.1948,4.9,0.76,0.8662,2.1146,True
0xc551705ae47e8740ee01e2672b395de52595fa51,L2b,Sports / Soccer / price=0.30-0.50,256,0.5138,0.5096,10.5,0.766,0.5224,0.5051,True
0xc551705ae47e8740ee01e2672b395de52595fa51,L2b,Sports / Other sport / price=0.30-0.50,105,0.5548,0.5389,7.17,0.81,0.5268,0.5822,True
0xc551705ae47e8740ee01e2672b395de52595fa51,L2b,Sports / Soccer / price=0.50-0.70,314,0.2025,0.2176,7.07,0.78,0.2593,0.1456,True
0xc551705ae47e8740ee01e2672b395de52595fa51,L2b,Sports / Other sport / price=0.50-0.70,113,0.2827,0.3087,6.17,0.841,0.3514,0.2152,True
0xc551705ae47e8740ee01e2672b395de52595fa51,L2b,Sports / Soccer / price=0.70-0.90,368,0.092,0.1107,6.05,0.842,0.1154,0.0686,True
0xc551705ae47e8740ee01e2672b395de52595fa51,L2b,Sports / Other sport / price=0.70-0.90,120,0.1217,0.1694,4.06,0.883,0.1002,0.1433,True
0xc551705ae47e8740ee01e2672b395de52595fa51,L2l,Sports / Other sport / live,416,0.794,0.7785,2.95,0.82,0.8584,0.7296,True
0xc551705ae47e8740ee01e2672b395de52595fa51,L2l,Sports / Soccer / live,1220,0.3453,0.3471,10.45,0.768,0.4252,0.2654,True
0xddf195cef40e7237238e540e2264943d9ba3a604,L1,Sports,1141,0.1575,0.1573,3.66,0.574,0.1327,0.1822,True
0xddf195cef40e7237238e540e2264943d9ba3a604,L2,Sports / Soccer,1079,0.1476,0.1476,3.47,0.575,0.1364,0.1588,True
0xddf195cef40e7237238e540e2264943d9ba3a604,L3,Sports / Soccer / FIFA World Cup,383,0.1155,0.1171,2.56,0.556,0.1426,0.0885,True
0xddf195cef40e7237238e540e2264943d9ba3a604,L2t,Sports / Soccer / type=moneyline,597,0.1642,0.1637,2.46,0.58,0.0728,0.2553,True
0xddf195cef40e7237238e540e2264943d9ba3a604,L2t,Sports / Soccer / type=spreads,374,0.171,0.1698,3.02,0.57,0.2453,0.0968,True
0xddf195cef40e7237238e540e2264943d9ba3a604,L1b,Sports / price=0.10-0.30,110,0.4393,0.3944,2.71,0.427,0.5648,0.3137,True
0xddf195cef40e7237238e540e2264943d9ba3a604,L1b,Sports / price=0.30-0.50,243,0.1673,0.1658,3.39,0.523,0.1322,0.2021,True
0xddf195cef40e7237238e540e2264943d9ba3a604,L1b,Sports / price=0.50-0.70,405,0.1126,0.1142,4.92,0.607,0.0896,0.1355,True
0xddf195cef40e7237238e540e2264943d9ba3a604,L2b,Sports / Soccer / price=0.10-0.30,104,0.4054,0.3638,2.44,0.423,0.4985,0.3123,True
0xddf195cef40e7237238e540e2264943d9ba3a604,L2b,Sports / Soccer / price=0.30-0.50,233,0.1678,0.1662,3.35,0.519,0.1329,0.2024,True
0xddf195cef40e7237238e540e2264943d9ba3a604,L2b,Sports / Soccer / price=0.50-0.70,385,0.1211,0.1224,5.23,0.618,0.0967,0.1455,True
0xddf195cef40e7237238e540e2264943d9ba3a604,L2l,Sports / Soccer / live,1075,0.146,0.146,3.42,0.574,0.133,0.159,True
0x76bc1648f0f83a81cc5f73ac020243f81394fcca,L1,Sports,1510,0.2697,0.2697,2.92,0.41,0.122,0.4174,True
0x76bc1648f0f83a81cc5f73ac020243f81394fcca,L2,Sports / Soccer,1037,0.3074,0.3067,2.42,0.398,0.1143,0.5001,True
0x76bc1648f0f83a81cc5f73ac020243f81394fcca,L2t,Sports / Soccer / type=moneyline,672,0.255,0.2554,2.68,0.417,0.1216,0.3883,True
0x76bc1648f0f83a81cc5f73ac020243f81394fcca,L1b,Sports / price=0.10-0.30,402,0.3124,0.3103,3.31,0.326,0.3344,0.2904,True
0x76bc1648f0f83a81cc5f73ac020243f81394fcca,L2b,Sports / Soccer / price=0.10-0.30,279,0.3666,0.3601,3.23,0.341,0.3621,0.3711,True
0x76bc1648f0f83a81cc5f73ac020243f81394fcca,L2b,Sports / Other sport / price=0.30-0.50,126,0.2194,0.2261,2.85,0.476,0.305,0.1337,True
0x76bc1648f0f83a81cc5f73ac020243f81394fcca,L2l,Sports / Soccer / live,1035,0.3081,0.3073,2.42,0.399,0.1146,0.5012,True
0xcdd4bb5ef1365e8b7db5282c4632051850687696,L1,Other,45,0.4997,0.336,3.38,0.6,0.2695,0.7198,True
0xcdd4bb5ef1365e8b7db5282c4632051850687696,L2,Other / ?,43,0.5694,0.3784,3.89,0.628,0.4247,0.7076,True
0xcdd4bb5ef1365e8b7db5282c4632051850687696,L3,Other / ? / ?,43,0.5694,0.3784,3.89,0.628,0.4247,0.7076,True
0xcdd4bb5ef1365e8b7db5282c4632051850687696,L2t,Other / ? / type=binary,43,0.5694,0.3784,3.89,0.628,0.4247,0.7076,True
0xf40aad7e08f1b48a85af4844b172a06f6f6dea0a,L1,Sports,1460,0.1094,0.1094,4.57,0.792,0.1129,0.106,True
0xf40aad7e08f1b48a85af4844b172a06f6f6dea0a,L2,Sports / Soccer,1103,0.0927,0.093,3.53,0.79,0.0902,0.0952,True
0xf40aad7e08f1b48a85af4844b172a06f6f6dea0a,L2,Sports / Other sport,357,0.1611,0.1584,2.93,0.798,0.183,0.1394,True
0xf40aad7e08f1b48a85af4844b172a06f6f6dea0a,L3,Sports / Soccer / FIFA World Cup,209,0.0688,0.0724,2.04,0.809,0.071,0.0667,True
0xf40aad7e08f1b48a85af4844b172a06f6f6dea0a,L3,Sports / Other sport / Denmark Superliga,51,0.1244,0.1202,2.07,0.706,0.1664,0.0839,True
0xf40aad7e08f1b48a85af4844b172a06f6f6dea0a,L3,Sports / Other sport / Süper Lig 2025,47,0.105,0.1063,2.31,0.894,0.1637,0.0487,True
0xf40aad7e08f1b48a85af4844b172a06f6f6dea0a,L2t,Sports / Other sport / type=moneyline,322,0.1619,0.1588,2.67,0.783,0.1989,0.1249,True
0xf40aad7e08f1b48a85af4844b172a06f6f6dea0a,L2t,Sports / Soccer / type=spreads,189,0.1557,0.1512,3.11,0.81,0.0991,0.2116,True
0xf40aad7e08f1b48a85af4844b172a06f6f6dea0a,L2t,Sports / Soccer / type=moneyline,810,0.0597,0.0609,2.51,0.768,0.0931,0.0263,True
0xf40aad7e08f1b48a85af4844b172a06f6f6dea0a,L1b,Sports / price=0.30-0.50,129,0.2624,0.2418,3.55,0.589,0.1828,0.3407,True
0xf40aad7e08f1b48a85af4844b172a06f6f6dea0a,L1b,Sports / price=0.50-0.70,268,0.0977,0.0985,2.82,0.675,0.0931,0.1023,True
0xf40aad7e08f1b48a85af4844b172a06f6f6dea0a,L1b,Sports / price=0.70-0.90,514,0.0474,0.0497,3.16,0.835,0.0493,0.0454,True
0xf40aad7e08f1b48a85af4844b172a06f6f6dea0a,L2b,Sports / Soccer / price=0.30-0.50,90,0.2184,0.1986,2.47,0.567,0.1928,0.244,True
0xf40aad7e08f1b48a85af4844b172a06f6f6dea0a,L2b,Sports / Other sport / price=0.30-0.50,39,0.3639,0.2776,2.71,0.641,0.1801,0.5385,True
0xf40aad7e08f1b48a85af4844b172a06f6f6dea0a,L2b,Sports / Soccer / price=0.50-0.70,192,0.0953,0.0966,2.3,0.672,0.061,0.1296,True
0xf40aad7e08f1b48a85af4844b172a06f6f6dea0a,L2b,Sports / Other sport / price=0.70-0.90,116,0.0795,0.0839,2.92,0.836,0.0744,0.0846,True
0xf40aad7e08f1b48a85af4844b172a06f6f6dea0a,L2b,Sports / Soccer / price=0.70-0.90,398,0.038,0.0414,2.15,0.834,0.0446,0.0314,True
0xf40aad7e08f1b48a85af4844b172a06f6f6dea0a,L2l,Sports / Soccer / live,1090,0.0948,0.0951,3.57,0.795,0.0931,0.0965,True
0xf40aad7e08f1b48a85af4844b172a06f6f6dea0a,L2l,Sports / Other sport / live,357,0.1611,0.1584,2.93,0.798,0.183,0.1394,True
0xe9f5c75ee1ae1aae57bf8582e359913c795a3e7a,L1,Sports,1688,0.8366,0.8366,4.68,0.584,0.9639,0.7093,True
0xe9f5c75ee1ae1aae57bf8582e359913c795a3e7a,L2,Sports / Basketball,974,1.2079,1.2005,4.19,0.563,1.3223,1.0935,True
0xe9f5c75ee1ae1aae57bf8582e359913c795a3e7a,L2,Sports / Soccer,185,0.2274,0.2869,2.39,0.67,0.2857,0.1698,True
0xe9f5c75ee1ae1aae57bf8582e359913c795a3e7a,L3,Sports / Basketball / NBA 2026,538,1.6869,1.6564,3.62,0.586,1.9903,1.3835,True
0xe9f5c75ee1ae1aae57bf8582e359913c795a3e7a,L3,Sports / Basketball / NCAA CBB,397,0.6523,0.6612,2.05,0.524,0.1365,1.1655,True
0xe9f5c75ee1ae1aae57bf8582e359913c795a3e7a,L3,Sports / Baseball / MLB,84,0.9171,0.9017,2.03,0.655,0.4087,1.4254,True
0xe9f5c75ee1ae1aae57bf8582e359913c795a3e7a,L2t,Sports / Basketball / type=rebounds,53,4.8164,3.7262,3.07,0.604,1.4491,8.0589,True
0xe9f5c75ee1ae1aae57bf8582e359913c795a3e7a,L2t,Sports / Basketball / type=spreads,107,1.3434,1.2637,2.42,0.589,1.9087,0.7887,True
0xe9f5c75ee1ae1aae57bf8582e359913c795a3e7a,L1b,Sports / price=0.00-0.10,85,13.5213,11.1052,4.18,0.329,12.8124,14.2137,True
0xe9f5c75ee1ae1aae57bf8582e359913c795a3e7a,L1b,Sports / price=0.10-0.30,116,0.7201,0.7373,2.89,0.328,0.8076,0.6326,True
0xe9f5c75ee1ae1aae57bf8582e359913c795a3e7a,L1b,Sports / price=0.30-0.50,610,0.1729,0.194,3.64,0.508,0.1004,0.2455,True
0xe9f5c75ee1ae1aae57bf8582e359913c795a3e7a,L1b,Sports / price=0.50-0.70,592,0.1201,0.1436,3.38,0.632,0.1305,0.1098,True
0xe9f5c75ee1ae1aae57bf8582e359913c795a3e7a,L2b,Sports / Basketball / price=0.00-0.10,69,14.8604,11.7091,4.03,0.362,16.0329,13.7213,True
0xe9f5c75ee1ae1aae57bf8582e359913c795a3e7a,L2b,Sports / Basketball / price=0.10-0.30,59,0.772,0.7885,2.18,0.339,0.6532,0.8869,True
0xe9f5c75ee1ae1aae57bf8582e359913c795a3e7a,L2b,Sports / Basketball / price=0.30-0.50,399,0.1805,0.2119,3.17,0.524,0.1491,0.2118,True
0xe9f5c75ee1ae1aae57bf8582e359913c795a3e7a,L2b,Sports / Baseball / price=0.30-0.50,36,0.561,0.6596,2.59,0.611,0.1486,0.9734,True
0xe9f5c75ee1ae1aae57bf8582e359913c795a3e7a,L2b,Sports / American Football / price=0.50-0.70,85,0.2329,0.348,2.74,0.718,0.184,0.2807,True
0xe9f5c75ee1ae1aae57bf8582e359913c795a3e7a,L2b,Sports / Basketball / price=0.50-0.70,330,0.112,0.1534,2.27,0.609,0.1452,0.0788,True
0xe9f5c75ee1ae1aae57bf8582e359913c795a3e7a,L2b,Sports / Soccer / price=0.70-0.90,49,0.1252,0.3316,2.22,0.898,0.0033,0.2423,True
0xe9f5c75ee1ae1aae57bf8582e359913c795a3e7a,L2l,Sports / Basketball / live,463,2.5051,2.436,4.18,0.62,2.8549,2.1568,True
0x670d76669e567a24a9876f92310436d029020825,L1,Sports,258,0.0637,0.0635,0.82,0.5,0.108,0.0194,False
0x670d76669e567a24a9876f92310436d029020825,L2,Sports / Basketball,117,0.1176,0.1093,1.2,0.581,0.2703,-0.0325,False
0x670d76669e567a24a9876f92310436d029020825,L2,Sports / American Football,87,0.0673,0.066,0.4,0.414,-0.0274,0.1599,False
0x670d76669e567a24a9876f92310436d029020825,L2,Sports / Soccer,21,-0.2329,-0.0897,-0.92,0.333,0.0617,-0.5007,False
0x670d76669e567a24a9876f92310436d029020825,L3,Sports / American Football / NFL 2026,21,0.634,0.3543,1.31,0.476,0.5145,0.7426,False
0x670d76669e567a24a9876f92310436d029020825,L3,Sports / Basketball / NBA,61,0.2078,0.1714,1.62,0.672,0.5132,-0.0877,False
0x670d76669e567a24a9876f92310436d029020825,L3,Sports / Basketball / NBA 2026,28,0.2245,0.1562,1.03,0.571,0.4016,0.0474,False
0x670d76669e567a24a9876f92310436d029020825,L3,Sports / American Football / NFL 2025,49,0.0167,0.0294,0.09,0.429,0.1359,-0.0977,False
0x670d76669e567a24a9876f92310436d029020825,L3,Sports / Basketball / NCAA CBB,28,-0.1859,-0.0832,-0.93,0.393,-0.3249,-0.0469,False
0x670d76669e567a24a9876f92310436d029020825,L2t,Sports / Basketball / type=moneyline,106,0.1112,0.1031,1.1,0.585,0.2737,-0.0514,False
0x670d76669e567a24a9876f92310436d029020825,L2t,Sports / American Football / type=moneyline,76,0.1286,0.1144,0.69,0.421,0.0154,0.2418,False
0x670d76669e567a24a9876f92310436d029020825,L1b,Sports / price=0.50-0.70,55,0.2064,0.1675,1.92,0.709,0.14,0.2705,False
0x670d76669e567a24a9876f92310436d029020825,L1b,Sports / price=0.30-0.50,99,0.1107,0.1023,0.91,0.475,0.0222,0.1975,False
0x670d76669e567a24a9876f92310436d029020825,L1b,Sports / price=0.10-0.30,62,0.0908,0.0834,0.4,0.323,-0.1065,0.2881,False
0x670d76669e567a24a9876f92310436d029020825,L1b,Sports / price=0.70-0.90,25,0.0478,0.0535,0.44,0.8,0.1807,-0.0748,False
0x670d76669e567a24a9876f92310436d029020825,L2b,Sports / Basketball / price=0.50-0.70,32,0.381,0.2578,3.11,0.812,0.397,0.365,True
0x670d76669e567a24a9876f92310436d029020825,L2b,Sports / American Football / price=0.10-0.30,27,0.3341,0.2177,0.77,0.296,-0.1026,0.7395,False
0x670d76669e567a24a9876f92310436d029020825,L2b,Sports / Basketball / price=0.30-0.50,43,0.1911,0.1497,1.01,0.488,0.2154,0.1679,False
0x670d76669e567a24a9876f92310436d029020825,L2b,Sports / American Football / price=0.30-0.50,36,0.0038,0.0241,0.02,0.417,-0.1283,0.1359,False
0x670d76669e567a24a9876f92310436d029020825,L2l,Sports / Basketball / pre,72,0.2329,0.1955,1.95,0.667,0.4129,0.0529,False
0x670d76669e567a24a9876f92310436d029020825,L2l,Sports / American Football / live,46,0.1425,0.1177,0.53,0.37,-0.1063,0.3914,False
0x670d76669e567a24a9876f92310436d029020825,L2l,Sports / American Football / pre,41,-0.0171,0.0083,-0.09,0.463,-0.2471,0.2019,False
0x670d76669e567a24a9876f92310436d029020825,L2l,Sports / Basketball / live,45,-0.067,-0.0278,-0.41,0.444,-0.0992,-0.0362,False
0x1f44742223f2cabc71770991b8acae9aa1d2ace3,L1,Sports,63,0.5619,0.51,2.88,0.857,0.3318,0.7848,True
0x1f44742223f2cabc71770991b8acae9aa1d2ace3,L2,Sports / Other sport,63,0.5619,0.51,2.88,0.857,0.3318,0.7848,True
0x1f44742223f2cabc71770991b8acae9aa1d2ace3,L3,Sports / Other sport / Shanghai Daily Weather,35,0.2617,0.2924,2.03,0.829,0.2309,0.2908,True
0x1f44742223f2cabc71770991b8acae9aa1d2ace3,L2t,Sports / Other sport / type=binary,63,0.5619,0.51,2.88,0.857,0.3318,0.7848,True
0x1f44742223f2cabc71770991b8acae9aa1d2ace3,L2l,Sports / Other sport / live,62,0.5692,0.5148,2.87,0.855,0.331,0.8074,True
0xf5e15d3344c35890f1aa716dca88e13eb9065ad0,L3,Sports / American Football / NFL 2025,83,0.2655,0.225,2.22,0.627,0.4839,0.0523,True
0xf5e15d3344c35890f1aa716dca88e13eb9065ad0,L2t,Sports / American Football / type=totals,37,0.382,0.2679,2.55,0.676,0.4168,0.349,True
0xf5e15d3344c35890f1aa716dca88e13eb9065ad0,L1b,Sports / price=0.50-0.70,311,0.1339,0.1292,2.66,0.617,0.2302,0.0381,True
0xf5e15d3344c35890f1aa716dca88e13eb9065ad0,L1b,Sports / price=0.70-0.90,38,0.1695,0.1306,2.24,0.868,0.2082,0.1308,True
0xf5e15d3344c35890f1aa716dca88e13eb9065ad0,L2b,Sports / American Football / price=0.50-0.70,74,0.274,0.2278,2.63,0.676,0.2688,0.2793,True
0xf5e15d3344c35890f1aa716dca88e13eb9065ad0,L2b,Sports / Basketball / price=0.50-0.70,104,0.2158,0.1901,2.5,0.663,0.302,0.1295,True
0x86c878cde72660ec52f5e6f0f0438b76de8fc867,L1,Sports,2258,1.4195,1.4191,6.33,0.637,0.485,2.3541,True
0x86c878cde72660ec52f5e6f0f0438b76de8fc867,L2,Sports / Tennis,834,2.3272,2.3049,4.75,0.649,0.7945,3.86,True
0x86c878cde72660ec52f5e6f0f0438b76de8fc867,L2,Sports / Other sport,191,1.9639,1.908,2.21,0.749,0.8201,3.0957,True
0x86c878cde72660ec52f5e6f0f0438b76de8fc867,L2,Sports / Soccer,924,0.814,0.8259,3.2,0.63,0.0895,1.5384,True
0x86c878cde72660ec52f5e6f0f0438b76de8fc867,L3,Sports / Tennis / WTA,197,3.371,3.187,2.73,0.665,0.2341,6.4762,True
0x86c878cde72660ec52f5e6f0f0438b76de8fc867,L3,Sports / Tennis / ATP,398,1.9064,1.881,3.1,0.631,1.5397,2.2731,True
0x86c878cde72660ec52f5e6f0f0438b76de8fc867,L3,Sports / Tennis / ITF,182,2.2083,2.1258,2.04,0.665,4.3814,0.0352,True
0x86c878cde72660ec52f5e6f0f0438b76de8fc867,L3,Sports / Soccer / FIFA World Cup,163,0.3507,0.4626,2.38,0.607,0.4262,0.2761,True
0x86c878cde72660ec52f5e6f0f0438b76de8fc867,L2t,Sports / Tennis / type=tennis_match_totals,131,8.109,7.217,3.53,0.794,2.2192,13.9095,True
0x86c878cde72660ec52f5e6f0f0438b76de8fc867,L2t,Sports / Tennis / type=tennis_first_set_totals,90,1.0974,1.1478,2.04,0.667,0.4011,1.7936,True
0x86c878cde72660ec52f5e6f0f0438b76de8fc867,L2t,Sports / Soccer / type=total_corners,107,0.4097,0.5617,3.13,0.617,0.5781,0.2444,True
0x86c878cde72660ec52f5e6f0f0438b76de8fc867,L1b,Sports / price=0.00-0.10,213,13.1189,12.1108,5.93,0.225,3.3082,22.8379,True
0x86c878cde72660ec52f5e6f0f0438b76de8fc867,L1b,Sports / price=0.10-0.30,266,0.7896,0.8305,4.93,0.346,0.9126,0.6665,True
0x86c878cde72660ec52f5e6f0f0438b76de8fc867,L1b,Esports / price=0.10-0.30,45,1.0196,1.1289,2.27,0.356,1.2219,0.8262,True
0x86c878cde72660ec52f5e6f0f0438b76de8fc867,L1b,Sports / price=0.30-0.50,407,0.2135,0.2679,3.46,0.494,0.1501,0.2765,True
0x86c878cde72660ec52f5e6f0f0438b76de8fc867,L1b,Sports / price=0.50-0.70,537,0.1401,0.1845,3.99,0.661,0.1008,0.1794,True
0x86c878cde72660ec52f5e6f0f0438b76de8fc867,L1b,Esports / price=0.70-0.90,32,0.1836,0.6418,3.23,0.938,0.1803,0.187,True
0x86c878cde72660ec52f5e6f0f0438b76de8fc867,L1b,Sports / price=0.70-0.90,509,0.0676,0.117,3.34,0.849,0.0548,0.0804,True
0x86c878cde72660ec52f5e6f0f0438b76de8fc867,L2b,Sports / Tennis / price=0.00-0.10,77,23.4349,18.8865,5.01,0.351,11.9214,34.6532,True
0x86c878cde72660ec52f5e6f0f0438b76de8fc867,L2b,Sports / Soccer / price=0.00-0.10,84,6.9336,5.8646,2.57,0.131,4.4042,9.463,True
0x86c878cde72660ec52f5e6f0f0438b76de8fc867,L2b,Sports / Soccer / price=0.10-0.30,109,0.8713,0.9494,3.59,0.376,0.6688,1.0701,True
0x86c878cde72660ec52f5e6f0f0438b76de8fc867,L2b,Esports / Esports / price=0.10-0.30,45,1.0196,1.1289,2.27,0.356,1.2219,0.8262,True
0x86c878cde72660ec52f5e6f0f0438b76de8fc867,L2b,Sports / Tennis / price=0.10-0.30,102,0.5764,0.7073,2.25,0.304,0.75,0.4028,True
0x86c878cde72660ec52f5e6f0f0438b76de8fc867,L2b,Sports / Tennis / price=0.30-0.50,147,0.2713,0.4035,2.65,0.517,0.1023,0.438,True
0x86c878cde72660ec52f5e6f0f0438b76de8fc867,L2b,Sports / Other sport / price=0.50-0.70,55,0.3062,0.5912,3.21,0.782,0.2849,0.3268,True
0x86c878cde72660ec52f5e6f0f0438b76de8fc867,L2b,Sports / Soccer / price=0.50-0.70,224,0.1681,0.267,3.14,0.683,0.1634,0.1728,True
0x86c878cde72660ec52f5e6f0f0438b76de8fc867,L2b,Esports / Esports / price=0.70-0.90,32,0.1836,0.6418,3.23,0.938,0.1803,0.187,True
0x86c878cde72660ec52f5e6f0f0438b76de8fc867,L2b,Sports / Tennis / price=0.70-0.90,175,0.096,0.2271,2.98,0.874,0.175,0.0179,True
0x86c878cde72660ec52f5e6f0f0438b76de8fc867,L2l,Sports / Tennis / live,755,2.4997,2.4707,4.63,0.661,2.6462,2.3535,True
0x86c878cde72660ec52f5e6f0f0438b76de8fc867,L2l,Sports / Other sport / live,149,2.4302,2.3054,2.14,0.752,0.8761,3.9637,True
0x86c878cde72660ec52f5e6f0f0438b76de8fc867,L2l,Sports / Soccer / live,757,0.8941,0.9064,2.89,0.6,0.5329,1.2542,True
0x86c878cde72660ec52f5e6f0f0438b76de8fc867,L2l,Sports / Tennis / pre,78,0.6961,0.8346,2.19,0.538,0.8127,0.5795,True
0x86c878cde72660ec52f5e6f0f0438b76de8fc867,L2l,Sports / Soccer / pre,167,0.4509,0.5497,3.35,0.766,0.6467,0.2574,True
0x86c878cde72660ec52f5e6f0f0438b76de8fc867,L2l,Esports / Esports / pre,74,0.5629,0.7357,2.62,0.581,0.7165,0.4093,True
0x53cddb3d004c41d8cdc4e9f5425f8c365cbf11b3,L2,Sports / Tennis,34,0.8852,0.5901,2.6,0.618,1.2662,0.5042,True
0x53cddb3d004c41d8cdc4e9f5425f8c365cbf11b3,L2t,Sports / Tennis / type=moneyline,33,0.9423,0.6201,2.73,0.636,1.0172,0.8718,True
0x32089d7b2a8db220677ac8d68fcd9f7d111607a7,L2l,Esports / Esports / pre,75,0.5295,0.4387,2.2,0.547,0.2959,0.7569,True
0x9a5462ab1c4d54c016dfa25a29be8a617d387191,L1b,Sports / price=0.30-0.50,195,0.1762,0.1663,2.2,0.533,0.0746,0.2768,True
0xfec6a7eb5c48affe62451ce597c50874d4abb86c,L1,Sports,802,0.0598,0.06,2.3,0.652,0.1036,0.0161,True
0xfec6a7eb5c48affe62451ce597c50874d4abb86c,L2,Sports / Soccer,784,0.0587,0.0588,2.21,0.647,0.0961,0.0213,True
0xfec6a7eb5c48affe62451ce597c50874d4abb86c,L1b,Sports / price=0.10-0.30,51,0.4738,0.3587,2.14,0.51,0.7184,0.2386,True
0xfec6a7eb5c48affe62451ce597c50874d4abb86c,L2b,Sports / Soccer / price=0.10-0.30,50,0.4733,0.3567,2.09,0.5,0.7184,0.2282,True
0xfec6a7eb5c48affe62451ce597c50874d4abb86c,L2l,Sports / Soccer / live,776,0.0593,0.0595,2.22,0.649,0.0932,0.0255,True
0x6157d529ae129fe08f22a27ed42e741d2eaa9fb4,L2,Sports / Tennis,102,0.1841,0.1613,2.19,0.637,0.1874,0.1808,True
0x6157d529ae129fe08f22a27ed42e741d2eaa9fb4,L3,Sports / Basketball / NBA 2026,79,0.2045,0.1723,2.06,0.62,0.0898,0.3163,True
0x6157d529ae129fe08f22a27ed42e741d2eaa9fb4,L2l,Sports / Tennis / pre,87,0.1945,0.1665,2.12,0.644,0.2406,0.1494,True
0x6157d529ae129fe08f22a27ed42e741d2eaa9fb4,L2l,Sports / Basketball / live,40,0.2857,0.2054,2.2,0.675,0.108,0.4633,True
0x75d3c1fad4ec173bcde6516b308392bd8482de26,L1b,Politics / price=0.70-0.90,42,0.1165,0.0797,3.14,0.81,0.1451,0.0879,True
0xa34429d549f23fe45a9ca5442b79b365cd2f8141,L2,Politics / Lid,44,0.3107,0.2319,2.07,0.841,0.0372,0.5842,True
0xa34429d549f23fe45a9ca5442b79b365cd2f8141,L3,Politics / Lid / White House call a full lid,44,0.3107,0.2319,2.07,0.841,0.0372,0.5842,True
0xa34429d549f23fe45a9ca5442b79b365cd2f8141,L2t,Politics / Lid / type=binary,44,0.3107,0.2319,2.07,0.841,0.0372,0.5842,True
0xa34429d549f23fe45a9ca5442b79b365cd2f8141,L1b,Politics / price=0.10-0.30,79,0.3956,0.3275,2.08,0.456,0.234,0.5531,True
0x5e39013a1d7c4b502ad2ea073d7e8a0469ca352c,L2,Culture / Rotten Tomatoes,30,0.1233,0.0807,2.91,1.0,0.1388,0.1078,True
0x5e39013a1d7c4b502ad2ea073d7e8a0469ca352c,L3,Culture / Rotten Tomatoes / ?,30,0.1233,0.0807,2.91,1.0,0.1388,0.1078,True
0x5e39013a1d7c4b502ad2ea073d7e8a0469ca352c,L2t,Culture / Rotten Tomatoes / type=binary,30,0.1233,0.0807,2.91,1.0,0.1388,0.1078,True
0xf7a35f7587287d4504a9616d995992026c40ad9e,L2t,Sports / Basketball / type=moneyline,109,0.1371,0.1148,2.04,0.56,0.1227,0.1512,True
0x9a2ebc0fb4dbe92921e343c2d97f8d0ace6537ca,L3,Sports / Tennis / ITF,49,0.2548,0.2026,2.23,0.612,0.3723,0.1421,True
0xa844c3d80fca2cb601efc9843ffe677e433a83b8,L1,Esports,1260,0.0487,0.0487,2.1,0.617,0.0948,0.0027,True
0xa844c3d80fca2cb601efc9843ffe677e433a83b8,L2,Esports / Esports,1260,0.0487,0.0487,2.1,0.617,0.0948,0.0027,True
0xa844c3d80fca2cb601efc9843ffe677e433a83b8,L1b,Esports / price=0.50-0.70,359,0.0737,0.0723,2.09,0.607,0.0623,0.0851,True
0xa844c3d80fca2cb601efc9843ffe677e433a83b8,L2b,Esports / Esports / price=0.50-0.70,359,0.0737,0.0723,2.09,0.607,0.0623,0.0851,True
0xa844c3d80fca2cb601efc9843ffe677e433a83b8,L2l,Esports / Esports / pre,64,0.3587,0.2842,2.94,0.797,0.5226,0.1947,True
0x52f9c45a6fa8182649067bef26209878b935e1c7,L1,Politics,190,0.2231,0.214,2.58,0.521,0.3718,0.0743,True
0x52f9c45a6fa8182649067bef26209878b935e1c7,L2,Politics / Geopolitics,35,0.6525,0.4617,2.69,0.629,1.0761,0.2524,True
0x52f9c45a6fa8182649067bef26209878b935e1c7,L3,Politics / Geopolitics / ?,32,0.6973,0.4783,2.68,0.625,1.1531,0.2416,True
0x52f9c45a6fa8182649067bef26209878b935e1c7,L2t,Politics / Geopolitics / type=binary,35,0.6525,0.4617,2.69,0.629,1.0761,0.2524,True
0x4956f69ada024c5cb23ed4f38f0dc4c04d2ee2c7,L3,Sports / Soccer / Club Friendlies,31,0.7133,0.4371,3.94,0.806,0.8353,0.5989,True
0x050ee4f95b2735d8fd3b4ea729b5a9bd9b88d92f,L1,Sports,365,0.1314,0.1283,3.11,0.636,0.1051,0.1575,True
0x050ee4f95b2735d8fd3b4ea729b5a9bd9b88d92f,L2,Sports / Soccer,293,0.1292,0.1256,2.71,0.642,0.105,0.1533,True
0x050ee4f95b2735d8fd3b4ea729b5a9bd9b88d92f,L3,Sports / Soccer / Counter Strike,234,0.1479,0.142,2.76,0.654,0.1581,0.1378,True
0x050ee4f95b2735d8fd3b4ea729b5a9bd9b88d92f,L2t,Sports / Soccer / type=moneyline,285,0.1397,0.1353,2.88,0.649,0.1301,0.1492,True
0x050ee4f95b2735d8fd3b4ea729b5a9bd9b88d92f,L1b,Sports / price=0.50-0.70,131,0.1535,0.1427,2.62,0.672,0.1375,0.1691,True
0x050ee4f95b2735d8fd3b4ea729b5a9bd9b88d92f,L2b,Sports / Soccer / price=0.50-0.70,114,0.138,0.1282,2.2,0.658,0.1089,0.1671,True
0x050ee4f95b2735d8fd3b4ea729b5a9bd9b88d92f,L2l,Sports / Soccer / live,186,0.1419,0.1352,2.23,0.651,0.1363,0.1476,True
0x050ee4f95b2735d8fd3b4ea729b5a9bd9b88d92f,L2l,Esports / Esports / pre,235,0.1233,0.1193,2.91,0.677,0.0753,0.1709,True
0x425eb2c891adef5aad61a573892081f9f3adecfa,L1,Sports,922,0.6763,0.6763,10.07,0.685,0.6648,0.6879,True
0x425eb2c891adef5aad61a573892081f9f3adecfa,L2,Sports / Soccer,645,0.669,0.6692,8.73,0.691,0.6688,0.6691,True
0x425eb2c891adef5aad61a573892081f9f3adecfa,L2,Sports / Other sport,276,0.6634,0.6643,5.02,0.67,0.5721,0.7547,True
0x425eb2c891adef5aad61a573892081f9f3adecfa,L3,Sports / Soccer / UEFA Champions League 2025,53,1.1011,0.9847,2.82,0.679,1.6202,0.6012,True
0x425eb2c891adef5aad61a573892081f9f3adecfa,L3,Sports / Soccer / FIFA World Cup,99,0.425,0.4673,3.63,0.677,0.2856,0.5617,True
0x425eb2c891adef5aad61a573892081f9f3adecfa,L3,Sports / Other sport / K-league,46,0.6583,0.6638,2.49,0.696,0.2355,1.0811,True
0x425eb2c891adef5aad61a573892081f9f3adecfa,L3,Sports / Soccer / Europa Conference League,33,0.7092,0.6968,3.15,0.788,0.705,0.7131,True
0x425eb2c891adef5aad61a573892081f9f3adecfa,L2t,Sports / Other sport / type=totals,124,1.0591,1.0059,3.98,0.685,0.988,1.1301,True
0x425eb2c891adef5aad61a573892081f9f3adecfa,L2t,Sports / Soccer / type=totals,266,0.5971,0.6026,5.41,0.665,0.6769,0.5172,True
0x425eb2c891adef5aad61a573892081f9f3adecfa,L2t,Sports / Soccer / type=spreads,170,0.5037,0.5219,4.17,0.665,0.3602,0.6472,True
0x425eb2c891adef5aad61a573892081f9f3adecfa,L2t,Sports / Soccer / type=soccer_halftime_result,37,1.0038,0.8889,2.83,0.676,0.1795,1.7846,True
0x425eb2c891adef5aad61a573892081f9f3adecfa,L2t,Sports / Soccer / type=moneyline,43,0.6292,0.6441,2.81,0.767,0.203,1.036,True
0x425eb2c891adef5aad61a573892081f9f3adecfa,L2t,Sports / Soccer / type=soccer_team_totals,33,0.6137,0.6373,2.87,0.818,0.5295,0.6928,True
0x425eb2c891adef5aad61a573892081f9f3adecfa,L1b,Sports / price=0.10-0.30,274,0.8992,0.8841,6.79,0.555,0.9348,0.8637,True
0x425eb2c891adef5aad61a573892081f9f3adecfa,L1b,Sports / price=0.00-0.10,60,2.2067,1.8241,2.94,0.383,0.3752,4.0383,True
0x425eb2c891adef5aad61a573892081f9f3adecfa,L1b,Sports / price=0.30-0.50,253,0.5651,0.5732,9.05,0.692,0.6639,0.467,True
0x425eb2c891adef5aad61a573892081f9f3adecfa,L1b,Sports / price=0.50-0.70,197,0.3856,0.4124,10.11,0.807,0.3023,0.468,True
0x425eb2c891adef5aad61a573892081f9f3adecfa,L1b,Sports / price=0.70-0.90,137,0.188,0.2502,8.92,0.891,0.1562,0.2193,True
0x425eb2c891adef5aad61a573892081f9f3adecfa,L2b,Sports / Soccer / price=0.10-0.30,198,0.952,0.9267,6.09,0.566,1.1187,0.7853,True
0x425eb2c891adef5aad61a573892081f9f3adecfa,L2b,Sports / Soccer / price=0.30-0.50,171,0.5953,0.6038,7.88,0.713,0.65,0.5412,True
0x425eb2c891adef5aad61a573892081f9f3adecfa,L2b,Sports / Other sport / price=0.10-0.30,75,0.6519,0.6571,2.86,0.52,0.4689,0.8302,True
0x425eb2c891adef5aad61a573892081f9f3adecfa,L2b,Sports / Soccer / price=0.50-0.70,135,0.3975,0.4335,8.48,0.815,0.3517,0.4426,True
0x425eb2c891adef5aad61a573892081f9f3adecfa,L2b,Sports / Other sport / price=0.30-0.50,82,0.502,0.5362,4.53,0.646,0.4564,0.5477,True
0x425eb2c891adef5aad61a573892081f9f3adecfa,L2b,Sports / Other sport / price=0.50-0.70,62,0.3596,0.4368,5.47,0.79,0.2636,0.4556,True
0x425eb2c891adef5aad61a573892081f9f3adecfa,L2b,Sports / Soccer / price=0.70-0.90,99,0.201,0.2809,9.32,0.899,0.189,0.2128,True
0x425eb2c891adef5aad61a573892081f9f3adecfa,L2b,Sports / Other sport / price=0.70-0.90,38,0.154,0.3341,3.0,0.868,0.0902,0.2177,True
0x425eb2c891adef5aad61a573892081f9f3adecfa,L2l,Sports / Soccer / live,632,0.6708,0.671,8.59,0.687,0.6749,0.6667,True
0x425eb2c891adef5aad61a573892081f9f3adecfa,L2l,Sports / Other sport / live,276,0.6634,0.6643,5.02,0.67,0.5721,0.7547,True
0x09b045baad1fbe115c70785635a261411774a3b6,L1,Sports,1651,0.8851,0.8851,8.02,0.716,0.7226,1.0474,True
0x09b045baad1fbe115c70785635a261411774a3b6,L2,Sports / Soccer,1062,0.9131,0.9125,5.63,0.71,0.6513,1.1749,True
0x09b045baad1fbe115c70785635a261411774a3b6,L2,Sports / Other sport,586,0.8348,0.8364,8.23,0.725,0.8803,0.7892,True
0x09b045baad1fbe115c70785635a261411774a3b6,L3,Sports / Other sport / Liga 1,37,1.8416,1.5056,2.45,0.784,2.9298,0.8107,True
0x09b045baad1fbe115c70785635a261411774a3b6,L3,Sports / Soccer / Brazil Serie A,60,0.9565,0.9384,2.31,0.8,1.4918,0.4211,True
0x09b045baad1fbe115c70785635a261411774a3b6,L3,Sports / Soccer / FIFA World Cup,136,0.5733,0.6131,4.58,0.684,0.4954,0.6511,True
0x09b045baad1fbe115c70785635a261411774a3b6,L3,Sports / Soccer / Copa Sudamericana 2025,32,1.0193,0.9673,3.12,0.781,0.2074,1.8312,True
0x09b045baad1fbe115c70785635a261411774a3b6,L3,Sports / Soccer / UEFA Europa League 2025,34,0.924,0.9092,3.5,0.794,1.1929,0.6552,True
0x09b045baad1fbe115c70785635a261411774a3b6,L3,Sports / Soccer / Europa Conference League,54,0.6269,0.6964,3.29,0.741,0.4772,0.7766,True
0x09b045baad1fbe115c70785635a261411774a3b6,L3,Sports / Other sport / Chinese Super League,34,0.8438,0.8587,3.68,0.794,0.6037,1.0838,True
0x09b045baad1fbe115c70785635a261411774a3b6,L3,Sports / Soccer / Club Friendlies,49,0.5502,0.647,2.4,0.694,0.8224,0.2889,True
0x09b045baad1fbe115c70785635a261411774a3b6,L3,Sports / Other sport / Brazil Serie B,36,0.6081,0.7066,2.93,0.75,0.4853,0.7308,True
0x09b045baad1fbe115c70785635a261411774a3b6,L3,Sports / Soccer / NWSL,35,0.4858,0.6306,2.23,0.743,0.9479,0.0494,True
0x09b045baad1fbe115c70785635a261411774a3b6,L3,Sports / Soccer / UEFA Champions League 2025,35,0.475,0.6237,2.02,0.743,0.1307,0.8002,True
0x09b045baad1fbe115c70785635a261411774a3b6,L2t,Sports / Soccer / type=moneyline,614,0.882,0.8821,4.05,0.725,0.6454,1.1187,True
0x09b045baad1fbe115c70785635a261411774a3b6,L2t,Sports / Other sport / type=moneyline,426,0.8898,0.8895,6.93,0.728,1.0489,0.7306,True
0x09b045baad1fbe115c70785635a261411774a3b6,L2t,Sports / Soccer / type=spreads,82,0.8908,0.8895,2.47,0.585,1.5457,0.236,True
0x09b045baad1fbe115c70785635a261411774a3b6,L2t,Sports / Soccer / type=totals,151,0.5325,0.5736,5.44,0.715,0.5894,0.4763,True
0x09b045baad1fbe115c70785635a261411774a3b6,L2t,Sports / Other sport / type=totals,84,0.431,0.5181,3.88,0.738,0.556,0.3059,True
0x09b045baad1fbe115c70785635a261411774a3b6,L2t,Sports / Soccer / type=soccer_halftime_result,56,0.4008,0.528,2.42,0.625,0.2615,0.5402,True
0x09b045baad1fbe115c70785635a261411774a3b6,L1b,Sports / price=0.00-0.10,124,4.1182,3.669,2.99,0.411,2.1448,6.0917,True
0x09b045baad1fbe115c70785635a261411774a3b6,L1b,Sports / price=0.10-0.30,403,1.2848,1.2659,11.42,0.586,1.2419,1.3276,True
0x09b045baad1fbe115c70785635a261411774a3b6,L1b,Sports / price=0.30-0.50,342,0.6922,0.7028,13.59,0.728,0.6619,0.7224,True
0x09b045baad1fbe115c70785635a261411774a3b6,L1b,Sports / price=0.50-0.70,446,0.3115,0.3361,12.52,0.787,0.2886,0.3344,True
0x09b045baad1fbe115c70785635a261411774a3b6,L1b,Sports / price=0.70-0.90,333,0.1712,0.2116,11.6,0.88,0.137,0.2053,True
0x09b045baad1fbe115c70785635a261411774a3b6,L2b,Sports / Soccer / price=0.00-0.10,74,5.1489,4.2415,2.33,0.378,1.3297,8.9682,True
0x09b045baad1fbe115c70785635a261411774a3b6,L2b,Sports / Soccer / price=0.10-0.30,261,1.2199,1.196,8.72,0.563,1.2192,1.2206,True
0x09b045baad1fbe115c70785635a261411774a3b6,L2b,Sports / Other sport / price=0.10-0.30,141,1.4082,1.3431,7.38,0.624,1.316,1.4991,True
0x09b045baad1fbe115c70785635a261411774a3b6,L2b,Sports / Other sport / price=0.00-0.10,50,2.5927,2.1045,2.66,0.46,3.351,1.8344,True
0x09b045baad1fbe115c70785635a261411774a3b6,L2b,Sports / Soccer / price=0.30-0.50,218,0.6537,0.6731,10.64,0.72,0.5995,0.7079,True
0x09b045baad1fbe115c70785635a261411774a3b6,L2b,Sports / Other sport / price=0.30-0.50,123,0.756,0.7739,8.36,0.74,0.7442,0.7677,True
0x09b045baad1fbe115c70785635a261411774a3b6,L2b,Sports / Soccer / price=0.50-0.70,283,0.3139,0.3515,10.13,0.781,0.2981,0.3296,True
0x09b045baad1fbe115c70785635a261411774a3b6,L2b,Sports / Other sport / price=0.50-0.70,163,0.3073,0.3703,7.35,0.798,0.2689,0.3453,True
0x09b045baad1fbe115c70785635a261411774a3b6,L2b,Sports / Soccer / price=0.70-0.90,223,0.1738,0.2323,10.7,0.892,0.1651,0.1824,True
0x09b045baad1fbe115c70785635a261411774a3b6,L2b,Sports / Other sport / price=0.70-0.90,109,0.1641,0.2757,5.37,0.853,0.0728,0.2538,True
0x09b045baad1fbe115c70785635a261411774a3b6,L2l,Sports / Soccer / live,1056,0.9192,0.9185,5.64,0.71,0.6583,1.1801,True
0x09b045baad1fbe115c70785635a261411774a3b6,L2l,Sports / Other sport / live,576,0.851,0.8521,8.26,0.733,0.9033,0.7986,True
0xd970693a3384dc762b191707a4927ac3814bbbba,L1,Sports,2421,0.7993,0.7993,10.32,0.665,0.8038,0.7947,True
0xd970693a3384dc762b191707a4927ac3814bbbba,L2,Sports / Soccer,1616,0.7427,0.7434,8.88,0.668,0.6886,0.7968,True
0xd970693a3384dc762b191707a4927ac3814bbbba,L2,Sports / Other sport,802,0.9131,0.9103,5.63,0.658,1.0509,0.7752,True
0xd970693a3384dc762b191707a4927ac3814bbbba,L3,Sports / Soccer / Europa Conference League,64,1.3114,1.1894,4.11,0.812,1.6666,0.9562,True
0xd970693a3384dc762b191707a4927ac3814bbbba,L3,Sports / Soccer / Copa Sudamericana 2025,69,1.228,1.1316,2.37,0.652,1.3633,1.0966,True
0xd970693a3384dc762b191707a4927ac3814bbbba,L3,Sports / Soccer / Brazil Serie A,71,1.09,1.0261,2.42,0.648,1.638,0.5573,True
0xd970693a3384dc762b191707a4927ac3814bbbba,L3,Sports / Other sport / Sweden Allsvenskan 2026,40,1.3931,1.1951,2.05,0.725,2.2737,0.5124,True
0xd970693a3384dc762b191707a4927ac3814bbbba,L3,Sports / Soccer / Bundesliga 2025,41,1.2494,1.1018,3.68,0.854,1.206,1.2908,True
0xd970693a3384dc762b191707a4927ac3814bbbba,L3,Sports / Soccer / La Liga 2,53,0.9994,0.9445,2.58,0.66,1.4126,0.6016,True
0xd970693a3384dc762b191707a4927ac3814bbbba,L3,Sports / Other sport / Chinese Super League,60,0.9079,0.8807,2.5,0.633,0.4324,1.3835,True
0xd970693a3384dc762b191707a4927ac3814bbbba,L3,Sports / Soccer / FIFA World Cup,172,0.4542,0.4901,3.87,0.628,0.4112,0.4972,True
0xd970693a3384dc762b191707a4927ac3814bbbba,L3,Sports / Other sport / K-league,49,0.9642,0.9164,2.52,0.714,0.7538,1.1663,True
0xd970693a3384dc762b191707a4927ac3814bbbba,L3,Sports / Soccer / Copa Libertadores 2025,48,0.8444,0.8311,3.03,0.708,1.0053,0.6835,True
0xd970693a3384dc762b191707a4927ac3814bbbba,L3,Sports / Other sport / Romania 1,30,0.9822,0.9089,2.46,0.733,0.8961,1.0682,True
0xd970693a3384dc762b191707a4927ac3814bbbba,L3,Sports / Soccer / La Liga 2025,50,0.6298,0.6781,2.61,0.68,0.383,0.8765,True
0xd970693a3384dc762b191707a4927ac3814bbbba,L3,Sports / Soccer / MLS 2025,99,0.4084,0.4741,2.78,0.586,0.6144,0.2066,True
0xd970693a3384dc762b191707a4927ac3814bbbba,L3,Sports / Soccer / Serie A 2025,55,0.5759,0.6354,2.06,0.6,0.3488,0.7949,True
0xd970693a3384dc762b191707a4927ac3814bbbba,L3,Sports / Soccer / EFL Championship,39,0.6123,0.6756,3.02,0.718,0.6407,0.5853,True
0xd970693a3384dc762b191707a4927ac3814bbbba,L3,Sports / Soccer / UEFA Champions League 2025,42,0.5376,0.622,3.52,0.762,0.3394,0.7359,True
0xd970693a3384dc762b191707a4927ac3814bbbba,L3,Sports / Soccer / NWSL,30,0.6783,0.7266,3.15,0.767,1.0015,0.3551,True
0xd970693a3384dc762b191707a4927ac3814bbbba,L3,Sports / Soccer / UEFA Europa League 2025,43,0.5031,0.597,2.73,0.674,0.4171,0.5852,True
0xd970693a3384dc762b191707a4927ac3814bbbba,L3,Sports / Soccer / Bundesliga 2,53,0.3491,0.4724,2.52,0.66,0.0091,0.6766,True
0xd970693a3384dc762b191707a4927ac3814bbbba,L3,Sports / Soccer / Club Friendlies,36,0.44,0.5682,2.12,0.639,0.2686,0.6115,True
0xd970693a3384dc762b191707a4927ac3814bbbba,L2t,Sports / Other sport / type=moneyline,489,1.0493,1.0395,4.17,0.685,1.342,0.7579,True
0xd970693a3384dc762b191707a4927ac3814bbbba,L2t,Sports / Soccer / type=spreads,197,1.5323,1.4647,2.71,0.579,0.9225,2.1359,True
0xd970693a3384dc762b191707a4927ac3814bbbba,L2t,Sports / Soccer / type=moneyline,692,0.6182,0.6232,7.52,0.691,0.6215,0.6148,True
0xd970693a3384dc762b191707a4927ac3814bbbba,L2t,Sports / Soccer / type=totals,345,0.5889,0.6004,5.56,0.641,0.4628,0.7143,True
0xd970693a3384dc762b191707a4927ac3814bbbba,L2t,Sports / Soccer / type=soccer_halftime_result,115,0.7204,0.7321,3.7,0.643,0.6435,0.796,True
0xd970693a3384dc762b191707a4927ac3814bbbba,L2t,Sports / Other sport / type=totals,130,0.4811,0.5235,2.99,0.546,0.6853,0.277,True
0xd970693a3384dc762b191707a4927ac3814bbbba,L2t,Sports / Soccer / type=soccer_team_totals,34,1.1419,1.0149,2.61,0.735,0.8588,1.425,True
0xd970693a3384dc762b191707a4927ac3814bbbba,L2t,Sports / Soccer / type=soccer_exact_score,70,0.6677,0.6969,3.22,0.643,0.5825,0.7529,True
0xd970693a3384dc762b191707a4927ac3814bbbba,L2t,Sports / Other sport / type=both_teams_to_score,31,0.8513,0.8308,2.6,0.742,0.6796,1.0122,True
0xd970693a3384dc762b191707a4927ac3814bbbba,L2t,Sports / Soccer / type=second_half_totals,30,0.8711,0.8423,2.49,0.8,1.5094,0.2328,True
0xd970693a3384dc762b191707a4927ac3814bbbba,L2t,Sports / Soccer / type=both_teams_to_score,55,0.5449,0.6127,3.25,0.691,0.3289,0.7532,True
0xd970693a3384dc762b191707a4927ac3814bbbba,L2t,Sports / Other sport / type=soccer_halftime_result,32,0.7602,0.7751,3.68,0.844,1.0233,0.497,True
0xd970693a3384dc762b191707a4927ac3814bbbba,L2t,Sports / Soccer / type=soccer_second_half_result,33,0.2808,0.4763,2.17,0.697,0.166,0.3889,True
0xd970693a3384dc762b191707a4927ac3814bbbba,L1b,Sports / price=0.00-0.10,332,2.2888,2.2042,4.34,0.41,1.2553,3.3224,True
0xd970693a3384dc762b191707a4927ac3814bbbba,L1b,Sports / price=0.10-0.30,600,1.0727,1.0638,12.27,0.598,0.8273,1.318,True
0xd970693a3384dc762b191707a4927ac3814bbbba,L1b,Sports / price=0.30-0.50,541,0.6013,0.6084,14.42,0.702,0.4385,0.7635,True
0xd970693a3384dc762b191707a4927ac3814bbbba,L1b,Sports / price=0.50-0.70,547,0.2853,0.3034,12.61,0.75,0.2779,0.2927,True
0xd970693a3384dc762b191707a4927ac3814bbbba,L1b,Sports / price=0.70-0.90,389,0.128,0.1608,8.96,0.82,0.1118,0.144,True
0xd970693a3384dc762b191707a4927ac3814bbbba,L2b,Sports / Other sport / price=0.00-0.10,112,2.9793,2.6489,2.71,0.339,0.7924,5.1662,True
0xd970693a3384dc762b191707a4927ac3814bbbba,L2b,Sports / Soccer / price=0.00-0.10,220,1.9373,1.8424,3.42,0.445,1.5276,2.347,True
0xd970693a3384dc762b191707a4927ac3814bbbba,L2b,Sports / Soccer / price=0.10-0.30,410,1.0243,1.0138,9.82,0.583,0.7523,1.2962,True
0xd970693a3384dc762b191707a4927ac3814bbbba,L2b,Sports / Other sport / price=0.10-0.30,190,1.1772,1.1412,7.35,0.632,1.0452,1.3092,True
0xd970693a3384dc762b191707a4927ac3814bbbba,L2b,Sports / Soccer / price=0.30-0.50,358,0.5994,0.61,12.22,0.709,0.435,0.7638,True
0xd970693a3384dc762b191707a4927ac3814bbbba,L2b,Sports / Other sport / price=0.30-0.50,182,0.5995,0.6192,7.69,0.687,0.4837,0.7153,True
0xd970693a3384dc762b191707a4927ac3814bbbba,L2b,Sports / Soccer / price=0.50-0.70,349,0.2931,0.3205,10.41,0.751,0.2918,0.2943,True
0xd970693a3384dc762b191707a4927ac3814bbbba,L2b,Sports / Other sport / price=0.50-0.70,198,0.2717,0.32,7.13,0.747,0.2408,0.3025,True
0xd970693a3384dc762b191707a4927ac3814bbbba,L2b,Sports / Soccer / price=0.70-0.90,270,0.1372,0.1828,8.9,0.822,0.1363,0.1381,True
0xd970693a3384dc762b191707a4927ac3814bbbba,L2b,Sports / Other sport / price=0.70-0.90,117,0.1015,0.2034,3.25,0.812,0.0713,0.1313,True
0xd970693a3384dc762b191707a4927ac3814bbbba,L2l,Sports / Soccer / live,1595,0.7448,0.7455,8.8,0.669,0.6867,0.8028,True
0xd970693a3384dc762b191707a4927ac3814bbbba,L2l,Sports / Other sport / live,786,0.934,0.9307,5.65,0.667,1.0711,0.7969,True
0xf72a5a9edff0dd9c786f23d06e25a9b806a55d8e,L2t,Sports / Other sport / type=totals,56,0.2866,0.2216,2.6,0.786,0.3434,0.2297,True
0xf72a5a9edff0dd9c786f23d06e25a9b806a55d8e,L2l,Sports / Soccer / live,42,0.452,0.319,2.37,0.714,0.4844,0.4197,True
0xab18d12977eb41276083e6f05f68a23f921a467d,L1,Science,56,0.2644,0.186,2.24,0.768,0.3107,0.2181,True
0xf02105d60083d7d74d7e0f9785d79e06137cdf56,L2b,Sports / Other sport / price=0.00-0.10,49,1.8274,1.3198,2.11,0.286,3.4593,0.2607,True
0x286ae167a9ce52a9acade5b2b6951e7f6020ac60,L3,Weather / Recurring / Wellington Daily Weather,34,0.0191,0.0025,4.45,0.941,0.0254,0.0128,True
0x286ae167a9ce52a9acade5b2b6951e7f6020ac60,L3,Weather / Recurring / Dallas Daily Weather,30,0.0203,0.002,5.82,1.0,0.0168,0.0239,True
0xaa7a74b8c754e8aacc1ac2dedb699af0a3224d23,L1,Weather,593,0.5803,0.5725,2.83,0.454,0.2113,0.948,True
0xaa7a74b8c754e8aacc1ac2dedb699af0a3224d23,L1,Sports,429,0.3803,0.3786,3.05,0.492,0.2951,0.465,True
0xaa7a74b8c754e8aacc1ac2dedb699af0a3224d23,L2,Weather / Recurring,340,0.8383,0.8107,2.45,0.5,0.3407,1.3359,True
0xaa7a74b8c754e8aacc1ac2dedb699af0a3224d23,L2,Sports / Other sport,417,0.394,0.3916,3.08,0.494,0.3733,0.4146,True
0xaa7a74b8c754e8aacc1ac2dedb699af0a3224d23,L3,Weather / Recurring / NYC Daily Weather,212,0.6106,0.5874,2.29,0.439,0.1526,1.0685,True
0xaa7a74b8c754e8aacc1ac2dedb699af0a3224d23,L2t,Weather / Recurring / type=negrisk,340,0.8383,0.8107,2.45,0.5,0.3407,1.3359,True
0xaa7a74b8c754e8aacc1ac2dedb699af0a3224d23,L2t,Sports / Other sport / type=binary,417,0.394,0.3916,3.08,0.494,0.3733,0.4146,True
0xaa7a74b8c754e8aacc1ac2dedb699af0a3224d23,L1b,Weather / price=0.10-0.30,181,0.6582,0.6267,3.76,0.398,0.6164,0.6995,True
0xaa7a74b8c754e8aacc1ac2dedb699af0a3224d23,L1b,Sports / price=0.10-0.30,142,0.3552,0.3536,2.14,0.366,0.3246,0.3857,True
0xaa7a74b8c754e8aacc1ac2dedb699af0a3224d23,L1b,Sports / price=0.70-0.90,56,0.0965,0.1611,2.49,0.875,0.1525,0.0405,True
0xaa7a74b8c754e8aacc1ac2dedb699af0a3224d23,L2b,Weather / New York City / price=0.10-0.30,44,0.9273,0.7444,2.69,0.523,0.4434,1.4112,True
0xaa7a74b8c754e8aacc1ac2dedb699af0a3224d23,L2b,Weather / Recurring / price=0.10-0.30,109,0.4634,0.4446,2.14,0.358,0.3968,0.5287,True
0xaa7a74b8c754e8aacc1ac2dedb699af0a3224d23,L2b,Sports / Other sport / price=0.10-0.30,137,0.369,0.3656,2.17,0.365,0.3609,0.3769,True
0xaa7a74b8c754e8aacc1ac2dedb699af0a3224d23,L2b,Weather / Recurring / price=0.30-0.50,90,0.2852,0.2956,2.28,0.522,0.1909,0.3794,True
0xaa7a74b8c754e8aacc1ac2dedb699af0a3224d23,L2b,Sports / Other sport / price=0.70-0.90,56,0.0965,0.1611,2.49,0.875,0.1525,0.0405,True
0xaa7a74b8c754e8aacc1ac2dedb699af0a3224d23,L2l,Sports / Other sport / live,323,0.4529,0.4464,2.88,0.483,0.3841,0.5213,True
0xbf556ee8ef310335c55387cac8be9d1d503bc966,L1,Other,30,0.4402,0.2903,2.38,0.7,0.5475,0.3329,True
0xebf6cbdb24678d33f4323b864579315a104cc629,L1b,Sports / price=0.70-0.90,82,0.1212,0.1612,2.97,0.902,0.1206,0.1219,True
0x5587148a96117eb22cc96943b849982478e06d07,L3,Sports / Basketball / NBA 2026,277,0.1049,0.0972,2.08,0.671,0.0835,0.1262,True
0x5587148a96117eb22cc96943b849982478e06d07,L2l,Sports / Hockey / pre,42,0.289,0.193,2.16,0.714,0.1556,0.4224,True
0xf0e73889550800cefc1db964694ff35a1ec16c2f,L3,Esports / Esports / Dota 2,46,0.1603,0.1192,2.4,0.87,0.2226,0.098,True
0xf0e73889550800cefc1db964694ff35a1ec16c2f,L2b,Sports / Basketball / price=0.70-0.90,126,0.0811,0.0734,2.27,0.873,0.0777,0.0845,True
0xf0e73889550800cefc1db964694ff35a1ec16c2f,L2l,Sports / Basketball / pre,272,0.0779,0.0742,2.13,0.779,0.0986,0.0571,True
0xf0e73889550800cefc1db964694ff35a1ec16c2f,L2l,Esports / Esports / live,194,0.0774,0.0725,2.1,0.83,0.093,0.0619,True
0x4f064c75b4d43a87b3087217f78a046326132614,L1,Sports,721,0.0903,0.0892,2.49,0.594,0.0868,0.0937,True
0x4f064c75b4d43a87b3087217f78a046326132614,L3,Sports / American Football / NFL 2026,80,0.2982,0.2489,2.47,0.662,0.5453,0.0512,True
0x4f064c75b4d43a87b3087217f78a046326132614,L2t,Sports / American Football / type=totals,69,0.2206,0.1826,2.07,0.681,0.149,0.2901,True
0x4f064c75b4d43a87b3087217f78a046326132614,L1b,Sports / price=0.30-0.50,194,0.2123,0.1972,2.53,0.531,0.2863,0.1383,True
0x4f064c75b4d43a87b3087217f78a046326132614,L1b,Sports / price=0.70-0.90,82,0.1091,0.0978,2.1,0.829,0.069,0.1492,True
0x4f064c75b4d43a87b3087217f78a046326132614,L2b,Sports / American Football / price=0.30-0.50,89,0.4006,0.3365,3.3,0.618,0.2646,0.5335,True
0x4f064c75b4d43a87b3087217f78a046326132614,L2l,Sports / American Football / pre,320,0.1266,0.1222,2.36,0.619,0.0243,0.2289,True
0xb9e33696e541a8d2568ae070af019c3ffdb1b82e,L1,Sports,737,0.086,0.086,2.11,0.582,0.1202,0.0519,True
0xb9e33696e541a8d2568ae070af019c3ffdb1b82e,L2,Sports / MMA/Boxing,161,0.2739,0.253,2.16,0.627,0.5015,0.0492,True
0xb9e33696e541a8d2568ae070af019c3ffdb1b82e,L3,Sports / MMA/Boxing / UFC,161,0.2739,0.253,2.16,0.627,0.5015,0.0492,True
0xb9e33696e541a8d2568ae070af019c3ffdb1b82e,L2t,Sports / Baseball / type=totals,42,0.3191,0.2434,2.53,0.714,0.4219,0.2163,True
0xb9e33696e541a8d2568ae070af019c3ffdb1b82e,L2t,Sports / MMA/Boxing / type=ufc_go_the_distance,32,0.3732,0.2621,2.54,0.781,0.1611,0.5852,True
0xb9e33696e541a8d2568ae070af019c3ffdb1b82e,L2b,Sports / MMA/Boxing / price=0.50-0.70,94,0.1738,0.1581,2.13,0.681,0.2227,0.1248,True
0x89ad4dfd797ab2445284390d324b6d17e9cb4698,L1,Other,34,1.1415,0.7105,4.03,0.912,1.0686,1.2143,True
0x89ad4dfd797ab2445284390d324b6d17e9cb4698,L2,Other / ?,34,1.1415,0.7105,4.03,0.912,1.0686,1.2143,True
0x89ad4dfd797ab2445284390d324b6d17e9cb4698,L3,Other / ? / ?,34,1.1415,0.7105,4.03,0.912,1.0686,1.2143,True
0x89ad4dfd797ab2445284390d324b6d17e9cb4698,L3,Sports / Other sport / Elon Tweets 48H,79,0.2957,0.2315,2.44,0.797,0.2814,0.3096,True
0x89ad4dfd797ab2445284390d324b6d17e9cb4698,L2t,Other / ? / type=binary,34,1.1415,0.7105,4.03,0.912,1.0686,1.2143,True
0x888456d503d5929ec87709b689f95237bfd23457,L2b,Sports / MMA/Boxing / price=0.50-0.70,49,0.232,0.1733,2.15,0.694,0.4167,0.0546,True
0xc74a538bcf8cb0f85b1b1e8377daebae00af25a2,L1b,Sports / price=0.10-0.30,58,0.6885,0.6412,2.1,0.328,1.2212,0.1559,True
0x1ed82a7b56bd3354a125992711bc56100c6f3aff,L2l,Sports / Soccer / live,55,0.1692,0.1316,2.03,0.727,0.0803,0.255,True
0x5e5175106a7dbbd92b10f1b56458fc8c1bdd42ce,L1,Esports,431,0.0938,0.0914,1.83,0.631,0.1792,0.0089,False
0x5e5175106a7dbbd92b10f1b56458fc8c1bdd42ce,L1,Politics,25,0.0267,0.0325,1.9,0.92,-0.0086,0.0593,False
0x5e5175106a7dbbd92b10f1b56458fc8c1bdd42ce,L1,Crypto,52,0.0089,0.0174,0.1,0.827,0.1615,-0.1438,False
0x5e5175106a7dbbd92b10f1b56458fc8c1bdd42ce,L1,Sports,163,-0.0817,-0.0684,-0.85,0.515,-0.0268,-0.1359,False
0x5e5175106a7dbbd92b10f1b56458fc8c1bdd42ce,L2,Esports / Esports,430,0.094,0.0916,1.83,0.63,0.1744,0.0135,False
0x5e5175106a7dbbd92b10f1b56458fc8c1bdd42ce,L2,Sports / Soccer,70,0.0248,0.0281,0.15,0.629,-0.0686,0.1182,False
0x5e5175106a7dbbd92b10f1b56458fc8c1bdd42ce,L2,Sports / Tennis,67,-0.0193,-0.0058,-0.14,0.493,-0.1186,0.077,False
0x5e5175106a7dbbd92b10f1b56458fc8c1bdd42ce,L2,Crypto / Up/Down short,20,-0.1235,-0.0419,-0.88,0.7,-0.0022,-0.2447,False
0x5e5175106a7dbbd92b10f1b56458fc8c1bdd42ce,L2,Sports / Basketball,25,-0.5101,-0.2657,-3.08,0.28,-0.6093,-0.4186,False
0x5e5175106a7dbbd92b10f1b56458fc8c1bdd42ce,L3,Esports / Esports / League of Legends,370,0.0957,0.0929,1.85,0.649,0.1125,0.0789,False
0x5e5175106a7dbbd92b10f1b56458fc8c1bdd42ce,L3,Sports / Soccer / FIFA World Cup,48,0.1439,0.1132,0.66,0.708,0.0208,0.2669,False
0x5e5175106a7dbbd92b10f1b56458fc8c1bdd42ce,L3,Esports / Esports / Counter Strike,23,0.1382,0.0924,0.54,0.522,0.4777,-0.1731,False
0x5e5175106a7dbbd92b10f1b56458fc8c1bdd42ce,L3,Sports / Tennis / League of Legends,67,-0.0193,-0.0058,-0.14,0.493,-0.1186,0.077,False
0x5e5175106a7dbbd92b10f1b56458fc8c1bdd42ce,L3,Sports / Basketball / WNBA,24,-0.4897,-0.2491,-2.86,0.292,-0.6093,-0.3701,False
0x5e5175106a7dbbd92b10f1b56458fc8c1bdd42ce,L2t,Esports / Esports / type=moneyline,120,0.2624,0.2306,2.46,0.733,0.3451,0.1797,True
0x5e5175106a7dbbd92b10f1b56458fc8c1bdd42ce,L2t,Sports / Tennis / type=child_moneyline,42,0.1328,0.1028,0.71,0.548,-0.0644,0.33,False
0x5e5175106a7dbbd92b10f1b56458fc8c1bdd42ce,L2t,Esports / Esports / type=child_moneyline,265,0.0356,0.0359,0.55,0.574,0.1223,-0.0505,False
0x5e5175106a7dbbd92b10f1b56458fc8c1bdd42ce,L2t,Sports / Soccer / type=moneyline,21,0.1276,0.0847,0.54,0.667,0.1136,0.1403,False
0x5e5175106a7dbbd92b10f1b56458fc8c1bdd42ce,L2t,Esports / Esports / type=kill_over_under_game,29,-0.0383,-0.0065,-0.29,0.759,0.01,-0.0834,False
0x5e5175106a7dbbd92b10f1b56458fc8c1bdd42ce,L2t,Crypto / Up/Down short / type=updown,20,-0.1235,-0.0419,-0.88,0.7,-0.0022,-0.2447,False
0x5e5175106a7dbbd92b10f1b56458fc8c1bdd42ce,L2t,Sports / Tennis / type=moneyline,25,-0.2749,-0.1351,-1.42,0.4,-0.2133,-0.3318,False
0x5e5175106a7dbbd92b10f1b56458fc8c1bdd42ce,L1b,Esports / price=0.30-0.50,126,0.299,0.2635,2.75,0.54,0.4367,0.1612,True
0x5e5175106a7dbbd92b10f1b56458fc8c1bdd42ce,L1b,Esports / price=0.10-0.30,26,0.5183,0.3102,1.06,0.308,1.4514,-0.4148,False
0x5e5175106a7dbbd92b10f1b56458fc8c1bdd42ce,L1b,Sports / price=0.90-1.00,20,-0.0203,0.0097,-0.39,0.95,-0.0698,0.0293,False
0x5e5175106a7dbbd92b10f1b56458fc8c1bdd42ce,L1b,Sports / price=0.30-0.50,35,-0.0209,0.0011,-0.1,0.4,-0.1266,0.0789,False
0x5e5175106a7dbbd92b10f1b56458fc8c1bdd42ce,L1b,Crypto / price=0.90-1.00,31,-0.0239,0.001,-0.51,0.935,0.0504,-0.0935,False
0x5e5175106a7dbbd92b10f1b56458fc8c1bdd42ce,L1b,Sports / price=0.70-0.90,25,-0.0532,-0.0119,-0.48,0.76,0.0002,-0.1025,False
0x5e5175106a7dbbd92b10f1b56458fc8c1bdd42ce,L1b,Esports / price=0.50-0.70,144,-0.0112,-0.005,-0.16,0.576,0.0409,-0.0633,False
0x5e5175106a7dbbd92b10f1b56458fc8c1bdd42ce,L1b,Esports / price=0.70-0.90,51,-0.0495,-0.0244,-0.69,0.745,-0.0204,-0.0775,False
0x5e5175106a7dbbd92b10f1b56458fc8c1bdd42ce,L1b,Esports / price=0.90-1.00,81,-0.0442,-0.0276,-1.47,0.926,-0.0061,-0.0814,False
0x5e5175106a7dbbd92b10f1b56458fc8c1bdd42ce,L1b,Sports / price=0.50-0.70,61,-0.1912,-0.1342,-1.67,0.459,-0.1275,-0.2528,False
0x5e5175106a7dbbd92b10f1b56458fc8c1bdd42ce,L2b,Esports / Esports / price=0.30-0.50,126,0.299,0.2635,2.75,0.54,0.4367,0.1612,True
0x5e5175106a7dbbd92b10f1b56458fc8c1bdd42ce,L2b,Esports / Esports / price=0.10-0.30,26,0.5183,0.3102,1.06,0.308,1.4514,-0.4148,False
0x5e5175106a7dbbd92b10f1b56458fc8c1bdd42ce,L2b,Sports / Tennis / price=0.50-0.70,32,-0.0306,-0.0036,-0.2,0.562,-0.0684,0.0073,False
0x5e5175106a7dbbd92b10f1b56458fc8c1bdd42ce,L2b,Esports / Esports / price=0.50-0.70,144,-0.0112,-0.005,-0.16,0.576,0.0409,-0.0633,False
0x5e5175106a7dbbd92b10f1b56458fc8c1bdd42ce,L2b,Esports / Esports / price=0.70-0.90,51,-0.0495,-0.0244,-0.69,0.745,-0.0204,-0.0775,False
0x5e5175106a7dbbd92b10f1b56458fc8c1bdd42ce,L2b,Esports / Esports / price=0.90-1.00,80,-0.045,-0.0281,-1.48,0.925,-0.0061,-0.0839,False
0x5e5175106a7dbbd92b10f1b56458fc8c1bdd42ce,L2l,Esports / Esports / live,400,0.1114,0.108,2.06,0.632,0.1935,0.0293,True
0x5e5175106a7dbbd92b10f1b56458fc8c1bdd42ce,L2l,Sports / Soccer / live,44,0.3295,0.2389,1.37,0.773,0.0339,0.625,False
0x5e5175106a7dbbd92b10f1b56458fc8c1bdd42ce,L2l,Sports / Tennis / live,64,0.0043,0.0127,0.03,0.5,-0.1357,0.1443,False
0x5e5175106a7dbbd92b10f1b56458fc8c1bdd42ce,L2l,Esports / Esports / pre,30,-0.1382,-0.067,-1.03,0.6,0.0688,-0.3451,False
0x5e5175106a7dbbd92b10f1b56458fc8c1bdd42ce,L2l,Sports / Soccer / pre,25,-0.4705,-0.2438,-3.35,0.4,-0.6144,-0.3377,False
0x0ee9dd40f786e5fe41aefe028bc7e157a6b1f7ac,L1b,Sports / price=0.50-0.70,97,0.2306,0.2138,3.14,0.711,0.1783,0.2819,True
0x0ee9dd40f786e5fe41aefe028bc7e157a6b1f7ac,L2b,Sports / Basketball / price=0.50-0.70,94,0.2175,0.2025,2.88,0.702,0.1707,0.2643,True
0x56dc66c44f26882bfc8678a72a5a7468e48aa336,L1b,Sports / price=0.70-0.90,48,0.1689,0.1025,2.8,0.854,0.185,0.1528,True
0x56dc66c44f26882bfc8678a72a5a7468e48aa336,L2b,Sports / Basketball / price=0.70-0.90,48,0.1689,0.1025,2.8,0.854,0.185,0.1528,True
0x9f053c597d80780e09cad5087b0d687614bf8937,L1,Sports,211,0.2386,0.2371,2.39,0.45,0.2077,0.2692,True
0x9f053c597d80780e09cad5087b0d687614bf8937,L2,Sports / Basketball,207,0.2556,0.2526,2.52,0.459,0.2191,0.2918,True
0x9f053c597d80780e09cad5087b0d687614bf8937,L3,Sports / Basketball / NBA 2026,206,0.2569,0.2538,2.52,0.461,0.2191,0.2946,True
0x9f053c597d80780e09cad5087b0d687614bf8937,L2t,Sports / Basketball / type=moneyline,183,0.2943,0.2871,2.64,0.454,0.277,0.3113,True
0x9f053c597d80780e09cad5087b0d687614bf8937,L1b,Sports / price=0.30-0.50,78,0.3795,0.3473,3.07,0.564,0.3005,0.4585,True
0x9f053c597d80780e09cad5087b0d687614bf8937,L2b,Sports / Basketball / price=0.30-0.50,76,0.4004,0.3631,3.19,0.579,0.309,0.4918,True
0xe28e7f071a01b67d6e1adbc5907b1841d0d72a0b,L2t,Sports / Soccer / type=moneyline,89,0.2416,0.1984,2.11,0.64,0.1448,0.3362,True
0xe28e7f071a01b67d6e1adbc5907b1841d0d72a0b,L2l,Esports / Esports / pre,47,0.3556,0.2513,2.18,0.681,0.3203,0.3895,True
0x009895eb4abd3927f12641f1dab71fbf4c8dd45c,L1b,Sports / price=0.70-0.90,119,0.0807,0.0703,2.48,0.79,0.0869,0.0747,True
0x009895eb4abd3927f12641f1dab71fbf4c8dd45c,L2b,Sports / Basketball / price=0.70-0.90,95,0.0902,0.076,2.47,0.789,0.1094,0.0714,True
0x149f91a2622dccde7380d76695ce8a964e8ad306,L1,Politics,348,0.0679,0.0663,2.26,0.908,0.0934,0.0423,True
0x149f91a2622dccde7380d76695ce8a964e8ad306,L2,Politics / Trump,211,0.07,0.0674,2.09,0.929,0.085,0.0552,True
0x149f91a2622dccde7380d76695ce8a964e8ad306,L2t,Politics / Trump / type=binary,211,0.07,0.0674,2.09,0.929,0.085,0.0552,True
0x149f91a2622dccde7380d76695ce8a964e8ad306,L2t,Sports / Tennis / type=tennis_match_totals,31,0.014,0.024,17.23,1.0,0.0142,0.0138,True
0xade9a82203adbc592c5bec9f5a97136128cd6f2a,L1b,Esports / price=0.50-0.70,87,0.2215,0.1807,3.01,0.724,0.1532,0.2882,True
0xade9a82203adbc592c5bec9f5a97136128cd6f2a,L2b,Esports / Esports / price=0.50-0.70,87,0.2215,0.1807,3.01,0.724,0.1532,0.2882,True
0xf6a49f36d8bc7e852703cc302a7e433ba4ebb0e6,L2t,Sports / Baseball / type=totals,38,0.342,0.1977,2.35,0.711,0.3078,0.3763,True
0x7b1036b62136cad4ac4b86668c3dcb9e84e2acab,L1,Sports,990,0.1954,0.1954,2.92,0.576,0.2795,0.1112,True
0x7b1036b62136cad4ac4b86668c3dcb9e84e2acab,L2,Sports / Soccer,249,0.2127,0.2113,2.14,0.61,0.3234,0.1029,True
0x7b1036b62136cad4ac4b86668c3dcb9e84e2acab,L3,Sports / Soccer / FIFA World Cup,192,0.2163,0.2142,2.14,0.646,0.3209,0.1117,True
0x7b1036b62136cad4ac4b86668c3dcb9e84e2acab,L1b,Sports / price=0.10-0.30,107,0.4854,0.4395,2.14,0.308,0.6537,0.3203,True
0x7b1036b62136cad4ac4b86668c3dcb9e84e2acab,L1b,Sports / price=0.30-0.50,264,0.1775,0.1787,2.35,0.485,0.0779,0.2771,True
0x7b1036b62136cad4ac4b86668c3dcb9e84e2acab,L2b,Sports / American Football / price=0.30-0.50,33,0.4467,0.3512,2.09,0.606,0.3407,0.5464,True
0x7b1036b62136cad4ac4b86668c3dcb9e84e2acab,L2l,Sports / Soccer / live,166,0.2785,0.2694,2.4,0.639,0.368,0.189,True
0xb45f83f63c996a4d39498f939adc0da661d4f1f8,L2,Sports / Baseball,66,0.2324,0.1863,2.37,0.727,0.2095,0.2552,True
0xb45f83f63c996a4d39498f939adc0da661d4f1f8,L3,Sports / Baseball / MLB,66,0.2324,0.1863,2.37,0.727,0.2095,0.2552,True
0xb45f83f63c996a4d39498f939adc0da661d4f1f8,L2t,Sports / Baseball / type=moneyline,66,0.2324,0.1863,2.37,0.727,0.2095,0.2552,True
0xb45f83f63c996a4d39498f939adc0da661d4f1f8,L1b,Sports / price=0.50-0.70,48,0.2898,0.2146,2.77,0.771,0.1824,0.3973,True
0xb45f83f63c996a4d39498f939adc0da661d4f1f8,L2b,Sports / Baseball / price=0.50-0.70,48,0.2898,0.2146,2.77,0.771,0.1824,0.3973,True
0xb45f83f63c996a4d39498f939adc0da661d4f1f8,L2l,Sports / Baseball / pre,60,0.2464,0.1933,2.33,0.717,0.2252,0.2676,True
0x7f816f5263e107c7995eac8cfbce4920161c6083,L1,Esports,99,0.0963,0.0967,1.23,0.697,0.1096,0.0832,False
0x7f816f5263e107c7995eac8cfbce4920161c6083,L1,Sports,46,0.1036,0.1021,0.72,0.652,0.1189,0.0883,False
0x7f816f5263e107c7995eac8cfbce4920161c6083,L2,Esports / Esports,99,0.0963,0.0967,1.23,0.697,0.1096,0.0832,False
0x7f816f5263e107c7995eac8cfbce4920161c6083,L2,Sports / Soccer,44,0.1307,0.1207,0.89,0.659,0.1236,0.1378,False
0x7f816f5263e107c7995eac8cfbce4920161c6083,L3,Esports / Esports / Dota 2,48,0.2424,0.2001,2.23,0.771,0.2648,0.2201,True
0x7f816f5263e107c7995eac8cfbce4920161c6083,L3,Sports / Soccer / FIFA World Cup,21,0.1755,0.138,0.66,0.571,0.3196,0.0445,False
0x7f816f5263e107c7995eac8cfbce4920161c6083,L3,Esports / Esports / Counter Strike,38,-0.0978,-0.0301,-0.84,0.632,0.0787,-0.2743,False
0x7f816f5263e107c7995eac8cfbce4920161c6083,L2t,Esports / Esports / type=moneyline,98,0.1075,0.106,1.37,0.704,0.1096,0.1053,False
0x7f816f5263e107c7995eac8cfbce4920161c6083,L2t,Sports / Soccer / type=moneyline,41,0.1373,0.1246,0.89,0.659,0.0799,0.192,False
0x7f816f5263e107c7995eac8cfbce4920161c6083,L1b,Esports / price=0.70-0.90,27,0.1595,0.1336,1.96,0.889,0.0969,0.2177,False
0x7f816f5263e107c7995eac8cfbce4920161c6083,L1b,Esports / price=0.50-0.70,52,-0.0135,0.0176,-0.12,0.615,0.1046,-0.1317,False
0x7f816f5263e107c7995eac8cfbce4920161c6083,L2b,Esports / Esports / price=0.70-0.90,27,0.1595,0.1336,1.96,0.889,0.0969,0.2177,False
0x7f816f5263e107c7995eac8cfbce4920161c6083,L2b,Esports / Esports / price=0.50-0.70,52,-0.0135,0.0176,-0.12,0.615,0.1046,-0.1317,False
0x7f816f5263e107c7995eac8cfbce4920161c6083,L2l,Esports / Esports / live,28,0.1623,0.1358,1.03,0.714,-0.0678,0.3925,False
0x7f816f5263e107c7995eac8cfbce4920161c6083,L2l,Esports / Esports / pre,71,0.0702,0.0765,0.77,0.69,0.079,0.0617,False
0x7f816f5263e107c7995eac8cfbce4920161c6083,L2l,Sports / Soccer / pre,34,0.0287,0.0546,0.18,0.618,-0.0923,0.1497,False
0xefb4a27fd6fb77951c707fcabfeee75b8f019653,L2t,Sports / American Football / type=moneyline,43,0.1591,0.1161,2.06,0.837,0.2116,0.1089,True
0x3cb7d74d7af046f396897ed2a8548d41cd8d1a88,L3,Sports / Other sport / Singapore Daily Weather,40,0.8814,0.6056,2.04,0.65,1.3481,0.4148,True
0x3cb7d74d7af046f396897ed2a8548d41cd8d1a88,L3,Sports / Other sport / Tel Aviv Daily Weather,57,0.3136,0.2461,2.14,0.649,0.4469,0.1848,True
0x3cb7d74d7af046f396897ed2a8548d41cd8d1a88,L1b,Weather / price=0.30-0.50,45,0.4048,0.2968,2.16,0.556,0.2865,0.518,True
0x3cb7d74d7af046f396897ed2a8548d41cd8d1a88,L2b,Weather / Recurring / price=0.30-0.50,45,0.4048,0.2968,2.16,0.556,0.2865,0.518,True
0xfe3b663c38ea35a94bf20905210bb3cf943fae48,L1,Sports,1031,0.2641,0.2639,3.66,0.443,0.4404,0.0882,True
0xfe3b663c38ea35a94bf20905210bb3cf943fae48,L2,Sports / Other sport,826,0.3285,0.3267,3.73,0.429,0.4013,0.2558,True
0xfe3b663c38ea35a94bf20905210bb3cf943fae48,L3,Sports / Other sport / Chongqing Daily Weather,43,1.0052,0.7666,2.52,0.605,1.0647,0.9485,True
0xfe3b663c38ea35a94bf20905210bb3cf943fae48,L2t,Sports / Other sport / type=binary,800,0.3359,0.3339,3.7,0.425,0.3772,0.2947,True
0xfe3b663c38ea35a94bf20905210bb3cf943fae48,L1b,Sports / price=0.00-0.10,152,0.9659,0.8831,2.3,0.178,1.4118,0.52,True
0xfe3b663c38ea35a94bf20905210bb3cf943fae48,L1b,Sports / price=0.10-0.30,262,0.2893,0.2868,2.47,0.34,0.3967,0.1819,True
0xfe3b663c38ea35a94bf20905210bb3cf943fae48,L1b,Sports / price=0.50-0.70,301,0.0886,0.0989,2.23,0.608,0.0663,0.1109,True
0xfe3b663c38ea35a94bf20905210bb3cf943fae48,L2b,Sports / Other sport / price=0.00-0.10,148,0.9999,0.911,2.32,0.176,1.2238,0.776,True
0xfe3b663c38ea35a94bf20905210bb3cf943fae48,L2b,Sports / Other sport / price=0.10-0.30,241,0.3276,0.3219,2.65,0.344,0.3658,0.2896,True
0xfe3b663c38ea35a94bf20905210bb3cf943fae48,L2b,Sports / Other sport / price=0.30-0.50,179,0.1796,0.1871,2.32,0.497,0.2635,0.0967,True
0xfe3b663c38ea35a94bf20905210bb3cf943fae48,L2l,Sports / Other sport / live,462,0.3209,0.3181,2.45,0.396,0.3004,0.3413,True
0xfe3b663c38ea35a94bf20905210bb3cf943fae48,L2l,Sports / Other sport / pre,364,0.3382,0.3338,3.04,0.47,0.467,0.2094,True
0x9ada72fe853a5b46a32e02deb00484e91e505c6c,L1b,Sports / price=0.70-0.90,189,0.0854,0.0784,2.58,0.852,0.075,0.0956,True
0x9ada72fe853a5b46a32e02deb00484e91e505c6c,L2b,Sports / Tennis / price=0.70-0.90,36,0.1612,0.1081,2.66,0.917,0.0757,0.2466,True
0xf2bbd4a5a02780c14b7ec16a52a3e21a744cae21,L2t,Sports / Other sport / type=binary,1274,0.1722,0.1706,2.11,0.508,0.2303,0.1141,True
0xf2bbd4a5a02780c14b7ec16a52a3e21a744cae21,L1b,Weather / price=0.70-0.90,217,0.0589,0.0598,2.48,0.802,0.0913,0.0267,True
0xf2bbd4a5a02780c14b7ec16a52a3e21a744cae21,L2b,Sports / Other sport / price=0.50-0.70,94,0.2582,0.2252,3.35,0.734,0.255,0.2615,True
0xf2bbd4a5a02780c14b7ec16a52a3e21a744cae21,L2b,Weather / Recurring / price=0.70-0.90,216,0.0581,0.0591,2.44,0.801,0.0913,0.0249,True
0x1b912b17581b3d544431d13d5a060155a80127dc,L3,Sports / Other sport / Scottish Premiership,67,0.4544,0.3514,2.05,0.582,0.4832,0.4265,True
0x1b912b17581b3d544431d13d5a060155a80127dc,L3,Sports / Soccer / MLS 2025,381,0.1504,0.1432,2.78,0.614,0.1343,0.1665,True
0x1b912b17581b3d544431d13d5a060155a80127dc,L3,Sports / Soccer / EFL Championship,161,0.2413,0.2153,2.32,0.553,0.1559,0.3256,True
0x1b912b17581b3d544431d13d5a060155a80127dc,L3,Sports / Other sport / Switzerland Super League,85,0.3403,0.2766,2.23,0.671,0.4804,0.2033,True
0x1b912b17581b3d544431d13d5a060155a80127dc,L2b,Sports / American Football / price=0.50-0.70,32,0.2935,0.183,2.15,0.75,0.2429,0.3441,True
0x1b912b17581b3d544431d13d5a060155a80127dc,L2b,Sports / Soccer / price=0.70-0.90,177,0.0812,0.0736,2.06,0.814,0.0588,0.1033,True
0x15e91a9d7885504755c1a878581417fb785426be,L2l,Sports / Tennis / live,41,0.4317,0.3102,2.09,0.585,0.5425,0.3261,True
0x47e37b506cf492cd39fb697c976a101914307b48,L2b,Sports / Basketball / price=0.50-0.70,90,0.194,0.1606,2.14,0.667,0.17,0.218,True
0x128cd861e622eb5951c55b730ec60115a46bad12,L1b,Culture / price=0.70-0.90,47,0.113,0.1584,2.25,0.894,0.0466,0.1767,True
0x1e1ec8225ed54f699529eb2aef2edf3ea8d7cbfb,L1,Sports,985,0.1141,0.1141,2.89,0.571,0.0833,0.1448,True
0x1e1ec8225ed54f699529eb2aef2edf3ea8d7cbfb,L2,Sports / Tennis,855,0.0912,0.0917,2.26,0.561,0.0588,0.1235,True
0x1e1ec8225ed54f699529eb2aef2edf3ea8d7cbfb,L2t,Sports / Tennis / type=moneyline,855,0.0912,0.0917,2.26,0.561,0.0588,0.1235,True
0x1e1ec8225ed54f699529eb2aef2edf3ea8d7cbfb,L2l,Sports / Tennis / live,849,0.0945,0.0949,2.33,0.563,0.0663,0.1225,True
0x68b695136d475ca38ac5c8046b03fcba902999b4,L1,Sports,1008,0.1477,0.1477,3.5,0.562,0.1397,0.1556,True
0x68b695136d475ca38ac5c8046b03fcba902999b4,L2,Sports / Tennis,910,0.1188,0.1194,2.74,0.549,0.0976,0.14,True
0x68b695136d475ca38ac5c8046b03fcba902999b4,L2,Sports / Soccer,55,0.5537,0.4454,2.33,0.673,0.5547,0.5527,True
0x68b695136d475ca38ac5c8046b03fcba902999b4,L3,Sports / Tennis / WTA,276,0.1617,0.1607,2.22,0.576,0.1556,0.1678,True
0x68b695136d475ca38ac5c8046b03fcba902999b4,L2t,Sports / Tennis / type=moneyline,910,0.1188,0.1194,2.74,0.549,0.0976,0.14,True
0x68b695136d475ca38ac5c8046b03fcba902999b4,L2t,Sports / Soccer / type=moneyline,53,0.406,0.3352,2.1,0.66,0.2665,0.5403,True
0x68b695136d475ca38ac5c8046b03fcba902999b4,L1b,Sports / price=0.10-0.30,159,0.4641,0.4287,2.5,0.308,0.3704,0.5565,True
0x68b695136d475ca38ac5c8046b03fcba902999b4,L2b,Sports / Tennis / price=0.10-0.30,139,0.3813,0.352,2.03,0.302,0.3765,0.3861,True
0x68b695136d475ca38ac5c8046b03fcba902999b4,L2l,Sports / Tennis / live,897,0.1207,0.1213,2.75,0.548,0.1029,0.1384,True
0x68b695136d475ca38ac5c8046b03fcba902999b4,L2l,Sports / Soccer / live,55,0.5537,0.4454,2.33,0.673,0.5547,0.5527,True
0x85fa3df111ddcf885b40db383484127f570ed3ae,L3,Sports / Soccer / UEFA Nations League,30,0.2163,0.1379,3.16,0.867,0.318,0.1146,True
0xc14fb45ef8bafb6b4b6cb6d422a2e80fb3aa0ee1,L3,Sports / Soccer / UEFA Nations League,32,0.1777,0.1245,2.06,0.844,0.2477,0.1076,True
0xc14fb45ef8bafb6b4b6cb6d422a2e80fb3aa0ee1,L2t,Esports / Esports / type=moneyline,45,0.3138,0.2294,2.63,0.8,0.4003,0.231,True
0xf1c402df4d1106eafb873e2861ce2019b399ed0f,L3,Sports / Other sport / Singapore Daily Weather,77,0.3266,0.2664,2.57,0.779,0.6312,0.0298,True
0xb4a0f0da1fa782bd5b8b4af9015cc899e119993d,L3,Sports / Other sport / Lucknow Daily Weather,52,0.1901,0.1252,2.27,0.962,0.111,0.2692,True
0xb4a0f0da1fa782bd5b8b4af9015cc899e119993d,L2b,Sports / Other sport / price=0.50-0.70,36,0.2239,0.1284,2.02,0.75,0.2229,0.2249,True
0x11a49bf80f4807d7891fbc31dcffb5a82212f434,L3,Sports / Other sport / Tokyo Daily Weather,90,0.1712,0.1456,2.35,0.811,0.1719,0.1704,True
0x36cbacd5ae2a88b4558118244f6e7d03d9f14eb1,L2t,Sports / Soccer / type=total_corners,76,0.2691,0.2285,2.28,0.579,0.5057,0.0326,True
0x36cbacd5ae2a88b4558118244f6e7d03d9f14eb1,L1b,Sports / price=0.50-0.70,112,0.1446,0.1339,2.08,0.589,0.1439,0.1453,True
0x36cbacd5ae2a88b4558118244f6e7d03d9f14eb1,L2b,Sports / Soccer / price=0.50-0.70,102,0.1703,0.1545,2.37,0.598,0.1849,0.1557,True
0x7f9e2d1df78614564a70becc7fa14aa9a6623a0e,L1,Other,110,0.1085,0.0902,3.83,0.9,0.1346,0.0824,True
0x7f9e2d1df78614564a70becc7fa14aa9a6623a0e,L1b,Other / price=0.70-0.90,46,0.157,0.1063,7.54,0.935,0.1542,0.1597,True
0x2b51107e8d030397ea728a794405ffbcf1d2e165,L1b,Politics / price=0.50-0.70,43,0.1932,0.1155,2.57,0.744,0.1309,0.2526,True
0x09b63d4273c88d6621abe7cf7dfdfa58f888f48d,L1,Other,219,0.4738,0.4439,7.27,0.635,0.6971,0.2525,True
0x09b63d4273c88d6621abe7cf7dfdfa58f888f48d,L2,Other / ?,219,0.4738,0.4439,7.27,0.635,0.6971,0.2525,True
0x09b63d4273c88d6621abe7cf7dfdfa58f888f48d,L3,Other / ? / ?,219,0.4738,0.4439,7.27,0.635,0.6971,0.2525,True
0x09b63d4273c88d6621abe7cf7dfdfa58f888f48d,L2t,Other / ? / type=binary,219,0.4738,0.4439,7.27,0.635,0.6971,0.2525,True
0x09b63d4273c88d6621abe7cf7dfdfa58f888f48d,L1b,Other / price=0.00-0.10,131,0.5994,0.5355,6.43,0.687,0.8999,0.3034,True
0x09b63d4273c88d6621abe7cf7dfdfa58f888f48d,L1b,Other / price=0.10-0.30,87,0.2908,0.2583,3.59,0.563,0.5413,0.046,True
0x09b63d4273c88d6621abe7cf7dfdfa58f888f48d,L2b,Other / ? / price=0.00-0.10,131,0.5994,0.5355,6.43,0.687,0.8999,0.3034,True
0x09b63d4273c88d6621abe7cf7dfdfa58f888f48d,L2b,Other / ? / price=0.10-0.30,87,0.2908,0.2583,3.59,0.563,0.5413,0.046,True
0x6b9088be3898f1bcb7add8a174bdf1c7295c2194,L2b,Sports / Basketball / price=0.30-0.50,39,0.5289,0.3579,2.76,0.641,0.66,0.4044,True
0x881e72710f634afab58732621e001044224470f8,L1,Crypto,31,0.1295,0.0963,4.53,1.0,0.1579,0.1028,True
0xede186f37ead91aa618cf8101db2bfe6b6c57dd1,L2,Crypto / Bitcoin,40,3.4964,2.445,2.19,0.375,0.7179,6.275,True
0xede186f37ead91aa618cf8101db2bfe6b6c57dd1,L2t,Crypto / Bitcoin / type=binary,40,3.4964,2.445,2.19,0.375,0.7179,6.275,True
0xe906e2dea1be382fb877884e16083c460b3fdb88,L1,Esports,66,0.0459,0.0373,0.29,0.485,-0.1612,0.2529,False
0xe906e2dea1be382fb877884e16083c460b3fdb88,L1,Sports,534,0.0062,0.0063,0.24,0.727,-0.0082,0.0205,False
0xe906e2dea1be382fb877884e16083c460b3fdb88,L2,Sports / Soccer,429,0.0195,0.0191,0.71,0.737,0.0008,0.0381,False
0xe906e2dea1be382fb877884e16083c460b3fdb88,L2,Esports / Esports,66,0.0459,0.0373,0.29,0.485,-0.1612,0.2529,False
0xe906e2dea1be382fb877884e16083c460b3fdb88,L2,Sports / Tennis,26,0.0254,0.0183,0.17,0.731,0.1312,-0.0804,False
0xe906e2dea1be382fb877884e16083c460b3fdb88,L2,Sports / Other sport,78,-0.0914,-0.0709,-1.25,0.667,-0.0542,-0.1286,False
0xe906e2dea1be382fb877884e16083c460b3fdb88,L3,Sports / Soccer / Liga MX 2025,40,0.1066,0.0741,1.28,0.825,0.2112,0.002,False
0xe906e2dea1be382fb877884e16083c460b3fdb88,L3,Esports / Esports / Counter Strike,66,0.0459,0.0373,0.29,0.485,-0.1612,0.2529,False
0xe906e2dea1be382fb877884e16083c460b3fdb88,L3,Sports / Soccer / Fifa Friendly,22,0.1116,0.0628,0.92,0.773,0.2074,0.0158,False
0xe906e2dea1be382fb877884e16083c460b3fdb88,L3,Sports / Soccer / UEFA Nations League,25,0.0836,0.0505,0.7,0.72,-0.337,0.4719,False
0xe906e2dea1be382fb877884e16083c460b3fdb88,L3,Sports / Soccer / UEFA Champions League 2025,20,0.0048,0.0069,0.05,0.8,-0.0212,0.0308,False
0xe906e2dea1be382fb877884e16083c460b3fdb88,L3,Sports / Soccer / Premier League 2025,24,-0.0046,0.0017,-0.04,0.625,-0.0345,0.0254,False
0xe906e2dea1be382fb877884e16083c460b3fdb88,L3,Sports / Soccer / MLS 2025,33,-0.0092,-0.0023,-0.08,0.697,-0.139,0.1129,False
0xe906e2dea1be382fb877884e16083c460b3fdb88,L3,Sports / Tennis / WTA,20,-0.0788,-0.0348,-0.54,0.7,0.114,-0.2715,False
0xe906e2dea1be382fb877884e16083c460b3fdb88,L3,Sports / Soccer / FIFA World Cup,109,-0.0234,-0.0183,-0.35,0.697,0.038,-0.0836,False
0xe906e2dea1be382fb877884e16083c460b3fdb88,L2t,Sports / Soccer / type=spreads,109,0.0761,0.0657,1.39,0.807,0.0707,0.0814,False
0xe906e2dea1be382fb877884e16083c460b3fdb88,L2t,Sports / Soccer / type=moneyline,137,0.0079,0.0081,0.16,0.723,0.0556,-0.0391,False
0xe906e2dea1be382fb877884e16083c460b3fdb88,L2t,Sports / Soccer / type=totals,27,0.0192,0.0149,0.23,0.704,-0.0176,0.0534,False
0xe906e2dea1be382fb877884e16083c460b3fdb88,L2t,Sports / Other sport / type=spreads,24,0.0205,0.0153,0.14,0.708,-0.0033,0.0443,False
0xe906e2dea1be382fb877884e16083c460b3fdb88,L2t,Esports / Esports / type=moneyline,25,0.0168,0.0134,0.09,0.48,-0.1572,0.1774,False
0xe906e2dea1be382fb877884e16083c460b3fdb88,L2t,Sports / Soccer / type=soccer_halftime_result,38,-0.0046,0.0001,-0.05,0.711,-0.1129,0.1037,False
0xe906e2dea1be382fb877884e16083c460b3fdb88,L2t,Sports / Other sport / type=moneyline,25,-0.0071,0.0001,-0.07,0.76,0.0323,-0.0435,False
0xe906e2dea1be382fb877884e16083c460b3fdb88,L2t,Sports / Soccer / type=soccer_exact_score,47,-0.1392,-0.0949,-2.17,0.702,-0.1677,-0.1118,False
0xe906e2dea1be382fb877884e16083c460b3fdb88,L1b,Sports / price=0.70-0.90,172,0.0856,0.0777,2.89,0.843,0.0839,0.0874,True
0xe906e2dea1be382fb877884e16083c460b3fdb88,L1b,Sports / price=0.50-0.70,150,0.0214,0.0199,0.35,0.593,-0.0268,0.0696,False
0xe906e2dea1be382fb877884e16083c460b3fdb88,L1b,Sports / price=0.90-1.00,147,0.0035,0.0041,0.23,0.918,0.0103,-0.0033,False
0xe906e2dea1be382fb877884e16083c460b3fdb88,L1b,Esports / price=0.50-0.70,32,-0.1131,-0.0661,-0.91,0.438,-0.1387,-0.0875,False
0xe906e2dea1be382fb877884e16083c460b3fdb88,L1b,Sports / price=0.30-0.50,41,-0.202,-0.1328,-1.44,0.341,-0.2287,-0.1766,False
0xe906e2dea1be382fb877884e16083c460b3fdb88,L2b,Sports / Soccer / price=0.70-0.90,143,0.1055,0.0937,3.44,0.853,0.0949,0.116,True
0xe906e2dea1be382fb877884e16083c460b3fdb88,L2b,Sports / Other sport / price=0.50-0.70,20,0.0887,0.0489,0.51,0.6,0.0555,0.122,False
0xe906e2dea1be382fb877884e16083c460b3fdb88,L2b,Sports / Soccer / price=0.90-1.00,120,0.0116,0.0112,0.79,0.925,0.0235,-0.0003,False
0xe906e2dea1be382fb877884e16083c460b3fdb88,L2b,Sports / Soccer / price=0.50-0.70,118,0.0106,0.0104,0.16,0.585,-0.0731,0.0943,False
0xe906e2dea1be382fb877884e16083c460b3fdb88,L2b,Sports / Other sport / price=0.70-0.90,26,0.0103,0.0098,0.11,0.808,-0.0277,0.0484,False
0xe906e2dea1be382fb877884e16083c460b3fdb88,L2b,Esports / Esports / price=0.50-0.70,32,-0.1131,-0.0661,-0.91,0.438,-0.1387,-0.0875,False
0xe906e2dea1be382fb877884e16083c460b3fdb88,L2b,Sports / Soccer / price=0.30-0.50,31,-0.1972,-0.1163,-1.29,0.323,-0.4686,0.0573,False
0xe906e2dea1be382fb877884e16083c460b3fdb88,L2l,Sports / Soccer / pre,166,0.1007,0.0909,2.07,0.741,0.02,0.1815,True
0xe906e2dea1be382fb877884e16083c460b3fdb88,L2l,Esports / Esports / live,55,0.0664,0.0511,0.36,0.491,-0.15,0.2751,False
0xe906e2dea1be382fb877884e16083c460b3fdb88,L2l,Sports / Soccer / live,260,-0.0323,-0.0293,-0.98,0.731,-0.0157,-0.0489,False
0xe906e2dea1be382fb877884e16083c460b3fdb88,L2l,Sports / Other sport / live,63,-0.086,-0.0631,-1.02,0.683,-0.0412,-0.1293,False
0x6deaf078969c5e3787d9e9e386b26048c98ce294,L1,Esports,546,0.1078,0.1065,2.12,0.498,0.0274,0.1881,True
0x6deaf078969c5e3787d9e9e386b26048c98ce294,L1,Sports,95,-0.1395,-0.1029,-1.37,0.432,-0.033,-0.2437,False
0x6deaf078969c5e3787d9e9e386b26048c98ce294,L2,Esports / Esports,546,0.1078,0.1065,2.12,0.498,0.0274,0.1881,True
0x6deaf078969c5e3787d9e9e386b26048c98ce294,L2,Sports / Soccer,90,-0.0917,-0.0621,-0.87,0.456,0.01,-0.1933,False
0x6deaf078969c5e3787d9e9e386b26048c98ce294,L3,Esports / Esports / Dota 2,91,0.2332,0.204,1.87,0.582,0.0746,0.3883,False
0x6deaf078969c5e3787d9e9e386b26048c98ce294,L3,Esports / Esports / Counter Strike,401,0.0949,0.0938,1.6,0.486,0.0507,0.139,False
0x6deaf078969c5e3787d9e9e386b26048c98ce294,L3,Esports / Esports / Valorant,46,-0.0871,-0.0391,-0.52,0.435,-0.2394,0.0653,False
0x6deaf078969c5e3787d9e9e386b26048c98ce294,L3,Sports / Soccer / Counter Strike,81,-0.1148,-0.078,-1.05,0.444,0.0638,-0.2891,False
0x6deaf078969c5e3787d9e9e386b26048c98ce294,L2t,Esports / Esports / type=map_handicap,39,0.2811,0.2099,1.44,0.564,0.2596,0.3016,False
0x6deaf078969c5e3787d9e9e386b26048c98ce294,L2t,Esports / Esports / type=moneyline,145,0.0884,0.0863,1.06,0.545,-0.0431,0.2181,False
0x6deaf078969c5e3787d9e9e386b26048c98ce294,L2t,Esports / Esports / type=child_moneyline,323,0.0557,0.0566,0.82,0.464,-0.0147,0.1257,False
0x6deaf078969c5e3787d9e9e386b26048c98ce294,L2t,Sports / Soccer / type=moneyline,90,-0.0917,-0.0621,-0.87,0.456,0.01,-0.1933,False
0x6deaf078969c5e3787d9e9e386b26048c98ce294,L1b,Esports / price=0.10-0.30,79,0.3074,0.2596,1.44,0.342,0.3275,0.2877,False
0x6deaf078969c5e3787d9e9e386b26048c98ce294,L1b,Esports / price=0.30-0.50,269,0.0869,0.0858,1.23,0.465,-0.0579,0.2307,False
0x6deaf078969c5e3787d9e9e386b26048c98ce294,L1b,Esports / price=0.50-0.70,167,0.0791,0.0782,1.25,0.599,0.082,0.0762,False
0x6deaf078969c5e3787d9e9e386b26048c98ce294,L1b,Esports / price=0.70-0.90,23,0.159,0.1181,1.62,0.826,0.1113,0.2026,False
0x6deaf078969c5e3787d9e9e386b26048c98ce294,L1b,Sports / price=0.50-0.70,34,0.0198,0.0388,0.13,0.559,-0.2095,0.2492,False
0x6deaf078969c5e3787d9e9e386b26048c98ce294,L1b,Sports / price=0.30-0.50,49,-0.0784,-0.0351,-0.49,0.429,0.252,-0.3957,False
0x6deaf078969c5e3787d9e9e386b26048c98ce294,L2b,Esports / Esports / price=0.10-0.30,79,0.3074,0.2596,1.44,0.342,0.3275,0.2877,False
0x6deaf078969c5e3787d9e9e386b26048c98ce294,L2b,Esports / Esports / price=0.30-0.50,269,0.0869,0.0858,1.23,0.465,-0.0579,0.2307,False
0x6deaf078969c5e3787d9e9e386b26048c98ce294,L2b,Esports / Esports / price=0.50-0.70,167,0.0791,0.0782,1.25,0.599,0.082,0.0762,False
0x6deaf078969c5e3787d9e9e386b26048c98ce294,L2b,Esports / Esports / price=0.70-0.90,23,0.159,0.1181,1.62,0.826,0.1113,0.2026,False
0x6deaf078969c5e3787d9e9e386b26048c98ce294,L2b,Sports / Soccer / price=0.50-0.70,32,0.0835,0.0788,0.56,0.594,-0.1601,0.3272,False
0x6deaf078969c5e3787d9e9e386b26048c98ce294,L2b,Sports / Soccer / price=0.30-0.50,47,-0.0392,-0.0063,-0.24,0.447,0.3065,-0.3705,False
0x6deaf078969c5e3787d9e9e386b26048c98ce294,L2l,Esports / Esports / live,515,0.109,0.1076,2.07,0.499,0.0246,0.1932,True
0x6deaf078969c5e3787d9e9e386b26048c98ce294,L2l,Esports / Esports / pre,31,0.0864,0.0804,0.47,0.484,0.3708,-0.1804,False
0x6deaf078969c5e3787d9e9e386b26048c98ce294,L2l,Sports / Soccer / live,80,-0.0717,-0.0431,-0.66,0.475,-0.0509,-0.0925,False
0xb7ef580a13f0463561170074bece5fb7bbd3812c,L1b,Other / price=0.70-0.90,36,0.0389,0.0469,2.08,0.778,0.017,0.0609,True
0x2f42d37523fb1e496840184178f857d462dd4fc5,L2,Business / Big Tech,32,0.0227,0.0099,2.39,0.875,0.0409,0.0045,True
0x2f42d37523fb1e496840184178f857d462dd4fc5,L2,Crypto / Ethereum,68,0.0053,0.0017,3.38,0.985,0.0027,0.0079,True
0x2f42d37523fb1e496840184178f857d462dd4fc5,L3,Crypto / Ethereum / Ethereum Multi Strikes Weekly,56,0.004,0.0002,3.47,0.982,0.0022,0.0058,True
0x2f42d37523fb1e496840184178f857d462dd4fc5,L2t,Business / Big Tech / type=negrisk,31,0.0235,0.0101,2.4,0.903,0.0437,0.0045,True
0x2f42d37523fb1e496840184178f857d462dd4fc5,L2t,Crypto / Ethereum / type=binary,65,0.0053,0.0016,3.26,0.985,0.0028,0.0078,True
0xb7a50f080f2e069e2def1cde2b7e119448d05824,L1,Crypto,270,0.0033,0.002,3.23,0.967,0.002,0.0046,True
0xb7a50f080f2e069e2def1cde2b7e119448d05824,L2,Crypto / Bitcoin,121,0.0046,0.0018,7.78,0.959,0.004,0.0052,True
0xb7a50f080f2e069e2def1cde2b7e119448d05824,L3,Crypto / Bitcoin / BTC Multi Strikes Weekly,110,0.0045,0.0015,8.6,0.973,0.004,0.005,True
0xb7a50f080f2e069e2def1cde2b7e119448d05824,L2t,Crypto / Bitcoin / type=binary,118,0.0047,0.0018,7.74,0.958,0.0044,0.005,True
0xaeedfbe3b045673858d9d139900b4c815f65074b,L1b,Sports / price=0.70-0.90,68,0.1274,0.0909,2.66,0.868,0.1214,0.1334,True
0x0146df0b18f6faf92e814904edef6bf441694d51,L1,Sports,135,0.1156,0.1071,1.44,0.607,0.2551,-0.0219,False
0x0146df0b18f6faf92e814904edef6bf441694d51,L1,Esports,69,-0.064,-0.0385,-0.42,0.449,0.1563,-0.2781,False
0x0146df0b18f6faf92e814904edef6bf441694d51,L2,Sports / Soccer,61,0.1183,0.1014,0.98,0.639,0.2705,-0.0289,False
0x0146df0b18f6faf92e814904edef6bf441694d51,L2,Sports / Tennis,46,-0.0324,-0.0075,-0.28,0.543,-0.1259,0.0612,False
0x0146df0b18f6faf92e814904edef6bf441694d51,L2,Esports / Esports,69,-0.064,-0.0385,-0.42,0.449,0.1563,-0.2781,False
0x0146df0b18f6faf92e814904edef6bf441694d51,L3,Sports / Tennis / ATP,32,-0.1254,-0.0581,-0.96,0.5,-0.1003,-0.1506,False
0x0146df0b18f6faf92e814904edef6bf441694d51,L3,Esports / Esports / Counter Strike,33,-0.2244,-0.1209,-1.29,0.394,-0.0998,-0.3416,False
0x0146df0b18f6faf92e814904edef6bf441694d51,L2t,Sports / Soccer / type=moneyline,59,0.1336,0.1124,1.08,0.644,0.2683,0.0034,False
0x0146df0b18f6faf92e814904edef6bf441694d51,L2t,Sports / Tennis / type=moneyline,46,-0.0324,-0.0075,-0.28,0.543,-0.1259,0.0612,False
0x0146df0b18f6faf92e814904edef6bf441694d51,L2t,Esports / Esports / type=moneyline,46,-0.0568,-0.0245,-0.29,0.457,-0.0259,-0.0876,False
0x0146df0b18f6faf92e814904edef6bf441694d51,L2t,Esports / Esports / type=child_moneyline,22,-0.1531,-0.0565,-0.63,0.409,0.3044,-0.6106,False
0x0146df0b18f6faf92e814904edef6bf441694d51,L1b,Sports / price=0.50-0.70,47,0.2195,0.1688,2.34,0.638,0.2072,0.2312,True
0x0146df0b18f6faf92e814904edef6bf441694d51,L1b,Sports / price=0.70-0.90,28,0.1411,0.103,2.08,0.821,0.1606,0.1215,False
0x0146df0b18f6faf92e814904edef6bf441694d51,L1b,Sports / price=0.30-0.50,37,0.1109,0.0895,0.58,0.486,0.3772,-0.1413,False
0x0146df0b18f6faf92e814904edef6bf441694d51,L1b,Esports / price=0.50-0.70,21,-0.0108,0.0187,-0.06,0.571,-0.0672,0.0405,False
0x0146df0b18f6faf92e814904edef6bf441694d51,L2b,Sports / Soccer / price=0.50-0.70,20,0.2406,0.1451,1.52,0.7,0.3232,0.158,False
0x0146df0b18f6faf92e814904edef6bf441694d51,L2b,Esports / Esports / price=0.50-0.70,21,-0.0108,0.0187,-0.06,0.571,-0.0672,0.0405,False
0x0146df0b18f6faf92e814904edef6bf441694d51,L2b,Sports / Soccer / price=0.30-0.50,21,-0.0332,0.0072,-0.13,0.429,0.3839,-0.4124,False
0x0146df0b18f6faf92e814904edef6bf441694d51,L2l,Sports / Soccer / pre,52,0.2025,0.16,1.54,0.673,0.3185,0.0865,False
0x0146df0b18f6faf92e814904edef6bf441694d51,L2l,Sports / Tennis / live,23,0.0299,0.0391,0.17,0.565,-0.0534,0.1063,False
0x0146df0b18f6faf92e814904edef6bf441694d51,L2l,Esports / Esports / pre,59,0.0004,0.0129,0.0,0.475,0.1747,-0.1681,False
0x0146df0b18f6faf92e814904edef6bf441694d51,L2l,Sports / Tennis / pre,23,-0.0947,-0.0275,-0.66,0.522,-0.0844,-0.1041,False
0xd241d95a77325804d18a746345ae679c3401fab0,L1,Sports,40,0.1873,0.133,3.47,0.9,0.0677,0.3069,True
0xd241d95a77325804d18a746345ae679c3401fab0,L2,Sports / Other sport,35,0.2057,0.1398,4.13,0.914,0.0925,0.3127,True
0xd241d95a77325804d18a746345ae679c3401fab0,L2t,Sports / Other sport / type=binary,35,0.2057,0.1398,4.13,0.914,0.0925,0.3127,True
0x2d40ca3ab44c1cf56677c85919a815bbf59cec52,L1b,Esports / price=0.30-0.50,89,0.2655,0.2241,2.07,0.528,0.291,0.2405,True
0x2d40ca3ab44c1cf56677c85919a815bbf59cec52,L2b,Esports / Esports / price=0.30-0.50,87,0.2935,0.2461,2.27,0.54,0.3663,0.2224,True
0x2e7c5460614683b37e91490f7606047cebed164d,L1,Sports,1342,0.5656,0.5632,4.04,0.587,0.307,0.8242,True
0x2e7c5460614683b37e91490f7606047cebed164d,L2,Sports / Tennis,344,1.7252,1.6523,3.35,0.465,0.459,2.9914,True
0x2e7c5460614683b37e91490f7606047cebed164d,L2,Sports / Rugby,97,0.1976,0.2321,2.54,0.887,0.327,0.0709,True
0x2e7c5460614683b37e91490f7606047cebed164d,L3,Sports / Tennis / ATP,179,1.2745,1.1866,2.63,0.469,0.803,1.7409,True
0x2e7c5460614683b37e91490f7606047cebed164d,L3,Sports / Rugby / Super Rugby Pacific,38,0.1409,0.23,2.31,0.974,0.2547,0.0271,True
0x2e7c5460614683b37e91490f7606047cebed164d,L2t,Sports / Rugby / type=moneyline,97,0.1976,0.2321,2.54,0.887,0.327,0.0709,True
0x2e7c5460614683b37e91490f7606047cebed164d,L1b,Sports / price=0.00-0.10,61,8.8246,6.7443,3.14,0.246,4.1434,13.3548,True
0x2e7c5460614683b37e91490f7606047cebed164d,L1b,Sports / price=0.10-0.30,194,0.4294,0.4266,2.64,0.309,0.3176,0.5413,True
0x2e7c5460614683b37e91490f7606047cebed164d,L1b,Sports / price=0.30-0.50,515,0.1572,0.1663,2.85,0.466,0.0234,0.2906,True
0x2e7c5460614683b37e91490f7606047cebed164d,L1b,Sports / price=0.50-0.70,239,0.1943,0.2101,3.66,0.669,0.1531,0.2352,True
0x2e7c5460614683b37e91490f7606047cebed164d,L2b,Sports / Tennis / price=0.10-0.30,90,0.6003,0.5638,2.41,0.344,0.2471,0.9535,True
0x2e7c5460614683b37e91490f7606047cebed164d,L2b,Sports / Soccer / price=0.30-0.50,166,0.2385,0.2558,2.47,0.506,0.1425,0.3345,True
0x2e7c5460614683b37e91490f7606047cebed164d,L2b,Sports / Tennis / price=0.50-0.70,40,0.4505,0.4335,3.5,0.75,0.4714,0.4297,True
0x2e7c5460614683b37e91490f7606047cebed164d,L2l,Sports / Tennis / pre,337,1.0159,0.9814,3.45,0.463,0.4454,1.583,True
0x2e7c5460614683b37e91490f7606047cebed164d,L2l,Sports / Rugby / live,78,0.1233,0.1797,2.02,0.936,0.1622,0.0844,True
0xf3699a9d3e6e5e304d09dbf6474dc4611b6117d3,L3,Esports / Esports / League of Legends,330,0.1251,0.1158,2.18,0.6,0.2021,0.0481,True
0xf3699a9d3e6e5e304d09dbf6474dc4611b6117d3,L2l,Esports / Esports / live,380,0.1351,0.1264,2.61,0.629,0.2394,0.0308,True
0x8f244b5714553bbec416a36bb728841fdc1a3a09,L1,Sports,124,0.0883,0.0816,0.76,0.524,0.0194,0.1572,False
0x8f244b5714553bbec416a36bb728841fdc1a3a09,L1,Esports,52,-0.0737,-0.042,-0.46,0.423,0.0727,-0.2202,False
0x8f244b5714553bbec416a36bb728841fdc1a3a09,L2,Sports / Soccer,99,0.0522,0.0502,0.38,0.505,-0.0725,0.1744,False
0x8f244b5714553bbec416a36bb728841fdc1a3a09,L2,Esports / Esports,52,-0.0737,-0.042,-0.46,0.423,0.0727,-0.2202,False
0x8f244b5714553bbec416a36bb728841fdc1a3a09,L3,Esports / Esports / Counter Strike,31,0.2578,0.1726,1.19,0.581,0.2108,0.3019,False
0x8f244b5714553bbec416a36bb728841fdc1a3a09,L3,Sports / Soccer / FIFA World Cup,37,0.1384,0.104,1.15,0.73,-0.1098,0.3735,False
0x8f244b5714553bbec416a36bb728841fdc1a3a09,L2t,Sports / Soccer / type=soccer_player_goals,35,0.2034,0.1441,1.73,0.771,-0.0575,0.4498,False
0x8f244b5714553bbec416a36bb728841fdc1a3a09,L2t,Sports / Soccer / type=moneyline,37,0.0355,0.0372,0.11,0.27,-0.3125,0.3652,False
0x8f244b5714553bbec416a36bb728841fdc1a3a09,L2t,Esports / Esports / type=moneyline,27,-0.2003,-0.0979,-0.79,0.259,0.0679,-0.4493,False
0x8f244b5714553bbec416a36bb728841fdc1a3a09,L1b,Sports / price=0.50-0.70,40,0.2641,0.1895,2.42,0.725,0.3928,0.1354,True
0x8f244b5714553bbec416a36bb728841fdc1a3a09,L1b,Sports / price=0.10-0.30,24,0.2089,0.1323,0.44,0.25,0.6168,-0.1991,False
0x8f244b5714553bbec416a36bb728841fdc1a3a09,L1b,Esports / price=0.30-0.50,21,-0.0484,-0.0051,-0.19,0.381,0.0601,-0.147,False
0x8f244b5714553bbec416a36bb728841fdc1a3a09,L1b,Sports / price=0.30-0.50,41,-0.1507,-0.088,-0.79,0.341,-0.2782,-0.0292,False
0x8f244b5714553bbec416a36bb728841fdc1a3a09,L2b,Sports / Soccer / price=0.50-0.70,28,0.3423,0.2165,2.75,0.821,0.2224,0.4621,False
0x8f244b5714553bbec416a36bb728841fdc1a3a09,L2b,Sports / Soccer / price=0.10-0.30,24,0.2089,0.1323,0.44,0.25,0.6168,-0.1991,False
0x8f244b5714553bbec416a36bb728841fdc1a3a09,L2b,Esports / Esports / price=0.30-0.50,21,-0.0484,-0.0051,-0.19,0.381,0.0601,-0.147,False
0x8f244b5714553bbec416a36bb728841fdc1a3a09,L2b,Sports / Soccer / price=0.30-0.50,33,-0.3308,-0.1907,-1.7,0.273,-0.5592,-0.1157,False
0x8f244b5714553bbec416a36bb728841fdc1a3a09,L2l,Sports / Soccer / pre,99,0.0522,0.0502,0.38,0.505,-0.0725,0.1744,False
0x8f244b5714553bbec416a36bb728841fdc1a3a09,L2l,Esports / Esports / pre,44,0.0574,0.0521,0.32,0.477,0.2237,-0.1089,False
0x48dd5378f62434e22699da253e51830f3fc598ce,L2t,Esports / Esports / type=moneyline,50,0.3593,0.2739,2.04,0.58,0.6594,0.0591,True
0x48dd5378f62434e22699da253e51830f3fc598ce,L1b,Esports / price=0.30-0.50,54,0.3169,0.2476,2.35,0.519,0.4317,0.202,True
0x48dd5378f62434e22699da253e51830f3fc598ce,L1b,Crypto / price=0.50-0.70,106,0.1922,0.1713,2.12,0.623,0.1847,0.1997,True
0x48dd5378f62434e22699da253e51830f3fc598ce,L2b,Esports / Esports / price=0.30-0.50,54,0.3169,0.2476,2.35,0.519,0.4317,0.202,True
0x4c03038d1056d87c198bbedb73634e5f9a52f8be,L1,Sports,225,0.0081,0.0081,0.12,0.52,0.0773,-0.0605,False
0x4c03038d1056d87c198bbedb73634e5f9a52f8be,L2,Sports / American Football,100,0.1137,0.0961,1.16,0.57,0.2031,0.0244,False
0x4c03038d1056d87c198bbedb73634e5f9a52f8be,L2,Sports / Basketball,28,-0.0067,-0.0005,-0.04,0.536,0.0848,-0.0982,False
0x4c03038d1056d87c198bbedb73634e5f9a52f8be,L2,Sports / Hockey,58,-0.052,-0.0366,-0.4,0.483,-0.152,0.0481,False
0x4c03038d1056d87c198bbedb73634e5f9a52f8be,L2,Sports / Soccer,27,-0.1466,-0.0808,-0.77,0.444,-0.1028,-0.1873,False
0x4c03038d1056d87c198bbedb73634e5f9a52f8be,L3,Sports / American Football / NFL 2025,81,0.2238,0.1811,2.12,0.63,0.2413,0.2068,True
0x4c03038d1056d87c198bbedb73634e5f9a52f8be,L3,Sports / Basketball / NBA 2026,28,-0.0067,-0.0005,-0.04,0.536,0.0848,-0.0982,False
0x4c03038d1056d87c198bbedb73634e5f9a52f8be,L3,Sports / Hockey / NHL 2026,58,-0.052,-0.0366,-0.4,0.483,-0.152,0.0481,False
0x4c03038d1056d87c198bbedb73634e5f9a52f8be,L3,Sports / Soccer / FIFA World Cup,27,-0.1466,-0.0808,-0.77,0.444,-0.1028,-0.1873,False
0x4c03038d1056d87c198bbedb73634e5f9a52f8be,L2t,Sports / American Football / type=spreads,36,0.2223,0.1458,1.43,0.639,0.3815,0.0632,False
0x4c03038d1056d87c198bbedb73634e5f9a52f8be,L2t,Sports / American Football / type=moneyline,46,-0.0294,-0.018,-0.19,0.478,0.2043,-0.2631,False
0x4c03038d1056d87c198bbedb73634e5f9a52f8be,L2t,Sports / Hockey / type=moneyline,46,-0.1002,-0.0674,-0.68,0.457,-0.2984,0.0979,False
0x4c03038d1056d87c198bbedb73634e5f9a52f8be,L1b,Sports / price=0.30-0.50,48,0.1609,0.116,1.01,0.521,-0.0152,0.3371,False
0x4c03038d1056d87c198bbedb73634e5f9a52f8be,L1b,Sports / price=0.50-0.70,170,-0.0153,-0.0128,-0.22,0.535,0.0794,-0.11,False
0x4c03038d1056d87c198bbedb73634e5f9a52f8be,L2b,Sports / American Football / price=0.50-0.70,82,0.1104,0.0903,1.09,0.598,0.2355,-0.0148,False
0x4c03038d1056d87c198bbedb73634e5f9a52f8be,L2b,Sports / Hockey / price=0.30-0.50,22,0.2598,0.14,1.13,0.591,0.1934,0.3263,False
0x4c03038d1056d87c198bbedb73634e5f9a52f8be,L2b,Sports / Soccer / price=0.50-0.70,20,-0.0949,-0.0434,-0.46,0.5,0.0979,-0.2876,False
0x4c03038d1056d87c198bbedb73634e5f9a52f8be,L2b,Sports / Basketball / price=0.50-0.70,26,-0.0889,-0.0467,-0.49,0.5,0.0112,-0.1891,False
0x4c03038d1056d87c198bbedb73634e5f9a52f8be,L2b,Sports / Hockey / price=0.50-0.70,36,-0.2425,-0.153,-1.6,0.417,-0.3966,-0.0885,False
0x4c03038d1056d87c198bbedb73634e5f9a52f8be,L2l,Sports / American Football / pre,95,0.0764,0.0646,0.75,0.547,0.2382,-0.0819,False
0x4c03038d1056d87c198bbedb73634e5f9a52f8be,L2l,Sports / Basketball / pre,22,0.1695,0.0926,0.87,0.636,0.5273,-0.1883,False
0x4c03038d1056d87c198bbedb73634e5f9a52f8be,L2l,Sports / Soccer / pre,26,-0.1138,-0.0608,-0.58,0.462,0.0321,-0.2597,False
0x4c03038d1056d87c198bbedb73634e5f9a52f8be,L2l,Sports / Hockey / pre,54,-0.0895,-0.0631,-0.66,0.463,-0.2376,0.0586,False
0x49ae18c82dab9fd3a2bb84d0a96c3ded503ff3ba,L1,Politics,200,0.1269,0.1241,2.05,0.715,0.1663,0.0876,True
0x0bd753cbeb82b4dc735fdd84955f99fbaf258553,L1,Esports,957,0.0821,0.082,2.36,0.544,0.0967,0.0675,True
0x0bd753cbeb82b4dc735fdd84955f99fbaf258553,L2,Esports / Esports,957,0.0821,0.082,2.36,0.544,0.0967,0.0675,True
0x0bd753cbeb82b4dc735fdd84955f99fbaf258553,L3,Esports / Esports / League of Legends,914,0.0937,0.0933,2.62,0.548,0.1198,0.0675,True
0x0bd753cbeb82b4dc735fdd84955f99fbaf258553,L2t,Esports / Esports / type=child_moneyline,745,0.1025,0.1017,2.61,0.556,0.1381,0.0669,True
0x0bd753cbeb82b4dc735fdd84955f99fbaf258553,L2l,Esports / Esports / live,903,0.0906,0.0903,2.54,0.55,0.0902,0.091,True
0x6018dbe1c0bd8a427271470e35744777c183170c,L1,Culture,211,0.3321,0.3164,2.46,0.488,0.2632,0.4003,True
0x6018dbe1c0bd8a427271470e35744777c183170c,L2,Culture / Movies,187,0.367,0.3461,2.45,0.487,0.2389,0.4938,True
0x6018dbe1c0bd8a427271470e35744777c183170c,L3,Culture / Movies / Box Office Openings,175,0.3793,0.3558,2.41,0.491,0.2355,0.5214,True
0x6018dbe1c0bd8a427271470e35744777c183170c,L2t,Culture / Movies / type=negrisk,184,0.3518,0.3321,2.32,0.484,0.1897,0.514,True
0x6018dbe1c0bd8a427271470e35744777c183170c,L1b,Culture / price=0.50-0.70,31,0.2825,0.2308,2.89,0.742,0.3323,0.2359,True
0x6018dbe1c0bd8a427271470e35744777c183170c,L2b,Culture / Movies / price=0.10-0.30,63,0.6009,0.4925,2.2,0.365,0.0873,1.0986,True
0x5095e97281f28d4d8549fd3834802c24cbb793ee,L1b,Culture / price=0.10-0.30,96,0.6215,0.9276,2.88,0.375,0.8161,0.4268,True
0x5095e97281f28d4d8549fd3834802c24cbb793ee,L1b,Culture / price=0.30-0.50,67,0.4604,0.9055,3.15,0.597,0.297,0.619,True
0x5095e97281f28d4d8549fd3834802c24cbb793ee,L1b,Culture / price=0.70-0.90,111,0.1194,0.4671,3.51,0.91,0.1137,0.125,True
0x5095e97281f28d4d8549fd3834802c24cbb793ee,L2b,Culture / Movies / price=0.10-0.30,86,0.6286,0.9622,2.69,0.372,0.7237,0.5335,True
0x5095e97281f28d4d8549fd3834802c24cbb793ee,L2b,Culture / Movies / price=0.30-0.50,59,0.4936,0.9754,3.11,0.593,0.3625,0.6203,True
0x5095e97281f28d4d8549fd3834802c24cbb793ee,L2b,Culture / Movies / price=0.70-0.90,103,0.135,0.5028,4.02,0.922,0.1502,0.1201,True
0x7b8d347b549c533bcaaade7b549aa2c5572ef1e3,L2t,Sports / Basketball / type=moneyline,33,0.089,0.055,2.48,0.97,0.1333,0.0473,True
0x5970243e208e9963a60de3bcd39f6a26d18d11f2,L1b,Sports / price=0.70-0.90,39,0.1389,0.1157,2.27,0.872,0.2092,0.0722,True
0xbb42f513bf53e57722d5c2f9da02562049976e09,L2t,Sports / Soccer / type=soccer_halftime_result,51,0.2838,0.2035,2.26,0.667,0.2107,0.3541,True
0xbb42f513bf53e57722d5c2f9da02562049976e09,L2b,Sports / Soccer / price=0.30-0.50,405,0.1115,0.1062,2.23,0.533,0.1121,0.1109,True
0x7bbb2a2730e35844c2a786b9275033ce15cdad2e,L1,Esports,769,0.6741,0.6676,2.09,0.425,0.4104,0.937,True
0x7bbb2a2730e35844c2a786b9275033ce15cdad2e,L1,Sports,963,0.3437,0.3453,2.1,0.454,0.2057,0.4815,True
0x7bbb2a2730e35844c2a786b9275033ce15cdad2e,L2,Esports / Esports,751,0.6537,0.6476,2.0,0.427,0.3287,0.9777,True
0x7bbb2a2730e35844c2a786b9275033ce15cdad2e,L1b,Esports / price=0.00-0.10,114,4.9036,4.2346,2.32,0.088,3.5391,6.2682,True
0x7bbb2a2730e35844c2a786b9275033ce15cdad2e,L1b,Sports / price=0.30-0.50,206,0.179,0.2004,2.02,0.476,0.1964,0.1617,True
0x7bbb2a2730e35844c2a786b9275033ce15cdad2e,L1b,Sports / price=0.70-0.90,132,0.0852,0.1294,2.3,0.871,0.0404,0.13,True
0x7bbb2a2730e35844c2a786b9275033ce15cdad2e,L2b,Esports / Esports / price=0.00-0.10,111,4.7629,4.1,2.21,0.081,3.0981,6.398,True
0xf41c3be86073be4586decb2a71575835465eba2f,L1,Other,74,0.175,0.1407,2.04,0.5,0.0342,0.3157,True
0xf41c3be86073be4586decb2a71575835465eba2f,L2,Other / Iran,32,0.3693,0.2327,2.48,0.625,0.2857,0.4528,True
0x5537cf4f47b259a1d753069f6026f4de246af9c8,L1b,Esports / price=0.70-0.90,38,0.1589,0.1085,2.13,0.868,0.1185,0.1993,True
0x5537cf4f47b259a1d753069f6026f4de246af9c8,L2b,Esports / Esports / price=0.70-0.90,38,0.1589,0.1085,2.13,0.868,0.1185,0.1993,True
0xdf069f44cdf0cfda8b8a1d112a62165519edc9ff,L1,Esports,1534,0.3,0.2997,2.67,0.638,0.2212,0.3788,True
0xdf069f44cdf0cfda8b8a1d112a62165519edc9ff,L2,Esports / Esports,1531,0.3008,0.3005,2.67,0.637,0.2185,0.3831,True
0xdf069f44cdf0cfda8b8a1d112a62165519edc9ff,L3,Esports / Esports / League of Legends,1522,0.3046,0.3042,2.69,0.638,0.2288,0.3804,True
0xdf069f44cdf0cfda8b8a1d112a62165519edc9ff,L2t,Esports / Esports / type=moneyline,551,0.6398,0.6271,2.13,0.644,0.3987,0.8801,True
0xdf069f44cdf0cfda8b8a1d112a62165519edc9ff,L2t,Esports / Esports / type=child_moneyline,946,0.1168,0.1201,2.26,0.629,0.1769,0.0567,True
0xdf069f44cdf0cfda8b8a1d112a62165519edc9ff,L1b,Esports / price=0.30-0.50,263,0.2162,0.2204,2.97,0.502,0.323,0.1102,True
0xdf069f44cdf0cfda8b8a1d112a62165519edc9ff,L1b,Esports / price=0.50-0.70,385,0.1195,0.1272,3.09,0.644,0.1553,0.0839,True
0xdf069f44cdf0cfda8b8a1d112a62165519edc9ff,L2b,Esports / Esports / price=0.30-0.50,263,0.2162,0.2204,2.97,0.502,0.323,0.1102,True
0xdf069f44cdf0cfda8b8a1d112a62165519edc9ff,L2b,Esports / Esports / price=0.50-0.70,384,0.1182,0.126,3.05,0.643,0.1569,0.0795,True
0xdf069f44cdf0cfda8b8a1d112a62165519edc9ff,L2l,Esports / Esports / live,1480,0.3117,0.3112,2.68,0.64,0.2331,0.3903,True
0xc7bb336be4ded482653132b217bf1411817d2753,L3,Sports / Tennis / WTA,33,0.4128,0.2512,2.24,0.697,0.3408,0.4806,True
0x8fd1536113a96b3615825f397ad1cfc8dbd7bfe8,L1,Esports,748,0.1178,0.1179,2.04,0.437,0.1159,0.1197,True
0x8fd1536113a96b3615825f397ad1cfc8dbd7bfe8,L2,Esports / Esports,747,0.1193,0.1194,2.06,0.438,0.1189,0.1197,True
0x8fd1536113a96b3615825f397ad1cfc8dbd7bfe8,L3,Esports / Esports / League of Legends,737,0.1189,0.119,2.04,0.438,0.1042,0.1336,True
0x8fd1536113a96b3615825f397ad1cfc8dbd7bfe8,L2t,Esports / Esports / type=child_moneyline,632,0.1234,0.1233,2.21,0.451,0.1323,0.1146,True
0x8fd1536113a96b3615825f397ad1cfc8dbd7bfe8,L2t,Esports / Esports / type=moneyline,113,0.1119,0.1133,0.51,0.372,-0.0617,0.2825,False
0x8fd1536113a96b3615825f397ad1cfc8dbd7bfe8,L1b,Esports / price=0.00-0.10,37,0.6763,0.4815,0.91,0.216,0.0606,1.2596,False
0x8fd1536113a96b3615825f397ad1cfc8dbd7bfe8,L1b,Esports / price=0.10-0.30,201,0.1714,0.1668,1.34,0.299,0.2856,0.0583,False
0x8fd1536113a96b3615825f397ad1cfc8dbd7bfe8,L1b,Esports / price=0.30-0.50,319,0.0786,0.0811,1.33,0.461,0.0239,0.1329,False
0x8fd1536113a96b3615825f397ad1cfc8dbd7bfe8,L1b,Esports / price=0.50-0.70,167,0.0498,0.0574,0.84,0.593,0.0249,0.0744,False
0x8fd1536113a96b3615825f397ad1cfc8dbd7bfe8,L1b,Esports / price=0.70-0.90,22,-0.2218,-0.0585,-1.75,0.5,-0.0523,-0.3912,False
0x8fd1536113a96b3615825f397ad1cfc8dbd7bfe8,L2b,Esports / Esports / price=0.00-0.10,37,0.6763,0.4815,0.91,0.216,0.0606,1.2596,False
0x8fd1536113a96b3615825f397ad1cfc8dbd7bfe8,L2b,Esports / Esports / price=0.10-0.30,201,0.1714,0.1668,1.34,0.299,0.2856,0.0583,False
0x8fd1536113a96b3615825f397ad1cfc8dbd7bfe8,L2b,Esports / Esports / price=0.30-0.50,319,0.0786,0.0811,1.33,0.461,0.0239,0.1329,False
0x8fd1536113a96b3615825f397ad1cfc8dbd7bfe8,L2b,Esports / Esports / price=0.50-0.70,166,0.0562,0.0631,0.95,0.596,0.0249,0.0874,False
0x8fd1536113a96b3615825f397ad1cfc8dbd7bfe8,L2b,Esports / Esports / price=0.70-0.90,22,-0.2218,-0.0585,-1.75,0.5,-0.0523,-0.3912,False
0x8fd1536113a96b3615825f397ad1cfc8dbd7bfe8,L2l,Esports / Esports / live,720,0.1253,0.1251,2.1,0.439,0.1255,0.125,True
0x8fd1536113a96b3615825f397ad1cfc8dbd7bfe8,L2l,Esports / Esports / pre,27,-0.0392,0.029,-0.23,0.407,0.0814,-0.1512,False
0x72b40c0012682ef52228ad53ef955f9e4f177d67,L3,Sports / Soccer / Premier League 2025,76,0.3169,0.2477,2.41,0.671,0.3941,0.2397,True
0x72b40c0012682ef52228ad53ef955f9e4f177d67,L1b,Sports / price=0.70-0.90,153,0.0915,0.0791,2.31,0.837,0.083,0.0998,True
0xe5241830e8876c115d7dc8311ad9f43d85fdd34f,L2b,Sports / Soccer / price=0.30-0.50,175,0.218,0.2038,2.08,0.44,0.2184,0.2176,True
0xcd9de3b93f09b803b4564f20beb00c9392752269,L2,Sports / Soccer,675,0.1111,0.1087,2.51,0.551,0.1073,0.1148,True
0xcd9de3b93f09b803b4564f20beb00c9392752269,L1b,Sports / price=0.30-0.50,574,0.1272,0.124,2.57,0.465,0.1979,0.0566,True
0xcd9de3b93f09b803b4564f20beb00c9392752269,L1b,Esports / price=0.50-0.70,360,0.0858,0.0829,2.06,0.639,0.0063,0.1652,True
0xcd9de3b93f09b803b4564f20beb00c9392752269,L2b,Sports / Soccer / price=0.50-0.70,198,0.1271,0.1183,2.28,0.646,0.1906,0.0636,True
0xcd9de3b93f09b803b4564f20beb00c9392752269,L2b,Esports / Esports / price=0.50-0.70,360,0.0858,0.0829,2.06,0.639,0.0063,0.1652,True
0x2375550d3b98ce364476c81f663a0b878cb0691f,L1,Politics,587,0.1929,0.1899,3.46,0.639,0.1714,0.2142,True
0x2375550d3b98ce364476c81f663a0b878cb0691f,L2,Politics / Trump,357,0.1947,0.1898,2.92,0.653,0.1571,0.2321,True
0x2375550d3b98ce364476c81f663a0b878cb0691f,L3,Politics / Trump / ?,346,0.1883,0.1836,2.74,0.645,0.146,0.2306,True
0x2375550d3b98ce364476c81f663a0b878cb0691f,L2t,Politics / Trump / type=binary,348,0.1915,0.1867,2.81,0.647,0.1535,0.2296,True
0x2375550d3b98ce364476c81f663a0b878cb0691f,L1b,Politics / price=0.30-0.50,103,0.3427,0.3035,3.17,0.573,0.3097,0.3751,True
0x2375550d3b98ce364476c81f663a0b878cb0691f,L1b,Politics / price=0.50-0.70,124,0.1728,0.163,3.06,0.694,0.1287,0.217,True
0x2375550d3b98ce364476c81f663a0b878cb0691f,L1b,Politics / price=0.70-0.90,154,0.076,0.079,2.66,0.831,0.0663,0.0858,True
0x2375550d3b98ce364476c81f663a0b878cb0691f,L1b,Sports / price=0.70-0.90,70,0.1098,0.108,2.64,0.857,0.1269,0.0926,True
0x2375550d3b98ce364476c81f663a0b878cb0691f,L2b,Politics / Trump / price=0.50-0.70,82,0.1902,0.1729,2.7,0.72,0.094,0.2863,True
0x2375550d3b98ce364476c81f663a0b878cb0691f,L2b,Politics / Trump / price=0.70-0.90,95,0.0942,0.0955,2.61,0.853,0.0761,0.1119,True
0xfeaa11f98101eda51721309a87e25ee6cefdd0aa,L1b,Esports / price=0.50-0.70,329,0.08,0.0761,2.06,0.611,0.1036,0.0566,True
0xfeaa11f98101eda51721309a87e25ee6cefdd0aa,L2b,Esports / Esports / price=0.50-0.70,329,0.08,0.0761,2.06,0.611,0.1036,0.0566,True
0xd20658e25171b902cbd90e8b9b292d72735bbd2a,L1,Esports,307,-0.0228,-0.0235,-0.4,0.544,-0.0032,-0.0423,False
0xd20658e25171b902cbd90e8b9b292d72735bbd2a,L1,Sports,27,-0.1453,-0.0978,-0.89,0.481,-0.1709,-0.1215,False
0xd20658e25171b902cbd90e8b9b292d72735bbd2a,L2,Esports / Esports,307,-0.0228,-0.0235,-0.4,0.544,-0.0032,-0.0423,False
0xd20658e25171b902cbd90e8b9b292d72735bbd2a,L3,Esports / Esports / Dota 2,163,-0.002,-0.0054,-0.02,0.534,-0.0198,0.0156,False
0xd20658e25171b902cbd90e8b9b292d72735bbd2a,L3,Esports / Esports / Counter Strike,29,-0.0375,-0.036,-0.21,0.517,0.1141,-0.1791,False
0xd20658e25171b902cbd90e8b9b292d72735bbd2a,L3,Esports / Esports / League of Legends,115,-0.0487,-0.0465,-0.54,0.565,-0.1364,0.0374,False
0xd20658e25171b902cbd90e8b9b292d72735bbd2a,L2t,Esports / Esports / type=child_moneyline,239,0.0331,0.0279,0.53,0.582,0.0652,0.0012,False
0xd20658e25171b902cbd90e8b9b292d72735bbd2a,L2t,Esports / Esports / type=moneyline,66,-0.1957,-0.158,-1.46,0.424,-0.2426,-0.1488,False
0xd20658e25171b902cbd90e8b9b292d72735bbd2a,L1b,Esports / price=0.70-0.90,44,0.1433,0.088,2.05,0.864,0.1596,0.1271,True
0xd20658e25171b902cbd90e8b9b292d72735bbd2a,L1b,Esports / price=0.50-0.70,146,0.0265,0.0192,0.39,0.61,-0.012,0.065,False
0xd20658e25171b902cbd90e8b9b292d72735bbd2a,L1b,Esports / price=0.10-0.30,23,-0.0238,-0.0285,-0.06,0.261,0.536,-0.537,False
0xd20658e25171b902cbd90e8b9b292d72735bbd2a,L1b,Esports / price=0.30-0.50,90,-0.1404,-0.121,-1.17,0.378,-0.1443,-0.1364,False
0xd20658e25171b902cbd90e8b9b292d72735bbd2a,L2b,Esports / Esports / price=0.70-0.90,44,0.1433,0.088,2.05,0.864,0.1596,0.1271,True
0xd20658e25171b902cbd90e8b9b292d72735bbd2a,L2b,Esports / Esports / price=0.50-0.70,146,0.0265,0.0192,0.39,0.61,-0.012,0.065,False
0xd20658e25171b902cbd90e8b9b292d72735bbd2a,L2b,Esports / Esports / price=0.10-0.30,23,-0.0238,-0.0285,-0.06,0.261,0.536,-0.537,False
0xd20658e25171b902cbd90e8b9b292d72735bbd2a,L2b,Esports / Esports / price=0.30-0.50,90,-0.1404,-0.121,-1.17,0.378,-0.1443,-0.1364,False
0xd20658e25171b902cbd90e8b9b292d72735bbd2a,L2l,Esports / Esports / live,293,-0.0051,-0.0069,-0.09,0.553,-0.0135,0.0033,False
0x45123bc979cb1c3569810c57f9ff8e97f1be5d41,L1,Other,77,2.1923,1.7512,5.09,0.623,1.5639,2.8046,True
0x45123bc979cb1c3569810c57f9ff8e97f1be5d41,L2,Other / ?,77,2.1923,1.7512,5.09,0.623,1.5639,2.8046,True
0x45123bc979cb1c3569810c57f9ff8e97f1be5d41,L3,Other / ? / ?,77,2.1923,1.7512,5.09,0.623,1.5639,2.8046,True
0x45123bc979cb1c3569810c57f9ff8e97f1be5d41,L2t,Other / ? / type=binary,77,2.1923,1.7512,5.09,0.623,1.5639,2.8046,True
0x45123bc979cb1c3569810c57f9ff8e97f1be5d41,L2t,Sports / Other sport / type=soccer_halftime_result,129,0.2684,0.2394,2.8,0.581,0.2553,0.2812,True
0x45123bc979cb1c3569810c57f9ff8e97f1be5d41,L1b,Other / price=0.10-0.30,46,1.5598,1.1031,5.3,0.652,2.1,1.0196,True
0x45123bc979cb1c3569810c57f9ff8e97f1be5d41,L1b,Sports / price=0.70-0.90,32,0.2073,0.1479,4.21,0.875,0.1823,0.2323,True
0x45123bc979cb1c3569810c57f9ff8e97f1be5d41,L2b,Other / ? / price=0.10-0.30,46,1.5598,1.1031,5.3,0.652,2.1,1.0196,True
0xf08b982656aea6dba1d13c49cc88db4f6c047e76,L3,Sports / Other sport / Japan J League,33,0.4152,0.2517,2.22,0.636,0.3699,0.4578,True
0x3925c4477052d34dc440068286ae693b728242fc,L1,Sports,941,0.0842,0.0842,6.63,0.9,0.0485,0.1198,True
0x3925c4477052d34dc440068286ae693b728242fc,L2,Sports / Other sport,941,0.0842,0.0842,6.63,0.9,0.0485,0.1198,True
0x3925c4477052d34dc440068286ae693b728242fc,L3,Sports / Other sport / Seoul Daily Lowest Temperature,54,0.1634,0.142,5.72,0.981,0.1503,0.1765,True
0x3925c4477052d34dc440068286ae693b728242fc,L3,Sports / Other sport / London Daily Lowest Temperature,62,0.0876,0.0868,2.32,0.935,0.1135,0.0618,True
0x3925c4477052d34dc440068286ae693b728242fc,L2t,Sports / Other sport / type=binary,941,0.0842,0.0842,6.63,0.9,0.0485,0.1198,True
0x3925c4477052d34dc440068286ae693b728242fc,L1b,Sports / price=0.50-0.70,66,0.4417,0.3586,6.95,0.894,0.3873,0.4961,True
0x3925c4477052d34dc440068286ae693b728242fc,L1b,Sports / price=0.70-0.90,739,0.0513,0.0522,3.65,0.886,0.0315,0.0711,True
0x3925c4477052d34dc440068286ae693b728242fc,L2b,Sports / Other sport / price=0.50-0.70,66,0.4417,0.3586,6.95,0.894,0.3873,0.4961,True
0x3925c4477052d34dc440068286ae693b728242fc,L2b,Sports / Other sport / price=0.70-0.90,739,0.0513,0.0522,3.65,0.886,0.0315,0.0711,True
0x3925c4477052d34dc440068286ae693b728242fc,L2l,Sports / Other sport / pre,731,0.0997,0.0993,7.29,0.914,0.0844,0.1149,True
0x746e936f43ff75bf508cf8375b7a8e2515ef68ca,L2,Sports / American Football,144,0.2253,0.2104,2.94,0.646,0.3632,0.0874,True
0x746e936f43ff75bf508cf8375b7a8e2515ef68ca,L3,Sports / American Football / CFB 2026,73,0.2324,0.2048,2.18,0.644,0.3068,0.1601,True
0x746e936f43ff75bf508cf8375b7a8e2515ef68ca,L2t,Sports / American Football / type=totals,49,0.3869,0.3048,3.02,0.714,0.641,0.143,True
0x746e936f43ff75bf508cf8375b7a8e2515ef68ca,L2t,Sports / American Football / type=spreads,68,0.2908,0.2483,2.8,0.706,0.5008,0.0809,True
0x746e936f43ff75bf508cf8375b7a8e2515ef68ca,L2b,Sports / American Football / price=0.50-0.70,105,0.2392,0.2176,2.87,0.676,0.442,0.0403,True
0x746e936f43ff75bf508cf8375b7a8e2515ef68ca,L2l,Sports / American Football / pre,132,0.222,0.2065,2.79,0.644,0.3523,0.0918,True
0x12f07751721d408a3c0009ea3778531fb26b6e95,L1,Other,47,1.0496,0.7787,5.1,0.723,1.1538,0.9496,True
0x12f07751721d408a3c0009ea3778531fb26b6e95,L2,Other / ?,47,1.0496,0.7787,5.1,0.723,1.1538,0.9496,True
0x12f07751721d408a3c0009ea3778531fb26b6e95,L3,Other / ? / ?,47,1.0496,0.7787,5.1,0.723,1.1538,0.9496,True
0x12f07751721d408a3c0009ea3778531fb26b6e95,L3,Esports / Esports / League of Legends,74,0.2265,0.2086,2.41,0.676,0.1153,0.3376,True
0x12f07751721d408a3c0009ea3778531fb26b6e95,L2t,Other / ? / type=binary,47,1.0496,0.7787,5.1,0.723,1.1538,0.9496,True
0x7d063d57f5f83ba3a962483744813c843e52755b,L2b,Sports / Tennis / price=0.30-0.50,37,0.3118,0.195,2.79,0.703,0.2432,0.3768,True
0xb3b67f71bb33534295370ed2a41cdb91f1260d2b,L1,Finance,196,0.0125,0.0097,2.36,0.98,0.0121,0.013,True
0xb3b67f71bb33534295370ed2a41cdb91f1260d2b,L2,Finance / AMZN,46,0.0198,0.0083,6.05,0.957,0.0285,0.0112,True
0xb3b67f71bb33534295370ed2a41cdb91f1260d2b,L2,Crypto / Ethereum,68,0.0126,0.0056,6.43,0.971,0.0134,0.0118,True
0xb3b67f71bb33534295370ed2a41cdb91f1260d2b,L2,Finance / Meta,45,0.0157,0.0053,6.79,0.978,0.0173,0.0141,True
0xb3b67f71bb33534295370ed2a41cdb91f1260d2b,L3,Finance / Meta / Meta Multi Strikes Weekly,38,0.0176,0.0053,8.91,1.0,0.0235,0.0117,True
0xb3b67f71bb33534295370ed2a41cdb91f1260d2b,L3,Crypto / Ethereum / Ethereum Multi Strikes Weekly,55,0.012,0.004,6.06,0.982,0.0117,0.0123,True
0xb3b67f71bb33534295370ed2a41cdb91f1260d2b,L2t,Finance / AMZN / type=binary,43,0.0202,0.008,5.79,0.953,0.0302,0.0107,True
0xb3b67f71bb33534295370ed2a41cdb91f1260d2b,L2t,Crypto / Ethereum / type=binary,64,0.0131,0.0057,6.37,0.984,0.0141,0.0122,True
0xb3b67f71bb33534295370ed2a41cdb91f1260d2b,L2t,Finance / Meta / type=binary,41,0.0157,0.0046,6.21,0.976,0.0181,0.0133,True
0x1ebdb76fc950937cb7432261bc2277aed09121cd,L1,Sports,249,0.6129,0.6073,4.32,0.518,0.3223,0.9012,True
0x1ebdb76fc950937cb7432261bc2277aed09121cd,L2,Sports / Tennis,87,1.09,0.9867,3.98,0.517,0.9989,1.179,True
0x1ebdb76fc950937cb7432261bc2277aed09121cd,L2,Sports / Soccer,105,0.4637,0.4755,2.38,0.59,0.492,0.4359,True
0x1ebdb76fc950937cb7432261bc2277aed09121cd,L2t,Sports / Tennis / type=moneyline,73,1.1874,1.0477,3.77,0.493,1.105,1.2676,True
0x1ebdb76fc950937cb7432261bc2277aed09121cd,L1b,Sports / price=0.10-0.30,90,1.4781,1.3071,4.78,0.444,1.192,1.7642,True
0x1ebdb76fc950937cb7432261bc2277aed09121cd,L1b,Sports / price=0.50-0.70,36,0.3373,0.4088,2.7,0.778,0.1429,0.5317,True
0x1ebdb76fc950937cb7432261bc2277aed09121cd,L2b,Sports / Tennis / price=0.10-0.30,48,1.6724,1.3386,4.02,0.479,1.9427,1.4021,True
0x1ebdb76fc950937cb7432261bc2277aed09121cd,L2b,Sports / Soccer / price=0.10-0.30,32,1.403,1.0701,2.47,0.406,0.9169,1.8891,True
0x1ebdb76fc950937cb7432261bc2277aed09121cd,L2l,Sports / Tennis / pre,74,1.2534,1.1011,4.0,0.514,1.3147,1.1921,True
0x1ebdb76fc950937cb7432261bc2277aed09121cd,L2l,Sports / Soccer / pre,85,0.5733,0.5665,2.59,0.647,0.2549,0.8843,True
0x4abdea21c609efca17160f1dcbc652ba498a5a5c,L1,Sports,3687,0.1446,0.1445,7.1,0.816,0.1684,0.1208,True
0x4abdea21c609efca17160f1dcbc652ba498a5a5c,L2,Sports / Soccer,812,0.2582,0.2553,3.03,0.734,0.3597,0.1568,True
0x4abdea21c609efca17160f1dcbc652ba498a5a5c,L2,Sports / Tennis,2348,0.0928,0.0932,9.93,0.854,0.1022,0.0835,True
0x4abdea21c609efca17160f1dcbc652ba498a5a5c,L2,Sports / Other sport,221,0.3062,0.2919,3.89,0.828,0.3147,0.2978,True
0x4abdea21c609efca17160f1dcbc652ba498a5a5c,L2,Sports / American Football,77,0.1662,0.1597,3.25,0.766,0.2505,0.0841,True
0x4abdea21c609efca17160f1dcbc652ba498a5a5c,L2,Sports / Basketball,60,0.1765,0.1661,2.18,0.85,0.1766,0.1765,True
0x4abdea21c609efca17160f1dcbc652ba498a5a5c,L2,Sports / Baseball,133,0.0569,0.0671,2.31,0.654,0.1001,0.0145,True
0x4abdea21c609efca17160f1dcbc652ba498a5a5c,L3,Sports / Tennis / ATP,1041,0.1122,0.1126,10.07,0.891,0.1142,0.1102,True
0x4abdea21c609efca17160f1dcbc652ba498a5a5c,L3,Sports / Soccer / FIFA World Cup,128,0.2228,0.2109,4.9,0.703,0.1798,0.2658,True
0x4abdea21c609efca17160f1dcbc652ba498a5a5c,L3,Sports / Tennis / ITF,838,0.0743,0.0758,3.62,0.797,0.0923,0.0564,True
0x4abdea21c609efca17160f1dcbc652ba498a5a5c,L3,Sports / Tennis / WTA,380,0.0873,0.0896,5.08,0.863,0.086,0.0885,True
0x4abdea21c609efca17160f1dcbc652ba498a5a5c,L3,Sports / Soccer / MLS 2025,76,0.1971,0.1841,2.8,0.763,0.1295,0.2647,True
0x4abdea21c609efca17160f1dcbc652ba498a5a5c,L3,Sports / Soccer / Premier League 2025,32,0.3333,0.2569,2.58,0.781,0.3327,0.3338,True
0x4abdea21c609efca17160f1dcbc652ba498a5a5c,L3,Sports / Basketball / WNBA,60,0.1765,0.1661,2.18,0.85,0.1766,0.1765,True
0x4abdea21c609efca17160f1dcbc652ba498a5a5c,L3,Sports / American Football / NFL 2026,40,0.1722,0.1597,2.33,0.7,0.2319,0.1124,True
0x4abdea21c609efca17160f1dcbc652ba498a5a5c,L3,Sports / American Football / CFB 2026,37,0.1598,0.151,2.24,0.838,0.2395,0.0844,True
0x4abdea21c609efca17160f1dcbc652ba498a5a5c,L3,Sports / Tennis / Wimbledon,78,0.0794,0.0907,3.2,0.949,0.1024,0.0564,True
0x4abdea21c609efca17160f1dcbc652ba498a5a5c,L3,Sports / Baseball / MLB,133,0.0569,0.0671,2.31,0.654,0.1001,0.0145,True
0x4abdea21c609efca17160f1dcbc652ba498a5a5c,L2t,Sports / Soccer / type=moneyline,720,0.2584,0.2551,2.7,0.732,0.3715,0.1453,True
0x4abdea21c609efca17160f1dcbc652ba498a5a5c,L2t,Sports / Tennis / type=moneyline,2348,0.0928,0.0932,9.93,0.854,0.1022,0.0835,True
0x4abdea21c609efca17160f1dcbc652ba498a5a5c,L2t,Sports / Other sport / type=moneyline,221,0.3062,0.2919,3.89,0.828,0.3147,0.2978,True
0x4abdea21c609efca17160f1dcbc652ba498a5a5c,L2t,Sports / Soccer / type=totals,54,0.2469,0.2165,2.44,0.778,0.2284,0.2653,True
0x4abdea21c609efca17160f1dcbc652ba498a5a5c,L2t,Sports / American Football / type=moneyline,77,0.1662,0.1597,3.25,0.766,0.2505,0.0841,True
0x4abdea21c609efca17160f1dcbc652ba498a5a5c,L2t,Sports / Basketball / type=moneyline,60,0.1765,0.1661,2.18,0.85,0.1766,0.1765,True
0x4abdea21c609efca17160f1dcbc652ba498a5a5c,L2t,Sports / Baseball / type=moneyline,132,0.0595,0.0694,2.41,0.659,0.1056,0.0133,True
0x4abdea21c609efca17160f1dcbc652ba498a5a5c,L1b,Sports / price=0.10-0.30,550,0.2977,0.292,8.91,0.771,0.3143,0.2811,True
0x4abdea21c609efca17160f1dcbc652ba498a5a5c,L1b,Sports / price=0.30-0.50,1013,0.1416,0.1415,9.22,0.809,0.1518,0.1314,True
0x4abdea21c609efca17160f1dcbc652ba498a5a5c,L1b,Sports / price=0.50-0.70,1105,0.0605,0.0618,5.54,0.798,0.0728,0.0481,True
0x4abdea21c609efca17160f1dcbc652ba498a5a5c,L1b,Sports / price=0.70-0.90,794,0.0415,0.0438,5.41,0.873,0.0465,0.0365,True
0x4abdea21c609efca17160f1dcbc652ba498a5a5c,L2b,Sports / Tennis / price=0.10-0.30,322,0.2286,0.2231,5.95,0.86,0.2584,0.1988,True
0x4abdea21c609efca17160f1dcbc652ba498a5a5c,L2b,Sports / Other sport / price=0.10-0.30,46,0.7818,0.5857,6.44,0.913,0.9318,0.6318,True
0x4abdea21c609efca17160f1dcbc652ba498a5a5c,L2b,Sports / Soccer / price=0.10-0.30,128,0.3526,0.3232,4.22,0.562,0.4131,0.2921,True
0x4abdea21c609efca17160f1dcbc652ba498a5a5c,L2b,Sports / Tennis / price=0.30-0.50,710,0.1152,0.1157,6.2,0.844,0.1173,0.113,True
0x4abdea21c609efca17160f1dcbc652ba498a5a5c,L2b,Sports / Soccer / price=0.30-0.50,189,0.2327,0.2233,6.02,0.725,0.2966,0.1694,True
0x4abdea21c609efca17160f1dcbc652ba498a5a5c,L2b,Sports / Soccer / price=0.50-0.70,207,0.0907,0.0945,4.26,0.739,0.0922,0.0891,True
0x4abdea21c609efca17160f1dcbc652ba498a5a5c,L2b,Sports / Tennis / price=0.50-0.70,745,0.0461,0.0484,3.17,0.819,0.0647,0.0275,True
0x4abdea21c609efca17160f1dcbc652ba498a5a5c,L2b,Sports / Tennis / price=0.70-0.90,457,0.0478,0.0514,4.48,0.908,0.0535,0.042,True
0x4abdea21c609efca17160f1dcbc652ba498a5a5c,L2b,Sports / Other sport / price=0.30-0.50,34,0.1909,0.1701,2.44,0.706,0.3049,0.077,True
0x4abdea21c609efca17160f1dcbc652ba498a5a5c,L2b,Sports / Other sport / price=0.50-0.70,58,0.0865,0.0989,2.78,0.759,0.0668,0.1062,True
0x4abdea21c609efca17160f1dcbc652ba498a5a5c,L2b,Sports / Soccer / price=0.70-0.90,226,0.0354,0.0435,2.84,0.827,0.045,0.0259,True
0x4abdea21c609efca17160f1dcbc652ba498a5a5c,L2b,Sports / Baseball / price=0.30-0.50,34,0.0953,0.1099,2.32,0.647,0.1366,0.0541,True
0x4abdea21c609efca17160f1dcbc652ba498a5a5c,L2b,Sports / Baseball / price=0.50-0.70,49,0.0656,0.0857,2.46,0.735,0.0598,0.0712,True
0x4abdea21c609efca17160f1dcbc652ba498a5a5c,L2b,Sports / Other sport / price=0.70-0.90,61,0.0445,0.0668,2.11,0.885,0.047,0.042,True
0x4abdea21c609efca17160f1dcbc652ba498a5a5c,L2l,Sports / Soccer / live,809,0.259,0.256,3.03,0.734,0.3608,0.1575,True
0x4abdea21c609efca17160f1dcbc652ba498a5a5c,L2l,Sports / Tennis / live,2326,0.092,0.0924,9.77,0.854,0.1007,0.0833,True
0x4abdea21c609efca17160f1dcbc652ba498a5a5c,L2l,Sports / Other sport / live,221,0.3062,0.2919,3.89,0.828,0.3147,0.2978,True
0x4abdea21c609efca17160f1dcbc652ba498a5a5c,L2l,Sports / American Football / live,77,0.1662,0.1597,3.25,0.766,0.2505,0.0841,True
0x4abdea21c609efca17160f1dcbc652ba498a5a5c,L2l,Sports / Basketball / live,60,0.1765,0.1661,2.18,0.85,0.1766,0.1765,True
0x4abdea21c609efca17160f1dcbc652ba498a5a5c,L2l,Sports / Baseball / live,133,0.0569,0.0671,2.31,0.654,0.1001,0.0145,True
0x587bcff09b7e887186a4e2b3086653f10dcd2622,L1,Sports,3843,0.2001,0.2001,12.46,0.678,0.2961,0.1041,True
0x587bcff09b7e887186a4e2b3086653f10dcd2622,L2,Sports / Soccer,2818,0.1763,0.1764,9.25,0.66,0.2678,0.0848,True
0x587bcff09b7e887186a4e2b3086653f10dcd2622,L2,Sports / Other sport,982,0.2694,0.268,8.82,0.732,0.402,0.1368,True
0x587bcff09b7e887186a4e2b3086653f10dcd2622,L3,Sports / Other sport / K-league,193,0.3836,0.3663,3.93,0.813,0.5641,0.2051,True
0x587bcff09b7e887186a4e2b3086653f10dcd2622,L3,Sports / Other sport / Japan J League,133,0.4084,0.381,5.08,0.805,0.5948,0.2247,True
0x587bcff09b7e887186a4e2b3086653f10dcd2622,L3,Sports / Soccer / Eredivisie 2025,107,0.465,0.4231,2.31,0.766,0.6527,0.2807,True
0x587bcff09b7e887186a4e2b3086653f10dcd2622,L3,Sports / Soccer / MLS 2025,463,0.1921,0.1924,5.78,0.717,0.3063,0.0783,True
0x587bcff09b7e887186a4e2b3086653f10dcd2622,L3,Sports / Other sport / Süper Lig 2025,103,0.2958,0.28,3.87,0.816,0.3723,0.2207,True
0x587bcff09b7e887186a4e2b3086653f10dcd2622,L3,Sports / Soccer / A League Soccer,141,0.2429,0.2374,2.92,0.78,0.2097,0.2757,True
0x587bcff09b7e887186a4e2b3086653f10dcd2622,L3,Sports / Soccer / Premier League 2025,219,0.1787,0.1804,2.94,0.516,0.0908,0.2657,True
0x587bcff09b7e887186a4e2b3086653f10dcd2622,L3,Sports / Soccer / Primera División Argentina,60,0.3588,0.3188,2.23,0.75,0.3536,0.364,True
0x587bcff09b7e887186a4e2b3086653f10dcd2622,L3,Sports / Soccer / Saudi Professional League,133,0.2141,0.2121,2.97,0.699,0.2389,0.1897,True
0x587bcff09b7e887186a4e2b3086653f10dcd2622,L3,Sports / Soccer / EFL Championship,138,0.2021,0.2017,3.75,0.623,0.3181,0.0861,True
0x587bcff09b7e887186a4e2b3086653f10dcd2622,L3,Sports / Soccer / Serie A 2025,98,0.2234,0.2193,3.41,0.714,0.2478,0.1991,True
0x587bcff09b7e887186a4e2b3086653f10dcd2622,L3,Sports / Soccer / Bundesliga 2,97,0.2126,0.2103,3.73,0.691,0.2708,0.1556,True
0x587bcff09b7e887186a4e2b3086653f10dcd2622,L3,Sports / Soccer / UEFA Champions League 2025,127,0.1746,0.1779,2.69,0.693,0.1882,0.1611,True
0x587bcff09b7e887186a4e2b3086653f10dcd2622,L3,Sports / Soccer / Primeira Liga,61,0.2734,0.255,2.4,0.721,0.2745,0.2725,True
0x587bcff09b7e887186a4e2b3086653f10dcd2622,L3,Sports / Soccer / La Liga 2025,165,0.1287,0.1363,2.9,0.594,0.183,0.0751,True
0x587bcff09b7e887186a4e2b3086653f10dcd2622,L3,Sports / Soccer / Fifa Friendly,105,0.1623,0.1681,2.06,0.648,0.1982,0.127,True
0x587bcff09b7e887186a4e2b3086653f10dcd2622,L3,Sports / Soccer / La Liga 2,39,0.3096,0.2721,2.02,0.615,0.5093,0.1198,True
0x587bcff09b7e887186a4e2b3086653f10dcd2622,L3,Sports / Other sport / Denmark Superliga,51,0.2433,0.2308,2.53,0.667,0.3693,0.122,True
0x587bcff09b7e887186a4e2b3086653f10dcd2622,L3,Sports / Other sport / Norway Eliteserien,61,0.1854,0.1887,2.16,0.623,0.2212,0.1507,True
0x587bcff09b7e887186a4e2b3086653f10dcd2622,L3,Sports / Other sport / Sweden Allsvenskan 2026,35,0.246,0.2289,2.15,0.8,0.378,0.1213,True
0x587bcff09b7e887186a4e2b3086653f10dcd2622,L3,Sports / Soccer / Europa Conference League,106,0.1176,0.1305,2.86,0.755,0.2152,0.02,True
0x587bcff09b7e887186a4e2b3086653f10dcd2622,L3,Sports / Soccer / Ligue 1 2025,94,0.1216,0.1351,2.3,0.734,0.1531,0.09,True
0x587bcff09b7e887186a4e2b3086653f10dcd2622,L2t,Sports / Soccer / type=moneyline,2728,0.1786,0.1787,9.18,0.664,0.272,0.0851,True
0x587bcff09b7e887186a4e2b3086653f10dcd2622,L2t,Sports / Other sport / type=moneyline,965,0.2738,0.2723,8.83,0.731,0.4041,0.1439,True
0x587bcff09b7e887186a4e2b3086653f10dcd2622,L1b,Sports / price=0.10-0.30,538,0.5667,0.5535,8.83,0.595,0.7998,0.3335,True
0x587bcff09b7e887186a4e2b3086653f10dcd2622,L1b,Sports / price=0.30-0.50,618,0.3133,0.3097,10.94,0.67,0.4095,0.2172,True
0x587bcff09b7e887186a4e2b3086653f10dcd2622,L1b,Sports / price=0.00-0.10,117,0.7682,0.6851,2.03,0.402,1.1729,0.3703,True
0x587bcff09b7e887186a4e2b3086653f10dcd2622,L1b,Sports / price=0.50-0.70,773,0.1397,0.1412,9.95,0.696,0.1882,0.0914,True
0x587bcff09b7e887186a4e2b3086653f10dcd2622,L1b,Sports / price=0.70-0.90,1384,0.0461,0.0483,7.95,0.697,0.0646,0.0277,True
0x587bcff09b7e887186a4e2b3086653f10dcd2622,L2b,Sports / Soccer / price=0.10-0.30,373,0.5191,0.5028,6.65,0.55,0.6901,0.3491,True
0x587bcff09b7e887186a4e2b3086653f10dcd2622,L2b,Sports / Other sport / price=0.10-0.30,159,0.6791,0.6255,5.91,0.692,1.0889,0.2745,True
0x587bcff09b7e887186a4e2b3086653f10dcd2622,L2b,Sports / Soccer / price=0.30-0.50,432,0.2655,0.2625,8.16,0.641,0.3753,0.1556,True
0x587bcff09b7e887186a4e2b3086653f10dcd2622,L2b,Sports / Other sport / price=0.30-0.50,179,0.4229,0.4004,7.17,0.737,0.5556,0.2918,True
0x587bcff09b7e887186a4e2b3086653f10dcd2622,L2b,Sports / Soccer / price=0.50-0.70,567,0.1381,0.1402,8.66,0.688,0.1865,0.0899,True
0x587bcff09b7e887186a4e2b3086653f10dcd2622,L2b,Sports / Other sport / price=0.50-0.70,200,0.1484,0.153,4.94,0.735,0.2257,0.0711,True
0x587bcff09b7e887186a4e2b3086653f10dcd2622,L2b,Sports / Soccer / price=0.70-0.90,1037,0.0394,0.0424,5.85,0.679,0.0612,0.0176,True
0x587bcff09b7e887186a4e2b3086653f10dcd2622,L2b,Sports / Other sport / price=0.70-0.90,327,0.0638,0.0716,5.32,0.752,0.0868,0.0409,True
0x587bcff09b7e887186a4e2b3086653f10dcd2622,L2l,Sports / Soccer / live,2704,0.1825,0.1826,9.25,0.675,0.2739,0.0911,True
0x587bcff09b7e887186a4e2b3086653f10dcd2622,L2l,Sports / Other sport / live,968,0.2729,0.2714,8.85,0.737,0.3991,0.1467,True
0x27653cd5aab78f00563f50a03c12504a9b877ee4,L2,Sports / Soccer,857,0.1292,0.1282,2.52,0.678,0.1558,0.1027,True
0x27653cd5aab78f00563f50a03c12504a9b877ee4,L2t,Sports / Soccer / type=binary,590,0.1243,0.1231,2.27,0.708,0.1868,0.0619,True
0x27653cd5aab78f00563f50a03c12504a9b877ee4,L1b,Sports / price=0.10-0.30,290,0.3845,0.3652,2.58,0.255,0.3964,0.3726,True
0x27653cd5aab78f00563f50a03c12504a9b877ee4,L1b,Sports / price=0.30-0.50,351,0.1565,0.1527,2.35,0.473,0.2176,0.0958,True
0x27653cd5aab78f00563f50a03c12504a9b877ee4,L1b,Esports / price=0.70-0.90,231,0.0752,0.076,2.57,0.84,0.056,0.0943,True
0x27653cd5aab78f00563f50a03c12504a9b877ee4,L2b,Sports / Soccer / price=0.10-0.30,105,0.6224,0.5365,2.37,0.305,0.6802,0.5657,True
0x27653cd5aab78f00563f50a03c12504a9b877ee4,L2b,Sports / Soccer / price=0.30-0.50,137,0.2554,0.2338,2.34,0.504,0.2822,0.2291,True
0x27653cd5aab78f00563f50a03c12504a9b877ee4,L2b,Esports / Esports / price=0.70-0.90,209,0.0722,0.0734,2.34,0.837,0.0526,0.0917,True
0x27653cd5aab78f00563f50a03c12504a9b877ee4,L2l,Sports / Soccer / live,734,0.1508,0.1491,2.64,0.692,0.1464,0.1552,True
0xcb511a62cd64f8ba9071d4b5bafa985f6729d2f5,L1,Sports,228,0.1652,0.1633,2.24,0.654,0.2582,0.0723,True
0xcb511a62cd64f8ba9071d4b5bafa985f6729d2f5,L1b,Sports / price=0.70-0.90,44,0.1314,0.1345,2.09,0.886,0.1921,0.0708,True
0x83d4422857882eff55f881b295d668b85420ad01,L1,Sports,230,0.0754,0.0708,1.03,0.504,0.1815,-0.0306,False
0x83d4422857882eff55f881b295d668b85420ad01,L1,Esports,57,0.1397,0.1081,0.95,0.544,0.1668,0.1136,False
0x83d4422857882eff55f881b295d668b85420ad01,L1,Crypto,67,-0.2931,-0.2216,-2.41,0.343,-0.2815,-0.3044,False
0x83d4422857882eff55f881b295d668b85420ad01,L2,Sports / Basketball,104,0.283,0.2402,2.52,0.587,0.5072,0.0587,True
0x83d4422857882eff55f881b295d668b85420ad01,L2,Esports / Esports,57,0.1397,0.1081,0.95,0.544,0.1668,0.1136,False
0x83d4422857882eff55f881b295d668b85420ad01,L2,Sports / Soccer,93,-0.0305,-0.022,-0.27,0.462,-0.0868,0.0245,False
0x83d4422857882eff55f881b295d668b85420ad01,L2,Crypto / Up/Down short,62,-0.2361,-0.1742,-1.83,0.371,-0.1009,-0.3713,False
0x83d4422857882eff55f881b295d668b85420ad01,L3,Sports / Basketball / NBA,27,0.6122,0.3593,2.41,0.667,0.6876,0.5421,False
0x83d4422857882eff55f881b295d668b85420ad01,L3,Esports / Esports / League of Legends,56,0.1601,0.1227,1.08,0.554,0.2944,0.0258,False
0x83d4422857882eff55f881b295d668b85420ad01,L3,Sports / Basketball / NBA 2026,63,0.1464,0.1154,1.11,0.556,0.4496,-0.1473,False
0x83d4422857882eff55f881b295d668b85420ad01,L3,Crypto / Up/Down short / BTC Up or Down 5m,28,-0.1351,-0.0713,-0.68,0.429,-0.2101,-0.06,False
0x83d4422857882eff55f881b295d668b85420ad01,L2t,Sports / Basketball / type=spreads,52,0.3712,0.2731,2.71,0.654,0.4311,0.3114,True
0x83d4422857882eff55f881b295d668b85420ad01,L2t,Sports / Basketball / type=moneyline,46,0.2292,0.1652,1.18,0.522,0.6135,-0.1551,False
0x83d4422857882eff55f881b295d668b85420ad01,L2t,Sports / Soccer / type=moneyline,55,-0.0071,-0.0004,-0.05,0.491,-0.1486,0.1294,False
0x83d4422857882eff55f881b295d668b85420ad01,L2t,Esports / Esports / type=child_moneyline,30,-0.0853,-0.044,-0.42,0.433,-0.1687,-0.002,False
0x83d4422857882eff55f881b295d668b85420ad01,L2t,Crypto / Up/Down short / type=updown,62,-0.2361,-0.1742,-1.83,0.371,-0.1009,-0.3713,False
0x83d4422857882eff55f881b295d668b85420ad01,L1b,Sports / price=0.30-0.50,131,0.0997,0.0889,0.98,0.481,0.1411,0.0589,False
0x83d4422857882eff55f881b295d668b85420ad01,L1b,Esports / price=0.50-0.70,24,0.2743,0.1578,1.6,0.708,0.0329,0.5157,False
0x83d4422857882eff55f881b295d668b85420ad01,L1b,Sports / price=0.50-0.70,76,0.1053,0.0871,0.98,0.579,0.2509,-0.0404,False
0x83d4422857882eff55f881b295d668b85420ad01,L1b,Esports / price=0.30-0.50,32,-0.0372,-0.016,-0.17,0.406,0.2356,-0.31,False
0x83d4422857882eff55f881b295d668b85420ad01,L1b,Crypto / price=0.30-0.50,43,-0.1588,-0.1027,-0.98,0.395,0.0339,-0.3428,False
0x83d4422857882eff55f881b295d668b85420ad01,L2b,Sports / Basketball / price=0.30-0.50,51,0.4157,0.3037,2.63,0.627,0.4681,0.3653,True
0x83d4422857882eff55f881b295d668b85420ad01,L2b,Sports / Basketball / price=0.50-0.70,37,0.3075,0.2059,2.12,0.676,0.6079,0.0228,True
0x83d4422857882eff55f881b295d668b85420ad01,L2b,Esports / Esports / price=0.50-0.70,24,0.2743,0.1578,1.6,0.708,0.0329,0.5157,False
0x83d4422857882eff55f881b295d668b85420ad01,L2b,Sports / Soccer / price=0.30-0.50,59,-0.0131,-0.0052,-0.09,0.424,-0.1484,0.1177,False
0x83d4422857882eff55f881b295d668b85420ad01,L2b,Sports / Soccer / price=0.50-0.70,29,-0.032,-0.0116,-0.18,0.517,0.225,-0.2719,False
0x83d4422857882eff55f881b295d668b85420ad01,L2b,Esports / Esports / price=0.30-0.50,32,-0.0372,-0.016,-0.17,0.406,0.2356,-0.31,False
0x83d4422857882eff55f881b295d668b85420ad01,L2b,Crypto / Up/Down short / price=0.30-0.50,42,-0.1388,-0.0883,-0.84,0.405,0.1367,-0.4143,False
0x83d4422857882eff55f881b295d668b85420ad01,L2l,Sports / Basketball / pre,39,0.4409,0.2975,2.72,0.692,0.4699,0.4135,True
0x83d4422857882eff55f881b295d668b85420ad01,L2l,Sports / Basketball / live,65,0.1882,0.1481,1.25,0.523,0.4478,-0.0636,False
0x83d4422857882eff55f881b295d668b85420ad01,L2l,Sports / Soccer / pre,40,0.0709,0.0532,0.42,0.525,0.015,0.1267,False
0x83d4422857882eff55f881b295d668b85420ad01,L2l,Esports / Esports / live,46,0.0472,0.0383,0.28,0.478,0.004,0.0904,False
0x83d4422857882eff55f881b295d668b85420ad01,L2l,Sports / Soccer / live,51,-0.1316,-0.0895,-0.88,0.412,-0.2531,-0.0147,False
0xcec1c3e1d71d4cf66981bf5f55e1887049409c0c,L1,Sports,1591,0.0864,0.086,2.14,0.494,0.0743,0.0984,True
0xcec1c3e1d71d4cf66981bf5f55e1887049409c0c,L1b,Sports / price=0.30-0.50,589,0.1166,0.1147,2.32,0.448,0.0805,0.1527,True
0xcec1c3e1d71d4cf66981bf5f55e1887049409c0c,L2l,Sports / Baseball / pre,32,0.2602,0.1826,2.06,0.469,0.4295,0.0908,True
0xb2c9f00f7e41762c082ab7e59669ab805c9cdd6f,L1b,Sports / price=0.70-0.90,36,0.1683,0.1258,2.74,0.917,0.1822,0.1544,True
0xb2c9f00f7e41762c082ab7e59669ab805c9cdd6f,L2b,Sports / Soccer / price=0.70-0.90,35,0.1677,0.1246,2.65,0.914,0.1818,0.1544,True
0x485163a3c4ad3ba5ebcb8641e721f80c3bf516db,L3,Sports / American Football / NFL 2025,87,0.3088,0.2894,3.41,0.782,0.2805,0.3364,True
0x485163a3c4ad3ba5ebcb8641e721f80c3bf516db,L1b,Sports / price=0.70-0.90,39,0.1936,0.1975,3.84,0.923,0.1694,0.2165,True
0x485163a3c4ad3ba5ebcb8641e721f80c3bf516db,L2b,Sports / American Football / price=0.70-0.90,31,0.2442,0.2289,5.39,0.968,0.2044,0.2815,True
0xc5a3b3c986058c3f2ba7f4332bbfcced9b10883a,L1,Other,60,0.3411,0.2818,2.49,0.75,0.4782,0.2041,True
0xc5a3b3c986058c3f2ba7f4332bbfcced9b10883a,L2,Other / Geopolitics,36,0.4757,0.3428,2.3,0.806,0.7992,0.1523,True
0xc5a3b3c986058c3f2ba7f4332bbfcced9b10883a,L3,Other / Geopolitics / ?,36,0.4757,0.3428,2.3,0.806,0.7992,0.1523,True
0xc5a3b3c986058c3f2ba7f4332bbfcced9b10883a,L2t,Other / Geopolitics / type=binary,36,0.4757,0.3428,2.3,0.806,0.7992,0.1523,True
0x2d24b04a80a62b4a4e8c91443ab45d4dd156f379,L1,Sports,1188,0.1003,0.1003,2.73,0.567,0.1092,0.0915,True
0x2d24b04a80a62b4a4e8c91443ab45d4dd156f379,L2,Sports / Tennis,1036,0.0889,0.0891,2.21,0.554,0.0956,0.0823,True
0x2d24b04a80a62b4a4e8c91443ab45d4dd156f379,L2,Sports / Soccer,66,0.2912,0.2468,2.03,0.667,0.2837,0.2987,True
0x2d24b04a80a62b4a4e8c91443ab45d4dd156f379,L3,Sports / Tennis / WTA,248,0.1998,0.1924,2.5,0.589,0.0896,0.3099,True
0x2d24b04a80a62b4a4e8c91443ab45d4dd156f379,L2t,Sports / Tennis / type=moneyline,1036,0.0889,0.0891,2.21,0.554,0.0956,0.0823,True
0x2d24b04a80a62b4a4e8c91443ab45d4dd156f379,L2t,Sports / Soccer / type=moneyline,62,0.3237,0.2692,2.17,0.677,0.3665,0.2808,True
0x2d24b04a80a62b4a4e8c91443ab45d4dd156f379,L1b,Sports / price=0.70-0.90,214,0.067,0.0699,2.04,0.836,0.1133,0.0208,True
0x2d24b04a80a62b4a4e8c91443ab45d4dd156f379,L2l,Sports / Soccer / live,66,0.2912,0.2468,2.03,0.667,0.2837,0.2987,True
0xd072f1416328f999d530d99d9c1bf708aad295e8,L1,Sports,1094,0.1561,0.1561,3.31,0.564,0.0656,0.2465,True
0xd072f1416328f999d530d99d9c1bf708aad295e8,L2,Sports / Soccer,96,1.0708,0.9131,3.09,0.677,0.7448,1.3968,True
0xd072f1416328f999d530d99d9c1bf708aad295e8,L2t,Sports / Soccer / type=moneyline,89,0.9594,0.812,2.93,0.663,0.8096,1.1058,True
0xd072f1416328f999d530d99d9c1bf708aad295e8,L1b,Sports / price=0.10-0.30,182,0.4846,0.4521,2.93,0.33,0.3525,0.6167,True
0xd072f1416328f999d530d99d9c1bf708aad295e8,L2l,Sports / Soccer / live,96,1.0708,0.9131,3.09,0.677,0.7448,1.3968,True
0x7c5b2f10bf3830c239e0defc96621d7c83e226e2,L1,Sports,47,0.5081,0.3558,2.43,0.638,0.6159,0.4047,True
0x7c5b2f10bf3830c239e0defc96621d7c83e226e2,L2,Sports / Soccer,44,0.4648,0.3189,2.12,0.614,0.5823,0.3474,True
0x7c5b2f10bf3830c239e0defc96621d7c83e226e2,L3,Sports / Soccer / FIFA World Cup,38,0.5313,0.3474,2.13,0.632,0.7656,0.297,True
0x16f04595fe97082d1341e42936a358a96569aba5,L1,Other,151,0.0808,0.0717,2.42,0.788,0.1416,0.0208,True
0x16f04595fe97082d1341e42936a358a96569aba5,L2,Culture / Elon Musk,30,0.0977,0.0599,2.05,0.867,0.0969,0.0986,True
0x16f04595fe97082d1341e42936a358a96569aba5,L2t,Culture / Elon Musk / type=negrisk,30,0.0977,0.0599,2.05,0.867,0.0969,0.0986,True
0x16f04595fe97082d1341e42936a358a96569aba5,L2b,Sports / Other sport / price=0.70-0.90,30,0.0823,0.0506,2.24,0.667,0.1491,0.0155,True
0x9201b544bcd3938b6bd614c1bc51e97130f2e578,L1b,Sports / price=0.70-0.90,34,0.1607,0.1368,3.03,0.941,0.0712,0.2502,True
0xb0f6dfdd6cbda54d27cec465310af422b9bfa31c,L3,Sports / Basketball / NCAA CBB,38,0.3881,0.2716,2.44,0.684,0.4567,0.3196,True
0xb0f6dfdd6cbda54d27cec465310af422b9bfa31c,L2l,Esports / Esports / live,307,0.2126,0.2027,2.44,0.586,0.1309,0.2938,True
0xe7a2052a8b7c6b865e3eb3d16300a4db7432ae70,L2t,Sports / Basketball / type=spreads,70,0.3595,0.287,2.45,0.643,0.3492,0.3698,True
0x009561c82999c88b3958057979fef58b48e5cdb2,L3,Esports / Esports / League of Legends,76,0.2405,0.1817,2.56,0.75,0.2981,0.183,True
0x93fd3ff43020cc0f0bc3d45ed87993fe6bbda5ed,L1b,Esports / price=0.50-0.70,108,0.1785,0.1482,2.48,0.694,0.3021,0.0549,True
0x93fd3ff43020cc0f0bc3d45ed87993fe6bbda5ed,L2b,Esports / Esports / price=0.50-0.70,108,0.1785,0.1482,2.48,0.694,0.3021,0.0549,True
0x1b41077f87e292fe6b8df8113cbb9356de842c02,L1b,Esports / price=0.50-0.70,361,0.0861,0.079,2.01,0.629,0.0605,0.1115,True
0x1b41077f87e292fe6b8df8113cbb9356de842c02,L1b,Esports / price=0.70-0.90,42,0.147,0.0838,2.33,0.857,0.1895,0.1044,True
0x1b41077f87e292fe6b8df8113cbb9356de842c02,L2b,Esports / Esports / price=0.50-0.70,361,0.0861,0.079,2.01,0.629,0.0605,0.1115,True
0x1b41077f87e292fe6b8df8113cbb9356de842c02,L2b,Esports / Esports / price=0.70-0.90,42,0.147,0.0838,2.33,0.857,0.1895,0.1044,True
0x88d91463b4668e2737c5b1ecbccae0dcc78e173a,L1b,Sports / price=0.70-0.90,54,0.1525,0.1274,2.81,0.889,0.1505,0.1546,True
0xdd8fcdec9637d04a64f2bbf1f531f7ff0a5329b9,L2l,Esports / Esports / pre,175,0.2652,0.2369,2.27,0.526,0.1001,0.4285,True
0xc547a1d8d09a3d0ce75e904ffbf034bf5024c570,L1b,Sports / price=0.30-0.50,1682,0.0713,0.0709,2.31,0.426,0.1203,0.0222,True
0xc547a1d8d09a3d0ce75e904ffbf034bf5024c570,L2b,Sports / Tennis / price=0.30-0.50,816,0.118,0.1162,2.6,0.436,0.1319,0.104,True
0xc547a1d8d09a3d0ce75e904ffbf034bf5024c570,L2b,Sports / Soccer / price=0.50-0.70,31,0.3858,0.2509,2.78,0.774,0.0412,0.7089,True
0xa894f805333ad57c09f418977bb4108257852830,L3,Esports / Esports / League of Legends,40,0.2398,0.1411,2.08,0.775,0.1649,0.3146,True
0x1a94ff77cdc335af43ca58939cc851a6ae6b78b6,L2,Politics / Trump,91,0.4949,0.412,2.29,0.473,0.6333,0.3595,True
0x1a94ff77cdc335af43ca58939cc851a6ae6b78b6,L2t,Politics / Trump / type=binary,91,0.4949,0.412,2.29,0.473,0.6333,0.3595,True
0x1a94ff77cdc335af43ca58939cc851a6ae6b78b6,L2b,Politics / Trump / price=0.10-0.30,31,0.9846,0.6121,2.32,0.452,0.7642,1.1912,True
0xbcf51140fd48e69c6e6d4bd09d38a629059856a1,L1,Politics,126,0.224,0.22,0.91,0.365,0.5127,-0.0647,False
0xbcf51140fd48e69c6e6d4bd09d38a629059856a1,L1,Sports,83,0.2016,0.2003,1.77,0.434,0.3391,0.0675,False
0xbcf51140fd48e69c6e6d4bd09d38a629059856a1,L2,Politics / Tweet Markets,122,0.2556,0.247,1.01,0.369,0.5213,-0.0102,False
0xbcf51140fd48e69c6e6d4bd09d38a629059856a1,L2,Sports / Other sport,47,0.2214,0.2133,1.39,0.426,0.5181,-0.063,False
0xbcf51140fd48e69c6e6d4bd09d38a629059856a1,L2,Sports / Basketball,32,0.1489,0.1665,0.87,0.438,0.2599,0.038,False
0xbcf51140fd48e69c6e6d4bd09d38a629059856a1,L3,Politics / Tweet Markets / Elon Tweets,58,0.4911,0.415,0.95,0.31,0.9637,0.0185,False
0xbcf51140fd48e69c6e6d4bd09d38a629059856a1,L3,Sports / Basketball / NBA 2026,32,0.1489,0.1665,0.87,0.438,0.2599,0.038,False
0xbcf51140fd48e69c6e6d4bd09d38a629059856a1,L3,Sports / Other sport / Elon Tweets,29,0.0746,0.1235,0.53,0.379,0.1614,-0.0064,False
0xbcf51140fd48e69c6e6d4bd09d38a629059856a1,L3,Politics / Tweet Markets / Elon Tweets 48H,64,0.0421,0.0784,0.37,0.422,0.1204,-0.0361,False
0xbcf51140fd48e69c6e6d4bd09d38a629059856a1,L2t,Politics / Tweet Markets / type=negrisk,122,0.2556,0.247,1.01,0.369,0.5213,-0.0102,False
0xbcf51140fd48e69c6e6d4bd09d38a629059856a1,L2t,Sports / Other sport / type=binary,47,0.2214,0.2133,1.39,0.426,0.5181,-0.063,False
0xbcf51140fd48e69c6e6d4bd09d38a629059856a1,L2t,Sports / Basketball / type=moneyline,32,0.1489,0.1665,0.87,0.438,0.2599,0.038,False
0xbcf51140fd48e69c6e6d4bd09d38a629059856a1,L1b,Sports / price=0.30-0.50,36,0.3109,0.2693,2.02,0.528,0.5563,0.0654,True
0xbcf51140fd48e69c6e6d4bd09d38a629059856a1,L1b,Sports / price=0.10-0.30,22,0.3889,0.2963,1.26,0.364,0.8475,-0.0697,False
0xbcf51140fd48e69c6e6d4bd09d38a629059856a1,L1b,Politics / price=0.10-0.30,55,0.139,0.1538,0.98,0.382,0.1136,0.1634,False
0xbcf51140fd48e69c6e6d4bd09d38a629059856a1,L1b,Sports / price=0.50-0.70,20,-0.0375,0.0785,-0.24,0.45,0.1568,-0.2318,False
0xbcf51140fd48e69c6e6d4bd09d38a629059856a1,L1b,Politics / price=0.30-0.50,39,-0.1159,-0.0107,-1.03,0.333,0.1947,-0.411,False
0xbcf51140fd48e69c6e6d4bd09d38a629059856a1,L2b,Sports / Other sport / price=0.10-0.30,20,0.5101,0.3523,1.55,0.4,1.0323,-0.012,False
0xbcf51140fd48e69c6e6d4bd09d38a629059856a1,L2b,Politics / Tweet Markets / price=0.10-0.30,53,0.1622,0.171,1.11,0.377,0.1512,0.1727,False
0xbcf51140fd48e69c6e6d4bd09d38a629059856a1,L2b,Politics / Tweet Markets / price=0.30-0.50,38,-0.0926,0.0064,-0.82,0.342,0.1947,-0.38,False
0xbcf51140fd48e69c6e6d4bd09d38a629059856a1,L2l,Sports / Other sport / live,35,0.1084,0.1397,0.84,0.457,0.2786,-0.0524,False
0xbcf51140fd48e69c6e6d4bd09d38a629059856a1,L2l,Sports / Basketball / pre,21,0.1307,0.1618,0.68,0.429,0.0832,0.1739,False
0x39339f88c77b1612da6b11ff2c025d4316d07818,L1b,Sports / price=0.70-0.90,70,0.109,0.081,3.23,0.771,0.0359,0.182,True
0x39339f88c77b1612da6b11ff2c025d4316d07818,L2b,Sports / Basketball / price=0.70-0.90,42,0.1135,0.0715,3.04,0.714,0.0277,0.1993,True
0x868315c41ace0c1df527f2f76b73d37ca2ac56c7,L1,Sports,271,0.0538,0.0525,0.89,0.565,0.1152,-0.0071,False
0x868315c41ace0c1df527f2f76b73d37ca2ac56c7,L1,Crypto,74,-0.0174,-0.0063,-0.21,0.73,0.0463,-0.0811,False
0x868315c41ace0c1df527f2f76b73d37ca2ac56c7,L2,Sports / Basketball,185,0.1018,0.0953,1.37,0.584,0.1531,0.0511,False
0x868315c41ace0c1df527f2f76b73d37ca2ac56c7,L2,Sports / Baseball,26,0.1691,0.1106,0.9,0.615,0.002,0.3362,False
0x868315c41ace0c1df527f2f76b73d37ca2ac56c7,L2,Crypto / Up/Down short,73,-0.0176,-0.0064,-0.21,0.726,0.0476,-0.0811,False
0x868315c41ace0c1df527f2f76b73d37ca2ac56c7,L2,Sports / Soccer,24,-0.1743,-0.0794,-0.91,0.542,-0.0701,-0.2784,False
0x868315c41ace0c1df527f2f76b73d37ca2ac56c7,L3,Sports / Basketball / NBA 2026,159,0.1584,0.1445,1.96,0.61,0.1486,0.168,False
0x868315c41ace0c1df527f2f76b73d37ca2ac56c7,L3,Sports / Baseball / MLB,26,0.1691,0.1106,0.9,0.615,0.002,0.3362,False
0x868315c41ace0c1df527f2f76b73d37ca2ac56c7,L3,Crypto / Up/Down short / BTC Up or Down 5m,71,-0.053,-0.0338,-0.64,0.718,-0.0172,-0.0878,False
0x868315c41ace0c1df527f2f76b73d37ca2ac56c7,L3,Sports / Basketball / WNBA,26,-0.244,-0.1229,-1.37,0.423,-0.3236,-0.1644,False
0x868315c41ace0c1df527f2f76b73d37ca2ac56c7,L2t,Sports / Basketball / type=moneyline,142,0.1471,0.1332,1.69,0.606,0.1485,0.1456,False
0x868315c41ace0c1df527f2f76b73d37ca2ac56c7,L2t,Crypto / Up/Down short / type=updown,73,-0.0176,-0.0064,-0.21,0.726,0.0476,-0.0811,False
0x868315c41ace0c1df527f2f76b73d37ca2ac56c7,L2t,Sports / Basketball / type=spreads,25,-0.053,-0.0141,-0.28,0.52,0.2556,-0.3379,False
0x868315c41ace0c1df527f2f76b73d37ca2ac56c7,L1b,Sports / price=0.30-0.50,81,0.2798,0.2312,2.12,0.543,0.3459,0.2152,True
0x868315c41ace0c1df527f2f76b73d37ca2ac56c7,L1b,Sports / price=0.70-0.90,28,0.1273,0.0886,1.64,0.893,0.2146,0.04,False
0x868315c41ace0c1df527f2f76b73d37ca2ac56c7,L1b,Crypto / price=0.70-0.90,29,-0.0245,-0.0004,-0.26,0.793,0.0757,-0.1181,False
0x868315c41ace0c1df527f2f76b73d37ca2ac56c7,L1b,Sports / price=0.50-0.70,133,-0.0286,-0.0204,-0.38,0.549,0.0285,-0.0849,False
0x868315c41ace0c1df527f2f76b73d37ca2ac56c7,L2b,Sports / Basketball / price=0.30-0.50,59,0.3123,0.242,1.99,0.542,0.4533,0.176,False
0x868315c41ace0c1df527f2f76b73d37ca2ac56c7,L2b,Sports / Basketball / price=0.70-0.90,25,0.1186,0.0812,1.36,0.88,0.2,0.0436,False
0x868315c41ace0c1df527f2f76b73d37ca2ac56c7,L2b,Sports / Basketball / price=0.50-0.70,86,0.0384,0.0376,0.41,0.593,0.0905,-0.0138,False
0x868315c41ace0c1df527f2f76b73d37ca2ac56c7,L2b,Crypto / Up/Down short / price=0.70-0.90,29,-0.0245,-0.0004,-0.26,0.793,0.0757,-0.1181,False
0x868315c41ace0c1df527f2f76b73d37ca2ac56c7,L2l,Sports / Basketball / pre,168,0.1041,0.0967,1.38,0.595,0.1708,0.0375,False
0x868315c41ace0c1df527f2f76b73d37ca2ac56c7,L2l,Sports / Baseball / pre,25,0.1553,0.1016,0.79,0.6,-0.0408,0.3362,False
0xd5ad2f7f97be8852d87e0cec4568ef279ba65a42,L1,Sports,635,0.0405,0.0403,1.04,0.48,0.0548,0.0262,False
0xd5ad2f7f97be8852d87e0cec4568ef279ba65a42,L2,Sports / American Football,155,0.1957,0.1773,2.38,0.497,0.258,0.1341,True
0xd5ad2f7f97be8852d87e0cec4568ef279ba65a42,L2,Sports / Hockey,21,0.2748,0.158,1.15,0.524,0.6469,-0.0636,False
0xd5ad2f7f97be8852d87e0cec4568ef279ba65a42,L2,Sports / Baseball,142,0.0266,0.0277,0.33,0.521,-0.0153,0.0686,False
0xd5ad2f7f97be8852d87e0cec4568ef279ba65a42,L2,Sports / Basketball,199,-0.0321,-0.026,-0.48,0.452,-0.0932,0.0284,False
0xd5ad2f7f97be8852d87e0cec4568ef279ba65a42,L2,Sports / Soccer,117,-0.0579,-0.0443,-0.63,0.453,-0.0547,-0.061,False
0xd5ad2f7f97be8852d87e0cec4568ef279ba65a42,L3,Sports / American Football / NFL 2025,69,0.215,0.1747,1.54,0.493,0.4041,0.0313,False
0xd5ad2f7f97be8852d87e0cec4568ef279ba65a42,L3,Sports / Hockey / NHL 2026,21,0.2748,0.158,1.15,0.524,0.6469,-0.0636,False
0xd5ad2f7f97be8852d87e0cec4568ef279ba65a42,L3,Sports / American Football / CFB 2025,57,0.0882,0.0745,0.71,0.439,0.126,0.0517,False
0xd5ad2f7f97be8852d87e0cec4568ef279ba65a42,L3,Sports / Baseball / MLB,142,0.0266,0.0277,0.33,0.521,-0.0153,0.0686,False
0xd5ad2f7f97be8852d87e0cec4568ef279ba65a42,L3,Sports / Basketball / NBA 2026,122,0.0137,0.0167,0.16,0.467,-0.0062,0.0335,False
0xd5ad2f7f97be8852d87e0cec4568ef279ba65a42,L3,Sports / Soccer / FIFA World Cup,92,-0.0368,-0.0239,-0.36,0.489,-0.1472,0.0736,False
0xd5ad2f7f97be8852d87e0cec4568ef279ba65a42,L3,Sports / Basketball / NCAA CBB,77,-0.1047,-0.0758,-0.95,0.429,-0.1598,-0.051,False
0xd5ad2f7f97be8852d87e0cec4568ef279ba65a42,L2t,Sports / American Football / type=moneyline,28,0.4454,0.2746,1.7,0.536,0.852,0.0388,False
0xd5ad2f7f97be8852d87e0cec4568ef279ba65a42,L2t,Sports / American Football / type=totals,46,0.2562,0.1893,1.97,0.565,0.4103,0.102,False
0xd5ad2f7f97be8852d87e0cec4568ef279ba65a42,L2t,Sports / Basketball / type=totals,79,0.1275,0.1089,1.23,0.532,0.1255,0.1295,False
0xd5ad2f7f97be8852d87e0cec4568ef279ba65a42,L2t,Sports / American Football / type=spreads,78,0.0576,0.0531,0.54,0.449,0.0242,0.091,False
0xd5ad2f7f97be8852d87e0cec4568ef279ba65a42,L2t,Sports / Soccer / type=both_teams_to_score,37,0.0986,0.0765,0.63,0.568,0.0919,0.105,False
0xd5ad2f7f97be8852d87e0cec4568ef279ba65a42,L2t,Sports / Soccer / type=moneyline,29,0.0411,0.0388,0.2,0.483,-0.0327,0.1101,False
0xd5ad2f7f97be8852d87e0cec4568ef279ba65a42,L2t,Sports / Baseball / type=nrfi,109,-0.0006,0.005,-0.01,0.523,-0.098,0.0951,False
0xd5ad2f7f97be8852d87e0cec4568ef279ba65a42,L2t,Sports / Basketball / type=moneyline,62,-0.0648,-0.0404,-0.53,0.435,-0.0737,-0.0559,False
0xd5ad2f7f97be8852d87e0cec4568ef279ba65a42,L2t,Sports / Soccer / type=totals,34,-0.2788,-0.1625,-1.64,0.294,-0.1667,-0.391,False
0xd5ad2f7f97be8852d87e0cec4568ef279ba65a42,L2t,Sports / Basketball / type=spreads,52,-0.2528,-0.1727,-1.98,0.346,-0.4353,-0.0702,False
0xd5ad2f7f97be8852d87e0cec4568ef279ba65a42,L1b,Sports / price=0.30-0.50,285,0.0877,0.0843,1.41,0.456,0.0969,0.0786,False
0xd5ad2f7f97be8852d87e0cec4568ef279ba65a42,L1b,Sports / price=0.50-0.70,331,0.002,0.0039,0.04,0.511,0.0485,-0.0442,False
0xd5ad2f7f97be8852d87e0cec4568ef279ba65a42,L2b,Sports / American Football / price=0.30-0.50,79,0.207,0.1723,1.76,0.481,0.256,0.1592,False
0xd5ad2f7f97be8852d87e0cec4568ef279ba65a42,L2b,Sports / American Football / price=0.50-0.70,74,0.1079,0.0925,1.08,0.5,0.1302,0.0856,False
0xd5ad2f7f97be8852d87e0cec4568ef279ba65a42,L2b,Sports / Soccer / price=0.30-0.50,42,0.089,0.0717,0.52,0.452,0.0961,0.0819,False
0xd5ad2f7f97be8852d87e0cec4568ef279ba65a42,L2b,Sports / Baseball / price=0.30-0.50,49,0.0739,0.0627,0.47,0.469,0.1996,-0.0468,False
0xd5ad2f7f97be8852d87e0cec4568ef279ba65a42,L2b,Sports / Baseball / price=0.50-0.70,93,0.0018,0.0077,0.02,0.548,-0.0676,0.0696,False
0xd5ad2f7f97be8852d87e0cec4568ef279ba65a42,L2b,Sports / Basketball / price=0.30-0.50,96,-0.0299,-0.0186,-0.29,0.427,-0.1544,0.0947,False
0xd5ad2f7f97be8852d87e0cec4568ef279ba65a42,L2b,Sports / Basketball / price=0.50-0.70,102,-0.0383,-0.0262,-0.43,0.471,-0.0453,-0.0312,False
0xd5ad2f7f97be8852d87e0cec4568ef279ba65a42,L2b,Sports / Soccer / price=0.50-0.70,60,-0.0864,-0.056,-0.8,0.517,-0.1029,-0.07,False
0xd5ad2f7f97be8852d87e0cec4568ef279ba65a42,L2l,Sports / American Football / pre,146,0.159,0.1441,2.02,0.486,0.1833,0.1346,True
0xd5ad2f7f97be8852d87e0cec4568ef279ba65a42,L2l,Sports / Hockey / pre,21,0.2748,0.158,1.15,0.524,0.6469,-0.0636,False
0xd5ad2f7f97be8852d87e0cec4568ef279ba65a42,L2l,Sports / Baseball / pre,135,0.0644,0.0607,0.78,0.541,0.0124,0.1157,False
0xd5ad2f7f97be8852d87e0cec4568ef279ba65a42,L2l,Sports / Basketball / pre,194,-0.0353,-0.0287,-0.52,0.448,-0.0746,0.0039,False
0xd5ad2f7f97be8852d87e0cec4568ef279ba65a42,L2l,Sports / Soccer / pre,106,-0.0851,-0.0659,-0.89,0.453,-0.0731,-0.097,False
0x9e1e15e81ea5e11855c39ea16aa977c25b232a7d,L3,Sports / Soccer / Counter Strike,66,0.2882,0.2128,2.44,0.636,0.1347,0.4418,True
0x41edc6c667b9251aa16a3b7b359815e0f84aed90,L2b,Sports / Baseball / price=0.50-0.70,41,0.3095,0.1965,2.77,0.756,0.3437,0.2769,True
0x78a10b187b24b56e4027704cc5d144d1074f5551,L3,Sports / Soccer / ATP,45,0.3577,0.2262,2.1,0.578,0.2711,0.4405,True
0x52473dfd3f2288db2b68b313d28acdf84c39ece7,L2t,Sports / Soccer / type=moneyline,59,0.4922,0.3931,2.76,0.644,0.3735,0.607,True
0xd849b5d87c44c8553b50e1ad20b35f1d88ae206e,L1b,Sports / price=0.70-0.90,1095,0.0352,0.0344,2.34,0.783,0.0293,0.041,True
0xd849b5d87c44c8553b50e1ad20b35f1d88ae206e,L2b,Sports / Soccer / price=0.70-0.90,506,0.0516,0.0494,2.41,0.791,0.0484,0.0548,True
0xe247c29f626dfbe5860631ce48246f41929cedf1,L1,Sports,83,0.4293,0.4051,2.17,0.542,0.5957,0.2669,True
0xea21528defb2440fb0aa2d38eea724c6c794f753,L1b,Sports / price=0.70-0.90,423,0.0362,0.0364,2.37,0.721,0.0393,0.0332,True
0xea21528defb2440fb0aa2d38eea724c6c794f753,L2b,Sports / Other sport / price=0.70-0.90,421,0.0348,0.0351,2.27,0.72,0.037,0.0327,True
0x23d8c538e74324cd56df9197e67e146a29dff6b9,L1,Sports,637,0.0809,0.0806,2.89,0.801,0.079,0.0827,True
0x23d8c538e74324cd56df9197e67e146a29dff6b9,L2,Sports / Other sport,580,0.0892,0.0886,3.07,0.812,0.0881,0.0903,True
0x23d8c538e74324cd56df9197e67e146a29dff6b9,L3,Sports / Other sport / Sao Paulo Daily Weather,77,0.1028,0.0967,2.04,0.87,0.0647,0.1399,True
0x23d8c538e74324cd56df9197e67e146a29dff6b9,L2t,Sports / Other sport / type=binary,580,0.0892,0.0886,3.07,0.812,0.0881,0.0903,True
0x23d8c538e74324cd56df9197e67e146a29dff6b9,L1b,Sports / price=0.50-0.70,80,0.1784,0.1574,2.35,0.7,0.1378,0.2191,True
0x23d8c538e74324cd56df9197e67e146a29dff6b9,L1b,Sports / price=0.70-0.90,358,0.0445,0.046,2.03,0.835,0.0405,0.0485,True
0x23d8c538e74324cd56df9197e67e146a29dff6b9,L2b,Sports / Other sport / price=0.50-0.70,67,0.214,0.1816,2.72,0.716,0.1418,0.2841,True
0x23d8c538e74324cd56df9197e67e146a29dff6b9,L2b,Sports / Other sport / price=0.70-0.90,327,0.0538,0.0549,2.41,0.844,0.0336,0.0739,True
0x23d8c538e74324cd56df9197e67e146a29dff6b9,L2l,Sports / Other sport / pre,443,0.0836,0.0832,3.37,0.826,0.0387,0.1283,True
0xa42f36484754c0740aa419aac907afa4501cb629,L1,Sports,1001,0.5936,0.5936,10.32,0.675,0.5925,0.5947,True
0xa42f36484754c0740aa419aac907afa4501cb629,L2,Sports / Soccer,673,0.5695,0.5702,8.22,0.648,0.5587,0.5803,True
0xa42f36484754c0740aa419aac907afa4501cb629,L2,Sports / Other sport,326,0.642,0.6392,6.19,0.73,0.6548,0.6292,True
0xa42f36484754c0740aa419aac907afa4501cb629,L3,Sports / Soccer / UEFA Champions League 2025,48,1.1075,0.9564,2.98,0.708,1.5415,0.6736,True
0xa42f36484754c0740aa419aac907afa4501cb629,L3,Sports / Other sport / K-league,45,1.0122,0.8834,2.99,0.778,0.7763,1.2379,True
0xa42f36484754c0740aa419aac907afa4501cb629,L3,Sports / Soccer / FIFA World Cup,99,0.4348,0.4615,2.98,0.596,0.2122,0.6529,True
0xa42f36484754c0740aa419aac907afa4501cb629,L3,Sports / Soccer / NWSL,31,0.4751,0.5216,2.01,0.645,0.1494,0.7805,True
0xa42f36484754c0740aa419aac907afa4501cb629,L3,Sports / Soccer / MLS 2025,59,0.266,0.349,2.22,0.559,0.303,0.2303,True
0xa42f36484754c0740aa419aac907afa4501cb629,L2t,Sports / Soccer / type=totals,369,0.5206,0.5244,5.49,0.648,0.4767,0.5644,True
0xa42f36484754c0740aa419aac907afa4501cb629,L2t,Sports / Other sport / type=totals,191,0.6198,0.6173,4.01,0.728,0.6182,0.6213,True
0xa42f36484754c0740aa419aac907afa4501cb629,L2t,Sports / Soccer / type=soccer_exact_score,43,1.3979,1.1426,3.03,0.698,0.6579,2.1043,True
0xa42f36484754c0740aa419aac907afa4501cb629,L2t,Sports / Soccer / type=spreads,116,0.4788,0.4957,3.68,0.638,0.3831,0.5746,True
0xa42f36484754c0740aa419aac907afa4501cb629,L2t,Sports / Soccer / type=first_half_totals,41,0.5812,0.5853,3.34,0.683,0.3487,0.8026,True
0xa42f36484754c0740aa419aac907afa4501cb629,L2t,Sports / Other sport / type=spreads,45,0.4769,0.5128,3.0,0.733,0.437,0.515,True
0xa42f36484754c0740aa419aac907afa4501cb629,L1b,Sports / price=0.10-0.30,326,0.7893,0.778,7.26,0.574,0.7872,0.7914,True
0xa42f36484754c0740aa419aac907afa4501cb629,L1b,Sports / price=0.30-0.50,281,0.588,0.5884,10.32,0.701,0.4961,0.6793,True
0xa42f36484754c0740aa419aac907afa4501cb629,L1b,Sports / price=0.50-0.70,192,0.3594,0.3815,9.44,0.781,0.2796,0.4391,True
0xa42f36484754c0740aa419aac907afa4501cb629,L1b,Sports / price=0.70-0.90,143,0.1882,0.238,8.48,0.874,0.1319,0.2437,True
0xa42f36484754c0740aa419aac907afa4501cb629,L2b,Sports / Soccer / price=0.10-0.30,234,0.7695,0.7556,5.84,0.547,0.8034,0.7356,True
0xa42f36484754c0740aa419aac907afa4501cb629,L2b,Sports / Soccer / price=0.30-0.50,190,0.5822,0.5833,8.42,0.695,0.4648,0.6997,True
0xa42f36484754c0740aa419aac907afa4501cb629,L2b,Sports / Other sport / price=0.10-0.30,92,0.8398,0.7958,4.39,0.641,0.8439,0.8357,True
0xa42f36484754c0740aa419aac907afa4501cb629,L2b,Sports / Other sport / price=0.30-0.50,90,0.5908,0.5913,5.79,0.711,0.5768,0.6047,True
0xa42f36484754c0740aa419aac907afa4501cb629,L2b,Sports / Soccer / price=0.50-0.70,124,0.316,0.3546,6.32,0.75,0.2236,0.4084,True
0xa42f36484754c0740aa419aac907afa4501cb629,L2b,Sports / Other sport / price=0.50-0.70,68,0.4385,0.4737,7.81,0.838,0.3723,0.5046,True
0xa42f36484754c0740aa419aac907afa4501cb629,L2b,Sports / Other sport / price=0.70-0.90,54,0.2247,0.3244,5.99,0.907,0.1617,0.2876,True
0xa42f36484754c0740aa419aac907afa4501cb629,L2b,Sports / Soccer / price=0.70-0.90,88,0.1658,0.245,5.99,0.852,0.1201,0.2115,True
0xa42f36484754c0740aa419aac907afa4501cb629,L2l,Sports / Soccer / live,662,0.5742,0.5748,8.17,0.648,0.5689,0.5795,True
0xa42f36484754c0740aa419aac907afa4501cb629,L2l,Sports / Other sport / live,326,0.642,0.6392,6.19,0.73,0.6548,0.6292,True
0x544047c3c50fb3321a290ff269f5e2dc62c7c640,L2b,Sports / Soccer / price=0.70-0.90,36,0.1209,0.0726,2.02,0.917,0.1299,0.1118,True
0xa29222710feaa67091752ebc8936d93326e5deee,L2,Sports / Soccer,32,0.2956,0.202,2.3,0.781,0.4684,0.1229,True
0x99f44b0775be938eea22efdb8db9de8fd8eb335f,L3,Sports / Soccer / ATP,39,0.1558,0.1017,2.66,0.923,0.1064,0.2027,True
0x99f44b0775be938eea22efdb8db9de8fd8eb335f,L2t,Sports / Other sport / type=moneyline,123,0.0763,0.0651,2.32,0.902,0.0918,0.061,True
0x99f44b0775be938eea22efdb8db9de8fd8eb335f,L2b,Sports / Tennis / price=0.30-0.50,44,0.391,0.2676,2.2,0.591,0.3552,0.4267,True
0xf2359d43e51894c0e86e26328c5aad8b42c3e9e2,L1b,Sports / price=0.70-0.90,34,0.205,0.2061,8.42,0.941,0.1994,0.2107,True
0xf2359d43e51894c0e86e26328c5aad8b42c3e9e2,L2b,Sports / Other sport / price=0.70-0.90,34,0.205,0.2061,8.42,0.941,0.1994,0.2107,True
0x84e3098f7cbc9259dd2d395e8ef9cf7adc6d3dfd,L3,Sports / Other sport / Shanghai Daily Weather,32,0.1778,0.1299,2.18,0.812,0.1224,0.2332,True
0x84e3098f7cbc9259dd2d395e8ef9cf7adc6d3dfd,L1b,Sports / price=0.50-0.70,49,0.2006,0.1579,2.33,0.755,0.1111,0.2864,True
0x84e3098f7cbc9259dd2d395e8ef9cf7adc6d3dfd,L2b,Sports / Other sport / price=0.50-0.70,49,0.2006,0.1579,2.33,0.755,0.1111,0.2864,True
0x84e3098f7cbc9259dd2d395e8ef9cf7adc6d3dfd,L2l,Sports / Other sport / live,250,0.0706,0.0694,2.17,0.812,0.0883,0.0529,True
0xd51e71f285df4a2f2ad2b8231f5097bd0e061ce6,L1b,Sports / price=0.50-0.70,106,0.1807,0.1603,2.21,0.67,0.1181,0.2432,True
0xd51e71f285df4a2f2ad2b8231f5097bd0e061ce6,L2b,Sports / Baseball / price=0.50-0.70,55,0.2976,0.2323,2.73,0.727,0.2048,0.3871,True
0xbd9f14d305863f3158d1ea1485b22fa46a16ef72,L3,Sports / Other sport / Serie B,46,0.1741,0.1211,2.37,0.804,0.2742,0.0739,True
0xbd9f14d305863f3158d1ea1485b22fa46a16ef72,L3,Sports / Soccer / Saudi Professional League,40,0.1369,0.091,2.32,0.875,0.0783,0.1954,True
0x9e09e299b839a407356e7c7b2932be33247b52be,L2,Sports / Soccer,74,0.2138,0.1918,2.37,0.73,0.1742,0.2533,True
0x9e09e299b839a407356e7c7b2932be33247b52be,L2t,Sports / Soccer / type=moneyline,61,0.2097,0.1852,2.15,0.738,0.0333,0.3804,True
0x9e09e299b839a407356e7c7b2932be33247b52be,L2b,Sports / Soccer / price=0.50-0.70,47,0.2331,0.1965,2.16,0.745,0.124,0.3376,True
0x9e09e299b839a407356e7c7b2932be33247b52be,L2l,Sports / Soccer / pre,71,0.2133,0.1907,2.27,0.718,0.1782,0.2473,True
0x27ef38563c47e342fbabb14eda3a24bebf8481ba,L1b,Crypto / price=0.50-0.70,52,0.205,0.1486,2.23,0.75,0.1238,0.2861,True
0x01956113cdbbf5cd6e2caa5ede24e64f23cc9f64,L3,Esports / Esports / League of Legends,88,0.1782,0.1426,3.63,0.875,0.1798,0.1765,True
0x01956113cdbbf5cd6e2caa5ede24e64f23cc9f64,L3,Sports / Soccer / UEFA Champions League 2025,30,0.1539,0.0867,2.45,0.933,0.1732,0.1347,True
0x01956113cdbbf5cd6e2caa5ede24e64f23cc9f64,L2b,Sports / Soccer / price=0.70-0.90,339,0.0587,0.0546,2.49,0.85,0.0213,0.0958,True
0x70f968816adc8dab24e09fd72c9269224cb8f25b,L1,Sports,2357,0.0546,0.0546,2.44,0.5,0.056,0.0532,True
0x70f968816adc8dab24e09fd72c9269224cb8f25b,L2,Sports / Tennis,1685,0.0665,0.0664,2.44,0.525,0.0829,0.0501,True
0x70f968816adc8dab24e09fd72c9269224cb8f25b,L2t,Sports / Tennis / type=moneyline,1685,0.0665,0.0664,2.44,0.525,0.0829,0.0501,True
0x70f968816adc8dab24e09fd72c9269224cb8f25b,L1b,Sports / price=0.30-0.50,859,0.0882,0.0874,2.2,0.43,0.1041,0.0723,True
0x70f968816adc8dab24e09fd72c9269224cb8f25b,L2b,Sports / Baseball / price=0.50-0.70,30,0.4126,0.2694,3.8,0.667,0.5612,0.2641,True
0x70f968816adc8dab24e09fd72c9269224cb8f25b,L2l,Sports / Tennis / pre,1530,0.0711,0.0709,2.5,0.532,0.0896,0.0526,True
0xfeb3170ca53521fb55c001fdd242747df0528839,L2,Sports / Tennis,195,0.2538,0.2518,2.36,0.436,0.1626,0.3441,True
0xfeb3170ca53521fb55c001fdd242747df0528839,L2t,Sports / Tennis / type=moneyline,195,0.2538,0.2518,2.36,0.436,0.1626,0.3441,True
0xfeb3170ca53521fb55c001fdd242747df0528839,L2b,Sports / Tennis / price=0.30-0.50,128,0.2434,0.2419,2.07,0.477,0.3593,0.1275,True
0xfeb3170ca53521fb55c001fdd242747df0528839,L2l,Sports / Tennis / live,73,0.495,0.4385,2.68,0.507,0.4872,0.5026,True
0x44dc2ee8e9bdb5d20ed3d1d5f447218fe5a5802d,L3,Sports / Soccer / Brazil Serie A,52,0.4515,0.319,3.19,0.692,0.3737,0.5294,True
0xa3c3c267b072f443cda9b2feee772047c1a513e3,L3,Sports / Other sport / Madrid Daily Weather,33,0.4829,0.2941,2.19,0.636,0.5555,0.4146,True
0x6444f929552d5144e839ea76bab408dfe996672e,L2b,Sports / Basketball / price=0.70-0.90,87,0.1151,0.0935,2.36,0.862,0.0604,0.1686,True
0x4341caf05bf4ea1b69570a50f5cfd470d0bf6451,L1b,Sports / price=0.70-0.90,32,0.1504,0.1143,2.03,0.812,0.092,0.2088,True
0xd1e42f53e151a8aebe096c0b953a6fbe55df9802,L2b,Sports / Soccer / price=0.50-0.70,184,0.1188,0.1078,2.2,0.707,0.186,0.0516,True
0xcc588f1307a6b248a0e71242abc6b958858ee6fa,L3,Sports / Soccer / Serie A 2025,33,0.1957,0.1232,2.54,0.879,0.1397,0.2484,True
0xb3f6b4a5e326ae3d4e7f26b586c842c4fa2fb228,L1,Other,61,1.2424,0.9411,5.61,0.492,1.7356,0.7651,True
0xb3f6b4a5e326ae3d4e7f26b586c842c4fa2fb228,L2,Other / ?,61,1.2424,0.9411,5.61,0.492,1.7356,0.7651,True
0xb3f6b4a5e326ae3d4e7f26b586c842c4fa2fb228,L3,Other / ? / ?,61,1.2424,0.9411,5.61,0.492,1.7356,0.7651,True
0xb3f6b4a5e326ae3d4e7f26b586c842c4fa2fb228,L2t,Other / ? / type=binary,61,1.2424,0.9411,5.61,0.492,1.7356,0.7651,True
0xb3f6b4a5e326ae3d4e7f26b586c842c4fa2fb228,L2t,Sports / Basketball / type=totals,90,0.2045,0.1714,2.46,0.533,0.1759,0.2331,True
0xb3f6b4a5e326ae3d4e7f26b586c842c4fa2fb228,L1b,Other / price=0.10-0.30,55,1.306,0.9637,5.46,0.509,1.8548,0.7769,True
0xb3f6b4a5e326ae3d4e7f26b586c842c4fa2fb228,L2b,Other / ? / price=0.10-0.30,55,1.306,0.9637,5.46,0.509,1.8548,0.7769,True
0x93f9840c97f0427ee8b714606702108d56f08688,L1b,Politics / price=0.10-0.30,61,0.4364,0.353,2.19,0.426,0.5527,0.3239,True
0x606d241fdb458312b33ffb7a4887a85ab92489e6,L3,Sports / Other sport / Wuhan Daily Weather,59,0.535,0.4134,2.48,0.61,0.5915,0.4803,True
0x6aaaf9ad887a4daa865f1b026dd755f4e1a8e611,L1,Esports,78,0.3183,0.3316,2.28,0.551,0.3103,0.3263,True
0x6aaaf9ad887a4daa865f1b026dd755f4e1a8e611,L1,Sports,32,0.5424,0.4813,1.64,0.594,0.8965,0.1883,False
0x6aaaf9ad887a4daa865f1b026dd755f4e1a8e611,L2,Esports / Esports,78,0.3183,0.3316,2.28,0.551,0.3103,0.3263,True
0x6aaaf9ad887a4daa865f1b026dd755f4e1a8e611,L2,Sports / Soccer,30,0.5743,0.498,1.64,0.6,1.023,0.1257,False
0x6aaaf9ad887a4daa865f1b026dd755f4e1a8e611,L3,Esports / Esports / Counter Strike,39,0.1625,0.2374,1.01,0.538,0.323,0.01,False
0x6aaaf9ad887a4daa865f1b026dd755f4e1a8e611,L3,Sports / Soccer / Counter Strike,27,0.1971,0.2764,1.08,0.593,0.1875,0.2061,False
0x6aaaf9ad887a4daa865f1b026dd755f4e1a8e611,L2t,Esports / Esports / type=moneyline,40,0.446,0.4252,2.44,0.575,0.5176,0.3745,True
0x6aaaf9ad887a4daa865f1b026dd755f4e1a8e611,L2t,Sports / Soccer / type=moneyline,30,0.5743,0.498,1.64,0.6,1.023,0.1257,False
0x6aaaf9ad887a4daa865f1b026dd755f4e1a8e611,L2t,Esports / Esports / type=child_moneyline,38,0.1839,0.2527,0.87,0.526,-0.046,0.4139,False
0x6aaaf9ad887a4daa865f1b026dd755f4e1a8e611,L1b,Esports / price=0.30-0.50,39,0.2741,0.3112,1.74,0.564,0.0461,0.4908,False
0x6aaaf9ad887a4daa865f1b026dd755f4e1a8e611,L2b,Esports / Esports / price=0.30-0.50,39,0.2741,0.3112,1.74,0.564,0.0461,0.4908,False
0x6aaaf9ad887a4daa865f1b026dd755f4e1a8e611,L2l,Esports / Esports / live,44,0.3212,0.3407,1.93,0.591,0.4095,0.233,False
0x6aaaf9ad887a4daa865f1b026dd755f4e1a8e611,L2l,Sports / Soccer / live,26,0.4868,0.4419,1.33,0.615,0.8155,0.1582,False
0x6aaaf9ad887a4daa865f1b026dd755f4e1a8e611,L2l,Esports / Esports / pre,34,0.3145,0.3401,1.31,0.5,0.2431,0.3859,False
0x7f9fbad3050df3d7753dab427444df16f172799c,L3,Sports / Other sport / Istanbul Daily Weather,38,0.0526,0.0208,5.95,0.947,0.0668,0.0384,True
0x3b7649f2c8f714f7730a7067933d663e7548883f,L1b,Sports / price=0.70-0.90,37,0.0999,0.067,2.33,0.784,0.1596,0.0434,True
0x0ca8b912f7c8e598f47aff0133e467cec7efdddd,L1b,Sports / price=0.30-0.50,182,0.1745,0.1513,2.18,0.516,0.1418,0.2073,True
0xcd215dae49274340f3f664f6ea751cb563ecd580,L1b,Sports / price=0.30-0.50,60,0.3766,0.3223,2.19,0.533,0.7008,0.0524,True
0x96b47b925a9e0f6e2e090d398995441b38eb3d2d,L2b,Sports / Soccer / price=0.50-0.70,300,0.1112,0.1107,2.44,0.657,0.1087,0.1138,True
0x56b10bf111398693aee936e7eea6f09ae52e6146,L3,Sports / Soccer / FIFA World Cup,50,0.5228,0.4115,2.24,0.72,0.5914,0.4543,True
0xf18ae182a175cad9ad2c7a26e48a6cb17bcf8516,L2b,Sports / American Football / price=0.10-0.30,46,0.6704,0.4657,2.17,0.413,0.4527,0.888,True
0xecaa8806a9a05049d7d5260a33dc924220e377a9,L2,Sports / Other sport,99,0.2705,0.234,2.75,0.677,0.3065,0.2352,True
0xecaa8806a9a05049d7d5260a33dc924220e377a9,L3,Sports / Other sport / ?,85,0.3459,0.2902,3.22,0.706,0.2506,0.4389,True
0xecaa8806a9a05049d7d5260a33dc924220e377a9,L2t,Sports / Other sport / type=binary,82,0.283,0.2381,2.57,0.671,0.3825,0.1835,True
0xecaa8806a9a05049d7d5260a33dc924220e377a9,L2b,Sports / Other sport / price=0.50-0.70,41,0.339,0.2454,3.35,0.78,0.0081,0.6541,True
0x9b97d2ef4f2ec90d34337d1f94db3dedb6386a09,L3,Sports / Soccer / FIFA World Cup,31,0.4952,0.3705,2.54,0.774,0.5835,0.4123,True
0x0e9781eec995a96a253291a2a20b282336a48ffa,L1b,Sports / price=0.50-0.70,139,0.1321,0.1336,2.7,0.547,0.1626,0.102,True
0x0e9781eec995a96a253291a2a20b282336a48ffa,L2b,Sports / Soccer / price=0.50-0.70,135,0.1366,0.1376,2.78,0.556,0.1437,0.1297,True
0x46cdc5a0ce0692849821a3056e983c55c38e6b95,L1,Sports,892,0.1511,0.1511,2.12,0.496,0.1491,0.153,True
0x46cdc5a0ce0692849821a3056e983c55c38e6b95,L2,Sports / Soccer,749,0.1721,0.1715,2.06,0.49,0.1428,0.2013,True
0x46cdc5a0ce0692849821a3056e983c55c38e6b95,L1b,Sports / price=0.10-0.30,118,0.4291,0.3887,2.47,0.322,0.4117,0.4465,True
0x46cdc5a0ce0692849821a3056e983c55c38e6b95,L1b,Sports / price=0.30-0.50,215,0.1268,0.1288,2.44,0.395,0.1887,0.0654,True
0x46cdc5a0ce0692849821a3056e983c55c38e6b95,L2b,Sports / Soccer / price=0.10-0.30,100,0.4114,0.3679,2.17,0.3,0.3841,0.4388,True
0x46cdc5a0ce0692849821a3056e983c55c38e6b95,L2b,Sports / Soccer / price=0.30-0.50,184,0.1227,0.1255,2.25,0.391,0.1558,0.0897,True
0x46cdc5a0ce0692849821a3056e983c55c38e6b95,L2b,Sports / Soccer / price=0.50-0.70,181,0.0766,0.0839,2.15,0.486,0.0423,0.1104,True
0x46cdc5a0ce0692849821a3056e983c55c38e6b95,L2l,Sports / Soccer / live,738,0.1714,0.1709,2.02,0.489,0.147,0.1958,True
0xdc7cfcbc46ed3670f53f55c8973772ac3143958e,L1b,Sports / price=0.10-0.30,114,0.5782,0.6633,2.8,0.412,0.4408,0.7157,True
0xdc7cfcbc46ed3670f53f55c8973772ac3143958e,L1b,Sports / price=0.30-0.50,99,0.3296,0.4672,3.07,0.586,0.2073,0.4495,True
0xdc7cfcbc46ed3670f53f55c8973772ac3143958e,L1b,Sports / price=0.50-0.70,102,0.1954,0.3516,3.21,0.696,0.247,0.1438,True
0xdc7cfcbc46ed3670f53f55c8973772ac3143958e,L2b,Sports / Soccer / price=0.10-0.30,104,0.5404,0.6384,2.53,0.404,0.436,0.6448,True
0xdc7cfcbc46ed3670f53f55c8973772ac3143958e,L2b,Sports / Soccer / price=0.30-0.50,81,0.3488,0.5071,3.02,0.605,0.2251,0.4695,True
0xdc7cfcbc46ed3670f53f55c8973772ac3143958e,L2b,Sports / Soccer / price=0.50-0.70,79,0.1506,0.3522,2.19,0.671,0.2523,0.0516,True
0xfd2b117412a698f322b0cd18d6827dad262b8e50,L1,Politics,350,0.382,0.3786,2.95,0.56,0.2848,0.4793,True
0xfd2b117412a698f322b0cd18d6827dad262b8e50,L1b,Politics / price=0.10-0.30,81,0.9853,0.8533,3.21,0.358,0.8023,1.1639,True
0xfd2b117412a698f322b0cd18d6827dad262b8e50,L1b,Politics / price=0.30-0.50,52,0.469,0.4272,2.86,0.558,0.5372,0.4008,True
0x5d5db930389105ecc1927de972696a4e52ba6be6,L1b,Crypto / price=0.70-0.90,30,0.1061,0.0938,2.27,0.867,0.0657,0.1465,True
0x4c25c5d02450647868e34bbed62467492571c3be,L1b,Sports / price=0.70-0.90,149,0.0884,0.0718,2.33,0.846,0.0542,0.1222,True
0x4c25c5d02450647868e34bbed62467492571c3be,L2b,Sports / Basketball / price=0.70-0.90,109,0.102,0.0781,2.36,0.862,0.0708,0.1327,True
0x5cc6e6500b34899999c51b7b9d6388cb6d8e4a13,L2t,Sports / Other sport / type=moneyline,30,0.1563,0.0991,2.86,0.967,0.2298,0.0829,True
0x5cc6e6500b34899999c51b7b9d6388cb6d8e4a13,L2b,Sports / Soccer / price=0.50-0.70,35,0.2199,0.1448,2.03,0.8,0.0339,0.3956,True
0x0f992a479833c8d76ad2bc31d59b735a1086cc23,L1,Sports,95,0.1509,0.1369,2.22,0.737,0.0357,0.2637,True
0x0f992a479833c8d76ad2bc31d59b735a1086cc23,L1,Crypto,82,0.019,0.0291,0.26,0.78,-0.0715,0.1095,False
0x0f992a479833c8d76ad2bc31d59b735a1086cc23,L2,Sports / Soccer,83,0.1647,0.1463,2.21,0.747,0.0284,0.2977,True
0x0f992a479833c8d76ad2bc31d59b735a1086cc23,L2,Crypto / Up/Down short,80,-0.0201,-0.002,-0.36,0.787,-0.0736,0.0334,False
0x0f992a479833c8d76ad2bc31d59b735a1086cc23,L3,Sports / Soccer / FIFA World Cup,45,0.1905,0.1535,1.94,0.778,0.0949,0.282,False
0x0f992a479833c8d76ad2bc31d59b735a1086cc23,L3,Crypto / Up/Down short / BTC Up or Down 15m,31,-0.144,-0.0599,-1.46,0.71,-0.1411,-0.1466,False
0x0f992a479833c8d76ad2bc31d59b735a1086cc23,L2t,Sports / Soccer / type=moneyline,45,0.1444,0.1216,1.54,0.733,0.0172,0.266,False
0x0f992a479833c8d76ad2bc31d59b735a1086cc23,L2t,Sports / Soccer / type=totals,20,0.1708,0.1206,0.78,0.65,0.0609,0.2808,False
0x0f992a479833c8d76ad2bc31d59b735a1086cc23,L2t,Crypto / Up/Down short / type=updown,80,-0.0201,-0.002,-0.36,0.787,-0.0736,0.0334,False
0x0f992a479833c8d76ad2bc31d59b735a1086cc23,L1b,Sports / price=0.50-0.70,35,0.2491,0.1841,2.14,0.771,0.0335,0.4528,True
0x0f992a479833c8d76ad2bc31d59b735a1086cc23,L1b,Sports / price=0.70-0.90,29,0.1183,0.0987,1.79,0.793,-0.0086,0.2367,False
0x0f992a479833c8d76ad2bc31d59b735a1086cc23,L1b,Crypto / price=0.70-0.90,20,0.0426,0.0565,0.52,0.85,0.0233,0.0619,False
0x0f992a479833c8d76ad2bc31d59b735a1086cc23,L1b,Crypto / price=0.90-1.00,45,-0.0491,-0.0124,-1.18,0.867,-0.0611,-0.0376,False
0x0f992a479833c8d76ad2bc31d59b735a1086cc23,L2b,Sports / Soccer / price=0.50-0.70,30,0.2584,0.1832,2.02,0.767,-0.0249,0.5418,False
0x0f992a479833c8d76ad2bc31d59b735a1086cc23,L2b,Sports / Soccer / price=0.70-0.90,25,0.1075,0.0909,1.44,0.8,0.0207,0.1876,False
0x0f992a479833c8d76ad2bc31d59b735a1086cc23,L2b,Crypto / Up/Down short / price=0.70-0.90,20,0.0426,0.0565,0.52,0.85,0.0233,0.0619,False
0x0f992a479833c8d76ad2bc31d59b735a1086cc23,L2b,Crypto / Up/Down short / price=0.90-1.00,45,-0.0491,-0.0124,-1.18,0.867,-0.0611,-0.0376,False
0x0f992a479833c8d76ad2bc31d59b735a1086cc23,L2l,Sports / Soccer / pre,46,0.2166,0.1722,2.59,0.826,0.105,0.3282,True
0x0f992a479833c8d76ad2bc31d59b735a1086cc23,L2l,Sports / Soccer / live,37,0.1001,0.0897,0.76,0.649,0.0799,0.1193,False
0x744c072005bde6ddab8764a7477f61d3d22ae37f,L1b,Sports / price=0.70-0.90,73,0.1058,0.0847,2.43,0.904,0.158,0.0549,True
0x8ef1a789f17a68e3a34e8c6b48fb1591df47add2,L1,Esports,421,0.1271,0.1263,2.87,0.713,0.1724,0.0821,True
0x8ef1a789f17a68e3a34e8c6b48fb1591df47add2,L2,Esports / Esports,421,0.1271,0.1263,2.87,0.713,0.1724,0.0821,True
0x8ef1a789f17a68e3a34e8c6b48fb1591df47add2,L3,Esports / Esports / League of Legends,421,0.1271,0.1263,2.87,0.713,0.1724,0.0821,True
0x8ef1a789f17a68e3a34e8c6b48fb1591df47add2,L2t,Esports / Esports / type=child_moneyline,315,0.1341,0.1326,2.46,0.702,0.2063,0.0624,True
0x8ef1a789f17a68e3a34e8c6b48fb1591df47add2,L1b,Esports / price=0.30-0.50,77,0.252,0.2225,2.54,0.636,0.3197,0.186,True
0x8ef1a789f17a68e3a34e8c6b48fb1591df47add2,L1b,Esports / price=0.50-0.70,138,0.1036,0.1043,2.24,0.725,0.0988,0.1084,True
0x8ef1a789f17a68e3a34e8c6b48fb1591df47add2,L2b,Esports / Esports / price=0.30-0.50,77,0.252,0.2225,2.54,0.636,0.3197,0.186,True
0x8ef1a789f17a68e3a34e8c6b48fb1591df47add2,L2b,Esports / Esports / price=0.50-0.70,138,0.1036,0.1043,2.24,0.725,0.0988,0.1084,True
0x8ef1a789f17a68e3a34e8c6b48fb1591df47add2,L2l,Esports / Esports / live,421,0.1271,0.1263,2.87,0.713,0.1724,0.0821,True
0x4fc257d4c2b15f70d49dd5a8c5816cbb4a26e3f4,L1b,Crypto / price=0.70-0.90,40,0.1353,0.0857,2.94,0.875,0.175,0.0955,True
0x46993766421015bf9483046d36db8be552cd7822,L2,Politics / Ukraine Map,44,0.1835,0.1479,3.13,0.795,0.2423,0.1247,True
0x46993766421015bf9483046d36db8be552cd7822,L3,Politics / Ukraine Map / ?,40,0.1657,0.1336,2.75,0.775,0.2199,0.1115,True
0x46993766421015bf9483046d36db8be552cd7822,L2t,Politics / Ukraine Map / type=binary,44,0.1835,0.1479,3.13,0.795,0.2423,0.1247,True
0x558c232dcbbf492e14520999f962993438cc150a,L1,Sports,5611,0.2366,0.2366,2.07,0.978,0.3444,0.1288,True
0x558c232dcbbf492e14520999f962993438cc150a,L2,Sports / Basketball,5611,0.2366,0.2366,2.07,0.978,0.3444,0.1288,True
0x558c232dcbbf492e14520999f962993438cc150a,L3,Sports / Basketball / NBA 2026,5611,0.2366,0.2366,2.07,0.978,0.3444,0.1288,True
0x558c232dcbbf492e14520999f962993438cc150a,L2t,Sports / Basketball / type=totals,95,0.0888,0.1145,2.6,1.0,0.0282,0.1482,True
0x558c232dcbbf492e14520999f962993438cc150a,L1b,Sports / price=0.50-0.70,44,0.6702,0.5347,11.12,0.955,0.682,0.6584,True
0x558c232dcbbf492e14520999f962993438cc150a,L1b,Sports / price=0.70-0.90,75,0.2048,0.2115,22.71,1.0,0.2086,0.2011,True
0x558c232dcbbf492e14520999f962993438cc150a,L2b,Sports / Basketball / price=0.50-0.70,44,0.6702,0.5347,11.12,0.955,0.682,0.6584,True
0x558c232dcbbf492e14520999f962993438cc150a,L2b,Sports / Basketball / price=0.70-0.90,75,0.2048,0.2115,22.71,1.0,0.2086,0.2011,True
0x558c232dcbbf492e14520999f962993438cc150a,L2l,Sports / Basketball / live,5609,0.2367,0.2367,2.07,0.978,0.3445,0.1289,True
0x327188a2352ae23dc125e375f52559bf8e4dcd33,L1b,Sports / price=0.30-0.50,36,0.3605,0.33,2.33,0.583,0.6061,0.1149,True
0x327188a2352ae23dc125e375f52559bf8e4dcd33,L2b,Sports / Other sport / price=0.30-0.50,36,0.3605,0.33,2.33,0.583,0.6061,0.1149,True
0x70f394efcef774fd0dd315eb2d1014eb80339580,L1b,Sports / price=0.30-0.50,30,0.5181,0.4054,2.2,0.6,0.2803,0.7558,True
0x1dc6b96ceadba97b27d75a72472503e719acfb06,L2,Finance / Earnings,30,0.3192,0.1958,2.45,0.967,0.3814,0.257,True
0x1dc6b96ceadba97b27d75a72472503e719acfb06,L2t,Finance / Earnings / type=binary,30,0.3192,0.1958,2.45,0.967,0.3814,0.257,True
0x1e55408f217f58facdf1d663c74cfa7f55e9e3e2,L1b,Sports / price=0.10-0.30,30,1.1287,0.7882,2.36,0.467,0.6864,1.571,True
0xfc6bcced1c288d7348988696f293bfed4ea8d720,L2b,Sports / Baseball / price=0.50-0.70,59,0.2146,0.176,2.07,0.695,0.4345,0.002,True
0xbf4d202382ba5702721a8c43126f5f08163733ed,L1,Politics,286,0.0718,0.0688,2.08,0.682,0.092,0.0515,True
0xbf4d202382ba5702721a8c43126f5f08163733ed,L1b,Politics / price=0.70-0.90,109,0.0522,0.0483,2.02,0.752,0.0404,0.0639,True
0xbf4d202382ba5702721a8c43126f5f08163733ed,L2b,Politics / Iran / price=0.70-0.90,47,0.0761,0.0614,2.27,0.745,0.0883,0.0643,True
0x7fd3fe6580b5b944e32701fdbba0c0ef4991e662,L1,Politics,424,0.6562,0.6386,2.27,0.429,0.2833,1.029,True
0x7fd3fe6580b5b944e32701fdbba0c0ef4991e662,L1b,Politics / price=0.10-0.30,158,0.4722,0.4489,2.62,0.323,0.3839,0.5605,True
0xe74b89a7c41f37460a977a542488429bbe09ee88,L1,Esports,678,0.1378,0.1379,2.02,0.516,0.0452,0.2305,True
0xe74b89a7c41f37460a977a542488429bbe09ee88,L2,Esports / Esports,677,0.1387,0.1387,2.03,0.517,0.0466,0.2305,True
0xe74b89a7c41f37460a977a542488429bbe09ee88,L3,Esports / Esports / League of Legends,677,0.1387,0.1387,2.03,0.517,0.0466,0.2305,True
0x37eaa826696ed89747396f47f4932bb58d2c6cb9,L1b,Politics / price=0.10-0.30,48,0.3167,0.2204,2.09,0.479,0.0647,0.5687,True
0x96c6740f9b58c5a38c9172147cd6266da06c34a2,L2,Politics / Biden,33,0.7007,0.4475,2.16,0.788,0.9827,0.4352,True
0x96c6740f9b58c5a38c9172147cd6266da06c34a2,L3,Politics / Biden / ?,33,0.7007,0.4475,2.16,0.788,0.9827,0.4352,True
0x10568f659152f2d74b5f24af8e40059371273c9d,L1b,Crypto / price=0.70-0.90,32,0.139,0.0752,2.07,0.906,0.1106,0.1673,True
0xec1813ed7b60a9b5880e546b444cbfed51428eb4,L1b,Sports / price=0.70-0.90,239,0.0764,0.0751,2.58,0.837,0.1058,0.0473,True
0xec1813ed7b60a9b5880e546b444cbfed51428eb4,L2b,Sports / Other sport / price=0.70-0.90,34,0.2779,0.1971,18.35,1.0,0.2883,0.2676,True
0x781caf04d98a281712caf1677877c442789fdb68,L1b,Sports / price=0.50-0.70,477,0.0853,0.0832,2.24,0.637,0.0968,0.0739,True
0x781caf04d98a281712caf1677877c442789fdb68,L2b,Sports / Basketball / price=0.70-0.90,99,0.1,0.0885,2.27,0.869,0.1101,0.09,True
0xb22895fcdc9d368ef47b7feb476412283bd3ea0b,L1,Sports,53,0.2979,0.2778,2.7,0.585,0.3685,0.2299,True
0xc194881440727fc7bb1bae9bbb0f866055098115,L1,Crypto,4354,0.0239,0.0238,3.9,0.869,0.0395,0.0082,True
0xc194881440727fc7bb1bae9bbb0f866055098115,L2,Crypto / Bitcoin,455,0.0819,0.0795,2.79,0.556,0.13,0.034,True
0xc194881440727fc7bb1bae9bbb0f866055098115,L3,Crypto / Bitcoin / BTC Multi Strikes Weekly,448,0.0837,0.0812,2.81,0.556,0.1316,0.0358,True
0xc194881440727fc7bb1bae9bbb0f866055098115,L2t,Crypto / Bitcoin / type=binary,455,0.0819,0.0795,2.79,0.556,0.13,0.034,True
0xc194881440727fc7bb1bae9bbb0f866055098115,L1b,Crypto / price=0.30-0.50,382,0.1295,0.1242,3.77,0.526,0.1509,0.1081,True
0xc194881440727fc7bb1bae9bbb0f866055098115,L1b,Crypto / price=0.50-0.70,370,0.0558,0.0541,2.17,0.541,0.035,0.0765,True
0xc194881440727fc7bb1bae9bbb0f866055098115,L2b,Crypto / Bitcoin / price=0.30-0.50,149,0.1349,0.1217,2.77,0.597,0.1671,0.1031,True
0x55554d61201156bad9deabd67513b64685d5823b,L1,Sports,164,0.2175,0.212,2.15,0.75,0.1214,0.3136,True
0x55554d61201156bad9deabd67513b64685d5823b,L2,Sports / Soccer,130,0.2628,0.25,2.12,0.746,0.1593,0.3663,True
0x55554d61201156bad9deabd67513b64685d5823b,L2t,Sports / Soccer / type=moneyline,44,0.2928,0.2535,2.12,0.818,0.5075,0.0782,True
0x55554d61201156bad9deabd67513b64685d5823b,L1b,Sports / price=0.70-0.90,78,0.1138,0.1246,2.43,0.885,0.0691,0.1585,True
0x55554d61201156bad9deabd67513b64685d5823b,L2b,Sports / Soccer / price=0.70-0.90,58,0.1456,0.151,3.04,0.914,0.1422,0.1489,True
0x55554d61201156bad9deabd67513b64685d5823b,L2l,Sports / Soccer / pre,102,0.3552,0.3243,2.3,0.755,0.2579,0.4524,True
0x30ceffb3ac4ea49881e271d5a69883b60e0dfdce,L1,Sports,2339,0.2347,0.2347,8.52,0.511,0.2027,0.2667,True
0x30ceffb3ac4ea49881e271d5a69883b60e0dfdce,L2,Sports / Soccer,1825,0.2536,0.2534,7.46,0.505,0.2057,0.3014,True
0x30ceffb3ac4ea49881e271d5a69883b60e0dfdce,L2,Sports / Hockey,416,0.1522,0.1559,4.3,0.55,0.2055,0.0988,True
0x30ceffb3ac4ea49881e271d5a69883b60e0dfdce,L3,Sports / Soccer / MLS 2025,574,0.2807,0.2791,4.06,0.554,0.379,0.1824,True
0x30ceffb3ac4ea49881e271d5a69883b60e0dfdce,L3,Sports / Soccer / Bundesliga 2025,83,0.763,0.6601,2.47,0.627,0.8135,0.7137,True
0x30ceffb3ac4ea49881e271d5a69883b60e0dfdce,L3,Sports / Soccer / Premier League 2025,401,0.2799,0.2777,3.83,0.474,0.148,0.4112,True
0x30ceffb3ac4ea49881e271d5a69883b60e0dfdce,L3,Sports / Hockey / NHL 2026,393,0.1608,0.1643,4.36,0.55,0.2154,0.1065,True
0x30ceffb3ac4ea49881e271d5a69883b60e0dfdce,L3,Sports / Soccer / Primeira Liga,56,0.4438,0.3883,2.11,0.589,0.4146,0.473,True
0x30ceffb3ac4ea49881e271d5a69883b60e0dfdce,L3,Sports / Soccer / La Liga 2025,166,0.196,0.2,2.39,0.512,0.0393,0.3528,True
0x30ceffb3ac4ea49881e271d5a69883b60e0dfdce,L3,Sports / Soccer / Fifa Friendly,93,0.2171,0.22,2.53,0.473,0.1651,0.2681,True
0x30ceffb3ac4ea49881e271d5a69883b60e0dfdce,L2t,Sports / Soccer / type=moneyline,1688,0.2691,0.2686,7.37,0.508,0.2345,0.3036,True
0x30ceffb3ac4ea49881e271d5a69883b60e0dfdce,L2t,Sports / Hockey / type=moneyline,392,0.1534,0.1573,4.12,0.541,0.2192,0.0876,True
0x30ceffb3ac4ea49881e271d5a69883b60e0dfdce,L2t,Sports / Soccer / type=totals,80,0.1222,0.1444,2.03,0.537,0.0683,0.1761,True
0x30ceffb3ac4ea49881e271d5a69883b60e0dfdce,L1b,Sports / price=0.00-0.10,92,2.3728,1.9907,4.34,0.489,1.9527,2.7928,True
0x30ceffb3ac4ea49881e271d5a69883b60e0dfdce,L1b,Sports / price=0.10-0.30,395,0.4123,0.4037,5.77,0.365,0.2715,0.5524,True
0x30ceffb3ac4ea49881e271d5a69883b60e0dfdce,L1b,Sports / price=0.30-0.50,532,0.1812,0.183,6.31,0.474,0.1973,0.165,True
0x30ceffb3ac4ea49881e271d5a69883b60e0dfdce,L1b,Sports / price=0.50-0.70,587,0.0919,0.0965,5.29,0.549,0.0948,0.0889,True
0x30ceffb3ac4ea49881e271d5a69883b60e0dfdce,L1b,Sports / price=0.70-0.90,610,0.0302,0.0366,3.3,0.551,0.0366,0.0238,True
0x30ceffb3ac4ea49881e271d5a69883b60e0dfdce,L2b,Sports / Soccer / price=0.00-0.10,83,2.5285,2.0828,4.26,0.494,1.9391,3.1039,True
0x30ceffb3ac4ea49881e271d5a69883b60e0dfdce,L2b,Sports / Soccer / price=0.10-0.30,350,0.4188,0.4088,5.49,0.36,0.2681,0.5695,True
0x30ceffb3ac4ea49881e271d5a69883b60e0dfdce,L2b,Sports / Soccer / price=0.30-0.50,353,0.1626,0.1664,4.48,0.448,0.1389,0.1862,True
0x30ceffb3ac4ea49881e271d5a69883b60e0dfdce,L2b,Sports / Hockey / price=0.30-0.50,157,0.2146,0.2167,4.19,0.529,0.2483,0.1813,True
0x30ceffb3ac4ea49881e271d5a69883b60e0dfdce,L2b,Sports / Soccer / price=0.50-0.70,388,0.0917,0.0986,4.66,0.562,0.0959,0.0875,True
0x30ceffb3ac4ea49881e271d5a69883b60e0dfdce,L2b,Sports / Hockey / price=0.50-0.70,177,0.0869,0.1018,2.33,0.531,0.0916,0.0823,True
0x30ceffb3ac4ea49881e271d5a69883b60e0dfdce,L2b,Sports / Soccer / price=0.70-0.90,546,0.0272,0.0345,2.78,0.546,0.0365,0.0179,True
0x30ceffb3ac4ea49881e271d5a69883b60e0dfdce,L2l,Sports / Soccer / live,963,0.4236,0.4197,6.93,0.575,0.3515,0.4955,True
0x30ceffb3ac4ea49881e271d5a69883b60e0dfdce,L2l,Sports / Hockey / live,239,0.1966,0.1994,3.66,0.623,0.2667,0.1271,True
0x30ceffb3ac4ea49881e271d5a69883b60e0dfdce,L2l,Sports / Soccer / pre,856,0.0635,0.0673,2.99,0.428,0.0946,0.0323,True
0x30ceffb3ac4ea49881e271d5a69883b60e0dfdce,L2l,Sports / Hockey / pre,177,0.0922,0.1065,2.28,0.452,0.1349,0.0499,True
0x8726d2642c9cdd9819a30539ff1acf7666090f36,L1b,Esports / price=0.50-0.70,44,0.3135,0.2193,2.83,0.773,0.3805,0.2465,True
0x8726d2642c9cdd9819a30539ff1acf7666090f36,L2b,Esports / Esports / price=0.50-0.70,43,0.3071,0.2134,2.71,0.767,0.3706,0.2465,True
0xdd225a03cd7ed89e3931906c67c75ab31cf89ef1,L1,Politics,729,0.2116,0.2106,2.28,0.634,0.0355,0.3872,True
0xdd225a03cd7ed89e3931906c67c75ab31cf89ef1,L1b,Politics / price=0.70-0.90,147,0.0865,0.0967,2.93,0.837,0.1056,0.0677,True
0x852da8d60702c22b9c04f9e72f14670ab209c3df,L2b,Sports / Tennis / price=0.70-0.90,64,0.1349,0.1013,3.79,0.875,0.1714,0.0985,True
0xd604ab303e351a9c829606aa7184b9bfd375cb5f,L1,Sports,1400,0.275,0.2749,2.18,0.801,0.199,0.3509,True
0xd604ab303e351a9c829606aa7184b9bfd375cb5f,L3,Sports / Other sport / Women's Champions League,34,0.0506,0.1324,2.64,1.0,0.075,0.0263,True
0xd604ab303e351a9c829606aa7184b9bfd375cb5f,L1b,Sports / price=0.30-0.50,104,0.2929,0.2894,2.57,0.538,0.3015,0.2842,True
0xd604ab303e351a9c829606aa7184b9bfd375cb5f,L2b,Sports / Other sport / price=0.50-0.70,40,0.2932,0.2859,2.58,0.775,0.2517,0.3346,True
0xee8b8e90d8ddc5e981460c91b517761a021c6436,L1,Crypto,69,0.1949,0.1485,3.19,0.884,0.2792,0.113,True
0xee8b8e90d8ddc5e981460c91b517761a021c6436,L1b,Crypto / price=0.70-0.90,38,0.2053,0.1305,9.65,0.974,0.2389,0.1717,True
0xd3cfd341458c6aa45792ae0ccaa714bbb5dff20e,L1,Crypto,134,0.0852,0.0799,2.66,0.836,0.0214,0.149,True
0x83e212ceede7be8c7d624fc3e75b0439d546dd5e,L1,Crypto,41,0.172,0.1508,2.19,0.902,0.2171,0.1291,True
0x2ea8e33aabf9d711066f7c1fb6e2aa02db1c1fbf,L1,Sports,874,0.1887,0.1887,3.39,0.581,0.2068,0.1706,True
0x2ea8e33aabf9d711066f7c1fb6e2aa02db1c1fbf,L2,Sports / Soccer,337,0.3059,0.2993,2.44,0.644,0.2287,0.3826,True
0x2ea8e33aabf9d711066f7c1fb6e2aa02db1c1fbf,L2t,Sports / Soccer / type=binary,289,0.3275,0.3185,2.35,0.668,0.276,0.3787,True
0x2ea8e33aabf9d711066f7c1fb6e2aa02db1c1fbf,L1b,Sports / price=0.10-0.30,131,0.4301,0.3981,2.48,0.366,0.3039,0.5545,True
0x2ea8e33aabf9d711066f7c1fb6e2aa02db1c1fbf,L1b,Sports / price=0.30-0.50,223,0.1499,0.1531,2.24,0.471,0.1548,0.1451,True
0x2ea8e33aabf9d711066f7c1fb6e2aa02db1c1fbf,L1b,Sports / price=0.70-0.90,204,0.063,0.0742,2.18,0.794,0.1129,0.0131,True
0x2ea8e33aabf9d711066f7c1fb6e2aa02db1c1fbf,L2b,Sports / Soccer / price=0.70-0.90,100,0.1405,0.1485,3.94,0.89,0.1608,0.1203,True
0x2ea8e33aabf9d711066f7c1fb6e2aa02db1c1fbf,L2l,Sports / Soccer / live,315,0.3252,0.317,2.44,0.648,0.2596,0.3904,True
0xd3dff2e3b903372799b240c2338dd423086082fa,L1,Sports,898,0.1205,0.1205,2.45,0.498,0.1448,0.0962,True
0xd3dff2e3b903372799b240c2338dd423086082fa,L2,Sports / Baseball,711,0.142,0.1414,2.42,0.491,0.1794,0.1047,True
0xd3dff2e3b903372799b240c2338dd423086082fa,L3,Sports / Baseball / MLB,711,0.142,0.1414,2.42,0.491,0.1794,0.1047,True
0xd3dff2e3b903372799b240c2338dd423086082fa,L2t,Sports / Baseball / type=moneyline,711,0.142,0.1414,2.42,0.491,0.1794,0.1047,True
0xd3dff2e3b903372799b240c2338dd423086082fa,L2l,Sports / Baseball / live,706,0.1421,0.1416,2.41,0.492,0.1838,0.1005,True
0x5cca9a5232157e90c0bea7070c1b937029bf6633,L2,Crypto / Bitcoin,38,0.0688,0.0538,2.17,0.947,0.0802,0.0574,True
0x5cca9a5232157e90c0bea7070c1b937029bf6633,L2t,Crypto / Bitcoin / type=binary,38,0.0688,0.0538,2.17,0.947,0.0802,0.0574,True
0x5cca9a5232157e90c0bea7070c1b937029bf6633,L1b,Crypto / price=0.70-0.90,45,0.1055,0.0809,3.28,0.933,0.0768,0.133,True
0x17ed7dbfdcfe228016ac50571182f974d59ac087,L1b,Sports / price=0.70-0.90,31,0.1496,0.1414,2.68,0.903,0.1449,0.1541,True
0xc96e5287ab294ac0388c2ddb00180fc464cff1f9,L1,Sports,244,0.2363,0.2275,2.41,0.766,0.3238,0.1488,True
0xc96e5287ab294ac0388c2ddb00180fc464cff1f9,L1b,Sports / price=0.50-0.70,34,0.3008,0.2339,2.34,0.765,0.2755,0.3262,True
0x64a0bf426d355eb92887d01fdf386594eaf0866e,L1,Politics,66,0.8784,0.7641,2.6,0.561,1.4473,0.3095,True
0x69e7ad68b5f11e97927e4bd938baf7dfb60bd3b0,L1b,Politics / price=0.30-0.50,105,0.2491,0.2363,2.26,0.486,0.2415,0.2565,True
0xfd3a90801de9a330ab4b86259fcc096d73428838,L1,Politics,31,0.2634,0.211,2.1,0.903,0.3406,0.191,True
0x48afe8fbde091ff3e616901dc92ef20862c289cc,L2,Culture / Rogan,30,0.1375,0.4084,5.89,1.0,0.1118,0.1633,True
0x48afe8fbde091ff3e616901dc92ef20862c289cc,L3,Culture / Rogan / Rogan Mentions,30,0.1375,0.4084,5.89,1.0,0.1118,0.1633,True
0x48afe8fbde091ff3e616901dc92ef20862c289cc,L2t,Culture / Rogan / type=binary,30,0.1375,0.4084,5.89,1.0,0.1118,0.1633,True
0xa14750436b2e01aa76cebf831018857340a53fcc,L1,Sports,67,0.2967,0.2392,2.4,0.687,0.2221,0.3691,True
0xa14750436b2e01aa76cebf831018857340a53fcc,L1b,Sports / price=0.50-0.70,30,0.2972,0.1969,2.57,0.8,0.4705,0.1239,True
0x226bf1220731af372b1e7d572959414f31b4cad6,L1,Politics,88,0.4685,0.3899,2.09,0.5,0.6142,0.3227,True
0x226bf1220731af372b1e7d572959414f31b4cad6,L3,Sports / American Football / NFL 2026,39,0.5835,0.4007,2.4,0.59,0.4092,0.749,True
0xc5612ad7088e18c8ac9746df9f31dec91236fa80,L1,Sports,87,0.0908,0.0827,3.4,0.977,0.1103,0.0718,True
0xc5612ad7088e18c8ac9746df9f31dec91236fa80,L2,Sports / Soccer,34,0.0578,0.0539,6.37,1.0,0.0668,0.0488,True
0xc5612ad7088e18c8ac9746df9f31dec91236fa80,L3,Sports / Soccer / FIFA World Cup,33,0.0489,0.0483,26.58,1.0,0.049,0.0488,True
0xc5612ad7088e18c8ac9746df9f31dec91236fa80,L2t,Sports / Soccer / type=soccer_player_goals,33,0.0489,0.0483,26.58,1.0,0.049,0.0488,True
0xc5612ad7088e18c8ac9746df9f31dec91236fa80,L2l,Sports / Soccer / pre,33,0.0489,0.0483,26.58,1.0,0.049,0.0488,True
0x5b5e047ddd5e553cbaee58730e39f9801de130d3,L1,Other,45,0.1249,0.1958,2.18,0.822,0.1449,0.1058,True
0x5b5e047ddd5e553cbaee58730e39f9801de130d3,L3,Other / Iran / ?,30,0.1416,0.227,2.04,0.833,0.2376,0.0456,True
0xe168b5394c715b1714b5093d22c681556d3ee559,L2l,Sports / Soccer / pre,38,0.3599,0.2759,2.13,0.737,0.4395,0.2802,True
0x8a924f330c0d15d6295c4cbb89b93eef5d5c6941,L1,Sports,667,0.5477,0.547,2.46,0.594,0.1602,0.934,True
0x8a924f330c0d15d6295c4cbb89b93eef5d5c6941,L2,Sports / Soccer,572,0.4594,0.4616,2.37,0.579,0.1819,0.7369,True
0x8a924f330c0d15d6295c4cbb89b93eef5d5c6941,L2t,Sports / Soccer / type=moneyline,430,0.2344,0.2473,2.53,0.551,0.1679,0.301,True
0x8a924f330c0d15d6295c4cbb89b93eef5d5c6941,L1b,Sports / price=0.10-0.30,135,0.707,0.6834,3.11,0.341,0.903,0.5139,True
0x8a924f330c0d15d6295c4cbb89b93eef5d5c6941,L1b,Sports / price=0.30-0.50,115,0.3238,0.3535,2.92,0.522,0.2838,0.3631,True
0x8a924f330c0d15d6295c4cbb89b93eef5d5c6941,L2b,Sports / Soccer / price=0.10-0.30,125,0.7775,0.7426,3.22,0.352,1.0407,0.5186,True
0x8a924f330c0d15d6295c4cbb89b93eef5d5c6941,L2b,Sports / Soccer / price=0.30-0.50,101,0.2749,0.3161,2.33,0.505,0.294,0.2561,True
0x8a924f330c0d15d6295c4cbb89b93eef5d5c6941,L2l,Sports / Soccer / live,558,0.4677,0.4697,2.36,0.575,0.1832,0.7522,True
0x91667e40b80c447050904b042f3b85d22fc6b479,L3,Esports / Esports / Valorant,55,0.325,0.2589,2.38,0.655,0.1883,0.4569,True
0x91667e40b80c447050904b042f3b85d22fc6b479,L1b,Esports / price=0.30-0.50,101,0.2843,0.25,2.34,0.525,0.2356,0.3319,True
0x91667e40b80c447050904b042f3b85d22fc6b479,L2b,Esports / Esports / price=0.30-0.50,101,0.2843,0.25,2.34,0.525,0.2356,0.3319,True
0xc9228fb6f7ea5da331a879e372b48db824452618,L1b,Sports / price=0.30-0.50,159,0.2011,0.1782,2.14,0.503,0.2506,0.1522,True
0xdaa6a2cd4ba545befb3dbdc25d2b444c46873e62,L1b,Politics / price=0.30-0.50,135,0.1637,0.1569,2.22,0.467,0.3122,0.0174,True
0x05e2623d89025e21eed0b65a028090de43a15aa2,L2l,Sports / Soccer / live,35,0.6091,0.4173,2.03,0.771,1.0735,0.1705,True
0xc281ad222df6d91ba397fb3b086130998fd6e079,L2,Crypto / Solana,33,0.081,0.0507,2.78,0.939,0.1492,0.0167,True
0xc281ad222df6d91ba397fb3b086130998fd6e079,L3,Crypto / Bitcoin / Bitcoin Neg Risk Weekly,58,0.0749,0.0559,2.32,0.948,0.0477,0.1022,True
0xc281ad222df6d91ba397fb3b086130998fd6e079,L2t,Crypto / Bitcoin / type=negrisk,63,0.0774,0.0589,2.58,0.952,0.0589,0.0953,True
0xc281ad222df6d91ba397fb3b086130998fd6e079,L2t,Crypto / Solana / type=binary,30,0.0873,0.0527,2.75,0.933,0.1554,0.0193,True
0x44d370d2a44ef1eaa1fd9dee73ef0d9327dd6fd9,L2t,Sports / Basketball / type=spreads,61,0.2998,0.2369,2.26,0.639,0.2707,0.3278,True
0xf5c2e85aa9754a54238d2eb39301e843e0e14992,L2,Sports / Basketball,1268,0.1034,0.1024,2.43,0.45,0.1434,0.0635,True
0xf5c2e85aa9754a54238d2eb39301e843e0e14992,L2t,Sports / Basketball / type=moneyline,1124,0.0959,0.0949,2.28,0.448,0.118,0.0739,True
0xf5c2e85aa9754a54238d2eb39301e843e0e14992,L1b,Sports / price=0.30-0.50,1370,0.0674,0.0669,2.05,0.439,0.0787,0.0561,True
0xf5c2e85aa9754a54238d2eb39301e843e0e14992,L2l,Sports / Basketball / pre,1132,0.0852,0.0844,2.15,0.457,0.1197,0.0508,True
0x14393c5e8ff270e1569b3c44ce986009715fc73c,L2,Other / NFL Free Agency,31,0.0148,0.0058,10.26,1.0,0.0155,0.014,True
0x14393c5e8ff270e1569b3c44ce986009715fc73c,L3,Other / NFL Free Agency / ?,31,0.0148,0.0058,10.26,1.0,0.0155,0.014,True
0x14393c5e8ff270e1569b3c44ce986009715fc73c,L2t,Other / NFL Free Agency / type=negrisk,31,0.0148,0.0058,10.26,1.0,0.0155,0.014,True
0x4a12484b079ce0c37f38b6fe851e19bea0bde633,L2t,Esports / Esports / type=binary,67,0.3779,0.2961,2.22,0.597,0.4357,0.3218,True
0x80da4646b3eff29cdd01ad0c265c79d54f7d9bc6,L2,Sports / Basketball,44,0.3292,0.2183,2.16,0.659,0.2282,0.4302,True
0x80da4646b3eff29cdd01ad0c265c79d54f7d9bc6,L3,Sports / Basketball / NBA 2026,44,0.3292,0.2183,2.16,0.659,0.2282,0.4302,True
0x80da4646b3eff29cdd01ad0c265c79d54f7d9bc6,L2l,Sports / Basketball / pre,43,0.3243,0.2132,2.08,0.651,0.1914,0.4512,True
0x18617ddf82e34b96963a9afc8fdae202dd88408d,L1b,Sports / price=0.50-0.70,30,0.317,0.2725,2.54,0.8,0.2136,0.4204,True
0x73e5cd209c144497b2fe399ab6698bffb62ce3d8,L1b,Sports / price=0.30-0.50,297,0.2222,0.2092,2.79,0.448,0.3652,0.0802,True
0x73e5cd209c144497b2fe399ab6698bffb62ce3d8,L2b,Sports / Tennis / price=0.30-0.50,291,0.2234,0.2101,2.77,0.447,0.3607,0.0872,True
0xcf8b2e122bfdcc012ec1570bf35c43dbc6f4bff8,L1,Sports,181,0.2168,0.2106,2.74,0.602,0.1876,0.2457,True
0xcf8b2e122bfdcc012ec1570bf35c43dbc6f4bff8,L2,Sports / American Football,67,0.2796,0.251,2.53,0.672,0.1475,0.4078,True
0xcf8b2e122bfdcc012ec1570bf35c43dbc6f4bff8,L3,Sports / American Football / NFL 2025,63,0.2381,0.2181,2.06,0.651,0.0985,0.3733,True
0xcf8b2e122bfdcc012ec1570bf35c43dbc6f4bff8,L2t,Sports / American Football / type=spreads,41,0.3061,0.2565,2.17,0.683,0.3318,0.2816,True
0xcf8b2e122bfdcc012ec1570bf35c43dbc6f4bff8,L1b,Sports / price=0.50-0.70,122,0.2472,0.2342,3.05,0.664,0.2874,0.207,True
0xcf8b2e122bfdcc012ec1570bf35c43dbc6f4bff8,L2b,Sports / American Football / price=0.50-0.70,58,0.3344,0.2884,2.93,0.707,0.1621,0.5068,True
0xcf8b2e122bfdcc012ec1570bf35c43dbc6f4bff8,L2l,Sports / American Football / pre,65,0.2862,0.2554,2.57,0.677,0.1834,0.386,True
0x8798302dc2e2a9fe5b1bcb527e13c667999c62b8,L2,Crypto / Crypto Prices,37,0.0299,0.0106,3.82,1.0,0.0136,0.0452,True
0x8798302dc2e2a9fe5b1bcb527e13c667999c62b8,L2t,Crypto / Crypto Prices / type=binary,37,0.0299,0.0106,3.82,1.0,0.0136,0.0452,True
0xd6b6c13bf0617298be70df7d9d951462a50baf8b,L1,Crypto,468,0.0982,0.0962,3.4,0.667,0.0739,0.1224,True
0xd6b6c13bf0617298be70df7d9d951462a50baf8b,L2,Crypto / Bitcoin,161,0.1156,0.1085,2.3,0.671,0.079,0.1518,True
0xd6b6c13bf0617298be70df7d9d951462a50baf8b,L2,Crypto / Solana,46,0.2203,0.1691,2.0,0.674,0.2068,0.2337,True
0xd6b6c13bf0617298be70df7d9d951462a50baf8b,L2,Crypto / Ethereum,93,0.1174,0.1058,2.41,0.742,0.1219,0.1131,True
0xd6b6c13bf0617298be70df7d9d951462a50baf8b,L3,Crypto / Bitcoin / Bitcoin Hit Price Monthly,153,0.1186,0.1108,2.24,0.66,0.0998,0.1372,True
0xd6b6c13bf0617298be70df7d9d951462a50baf8b,L3,Crypto / Solana / Solana Hit Price Monthly,46,0.2203,0.1691,2.0,0.674,0.2068,0.2337,True
0xd6b6c13bf0617298be70df7d9d951462a50baf8b,L3,Crypto / Ethereum / Ethereum Hit Price Monthly,91,0.1009,0.092,2.17,0.736,0.0879,0.1137,True
0xd6b6c13bf0617298be70df7d9d951462a50baf8b,L2t,Crypto / Bitcoin / type=binary,161,0.1156,0.1085,2.3,0.671,0.079,0.1518,True
0xd6b6c13bf0617298be70df7d9d951462a50baf8b,L2t,Crypto / Solana / type=binary,46,0.2203,0.1691,2.0,0.674,0.2068,0.2337,True
0xd6b6c13bf0617298be70df7d9d951462a50baf8b,L2t,Crypto / Ethereum / type=binary,93,0.1174,0.1058,2.41,0.742,0.1219,0.1131,True
0xd6b6c13bf0617298be70df7d9d951462a50baf8b,L1b,Crypto / price=0.30-0.50,37,0.3852,0.2681,2.35,0.595,0.3598,0.4092,True
0xd6b6c13bf0617298be70df7d9d951462a50baf8b,L1b,Crypto / price=0.50-0.70,85,0.1132,0.1014,2.06,0.565,0.0689,0.1564,True
0xf4ee04dbcb66425b8090346a2ea4ceff5277e1ac,L1b,Sports / price=0.70-0.90,98,0.0835,0.0806,2.01,0.857,0.1353,0.0317,True
0xf4ee04dbcb66425b8090346a2ea4ceff5277e1ac,L2b,Sports / Other sport / price=0.70-0.90,50,0.097,0.0884,2.12,0.88,0.0275,0.1666,True
0xbefc1642f8a518e2c1667b9099ef59682b5a58fe,L1,Politics,31,0.4233,0.2475,2.02,0.645,0.8705,0.0041,True
0x19f770dc215e0f5a5dffce1015305d896a96ff75,L1,Weather,592,0.0051,0.0047,2.93,0.997,0.0087,0.0014,True
0x19f770dc215e0f5a5dffce1015305d896a96ff75,L2,Weather / Recurring,590,0.005,0.0046,2.9,0.997,0.0087,0.0014,True
0x19f770dc215e0f5a5dffce1015305d896a96ff75,L3,Weather / Recurring / Toronto Daily Weather,53,0.0092,0.0048,8.52,1.0,0.0121,0.0064,True
0x19f770dc215e0f5a5dffce1015305d896a96ff75,L3,Weather / Recurring / NYC Daily Weather,53,0.008,0.0039,5.06,1.0,0.0107,0.0054,True
0x19f770dc215e0f5a5dffce1015305d896a96ff75,L3,Weather / Recurring / Miami Daily Weather,48,0.008,0.0036,7.65,1.0,0.0104,0.0057,True
0x19f770dc215e0f5a5dffce1015305d896a96ff75,L3,Weather / Recurring / Buenos Aires Daily Weather,52,0.0067,0.0029,9.99,1.0,0.0062,0.0072,True
0x19f770dc215e0f5a5dffce1015305d896a96ff75,L3,Weather / Recurring / Seattle Daily Weather,53,0.0065,0.0028,7.36,1.0,0.0087,0.0043,True
0x19f770dc215e0f5a5dffce1015305d896a96ff75,L3,Sports / Other sport / Toronto Daily Weather,35,0.0093,0.0034,7.37,1.0,0.01,0.0085,True
0x19f770dc215e0f5a5dffce1015305d896a96ff75,L3,Weather / Recurring / Dallas Daily Weather,53,0.0062,0.0026,6.03,1.0,0.0084,0.0041,True
0x19f770dc215e0f5a5dffce1015305d896a96ff75,L3,Weather / Recurring / Seoul Daily Weather,53,0.0062,0.0026,8.78,1.0,0.0086,0.0039,True
0x19f770dc215e0f5a5dffce1015305d896a96ff75,L3,Weather / Recurring / Atlanta Daily Weather,52,0.0062,0.0025,6.49,1.0,0.0076,0.0047,True
0x19f770dc215e0f5a5dffce1015305d896a96ff75,L3,Sports / Other sport / Sao Paulo Daily Weather,36,0.0079,0.0026,7.07,1.0,0.0096,0.0063,True
0x19f770dc215e0f5a5dffce1015305d896a96ff75,L3,Sports / Other sport / Buenos Aires Daily Weather,36,0.0069,0.0019,5.43,1.0,0.0093,0.0044,True
0x19f770dc215e0f5a5dffce1015305d896a96ff75,L3,Weather / Recurring / Ankara Daily Weather,40,0.006,0.0017,8.7,1.0,0.0079,0.0042,True
0x19f770dc215e0f5a5dffce1015305d896a96ff75,L3,Sports / Other sport / Ankara Daily Weather,35,0.0064,0.0015,6.34,1.0,0.0076,0.0052,True
0x19f770dc215e0f5a5dffce1015305d896a96ff75,L3,Weather / Recurring / London Daily Weather,52,0.0044,0.0012,10.76,1.0,0.005,0.0038,True
0x19f770dc215e0f5a5dffce1015305d896a96ff75,L3,Sports / Other sport / Paris Daily Weather,37,0.0055,0.0011,9.62,1.0,0.0067,0.0043,True
0x19f770dc215e0f5a5dffce1015305d896a96ff75,L3,Sports / Other sport / Atlanta Daily Weather,35,0.0053,0.0009,6.93,1.0,0.0062,0.0045,True
0x19f770dc215e0f5a5dffce1015305d896a96ff75,L3,Sports / Other sport / Seattle Daily Weather,33,0.0048,0.0004,9.69,1.0,0.005,0.0047,True
0x19f770dc215e0f5a5dffce1015305d896a96ff75,L2t,Weather / Recurring / type=negrisk,590,0.005,0.0046,2.9,0.997,0.0087,0.0014,True
0x1e1b69743a21422f14bcdb96f5ebffa1e5ecc38f,L3,Sports / Basketball / NBA 2026,129,0.2659,0.229,2.22,0.597,0.4235,0.1107,True
0x1e1b69743a21422f14bcdb96f5ebffa1e5ecc38f,L1b,Sports / price=0.50-0.70,152,0.19,0.1669,2.96,0.697,0.2389,0.1411,True
0x1e1b69743a21422f14bcdb96f5ebffa1e5ecc38f,L2b,Sports / Soccer / price=0.30-0.50,40,0.4688,0.3096,2.14,0.55,0.5193,0.4183,True
0x1e1b69743a21422f14bcdb96f5ebffa1e5ecc38f,L2b,Sports / Basketball / price=0.50-0.70,46,0.3804,0.2624,3.84,0.804,0.5798,0.1809,True
0x1e1b69743a21422f14bcdb96f5ebffa1e5ecc38f,L2b,Sports / Basketball / price=0.30-0.50,34,0.4701,0.2927,2.3,0.618,0.6248,0.3154,True
0x8d1d3cfb68226ed667bb58ac7be32c24f667587b,L2t,Sports / Basketball / type=spreads,102,0.2412,0.2046,2.54,0.627,0.3724,0.1101,True
0xac75b6e590720a394364f2a1580b68a2fbe51319,L1b,Esports / price=0.30-0.50,115,0.2628,0.241,2.18,0.504,0.0838,0.4387,True
0xac75b6e590720a394364f2a1580b68a2fbe51319,L2b,Esports / Esports / price=0.30-0.50,114,0.2464,0.2269,2.04,0.5,0.0469,0.446,True
0x3f975d4186c87b3b4a39997cc37e71cc70ca4059,L1b,Sports / price=0.50-0.70,53,0.2944,0.2234,3.22,0.717,0.3707,0.2209,True
0x0d349c9b62eb1de7e6a45cd1ae5c12b470683e28,L1,Other,51,0.6635,0.6218,3.6,0.686,0.7701,0.561,True
0x0d349c9b62eb1de7e6a45cd1ae5c12b470683e28,L1,Sports,57,0.511,0.5121,2.09,0.684,0.5854,0.4391,True
0x0d349c9b62eb1de7e6a45cd1ae5c12b470683e28,L2,Other / ?,51,0.6635,0.6218,3.6,0.686,0.7701,0.561,True
0x0d349c9b62eb1de7e6a45cd1ae5c12b470683e28,L3,Other / ? / ?,51,0.6635,0.6218,3.6,0.686,0.7701,0.561,True
0x0d349c9b62eb1de7e6a45cd1ae5c12b470683e28,L2t,Other / ? / type=binary,51,0.6635,0.6218,3.6,0.686,0.7701,0.561,True
0x0d349c9b62eb1de7e6a45cd1ae5c12b470683e28,L1b,Sports / price=0.50-0.70,32,0.2251,0.3368,2.58,0.719,0.166,0.2842,True
0x4b59e178095b9bb5ba97598244f2ca8b02fc3aa6,L1,Sports,250,0.259,0.2507,3.24,0.592,0.3592,0.1589,True
0x4b59e178095b9bb5ba97598244f2ca8b02fc3aa6,L2,Sports / Soccer,228,0.2699,0.26,3.38,0.605,0.3439,0.1959,True
0x4b59e178095b9bb5ba97598244f2ca8b02fc3aa6,L3,Sports / Soccer / Counter Strike,223,0.2472,0.2389,3.11,0.601,0.2923,0.2024,True
0x4b59e178095b9bb5ba97598244f2ca8b02fc3aa6,L3,Esports / Esports / League of Legends,33,0.3584,0.2786,2.15,0.727,0.2731,0.4387,True
0x4b59e178095b9bb5ba97598244f2ca8b02fc3aa6,L2t,Sports / Soccer / type=moneyline,228,0.2699,0.26,3.38,0.605,0.3439,0.1959,True
0x4b59e178095b9bb5ba97598244f2ca8b02fc3aa6,L1b,Sports / price=0.30-0.50,123,0.3204,0.2961,2.76,0.528,0.5617,0.083,True
0x4b59e178095b9bb5ba97598244f2ca8b02fc3aa6,L1b,Esports / price=0.50-0.70,175,0.1628,0.1612,2.62,0.674,0.0559,0.2686,True
0x4b59e178095b9bb5ba97598244f2ca8b02fc3aa6,L2b,Sports / Soccer / price=0.30-0.50,111,0.3878,0.351,3.21,0.559,0.5346,0.2436,True
0x4b59e178095b9bb5ba97598244f2ca8b02fc3aa6,L2b,Esports / Esports / price=0.50-0.70,175,0.1628,0.1612,2.62,0.674,0.0559,0.2686,True
0x4b59e178095b9bb5ba97598244f2ca8b02fc3aa6,L2l,Sports / Soccer / pre,221,0.2632,0.2536,3.24,0.602,0.3315,0.1956,True
0x751be7122f148fba5aa2021ace98edc2001873fd,L1,Esports,362,0.0616,0.0617,1.03,0.608,0.0411,0.0821,False
0x751be7122f148fba5aa2021ace98edc2001873fd,L1,Sports,78,0.0765,0.074,0.56,0.551,-0.1581,0.3111,False
0x751be7122f148fba5aa2021ace98edc2001873fd,L2,Esports / Esports,356,0.0574,0.0578,0.95,0.604,0.0802,0.0346,False
0x751be7122f148fba5aa2021ace98edc2001873fd,L2,Sports / Soccer,21,0.3657,0.2186,1.18,0.667,-0.0008,0.699,False
0x751be7122f148fba5aa2021ace98edc2001873fd,L2,Sports / Basketball,53,-0.0354,-0.0081,-0.23,0.491,-0.1436,0.0689,False
0x751be7122f148fba5aa2021ace98edc2001873fd,L3,Esports / Esports / League of Legends,158,0.2248,0.2068,2.08,0.658,0.2549,0.1947,True
0x751be7122f148fba5aa2021ace98edc2001873fd,L3,Sports / Basketball / NBA 2026,53,-0.0354,-0.0081,-0.23,0.491,-0.1436,0.0689,False
0x751be7122f148fba5aa2021ace98edc2001873fd,L3,Esports / Esports / Counter Strike,194,-0.0693,-0.0569,-1.05,0.562,-0.0207,-0.1179,False
0x751be7122f148fba5aa2021ace98edc2001873fd,L2t,Esports / Esports / type=map_handicap,35,0.2169,0.1614,1.18,0.629,0.0188,0.4039,False
0x751be7122f148fba5aa2021ace98edc2001873fd,L2t,Esports / Esports / type=child_moneyline,198,0.0104,0.0154,0.11,0.53,-0.057,0.0779,False
0x751be7122f148fba5aa2021ace98edc2001873fd,L2t,Sports / Basketball / type=moneyline,36,0.0101,0.0294,0.05,0.472,-0.2059,0.2261,False
0x751be7122f148fba5aa2021ace98edc2001873fd,L2t,Esports / Esports / type=moneyline,104,-0.0044,0.0067,-0.06,0.683,0.0132,-0.022,False
0x751be7122f148fba5aa2021ace98edc2001873fd,L1b,Esports / price=0.10-0.30,34,0.5929,0.3971,1.3,0.324,0.4373,0.7484,False
0x751be7122f148fba5aa2021ace98edc2001873fd,L1b,Esports / price=0.50-0.70,120,0.0928,0.0887,1.28,0.658,0.0557,0.13,False
0x751be7122f148fba5aa2021ace98edc2001873fd,L1b,Esports / price=0.70-0.90,85,0.0872,0.0828,1.7,0.847,0.1021,0.0726,False
0x751be7122f148fba5aa2021ace98edc2001873fd,L1b,Sports / price=0.50-0.70,36,0.051,0.0557,0.36,0.583,-0.1005,0.2024,False
0x751be7122f148fba5aa2021ace98edc2001873fd,L1b,Esports / price=0.90-1.00,24,0.0175,0.0387,0.39,0.958,-0.029,0.0639,False
0x751be7122f148fba5aa2021ace98edc2001873fd,L1b,Esports / price=0.30-0.50,93,-0.1165,-0.0845,-0.98,0.376,0.0883,-0.3169,False
0x751be7122f148fba5aa2021ace98edc2001873fd,L2b,Esports / Esports / price=0.10-0.30,34,0.5929,0.3971,1.3,0.324,0.4373,0.7484,False
0x751be7122f148fba5aa2021ace98edc2001873fd,L2b,Esports / Esports / price=0.50-0.70,117,0.0928,0.0886,1.26,0.658,0.0659,0.1192,False
0x751be7122f148fba5aa2021ace98edc2001873fd,L2b,Esports / Esports / price=0.70-0.90,84,0.0846,0.0807,1.63,0.845,0.1016,0.0676,False
0x751be7122f148fba5aa2021ace98edc2001873fd,L2b,Esports / Esports / price=0.90-1.00,23,0.0167,0.0388,0.36,0.957,-0.0349,0.0639,False
0x751be7122f148fba5aa2021ace98edc2001873fd,L2b,Sports / Basketball / price=0.50-0.70,26,-0.0312,0.0103,-0.19,0.538,-0.1781,0.1158,False
0x751be7122f148fba5aa2021ace98edc2001873fd,L2b,Esports / Esports / price=0.30-0.50,92,-0.131,-0.0962,-1.1,0.37,0.0883,-0.3504,False
0x751be7122f148fba5aa2021ace98edc2001873fd,L2l,Esports / Esports / pre,47,0.2314,0.1815,1.43,0.681,0.0313,0.4232,False
0x751be7122f148fba5aa2021ace98edc2001873fd,L2l,Esports / Esports / live,309,0.031,0.033,0.47,0.592,0.1059,-0.0434,False
0x751be7122f148fba5aa2021ace98edc2001873fd,L2l,Sports / Basketball / live,30,0.0542,0.0582,0.22,0.5,-0.317,0.4255,False
0x751be7122f148fba5aa2021ace98edc2001873fd,L2l,Sports / Basketball / pre,23,-0.1522,-0.0515,-1.0,0.478,-0.2046,-0.1041,False
0xf658449199d0bcf544de0ff928a3b66685f3dcfe,L1,Sports,98,0.3572,0.3263,2.75,0.714,0.4547,0.2598,True
0xf658449199d0bcf544de0ff928a3b66685f3dcfe,L1b,Politics / price=0.70-0.90,45,0.1807,0.1788,4.38,0.933,0.2457,0.1185,True
0xf1a3bc904ff3d78bc1afed8776b8798539e20c69,L1b,Esports / price=0.10-0.30,207,0.3195,0.2882,2.5,0.415,0.2072,0.4307,True
0xf1a3bc904ff3d78bc1afed8776b8798539e20c69,L2b,Esports / Esports / price=0.10-0.30,202,0.3014,0.271,2.32,0.401,0.1882,0.4146,True
0xdeae1a3235f7d07199f66762f97dfb3c0a31058d,L1b,Crypto / price=0.70-0.90,43,0.0863,0.0725,4.35,0.721,0.1114,0.0623,True
0x3cc501d94675f449c753be69232c162a987b5fcb,L1,Sports,101,0.1807,0.1615,1.23,0.465,0.4282,-0.062,False
0x3cc501d94675f449c753be69232c162a987b5fcb,L2,Sports / American Football,94,0.2321,0.2027,1.5,0.479,0.4878,-0.0236,False
0x3cc501d94675f449c753be69232c162a987b5fcb,L3,Sports / American Football / NFL 2025,64,0.3409,0.2752,1.75,0.516,0.6294,0.0525,False
0x3cc501d94675f449c753be69232c162a987b5fcb,L3,Sports / American Football / NFL 2026,25,0.076,0.071,0.27,0.44,0.0574,0.0932,False
0x3cc501d94675f449c753be69232c162a987b5fcb,L2t,Sports / American Football / type=moneyline,93,0.222,0.1941,1.42,0.473,0.4729,-0.0236,False
0x3cc501d94675f449c753be69232c162a987b5fcb,L1b,Sports / price=0.10-0.30,28,0.5886,0.3703,1.42,0.357,1.2038,-0.0265,False
0x3cc501d94675f449c753be69232c162a987b5fcb,L1b,Sports / price=0.30-0.50,31,0.3633,0.2462,1.6,0.548,0.5938,0.1472,False
0x3cc501d94675f449c753be69232c162a987b5fcb,L1b,Sports / price=0.50-0.70,31,-0.1246,-0.0504,-0.84,0.516,-0.2203,-0.0349,False
0x3cc501d94675f449c753be69232c162a987b5fcb,L2b,Sports / American Football / price=0.10-0.30,26,0.7108,0.4299,1.63,0.385,1.3733,0.0483,False
0x3cc501d94675f449c753be69232c162a987b5fcb,L2b,Sports / American Football / price=0.30-0.50,30,0.4087,0.2711,1.77,0.567,0.5938,0.2236,False
0x3cc501d94675f449c753be69232c162a987b5fcb,L2b,Sports / American Football / price=0.50-0.70,28,-0.1534,-0.0625,-0.98,0.5,-0.2725,-0.0342,False
0x3cc501d94675f449c753be69232c162a987b5fcb,L2l,Sports / American Football / pre,49,0.4466,0.3359,2.03,0.551,0.8586,0.051,True
0x3cc501d94675f449c753be69232c162a987b5fcb,L2l,Sports / American Football / live,45,-0.0014,0.0189,-0.01,0.4,0.264,-0.2552,False
0x5cec2dbd26762bcdecd73c84deb5fd7fe7ce7c61,L2b,Sports / Baseball / price=0.50-0.70,231,0.1183,0.1053,2.08,0.628,0.1596,0.0774,True
0x18c667bdf7a0cf26f269e72fddf38103454fa4db,L2,Sports / Baseball,212,0.1372,0.1283,2.01,0.58,0.1718,0.1026,True
0x18c667bdf7a0cf26f269e72fddf38103454fa4db,L3,Sports / Baseball / MLB,212,0.1372,0.1283,2.01,0.58,0.1718,0.1026,True
0x18c667bdf7a0cf26f269e72fddf38103454fa4db,L1b,Sports / price=0.30-0.50,192,0.1844,0.1702,2.22,0.516,0.0341,0.3348,True
0x18c667bdf7a0cf26f269e72fddf38103454fa4db,L2b,Sports / Baseball / price=0.30-0.50,85,0.2644,0.2205,2.15,0.565,0.2193,0.3085,True
0x18c667bdf7a0cf26f269e72fddf38103454fa4db,L2b,Sports / Soccer / price=0.30-0.50,32,0.4464,0.2878,2.13,0.594,0.5667,0.3261,True
0x18c667bdf7a0cf26f269e72fddf38103454fa4db,L2l,Sports / Baseball / pre,212,0.1372,0.1283,2.01,0.58,0.1718,0.1026,True
0x77eecb4e0ee5be8bd43fdbece0d88a8707a9cbe9,L1,Crypto,64,0.7924,0.6914,2.59,0.562,0.1875,1.3973,True
0x2a2c53bd278c04da9962fcf96490e17f3dfb9bc1,L2t,Sports / Basketball / type=totals,118,0.3339,0.2918,3.4,0.653,0.1994,0.4684,True
0x2a2c53bd278c04da9962fcf96490e17f3dfb9bc1,L1b,Sports / price=0.30-0.50,497,0.1319,0.1285,2.47,0.485,0.1891,0.075,True
0x2a2c53bd278c04da9962fcf96490e17f3dfb9bc1,L2b,Sports / Basketball / price=0.30-0.50,230,0.2585,0.2413,3.28,0.539,0.2452,0.2718,True
0x2a2c53bd278c04da9962fcf96490e17f3dfb9bc1,L2l,Sports / Basketball / pre,333,0.157,0.1505,2.96,0.616,0.1322,0.1816,True
0x807fcf8fbad55fb5121941ad7f37497e7db59615,L1,Sports,297,0.0044,0.0022,0.07,0.502,-0.0879,0.0961,False
0x807fcf8fbad55fb5121941ad7f37497e7db59615,L1,Esports,52,-0.2263,-0.172,-1.64,0.404,-0.226,-0.2266,False
0x807fcf8fbad55fb5121941ad7f37497e7db59615,L2,Sports / Baseball,95,0.1157,0.0902,1.06,0.558,0.0456,0.1844,False
0x807fcf8fbad55fb5121941ad7f37497e7db59615,L2,Sports / Soccer,50,-0.029,-0.0295,-0.21,0.52,0.0878,-0.1459,False
0x807fcf8fbad55fb5121941ad7f37497e7db59615,L2,Sports / Tennis,75,-0.0285,-0.0289,-0.24,0.493,-0.0893,0.0307,False
0x807fcf8fbad55fb5121941ad7f37497e7db59615,L2,Sports / Basketball,40,-0.2578,-0.1821,-1.47,0.325,-0.1209,-0.3947,False
0x807fcf8fbad55fb5121941ad7f37497e7db59615,L2,Esports / Esports,52,-0.2263,-0.172,-1.64,0.404,-0.226,-0.2266,False
0x807fcf8fbad55fb5121941ad7f37497e7db59615,L3,Sports / Baseball / MLB,92,0.1043,0.0802,0.93,0.543,0.0163,0.1924,False
0x807fcf8fbad55fb5121941ad7f37497e7db59615,L3,Sports / Tennis / ATP,54,-0.028,-0.0288,-0.2,0.5,-0.0923,0.0362,False
0x807fcf8fbad55fb5121941ad7f37497e7db59615,L3,Esports / Esports / League of Legends,31,-0.1464,-0.101,-0.75,0.419,0.1071,-0.3841,False
0x807fcf8fbad55fb5121941ad7f37497e7db59615,L3,Sports / Basketball / NBA 2026,29,-0.4604,-0.285,-2.79,0.241,-0.3761,-0.5391,False
0x807fcf8fbad55fb5121941ad7f37497e7db59615,L2t,Sports / Baseball / type=moneyline,41,0.3693,0.2382,2.08,0.659,0.5176,0.2281,True
0x807fcf8fbad55fb5121941ad7f37497e7db59615,L2t,Sports / Tennis / type=moneyline,52,-0.0065,-0.0132,-0.05,0.519,0.0906,-0.1036,False
0x807fcf8fbad55fb5121941ad7f37497e7db59615,L2t,Sports / Basketball / type=moneyline,21,-0.0867,-0.0594,-0.32,0.381,0.1197,-0.2744,False
0x807fcf8fbad55fb5121941ad7f37497e7db59615,L2t,Sports / Baseball / type=totals,33,-0.0634,-0.051,-0.37,0.485,-0.2897,0.1497,False
0x807fcf8fbad55fb5121941ad7f37497e7db59615,L1b,Sports / price=0.50-0.70,113,0.0201,0.0124,0.24,0.566,0.0372,0.0033,False
0x807fcf8fbad55fb5121941ad7f37497e7db59615,L1b,Esports / price=0.50-0.70,29,-0.0582,-0.047,-0.36,0.552,-0.0051,-0.1077,False
0x807fcf8fbad55fb5121941ad7f37497e7db59615,L1b,Sports / price=0.30-0.50,162,-0.0549,-0.0522,-0.63,0.426,-0.2304,0.1206,False
0x807fcf8fbad55fb5121941ad7f37497e7db59615,L2b,Sports / Tennis / price=0.50-0.70,22,0.3703,0.1794,2.22,0.773,0.5403,0.2004,False
0x807fcf8fbad55fb5121941ad7f37497e7db59615,L2b,Sports / Baseball / price=0.50-0.70,45,0.1407,0.088,1.08,0.622,0.2593,0.0273,False
0x807fcf8fbad55fb5121941ad7f37497e7db59615,L2b,Sports / Baseball / price=0.30-0.50,46,0.0358,0.0156,0.22,0.478,-0.2645,0.3361,False
0x807fcf8fbad55fb5121941ad7f37497e7db59615,L2b,Sports / Soccer / price=0.30-0.50,24,0.0329,0.004,0.14,0.458,0.2035,-0.1376,False
0x807fcf8fbad55fb5121941ad7f37497e7db59615,L2b,Esports / Esports / price=0.50-0.70,29,-0.0582,-0.047,-0.36,0.552,-0.0051,-0.1077,False
0x807fcf8fbad55fb5121941ad7f37497e7db59615,L2b,Sports / Soccer / price=0.50-0.70,21,-0.1001,-0.0662,-0.52,0.524,-0.3175,0.0976,False
0x807fcf8fbad55fb5121941ad7f37497e7db59615,L2b,Sports / Basketball / price=0.30-0.50,25,-0.2555,-0.1556,-1.22,0.32,-0.3725,-0.1475,False
0x807fcf8fbad55fb5121941ad7f37497e7db59615,L2b,Sports / Tennis / price=0.30-0.50,53,-0.194,-0.1493,-1.31,0.377,-0.4501,0.0525,False
0x807fcf8fbad55fb5121941ad7f37497e7db59615,L2l,Sports / Baseball / live,69,0.1471,0.1071,1.1,0.565,0.0487,0.2426,False
0x807fcf8fbad55fb5121941ad7f37497e7db59615,L2l,Sports / Tennis / live,45,0.1123,0.0683,0.74,0.578,0.2388,-0.0087,False
0x807fcf8fbad55fb5121941ad7f37497e7db59615,L2l,Sports / Soccer / pre,25,0.1364,0.0621,0.67,0.6,0.4534,-0.1562,False
0x807fcf8fbad55fb5121941ad7f37497e7db59615,L2l,Sports / Baseball / pre,26,0.0325,0.005,0.18,0.538,0.1186,-0.0536,False
0x807fcf8fbad55fb5121941ad7f37497e7db59615,L2l,Sports / Soccer / live,25,-0.1944,-0.1216,-1.02,0.44,-0.3129,-0.085,False
0x807fcf8fbad55fb5121941ad7f37497e7db59615,L2l,Sports / Tennis / pre,30,-0.2397,-0.1561,-1.28,0.367,-0.2812,-0.1981,False
0x807fcf8fbad55fb5121941ad7f37497e7db59615,L2l,Esports / Esports / pre,50,-0.2271,-0.171,-1.6,0.4,-0.3379,-0.1163,False
0x807fcf8fbad55fb5121941ad7f37497e7db59615,L2l,Sports / Basketball / pre,21,-0.5594,-0.3015,-3.33,0.19,-0.5958,-0.5263,False
0x45ddcfda9218eaae47c1ab201f78ec63f0bc1e20,L2t,Crypto / Bitcoin / type=negrisk,31,0.0543,0.0213,5.18,1.0,0.0527,0.0558,True
0xaaf66053d0960fb7cc44b4eb1574592489f92971,L2b,Sports / Basketball / price=0.50-0.70,32,0.4365,0.2872,3.44,0.812,0.534,0.3391,True
0xfb67e3f646a4ee6faf1abdf56d046dc060e9fd46,L1b,Esports / price=0.70-0.90,45,0.0957,0.1088,2.13,0.867,0.1127,0.0796,True
0xfb67e3f646a4ee6faf1abdf56d046dc060e9fd46,L2b,Esports / Esports / price=0.70-0.90,45,0.0957,0.1088,2.13,0.867,0.1127,0.0796,True
0x0056884b9bdd3b8bb9472b4c218754ee1b2fa7f7,L3,Sports / Basketball / NCAA CBB,202,0.1893,0.1758,2.52,0.564,0.2128,0.1658,True
0x0056884b9bdd3b8bb9472b4c218754ee1b2fa7f7,L2t,Sports / Basketball / type=totals,204,0.154,0.1438,2.07,0.544,0.1075,0.2005,True
0xc741cd7fa60d4a3eb288551cadae5a1c8a9973f6,L1b,Sports / price=0.30-0.50,89,0.3047,0.2522,2.27,0.517,0.1927,0.4142,True
0xc741cd7fa60d4a3eb288551cadae5a1c8a9973f6,L2b,Sports / American Football / price=0.30-0.50,45,0.3722,0.2635,2.04,0.578,0.2437,0.4951,True
0x73be181920d66cee703f659b54165c41674016f5,L2l,Esports / Esports / pre,383,0.1091,0.1051,2.43,0.619,0.1903,0.0284,True
0x2f2b6e3176e4914ccc79111dd9c704904d390f9a,L1b,Sports / price=0.30-0.50,1260,0.0845,0.0834,2.57,0.471,0.0428,0.1261,True
0x2f2b6e3176e4914ccc79111dd9c704904d390f9a,L1b,Sports / price=0.70-0.90,389,0.0537,0.0518,2.1,0.817,0.0684,0.0391,True
0x2f2b6e3176e4914ccc79111dd9c704904d390f9a,L2b,Sports / Basketball / price=0.70-0.90,114,0.1375,0.1192,3.38,0.877,0.0933,0.1816,True
0xe412637bdccad33eca064b06e37a608055895d64,L1,Sports,60,0.651,0.621,2.08,0.717,0.6679,0.6341,True
0x7efd67ed8cb6a5f62ea1645210ef5f1ec3d6caed,L2,Sports / Basketball,725,0.021,0.0195,4.82,0.997,0.0205,0.0215,True
0x7efd67ed8cb6a5f62ea1645210ef5f1ec3d6caed,L3,Sports / Basketball / NBA 2026,725,0.021,0.0195,4.82,0.997,0.0205,0.0215,True
0x7efd67ed8cb6a5f62ea1645210ef5f1ec3d6caed,L2t,Sports / Basketball / type=points,106,0.0576,0.0428,2.76,0.991,0.0416,0.0735,True
0x7efd67ed8cb6a5f62ea1645210ef5f1ec3d6caed,L2t,Sports / Baseball / type=nrfi,79,0.0584,0.0394,2.6,0.987,0.0171,0.0986,True
0x7efd67ed8cb6a5f62ea1645210ef5f1ec3d6caed,L2t,Sports / Basketball / type=rebounds,318,0.0136,0.0106,2.46,0.997,0.0233,0.0038,True
0x7efd67ed8cb6a5f62ea1645210ef5f1ec3d6caed,L2t,Sports / Basketball / type=assists,300,0.0117,0.0087,7.61,1.0,0.0101,0.0132,True
0x7efd67ed8cb6a5f62ea1645210ef5f1ec3d6caed,L1b,Sports / price=0.50-0.70,35,0.2508,0.1466,2.19,0.8,0.4984,0.0171,True
0x7efd67ed8cb6a5f62ea1645210ef5f1ec3d6caed,L2l,Sports / Basketball / live,697,0.0129,0.0115,7.75,1.0,0.0109,0.0148,True
0xcb202dfb4388fac1b5221015974632f3ebe80cf5,L2b,Sports / MMA/Boxing / price=0.30-0.50,127,0.2526,0.2295,2.21,0.48,0.3667,0.1403,True
0x6b0e1a58bcf5aa11c19b8936b02343cebeb70517,L2b,Sports / Baseball / price=0.30-0.50,69,0.25,0.2088,2.08,0.594,0.3147,0.187,True
0x992b212b0753e22c78aedb87ed081c3773cb5053,L2l,Esports / Esports / pre,34,0.4171,0.2452,2.48,0.794,0.3437,0.4904,True
0x114af7edd8f67ef82807e1efcd25b2276ff2b24e,L1,Politics,32,0.2652,0.2052,2.05,0.844,0.0474,0.4831,True
0x77c812f7735ad07e3ce58fd466a0e1b4346bbc8c,L1,Politics,632,0.1742,0.1723,2.2,0.422,0.2752,0.0733,True
0x77c812f7735ad07e3ce58fd466a0e1b4346bbc8c,L2,Politics / Tweet Markets,523,0.1887,0.1858,2.13,0.438,0.2562,0.1214,True
0x77c812f7735ad07e3ce58fd466a0e1b4346bbc8c,L3,Politics / Tweet Markets / Elon Tweets,303,0.1898,0.185,2.46,0.465,0.1141,0.265,True
0x77c812f7735ad07e3ce58fd466a0e1b4346bbc8c,L2t,Politics / Tweet Markets / type=negrisk,523,0.1887,0.1858,2.13,0.438,0.2562,0.1214,True
0x77c812f7735ad07e3ce58fd466a0e1b4346bbc8c,L1b,Politics / price=0.10-0.30,261,0.1778,0.1731,2.32,0.448,0.1554,0.2,True
0x77c812f7735ad07e3ce58fd466a0e1b4346bbc8c,L1b,Politics / price=0.30-0.50,118,0.1135,0.1132,2.05,0.483,0.1931,0.0339,True
0x77c812f7735ad07e3ce58fd466a0e1b4346bbc8c,L2b,Politics / Tweet Markets / price=0.10-0.30,213,0.2391,0.2281,2.91,0.502,0.2068,0.271,True
0x76f4765ebc9bdeaeb4af4d27504bff1d4ce782da,L1,Sports,624,0.5185,0.5185,8.06,0.691,0.3851,0.6519,True
0x76f4765ebc9bdeaeb4af4d27504bff1d4ce782da,L2,Sports / Other sport,624,0.5185,0.5185,8.06,0.691,0.3851,0.6519,True
0x76f4765ebc9bdeaeb4af4d27504bff1d4ce782da,L3,Sports / Other sport / Seoul Daily Lowest Temperature,132,0.6697,0.6498,4.78,0.727,0.3928,0.9465,True
0x76f4765ebc9bdeaeb4af4d27504bff1d4ce782da,L3,Sports / Other sport / Paris Daily Lowest Temperature,154,0.4363,0.4458,3.59,0.688,0.3665,0.5061,True
0x76f4765ebc9bdeaeb4af4d27504bff1d4ce782da,L3,Sports / Other sport / Shanghai Daily Lowest Temperature,80,0.5915,0.5769,3.34,0.675,0.6054,0.5777,True
0x76f4765ebc9bdeaeb4af4d27504bff1d4ce782da,L3,Sports / Other sport / Miami Daily Lowest Temperature,38,0.7051,0.6407,2.03,0.684,0.6611,0.749,True
0x76f4765ebc9bdeaeb4af4d27504bff1d4ce782da,L3,Sports / Other sport / Hong Kong Daily Lowest Temperature,48,0.5586,0.5468,2.47,0.708,0.3615,0.7556,True
0x76f4765ebc9bdeaeb4af4d27504bff1d4ce782da,L3,Sports / Other sport / London Daily Lowest Temperature,100,0.2966,0.3336,2.05,0.68,0.1238,0.4694,True
0x76f4765ebc9bdeaeb4af4d27504bff1d4ce782da,L3,Sports / Other sport / Tokyo Daily Lowest Temperature,38,0.5133,0.5151,2.34,0.658,0.7532,0.2735,True
0x76f4765ebc9bdeaeb4af4d27504bff1d4ce782da,L2t,Sports / Other sport / type=binary,624,0.5185,0.5185,8.06,0.691,0.3851,0.6519,True
0x76f4765ebc9bdeaeb4af4d27504bff1d4ce782da,L1b,Sports / price=0.10-0.30,220,1.1652,1.1113,7.67,0.655,0.9651,1.3652,True
0x76f4765ebc9bdeaeb4af4d27504bff1d4ce782da,L1b,Sports / price=0.30-0.50,195,0.2605,0.2845,4.87,0.785,0.1978,0.3226,True
0x76f4765ebc9bdeaeb4af4d27504bff1d4ce782da,L2b,Sports / Other sport / price=0.10-0.30,220,1.1652,1.1113,7.67,0.655,0.9651,1.3652,True
0x76f4765ebc9bdeaeb4af4d27504bff1d4ce782da,L2b,Sports / Other sport / price=0.30-0.50,195,0.2605,0.2845,4.87,0.785,0.1978,0.3226,True
0x76f4765ebc9bdeaeb4af4d27504bff1d4ce782da,L2l,Sports / Other sport / pre,620,0.5283,0.528,8.18,0.695,0.4067,0.6498,True
0x65c4153de06e2a99889f0dade70741ae62677ea4,L2t,Sports / Baseball / type=moneyline,67,0.2763,0.2003,2.48,0.687,0.3464,0.2083,True
0x72cb5d785e61759544dee3a8e2eb110f50515962,L1,Sports,219,0.2136,0.2062,2.84,0.589,0.338,0.0903,True
0x72cb5d785e61759544dee3a8e2eb110f50515962,L2,Sports / Other sport,211,0.217,0.2091,2.78,0.583,0.3515,0.0837,True
0x72cb5d785e61759544dee3a8e2eb110f50515962,L2t,Sports / Other sport / type=binary,211,0.217,0.2091,2.78,0.583,0.3515,0.0837,True
0x72cb5d785e61759544dee3a8e2eb110f50515962,L1b,Sports / price=0.10-0.30,52,0.617,0.4805,2.37,0.596,1.1312,0.1028,True
0x72cb5d785e61759544dee3a8e2eb110f50515962,L1b,Sports / price=0.50-0.70,61,0.1352,0.1328,2.69,0.59,0.2513,0.0229,True
0x72cb5d785e61759544dee3a8e2eb110f50515962,L1b,Sports / price=0.70-0.90,32,0.0939,0.106,3.08,0.688,0.129,0.0589,True
0x72cb5d785e61759544dee3a8e2eb110f50515962,L2b,Sports / Other sport / price=0.10-0.30,52,0.617,0.4805,2.37,0.596,1.1312,0.1028,True
0x72cb5d785e61759544dee3a8e2eb110f50515962,L2b,Sports / Other sport / price=0.50-0.70,61,0.1352,0.1328,2.69,0.59,0.2513,0.0229,True
0x72cb5d785e61759544dee3a8e2eb110f50515962,L2l,Sports / Other sport / live,204,0.2174,0.2092,2.74,0.588,0.3458,0.089,True
0x030a01fff8762c0747b6dbc589b28ee6cea8acfc,L1b,Politics / price=0.30-0.50,78,0.357,0.3187,2.87,0.538,0.3694,0.3446,True
0x030a01fff8762c0747b6dbc589b28ee6cea8acfc,L1b,Politics / price=0.70-0.90,52,0.1715,0.1709,5.36,0.923,0.2012,0.1418,True
0x5edac84d3078a6de72d8c67aa6495d3ff095d453,L3,Politics / UK / ?,35,0.1113,0.1023,2.26,0.743,0.0337,0.1845,True
0x5edac84d3078a6de72d8c67aa6495d3ff095d453,L1b,Politics / price=0.30-0.50,65,0.3643,0.2989,2.97,0.523,0.6179,0.1184,True
0xa04dcad1ecd55091d02d5191fa779870b082c775,L1b,Crypto / price=0.50-0.70,44,0.3815,0.2656,3.3,0.773,0.3831,0.3799,True
0x85985ad802d4c0f75514ce2cb73b304439ae18d2,L2t,Sports / Baseball / type=totals,33,0.3711,0.2275,2.25,0.697,0.4597,0.2877,True
0xfce17e0395c790ad16f5a0b7fea062120f8e9ce7,L2t,Sports / Basketball / type=spreads,61,0.2982,0.243,2.45,0.656,0.1204,0.4704,True
0xfce17e0395c790ad16f5a0b7fea062120f8e9ce7,L1b,Sports / price=0.30-0.50,163,0.1967,0.1834,2.13,0.515,0.1161,0.2763,True
0x1eaf5d5f822dc5211c25b5839e5b7aa70f319bf0,L2,Sports / Tennis,670,0.0858,0.0844,2.18,0.613,0.0107,0.1608,True
0x1eaf5d5f822dc5211c25b5839e5b7aa70f319bf0,L3,Sports / Tennis / ATP,425,0.1486,0.1437,2.84,0.621,0.0772,0.2197,True
0x1eaf5d5f822dc5211c25b5839e5b7aa70f319bf0,L2t,Sports / Tennis / type=moneyline,670,0.0858,0.0844,2.18,0.613,0.0107,0.1608,True
0x1eaf5d5f822dc5211c25b5839e5b7aa70f319bf0,L1b,Sports / price=0.30-0.50,274,0.1874,0.1773,2.46,0.478,0.1559,0.2189,True
0x1eaf5d5f822dc5211c25b5839e5b7aa70f319bf0,L2b,Sports / Tennis / price=0.30-0.50,173,0.2808,0.2558,2.91,0.514,0.1217,0.4381,True
0x1eaf5d5f822dc5211c25b5839e5b7aa70f319bf0,L2l,Sports / Tennis / pre,644,0.0814,0.0801,2.04,0.612,0.0161,0.1467,True
0x251bd8fdcfd199d65aa68b7c8c9ff7bd55e1143c,L2b,Sports / Baseball / price=0.30-0.50,85,0.2762,0.2248,2.26,0.553,0.4626,0.0941,True
0x251bd8fdcfd199d65aa68b7c8c9ff7bd55e1143c,L2b,Sports / Basketball / price=0.70-0.90,32,0.1513,0.0956,2.21,0.906,0.1913,0.1112,True
0xc1f7a546505fa29e6293536878deadeda748c4e5,L2,Sports / Soccer,30,0.1655,0.1185,2.81,0.967,0.1154,0.2157,True
0xc1f7a546505fa29e6293536878deadeda748c4e5,L2t,Sports / Basketball / type=totals,36,0.3716,0.256,2.5,0.75,0.4659,0.2773,True
0xc1f7a546505fa29e6293536878deadeda748c4e5,L2l,Sports / Baseball / pre,32,0.2852,0.194,2.0,0.688,0.3124,0.2581,True
0x4fc444f4beef701fbbfcf666719f452359b9395f,L2b,Sports / Basketball / price=0.30-0.50,31,0.5519,0.3803,2.53,0.645,0.444,0.6531,True
0x6bd6057e8975af754da2365652d8e54309afbf96,L1,Sports,388,0.0321,0.031,0.49,0.456,0.0855,-0.0213,False
0x6bd6057e8975af754da2365652d8e54309afbf96,L1,Esports,89,-0.0689,-0.0543,-0.67,0.461,0.1714,-0.3038,False
0x6bd6057e8975af754da2365652d8e54309afbf96,L2,Sports / Basketball,222,0.0162,0.0158,0.2,0.464,0.2347,-0.2022,False
0x6bd6057e8975af754da2365652d8e54309afbf96,L2,Sports / Soccer,28,0.019,0.0156,0.08,0.464,0.1974,-0.1595,False
0x6bd6057e8975af754da2365652d8e54309afbf96,L2,Sports / Baseball,124,-0.036,-0.0295,-0.38,0.452,-0.029,-0.043,False
0x6bd6057e8975af754da2365652d8e54309afbf96,L2,Esports / Esports,89,-0.0689,-0.0543,-0.67,0.461,0.1714,-0.3038,False
0x6bd6057e8975af754da2365652d8e54309afbf96,L3,Sports / Soccer / FIFA World Cup,20,0.0857,0.0483,0.3,0.45,0.2174,-0.046,False
0x6bd6057e8975af754da2365652d8e54309afbf96,L3,Sports / Basketball / NBA 2026,221,0.0116,0.0115,0.14,0.462,0.2291,-0.2039,False
0x6bd6057e8975af754da2365652d8e54309afbf96,L3,Sports / Baseball / MLB,123,-0.0281,-0.0227,-0.3,0.455,-0.0131,-0.043,False
0x6bd6057e8975af754da2365652d8e54309afbf96,L3,Esports / Esports / League of Legends,89,-0.0689,-0.0543,-0.67,0.461,0.1714,-0.3038,False
0x6bd6057e8975af754da2365652d8e54309afbf96,L2t,Sports / Baseball / type=totals,35,0.3294,0.2136,2.19,0.629,0.4427,0.2224,True
0x6bd6057e8975af754da2365652d8e54309afbf96,L2t,Sports / Basketball / type=moneyline,32,0.1442,0.0929,0.39,0.375,0.6442,-0.3559,False
0x6bd6057e8975af754da2365652d8e54309afbf96,L2t,Sports / Basketball / type=spreads,146,0.02,0.0189,0.25,0.507,0.1966,-0.1566,False
0x6bd6057e8975af754da2365652d8e54309afbf96,L2t,Esports / Esports / type=moneyline,27,-0.0008,0.0042,-0.0,0.481,0.0219,-0.0218,False
0x6bd6057e8975af754da2365652d8e54309afbf96,L2t,Sports / Baseball / type=spreads,22,-0.0733,-0.0332,-0.33,0.455,-0.2303,0.0838,False
0x6bd6057e8975af754da2365652d8e54309afbf96,L2t,Esports / Esports / type=child_moneyline,56,-0.0406,-0.0271,-0.3,0.482,0.2639,-0.3451,False
0x6bd6057e8975af754da2365652d8e54309afbf96,L2t,Sports / Basketball / type=totals,41,-0.0727,-0.0453,-0.52,0.39,0.0192,-0.1602,False
0x6bd6057e8975af754da2365652d8e54309afbf96,L2t,Sports / Baseball / type=moneyline,67,-0.2146,-0.1628,-1.63,0.358,-0.1768,-0.2513,False
0x6bd6057e8975af754da2365652d8e54309afbf96,L1b,Sports / price=0.30-0.50,119,0.0735,0.0645,0.76,0.479,0.1363,0.0118,False
0x6bd6057e8975af754da2365652d8e54309afbf96,L1b,Sports / price=0.10-0.30,25,0.1335,0.079,0.32,0.28,0.5992,-0.2964,False
0x6bd6057e8975af754da2365652d8e54309afbf96,L1b,Esports / price=0.50-0.70,39,0.0058,0.0075,0.04,0.564,0.2736,-0.2487,False
0x6bd6057e8975af754da2365652d8e54309afbf96,L1b,Esports / price=0.30-0.50,36,-0.0828,-0.0494,-0.48,0.389,-0.0849,-0.0807,False
0x6bd6057e8975af754da2365652d8e54309afbf96,L1b,Sports / price=0.50-0.70,229,-0.0295,-0.0262,-0.48,0.485,0.0139,-0.0725,False
0x6bd6057e8975af754da2365652d8e54309afbf96,L2b,Sports / Basketball / price=0.30-0.50,56,0.1209,0.0919,0.89,0.5,0.4213,-0.1796,False
0x6bd6057e8975af754da2365652d8e54309afbf96,L2b,Sports / Baseball / price=0.50-0.70,64,0.0231,0.0202,0.21,0.516,0.1285,-0.0822,False
0x6bd6057e8975af754da2365652d8e54309afbf96,L2b,Esports / Esports / price=0.50-0.70,39,0.0058,0.0075,0.04,0.564,0.2736,-0.2487,False
0x6bd6057e8975af754da2365652d8e54309afbf96,L2b,Esports / Esports / price=0.30-0.50,36,-0.0828,-0.0494,-0.48,0.389,-0.0849,-0.0807,False
0x6bd6057e8975af754da2365652d8e54309afbf96,L2b,Sports / Baseball / price=0.30-0.50,52,-0.0616,-0.0415,-0.42,0.423,-0.1645,0.0412,False
0x6bd6057e8975af754da2365652d8e54309afbf96,L2b,Sports / Basketball / price=0.50-0.70,154,-0.045,-0.0386,-0.59,0.474,0.0628,-0.1528,False
0x6bd6057e8975af754da2365652d8e54309afbf96,L2l,Sports / Basketball / live,23,0.1559,0.0884,0.31,0.304,1.0428,-0.657,False
0x6bd6057e8975af754da2365652d8e54309afbf96,L2l,Sports / Baseball / pre,92,0.0253,0.0227,0.26,0.5,0.0084,0.0423,False
0x6bd6057e8975af754da2365652d8e54309afbf96,L2l,Sports / Basketball / pre,199,0.0001,0.0011,0.0,0.482,0.1192,-0.1179,False
0x6bd6057e8975af754da2365652d8e54309afbf96,L2l,Esports / Esports / live,77,-0.0714,-0.0545,-0.65,0.468,0.1911,-0.3272,False
0x6bd6057e8975af754da2365652d8e54309afbf96,L2l,Sports / Baseball / live,32,-0.2123,-0.1265,-0.94,0.312,-0.5066,0.082,False
0x39dffc499a818e94ce0a7ac6001764b77c45644b,L1,Crypto,48,0.3052,0.2576,2.01,0.75,0.0895,0.5209,True
0x611cfdfc973e7ad77da1d8d84da0e87fc500a931,L2,Sports / Soccer,41,0.952,0.6496,2.0,0.561,0.0327,1.8274,True
0x611cfdfc973e7ad77da1d8d84da0e87fc500a931,L2t,Sports / Soccer / type=moneyline,41,0.952,0.6496,2.0,0.561,0.0327,1.8274,True
0xd3989ba133ab48b5b3a81e3dba9b37b5966a46d7,L1,Politics,936,0.5864,0.5813,2.98,0.566,0.8223,0.3506,True
0xd3989ba133ab48b5b3a81e3dba9b37b5966a46d7,L2,Politics / Biden,63,4.583,3.5611,2.02,0.683,5.3518,3.8382,True
0xd3989ba133ab48b5b3a81e3dba9b37b5966a46d7,L3,Politics / Biden / ?,63,4.583,3.5611,2.02,0.683,5.3518,3.8382,True
0xd3989ba133ab48b5b3a81e3dba9b37b5966a46d7,L1b,Politics / price=0.10-0.30,201,0.6215,0.5962,3.6,0.343,0.8505,0.3948,True
0xd3989ba133ab48b5b3a81e3dba9b37b5966a46d7,L1b,Politics / price=0.30-0.50,142,0.2887,0.2953,2.82,0.514,0.3631,0.2142,True
0xd3989ba133ab48b5b3a81e3dba9b37b5966a46d7,L1b,Politics / price=0.50-0.70,164,0.1657,0.1849,2.81,0.677,0.0416,0.2899,True
0xd3989ba133ab48b5b3a81e3dba9b37b5966a46d7,L1b,Sports / price=0.50-0.70,157,0.1534,0.1748,2.47,0.682,0.1558,0.151,True
0x708dba576d798c24215e267413503269fe39ea78,L1,Politics,351,0.2147,0.2164,2.27,0.558,0.291,0.1388,True
0x708dba576d798c24215e267413503269fe39ea78,L1b,Politics / price=0.10-0.30,77,0.6333,0.5537,2.64,0.403,0.6736,0.5941,True
0x708dba576d798c24215e267413503269fe39ea78,L1b,Politics / price=0.30-0.50,73,0.2431,0.2439,2.23,0.562,0.453,0.0389,True
0x708dba576d798c24215e267413503269fe39ea78,L2b,Politics / Trump / price=0.10-0.30,30,0.9464,0.6666,2.15,0.433,1.0658,0.8271,True
0x2cd37fbc8fcaf5ba547e5bcd69edd016ec3d1e7f,L1b,Sports / price=0.70-0.90,37,0.1397,0.1165,2.32,0.865,0.085,0.1916,True
0x1e3e3375612e45cbd6ba905f955091f08c2db656,L2t,Sports / Basketball / type=moneyline,63,0.2746,0.2392,2.03,0.73,0.4929,0.0631,True
0x424ce8f62f7d9b7495e78c9671113e9975b39fcf,L2t,Esports / Esports / type=child_moneyline,39,0.3512,0.2815,2.09,0.718,0.6211,0.0948,True
0xb7a82656a4a524ee89f4c861ba5c2e2833e9d641,L2,Sports / Baseball,72,0.3268,0.2444,2.09,0.653,0.4658,0.1879,True
0xb7a82656a4a524ee89f4c861ba5c2e2833e9d641,L3,Sports / Baseball / MLB,72,0.3268,0.2444,2.09,0.653,0.4658,0.1879,True
0xb7a82656a4a524ee89f4c861ba5c2e2833e9d641,L2t,Sports / Baseball / type=moneyline,72,0.3268,0.2444,2.09,0.653,0.4658,0.1879,True
0x26ec7fc83d0196381d6ecd326ad6816fdb66da98,L1,Crypto,40,0.1346,0.0935,3.65,0.925,0.0888,0.1805,True
0x3d70670e169d7630a0a324dc01d030c650a4e9b0,L3,Sports / Soccer / Serie A 2025,58,0.3303,0.2418,2.67,0.707,0.4855,0.1751,True
0x36e7e560c4d4cf32926906d939a18cf91f8a0b6b,L1b,Politics / price=0.70-0.90,154,0.0575,0.0559,2.41,0.851,0.0498,0.0651,True
0x36e7e560c4d4cf32926906d939a18cf91f8a0b6b,L2b,Politics / Tweet Markets / price=0.70-0.90,126,0.0644,0.0615,2.47,0.857,0.0514,0.0774,True
0xd077b2e004a545c99a5d25f52873b52bd7beb719,L1b,Sports / price=0.50-0.70,30,0.2305,0.2,2.08,0.767,0.3915,0.0696,True
0x4dfd481c16d9995b809780fd8a9808e8689f6e4a,L1,Politics,66,0.6699,0.6343,2.77,0.697,0.7904,0.5494,True
0x4dc2ce59c39f7ca8155c88e88a635f0034d60933,L1b,Sports / price=0.70-0.90,36,0.1378,0.0868,2.81,0.806,0.1185,0.1571,True
0xc0402e527a464e782bca96f802c77e5db8d8beac,L1b,Politics / price=0.30-0.50,75,0.177,0.2281,2.26,0.507,0.2013,0.1533,True
0x5ca997ca051a0959486e5ce1aa254c76b8fc6ccf,L1,Politics,77,0.1211,0.103,2.19,0.818,0.0679,0.173,True
0xfc17946b7bedc82eb11329e67d0f2d3a76c1886a,L1,Sports,208,0.1125,0.1125,2.56,0.769,0.1819,0.0432,True
0xfc17946b7bedc82eb11329e67d0f2d3a76c1886a,L2,Sports / Other sport,208,0.1125,0.1125,2.56,0.769,0.1819,0.0432,True
0xfc17946b7bedc82eb11329e67d0f2d3a76c1886a,L2t,Sports / Other sport / type=binary,208,0.1125,0.1125,2.56,0.769,0.1819,0.0432,True
0xfc17946b7bedc82eb11329e67d0f2d3a76c1886a,L1b,Sports / price=0.50-0.70,84,0.1639,0.154,2.21,0.75,0.2215,0.1063,True
0xfc17946b7bedc82eb11329e67d0f2d3a76c1886a,L2b,Sports / Other sport / price=0.50-0.70,84,0.1639,0.154,2.21,0.75,0.2215,0.1063,True
0xfc17946b7bedc82eb11329e67d0f2d3a76c1886a,L2l,Sports / Other sport / pre,186,0.1089,0.1092,2.36,0.769,0.1717,0.046,True
0x8e86bdda48cb1aacfdcbab4007e8a405ba4cf73b,L3,Sports / Other sport / Chicago Daily Weather,47,0.0312,0.0172,2.67,0.702,0.0091,0.0525,True
0x8e86bdda48cb1aacfdcbab4007e8a405ba4cf73b,L3,Sports / Other sport / Milan Daily Weather,82,0.0167,0.0103,3.01,0.817,0.005,0.0284,True
0x8e86bdda48cb1aacfdcbab4007e8a405ba4cf73b,L3,Sports / Other sport / Panama Daily Weather,34,0.0304,0.0133,2.64,0.676,0.0119,0.049,True
0x2ce8505aa641791eb8460f6ac6bf5c0511e34527,L1b,Sports / price=0.30-0.50,199,0.1753,0.1641,2.08,0.503,0.2105,0.1404,True
0x2ce8505aa641791eb8460f6ac6bf5c0511e34527,L2b,Sports / Baseball / price=0.30-0.50,144,0.2514,0.2272,2.58,0.542,0.3469,0.1559,True
0x2ce8505aa641791eb8460f6ac6bf5c0511e34527,L2b,Sports / Tennis / price=0.50-0.70,47,0.2572,0.1963,2.21,0.723,0.2154,0.2973,True
0xd5d75539d4914aadfafd042c10141e5f45e44952,L1b,Other / price=0.70-0.90,33,0.1192,0.0709,3.36,0.848,0.1982,0.0449,True
0xd5d75539d4914aadfafd042c10141e5f45e44952,L1b,Politics / price=0.70-0.90,113,0.0348,0.0282,2.13,0.646,0.0444,0.0254,True
0x0b9d9c3bb66645c0fe62e9d496f5f07cae058201,L2,Politics / Iran,58,0.4356,0.5045,2.45,0.603,0.4419,0.4293,True
0x0b9d9c3bb66645c0fe62e9d496f5f07cae058201,L3,Politics / Iran / ?,46,0.5241,0.5786,2.4,0.63,0.497,0.5511,True
0x0b9d9c3bb66645c0fe62e9d496f5f07cae058201,L2t,Politics / Iran / type=binary,50,0.4908,0.5517,2.44,0.64,0.9157,0.0658,True
0x0b9d9c3bb66645c0fe62e9d496f5f07cae058201,L1b,Politics / price=0.10-0.30,40,0.8043,0.7709,2.5,0.525,1.0411,0.5675,True
0x0b9d9c3bb66645c0fe62e9d496f5f07cae058201,L1b,Politics / price=0.50-0.70,31,0.2515,0.429,2.34,0.677,0.2056,0.2946,True
0x30687f44db250f7d914acb4ddc9634c3400e083d,L2,Politics / Trump,366,0.0787,0.0768,2.01,0.784,0.0889,0.0685,True
0x30687f44db250f7d914acb4ddc9634c3400e083d,L2b,Politics / Trump / price=0.50-0.70,82,0.207,0.1748,2.59,0.732,0.1199,0.2941,True
0x08ffedfc9c4dbd00b6bfe3b89a027eac064b32eb,L1b,Sports / price=0.70-0.90,240,0.0862,0.0829,5.18,0.825,0.067,0.1054,True
0x08ffedfc9c4dbd00b6bfe3b89a027eac064b32eb,L2b,Sports / Soccer / price=0.70-0.90,212,0.0821,0.0787,4.45,0.835,0.0554,0.1089,True
0x8cc222f149cf755daab71f8c394117a2309ed305,L1b,Esports / price=0.30-0.50,42,0.3874,0.2677,2.19,0.571,0.6027,0.1721,True
0x8cc222f149cf755daab71f8c394117a2309ed305,L2b,Esports / Esports / price=0.30-0.50,41,0.3704,0.2543,2.05,0.561,0.5717,0.1787,True
0x21a4a9d0910a3cf38cef1d4a1bae76cd468e0b9e,L1b,Politics / price=0.70-0.90,92,0.1127,0.0951,3.27,0.924,0.0538,0.1716,True
0x64a7a9fd89dcdb207f16b5b3e69d975bec5b2133,L2l,Sports / Soccer / pre,248,0.2039,0.185,2.07,0.488,0.1274,0.2804,True
0x76dc7dd7087d0ebc82e220e7ccd8f6c7999a17b4,L1b,Sports / price=0.10-0.30,164,0.4654,0.4237,2.35,0.311,0.499,0.4318,True
0x76dc7dd7087d0ebc82e220e7ccd8f6c7999a17b4,L2b,Sports / Soccer / price=0.10-0.30,42,0.887,0.6274,2.03,0.381,0.7157,1.0584,True
0xb8706282d06360023f943759f20f121dc73c5a8a,L1b,Sports / price=0.50-0.70,207,0.1285,0.1202,2.06,0.618,0.0796,0.1769,True
0xb8706282d06360023f943759f20f121dc73c5a8a,L2b,Sports / Basketball / price=0.50-0.70,181,0.1474,0.1362,2.2,0.624,0.0524,0.2413,True
0x90739171acd33e69dbbf20be75b915d9ec6513b3,L2,Sports / Soccer,262,0.1538,0.1443,2.19,0.519,0.2511,0.0565,True
0x90739171acd33e69dbbf20be75b915d9ec6513b3,L3,Sports / Soccer / Serie A 2025,59,0.4311,0.327,2.96,0.644,0.4106,0.4509,True
0x90739171acd33e69dbbf20be75b915d9ec6513b3,L2b,Sports / Soccer / price=0.30-0.50,84,0.2869,0.2355,2.17,0.476,0.1985,0.3753,True
0x366ca527d1436aae117faf746f17098cf3f66578,L1,Sports,229,0.0934,0.091,2.4,0.886,0.084,0.1027,True
0x366ca527d1436aae117faf746f17098cf3f66578,L1b,Sports / price=0.70-0.90,50,0.0942,0.0854,2.07,0.86,0.0962,0.0923,True
0x71a61314f24b71f51290e0f2a6c43054610a6fa0,L3,Esports / Esports / ?,34,0.387,0.2273,2.08,0.676,0.5458,0.2283,True
0x71a61314f24b71f51290e0f2a6c43054610a6fa0,L1b,Esports / price=0.30-0.50,32,0.4869,0.2826,2.14,0.594,0.886,0.0879,True
0x71a61314f24b71f51290e0f2a6c43054610a6fa0,L2b,Esports / Esports / price=0.30-0.50,31,0.5349,0.3078,2.33,0.613,1.0117,0.0879,True
0x4c86e14819ad26ab4fff84f07a1794de77191ed3,L2,Sports / American Football,34,0.3415,0.2857,2.07,0.706,0.2008,0.4821,True
0x4c86e14819ad26ab4fff84f07a1794de77191ed3,L1b,Sports / price=0.30-0.50,75,0.2975,0.2751,2.28,0.587,0.1282,0.4625,True
0x4c86e14819ad26ab4fff84f07a1794de77191ed3,L2l,Sports / American Football / pre,31,0.3918,0.313,2.24,0.71,0.1501,0.6184,True
0x8e1e5929e33e43aaa4fca52512f7169fdeddaeac,L1b,Sports / price=0.50-0.70,80,0.1622,0.1486,2.0,0.65,0.1658,0.1586,True
0x2b42e14922d8da186571bd478e10be2a50ce62af,L2b,Sports / Soccer / price=0.30-0.50,32,0.5491,0.3581,2.54,0.625,0.6564,0.4417,True
0x2b42e14922d8da186571bd478e10be2a50ce62af,L2b,Sports / Basketball / price=0.30-0.50,47,0.393,0.2914,2.41,0.596,0.5812,0.2127,True
0x2b42e14922d8da186571bd478e10be2a50ce62af,L2l,Sports / Soccer / pre,73,0.349,0.2852,2.07,0.562,0.2675,0.4282,True
0x8b3830f0046b7da2c4b5cb72ed199c63e22f52c8,L2l,Esports / Esports / live,67,0.0626,0.0502,2.61,0.955,0.0661,0.0592,True
0xd7eee5e918dc59fa32386a4ad8a89655946e9597,L1b,Crypto / price=0.70-0.90,47,0.0932,0.1126,2.28,0.83,0.1456,0.0431,True
0x8c7836b270daf59bce721087f41ef10684a413ed,L1,Crypto,111,0.2858,0.2677,5.29,0.811,0.0757,0.4922,True
0x8c7836b270daf59bce721087f41ef10684a413ed,L1b,Crypto / price=0.10-0.30,32,0.8198,0.5688,6.7,0.938,0.662,0.9776,True
0x7a2b07148294f5361605fd4090517ae0e1e8c97c,L2b,Sports / Hockey / price=0.50-0.70,39,0.2707,0.1722,2.2,0.744,0.2573,0.2834,True
0x7a2b07148294f5361605fd4090517ae0e1e8c97c,L2l,Sports / Hockey / live,71,0.211,0.1603,2.28,0.775,0.3554,0.0706,True
0x10d4c35eb0a26c0e2fab75e7eb6cdaff0f3169eb,L2b,Sports / Soccer / price=0.50-0.70,85,0.2278,0.1761,2.6,0.706,0.3254,0.1324,True
0xd64937ae044d85e8951ee2723074f54099de5fcc,L2t,Sports / Basketball / type=moneyline,44,0.3469,0.2777,2.2,0.795,0.2083,0.4855,True
0x209751b0671875351c89ec9a4239e19f76138b03,L3,Esports / Esports / Counter Strike,38,0.1,0.0629,2.27,0.947,0.1003,0.0997,True
0x42eca92a593ce0e8600fec05c50670e0ead3ad28,L2b,Sports / Basketball / price=0.50-0.70,38,0.2448,0.1734,2.04,0.737,0.3362,0.1535,True
0xd27de9f83ff9f5c2ef769fa966fca1ea5966fa96,L1,Politics,59,0.7384,0.5483,2.29,0.458,1.4006,0.0983,True
0x1920fb2f2b88ae1942be59a8845c4ef38bafa04e,L1b,Culture / price=0.70-0.90,40,0.1523,0.0884,4.08,0.9,0.1718,0.1329,True
0x669d24dbc327e954a19ccd81b5fee2d5ec9e19b0,L2t,Sports / Basketball / type=assists,31,0.0596,0.2572,2.97,0.968,0.0748,0.0453,True
0x669d24dbc327e954a19ccd81b5fee2d5ec9e19b0,L2l,Sports / Basketball / pre,30,0.0639,0.2638,3.11,0.967,0.082,0.0459,True
0xe61923b2f85469bf8f242a9167121b1358f56342,L2t,Sports / Soccer / type=both_teams_to_score,80,0.2757,0.2075,2.72,0.675,0.2732,0.2781,True
0xe61923b2f85469bf8f242a9167121b1358f56342,L2b,Sports / Tennis / price=0.30-0.50,43,0.3221,0.1991,2.05,0.605,0.3489,0.2966,True
0x11fd479aa7861ebb2a4b5f9da2714ea21c210338,L1,Sports,158,0.0161,0.0169,0.33,0.778,0.0307,0.0016,False
0x11fd479aa7861ebb2a4b5f9da2714ea21c210338,L2,Sports / Baseball,33,0.0629,0.0477,1.12,0.939,0.1275,0.002,False
0x11fd479aa7861ebb2a4b5f9da2714ea21c210338,L2,Sports / Soccer,123,0.0164,0.0173,0.27,0.748,0.0355,-0.0023,False
0x11fd479aa7861ebb2a4b5f9da2714ea21c210338,L3,Sports / Baseball / MLB,33,0.0629,0.0477,1.12,0.939,0.1275,0.002,False
0x11fd479aa7861ebb2a4b5f9da2714ea21c210338,L3,Sports / Soccer / Premier League 2025,22,0.0487,0.0363,0.24,0.636,-0.0291,0.1265,False
0x11fd479aa7861ebb2a4b5f9da2714ea21c210338,L3,Sports / Soccer / FIFA World Cup,72,-0.02,-0.0107,-0.26,0.75,0.0339,-0.0738,False
0x11fd479aa7861ebb2a4b5f9da2714ea21c210338,L2t,Sports / Soccer / type=moneyline,101,0.0422,0.0389,0.62,0.762,0.0043,0.0793,False
0x11fd479aa7861ebb2a4b5f9da2714ea21c210338,L2t,Sports / Baseball / type=moneyline,33,0.0629,0.0477,1.12,0.939,0.1275,0.002,False
0x11fd479aa7861ebb2a4b5f9da2714ea21c210338,L1b,Sports / price=0.70-0.90,65,0.0465,0.0409,0.85,0.831,-0.0042,0.0956,False
0x11fd479aa7861ebb2a4b5f9da2714ea21c210338,L1b,Sports / price=0.90-1.00,49,0.0039,0.0093,0.12,0.939,0.0294,-0.0206,False
0x11fd479aa7861ebb2a4b5f9da2714ea21c210338,L1b,Sports / price=0.50-0.70,35,0.0024,0.0098,0.02,0.6,0.1318,-0.1198,False
0x11fd479aa7861ebb2a4b5f9da2714ea21c210338,L2b,Sports / Soccer / price=0.70-0.90,57,0.0412,0.0364,0.7,0.825,-0.0838,0.162,False
0x11fd479aa7861ebb2a4b5f9da2714ea21c210338,L2b,Sports / Soccer / price=0.50-0.70,31,0.0085,0.014,0.06,0.613,0.028,-0.0097,False
0x11fd479aa7861ebb2a4b5f9da2714ea21c210338,L2b,Sports / Soccer / price=0.90-1.00,26,0.0058,0.0131,0.12,0.923,0.0217,-0.0102,False
0x11fd479aa7861ebb2a4b5f9da2714ea21c210338,L2b,Sports / Baseball / price=0.90-1.00,23,0.0017,0.0114,0.04,0.957,0.0491,-0.0417,False
0x11fd479aa7861ebb2a4b5f9da2714ea21c210338,L2l,Sports / Baseball / live,32,0.0961,0.0678,2.06,0.969,0.1913,0.0008,True
0x11fd479aa7861ebb2a4b5f9da2714ea21c210338,L2l,Sports / Soccer / pre,112,0.0163,0.0173,0.25,0.741,-0.0151,0.0478,False
0xa927cdfebebe4ba309386f12201f4fb0bccb8d9f,L1,Sports,82,0.2558,0.2151,2.2,0.659,0.2073,0.3044,True
0xa927cdfebebe4ba309386f12201f4fb0bccb8d9f,L2l,Esports / Esports / pre,148,0.1534,0.1409,2.29,0.703,0.1852,0.1217,True
0x8d014435172969b0b3a2476e5be17a9318270f69,L2t,Sports / Soccer / type=totals,108,0.1236,0.107,2.59,0.824,0.1458,0.1015,True
0x8d014435172969b0b3a2476e5be17a9318270f69,L2b,Sports / Soccer / price=0.70-0.90,126,0.1006,0.0892,2.95,0.873,0.1612,0.04,True
0x42528691b483d186dbf7054b87ce03bbc07e5db1,L2,Sports / FIFA,168,0.0531,0.0506,2.29,0.952,0.0948,0.0115,True
0x42528691b483d186dbf7054b87ce03bbc07e5db1,L3,Sports / FIFA / World cup mentions,168,0.0531,0.0506,2.29,0.952,0.0948,0.0115,True
0x42528691b483d186dbf7054b87ce03bbc07e5db1,L2t,Sports / FIFA / type=binary,168,0.0531,0.0506,2.29,0.952,0.0948,0.0115,True
0x66ed2351e7be22144df0f052652214cec377aa53,L1,Sports,75,0.082,0.0771,2.29,0.773,0.0729,0.0909,True
0x66ed2351e7be22144df0f052652214cec377aa53,L2,Sports / Other sport,75,0.082,0.0771,2.29,0.773,0.0729,0.0909,True
0x66ed2351e7be22144df0f052652214cec377aa53,L3,Sports / Other sport / Crude Oil (CL) hit__,53,0.1052,0.0924,2.45,0.792,0.0654,0.1436,True
0x66ed2351e7be22144df0f052652214cec377aa53,L2t,Sports / Other sport / type=binary,75,0.082,0.0771,2.29,0.773,0.0729,0.0909,True
0x66ed2351e7be22144df0f052652214cec377aa53,L1b,Sports / price=0.70-0.90,38,0.0832,0.0747,3.57,0.789,0.0913,0.0751,True
0x66ed2351e7be22144df0f052652214cec377aa53,L2b,Sports / Other sport / price=0.70-0.90,38,0.0832,0.0747,3.57,0.789,0.0913,0.0751,True
0x66ed2351e7be22144df0f052652214cec377aa53,L2l,Sports / Other sport / live,64,0.0879,0.0809,2.15,0.75,0.067,0.1088,True
0xde7e25cbe425ea13b01dadbeeeea5a3147af564d,L1b,Sports / price=0.70-0.90,106,0.0549,0.0487,2.45,0.623,0.0081,0.1016,True
0xc15cbf748934b2991249344f87ee53e5f4a8a6b0,L1b,Sports / price=0.70-0.90,274,0.0729,0.0678,2.55,0.839,0.0816,0.0642,True
0xc15cbf748934b2991249344f87ee53e5f4a8a6b0,L2b,Sports / Tennis / price=0.70-0.90,266,0.0762,0.0707,2.65,0.842,0.0845,0.0678,True
0x5d0c2108a8d50bafc16a4f8200281a0e822dbceb,L1b,Sports / price=0.50-0.70,71,0.2044,0.2224,2.18,0.704,0.3063,0.1054,True
0x5d0c2108a8d50bafc16a4f8200281a0e822dbceb,L2b,Sports / Soccer / price=0.50-0.70,67,0.2004,0.2201,2.07,0.701,0.2752,0.1278,True
0xfd978deb906c7b6b89a6550d2028e261ee290ec5,L1b,Sports / price=0.30-0.50,83,0.3089,0.25,2.17,0.482,0.5593,0.0644,True
0x2714203fdcc0843fac3122edccea32c05bcd960f,L2b,Sports / Soccer / price=0.50-0.70,187,0.1356,0.1212,2.22,0.647,0.2527,0.0196,True
0x18de0723c246cb541b53e1da8c8c834120ca44c2,L1b,Sports / price=0.10-0.30,53,0.5609,0.4256,2.04,0.415,0.7495,0.3793,True
0xac4515b8d979858b0d51bf6fb0c8161ea9feea33,L1,Sports,84,0.3961,0.3325,2.07,0.571,0.2637,0.5284,True
0xac4515b8d979858b0d51bf6fb0c8161ea9feea33,L2,Sports / Soccer,60,0.5781,0.45,2.27,0.6,0.4303,0.7259,True
0xac4515b8d979858b0d51bf6fb0c8161ea9feea33,L2l,Sports / Soccer / pre,40,0.704,0.4911,2.1,0.6,0.6699,0.738,True
0xd6f4aefc31ef1f9da0bd52ca00c8a57244c3ef6a,L3,Sports / Soccer / UEFA Champions League 2025,57,0.4359,0.3103,2.22,0.596,0.555,0.3209,True
0x82a569a07877daef9ac93ad70b8cd64840cc8f69,L1b,Sports / price=0.10-0.30,117,0.4639,0.4012,2.13,0.316,0.5055,0.423,True
0xb7f241d800e3b70b820d6547e130dee4d7d33a32,L2b,Sports / Soccer / price=0.70-0.90,48,0.1187,0.1216,2.08,0.896,0.0911,0.1463,True
0xd529dd5115ea1d2835f1af6ac80f10117e59f0d4,L2b,Sports / Basketball / price=0.50-0.70,385,0.0897,0.0921,2.01,0.564,0.1342,0.0454,True
0x368ea48c3c10eff2430f15ef51c5c1c4038984e1,L2t,Sports / Soccer / type=binary,46,0.2549,0.1921,2.51,0.804,0.2059,0.3038,True
0x1ccdc17b17212ec9392a54fe66cca137f01b5330,L2t,Sports / Soccer / type=totals,153,0.229,0.1977,2.2,0.582,0.0827,0.3733,True
0x93b77008dea1a1a0b3e1768a990a8bb835657d51,L1b,Crypto / price=0.50-0.70,44,0.2276,0.1796,2.8,0.773,0.2138,0.2415,True
0xf184bff6a9217f1a76dcba7c0c4888351ebbc2d7,L1,Esports,101,-0.0042,0.0011,-0.04,0.554,-0.0571,0.0476,False
0xf184bff6a9217f1a76dcba7c0c4888351ebbc2d7,L2,Esports / Esports,101,-0.0042,0.0011,-0.04,0.554,-0.0571,0.0476,False
0xf184bff6a9217f1a76dcba7c0c4888351ebbc2d7,L3,Esports / Esports / League of Legends,84,0.0486,0.0446,0.46,0.583,0.024,0.0731,False
0xf184bff6a9217f1a76dcba7c0c4888351ebbc2d7,L2t,Esports / Esports / type=map_handicap,30,0.0081,0.016,0.04,0.533,-0.0566,0.0729,False
0xf184bff6a9217f1a76dcba7c0c4888351ebbc2d7,L2t,Esports / Esports / type=moneyline,69,-0.0033,0.0037,-0.03,0.565,0.0164,-0.0225,False
0xf184bff6a9217f1a76dcba7c0c4888351ebbc2d7,L1b,Esports / price=0.50-0.70,43,0.2468,0.1773,2.15,0.744,0.2797,0.2154,True
0xf184bff6a9217f1a76dcba7c0c4888351ebbc2d7,L1b,Esports / price=0.30-0.50,33,-0.0526,-0.0222,-0.23,0.364,0.1331,-0.2274,False
0xf184bff6a9217f1a76dcba7c0c4888351ebbc2d7,L2b,Esports / Esports / price=0.50-0.70,43,0.2468,0.1773,2.15,0.744,0.2797,0.2154,True
0xf184bff6a9217f1a76dcba7c0c4888351ebbc2d7,L2b,Esports / Esports / price=0.30-0.50,33,-0.0526,-0.0222,-0.23,0.364,0.1331,-0.2274,False
0xf184bff6a9217f1a76dcba7c0c4888351ebbc2d7,L2l,Esports / Esports / pre,94,-0.015,-0.0075,-0.15,0.543,-0.0312,0.0011,False
0xc8aef36d6178e9bb2f69f2890504cbb0aeee93ea,L1,Sports,47,0.2406,0.2223,2.15,0.702,0.3853,0.102,True
0x115f8063b8f55b63145df7e922890a609bf3f51d,L3,Sports / Tennis / WTA,57,0.3069,0.2473,2.08,0.649,0.3004,0.3133,True
0x5625b60019c23bc6d7b8e4315c7833297addeda5,L3,Sports / Soccer / FIFA World Cup,91,0.5238,0.4732,2.02,0.473,0.7898,0.2635,True
0x5625b60019c23bc6d7b8e4315c7833297addeda5,L2l,Sports / Soccer / pre,86,0.5401,0.4841,2.0,0.477,0.8367,0.2435,True
0x84966288ea13ed02f76e23f830414bcb588627b6,L1b,Esports / price=0.50-0.70,40,0.3046,0.2177,3.12,0.8,0.1659,0.4434,True
0x84966288ea13ed02f76e23f830414bcb588627b6,L1b,Sports / price=0.50-0.70,53,0.1905,0.1503,2.27,0.736,0.1513,0.2283,True
0x84966288ea13ed02f76e23f830414bcb588627b6,L2b,Esports / Esports / price=0.50-0.70,39,0.3128,0.2216,3.13,0.821,0.1396,0.4773,True
0xf1899a30a2c016941bf4abd77b900ecacd768e47,L1,Sports,230,0.1788,0.1767,2.32,0.804,0.2841,0.0735,True
0xf1899a30a2c016941bf4abd77b900ecacd768e47,L2,Sports / Other sport,222,0.1882,0.1852,2.36,0.802,0.3304,0.046,True
0xf1899a30a2c016941bf4abd77b900ecacd768e47,L3,Sports / Other sport / (XAGUSD) hit Month,44,0.7553,0.5669,2.62,0.909,1.1003,0.4103,True
0xf1899a30a2c016941bf4abd77b900ecacd768e47,L2t,Sports / Other sport / type=binary,222,0.1882,0.1852,2.36,0.802,0.3304,0.046,True
0xf1899a30a2c016941bf4abd77b900ecacd768e47,L2l,Sports / Other sport / live,219,0.1981,0.1943,2.46,0.808,0.3447,0.0529,True
0x6e1cff963c1947552e597a52beb572d543eb4707,L2,Sports / Other sport,39,0.1183,0.0874,2.08,0.923,0.1194,0.1172,True
0x6e1cff963c1947552e597a52beb572d543eb4707,L2t,Sports / Other sport / type=spreads,35,0.1766,0.1223,3.57,0.971,0.1612,0.1912,True
0x6e1cff963c1947552e597a52beb572d543eb4707,L2l,Sports / Other sport / pre,36,0.1439,0.1022,2.48,0.944,0.1577,0.1301,True
0x9a57f4d1770ef7b7eb174af1e46a48b54a8f913f,L1b,Sports / price=0.70-0.90,61,0.1079,0.079,2.41,0.902,0.0561,0.1581,True
0x12ccc5f324da4337838dd7a2c5b42c59bc93275d,L2b,Sports / Other sport / price=0.50-0.70,33,0.2576,0.1567,2.43,0.727,0.253,0.2619,True
0x12ccc5f324da4337838dd7a2c5b42c59bc93275d,L2b,Sports / Other sport / price=0.70-0.90,210,0.0546,0.049,2.14,0.838,0.0789,0.0303,True
0xbb1e2c0b977d453d3fd1dd8d190cfed793c4ccdd,L2,Sports / Other sport,56,0.1939,0.1477,2.02,0.768,0.1599,0.2278,True
0xbb1e2c0b977d453d3fd1dd8d190cfed793c4ccdd,L3,Sports / Soccer / Bundesliga 2025,35,0.2493,0.1654,2.03,0.743,0.1965,0.2993,True
0xbb1e2c0b977d453d3fd1dd8d190cfed793c4ccdd,L2t,Sports / Soccer / type=totals,40,0.2945,0.2025,2.46,0.775,0.2371,0.352,True
0xbb1e2c0b977d453d3fd1dd8d190cfed793c4ccdd,L2l,Sports / Other sport / pre,56,0.1939,0.1477,2.02,0.768,0.1599,0.2278,True
0x36da5ca5d1d4b79f1c2ebbb09be8c13834568218,L1b,Politics / price=0.10-0.30,72,0.5863,0.5378,2.28,0.361,0.5171,0.6554,True
0x2ff21269586cb01d1084a7b8871d581eeab57c02,L1,Politics,182,0.1212,0.1156,3.11,0.791,0.0885,0.1539,True
0x2ff21269586cb01d1084a7b8871d581eeab57c02,L1b,Politics / price=0.50-0.70,46,0.3135,0.2382,5.15,0.826,0.2387,0.3883,True
0x68a28704d633a56f2ea9ccf04c6707af5aa47460,L1b,Sports / price=0.50-0.70,217,0.1176,0.1108,2.12,0.645,0.1288,0.1065,True
0x68a28704d633a56f2ea9ccf04c6707af5aa47460,L2b,Sports / Soccer / price=0.50-0.70,101,0.168,0.1463,2.22,0.703,0.2508,0.0868,True
0x68a28704d633a56f2ea9ccf04c6707af5aa47460,L2b,Sports / Soccer / price=0.70-0.90,76,0.1123,0.0967,2.45,0.855,0.1598,0.0649,True
0x68a28704d633a56f2ea9ccf04c6707af5aa47460,L2l,Sports / Soccer / pre,209,0.1547,0.1444,2.37,0.703,0.2719,0.0386,True
0xf1f7df94417dbfdbf8fe4924580817da1e3ffa11,L1b,Politics / price=0.30-0.50,44,0.4017,0.2904,2.53,0.636,0.4896,0.3139,True
0x0aba0a73d6500422207959c05f1db214e450f104,L2b,Sports / Soccer / price=0.50-0.70,31,0.2943,0.2164,2.06,0.71,0.342,0.2496,True
0xaebc1649625c49ad937bc9776fe3a09d4b1341f2,L2t,Sports / Other sport / type=moneyline,73,0.2786,0.2244,2.03,0.616,0.1231,0.4299,True
0xaebc1649625c49ad937bc9776fe3a09d4b1341f2,L1b,Sports / price=0.70-0.90,344,0.0589,0.0572,2.2,0.823,0.0633,0.0546,True
0xaebc1649625c49ad937bc9776fe3a09d4b1341f2,L2b,Sports / Other sport / price=0.30-0.50,43,0.5677,0.396,2.98,0.605,0.3227,0.8015,True
0xaebc1649625c49ad937bc9776fe3a09d4b1341f2,L2b,Sports / Tennis / price=0.70-0.90,58,0.1298,0.1034,2.3,0.879,0.1563,0.1033,True
0x72051f57c649301ec267d74e43906c69e3843377,L2b,Sports / Basketball / price=0.30-0.50,82,0.3739,0.3209,2.52,0.524,0.4574,0.2904,True
0x40f7fda76939db06890b3ce5cbbc6f9d9ed4f9e4,L2l,Esports / Esports / pre,80,0.3281,0.2729,2.09,0.6,0.4739,0.1823,True
0xac3f5ea17df02ee82699434ba227000dac0e1966,L3,Sports / Basketball / NCAA CBB,631,0.1035,0.1006,2.15,0.52,0.0611,0.1457,True
0xac3f5ea17df02ee82699434ba227000dac0e1966,L2t,Sports / Basketball / type=spreads,129,0.2435,0.2122,2.74,0.605,0.2175,0.2692,True
0xc1200dd35a85da9b9ba552582d6103dd3d39a7e3,L1,Sports,4476,0.0622,0.0622,3.23,0.682,0.0768,0.0476,True
0xc1200dd35a85da9b9ba552582d6103dd3d39a7e3,L2,Sports / Other sport,4476,0.0622,0.0622,3.23,0.682,0.0768,0.0476,True
0xc1200dd35a85da9b9ba552582d6103dd3d39a7e3,L2t,Sports / Other sport / type=binary,4476,0.0622,0.0622,3.23,0.682,0.0768,0.0476,True
0xc1200dd35a85da9b9ba552582d6103dd3d39a7e3,L1b,Sports / price=0.10-0.30,510,0.3198,0.3101,2.84,0.235,0.2472,0.3925,True
0xc1200dd35a85da9b9ba552582d6103dd3d39a7e3,L1b,Sports / price=0.30-0.50,609,0.1736,0.1701,3.36,0.47,0.2369,0.1106,True
0xc1200dd35a85da9b9ba552582d6103dd3d39a7e3,L2b,Sports / Other sport / price=0.10-0.30,510,0.3198,0.3101,2.84,0.235,0.2472,0.3925,True
0xc1200dd35a85da9b9ba552582d6103dd3d39a7e3,L2b,Sports / Other sport / price=0.30-0.50,609,0.1736,0.1701,3.36,0.47,0.2369,0.1106,True
0xc1200dd35a85da9b9ba552582d6103dd3d39a7e3,L2l,Sports / Other sport / live,4375,0.0587,0.0587,3.04,0.681,0.0699,0.0476,True
0x6f92155890baa2785ed4ba84f2e0d9d3f6e37379,L1b,Sports / price=0.70-0.90,38,0.1813,0.1306,3.8,0.947,0.1947,0.1678,True
0x4d5781ee7752323392f81388365b85d5a4978620,L1b,Crypto / price=0.10-0.30,82,0.4624,0.3752,2.08,0.451,0.1312,0.7936,True
0x7650e94d9c2decc455d7e2b9f8af0c0aa319fac1,L2,Sports / MMA/Boxing,78,0.2574,0.2212,2.49,0.692,0.2824,0.2324,True
0x7650e94d9c2decc455d7e2b9f8af0c0aa319fac1,L3,Sports / MMA/Boxing / UFC,78,0.2574,0.2212,2.49,0.692,0.2824,0.2324,True
0x7650e94d9c2decc455d7e2b9f8af0c0aa319fac1,L2t,Sports / MMA/Boxing / type=moneyline,78,0.2574,0.2212,2.49,0.692,0.2824,0.2324,True
0x7650e94d9c2decc455d7e2b9f8af0c0aa319fac1,L1b,Sports / price=0.50-0.70,63,0.229,0.193,2.37,0.714,0.1243,0.3304,True
0x7650e94d9c2decc455d7e2b9f8af0c0aa319fac1,L2b,Sports / MMA/Boxing / price=0.50-0.70,39,0.4426,0.3196,4.31,0.821,0.3948,0.488,True
0xdf86f62f39596c415f7338d6a84b550f1579601f,L2,Sports / Basketball,522,0.1468,0.1416,2.11,0.462,0.1097,0.1839,True
0xdf86f62f39596c415f7338d6a84b550f1579601f,L2t,Sports / Basketball / type=moneyline,508,0.1597,0.1539,2.25,0.465,0.1085,0.2109,True
0xdf86f62f39596c415f7338d6a84b550f1579601f,L1b,Sports / price=0.10-0.30,219,0.3571,0.3278,2.29,0.283,0.3433,0.3708,True
0xdf86f62f39596c415f7338d6a84b550f1579601f,L2b,Sports / Basketball / price=0.10-0.30,141,0.5942,0.5212,2.8,0.312,0.5633,0.6247,True
0xdf86f62f39596c415f7338d6a84b550f1579601f,L2b,Sports / Basketball / price=0.70-0.90,35,0.1976,0.1283,2.65,0.886,0.2641,0.1349,True
0xdf86f62f39596c415f7338d6a84b550f1579601f,L2l,Sports / Basketball / pre,432,0.2289,0.219,2.85,0.481,0.1699,0.2878,True
0xec06668bca4430ef0772ec8276c42250563a9178,L1,Culture,176,0.6408,0.6013,2.09,0.466,0.6395,0.6422,True
0xec06668bca4430ef0772ec8276c42250563a9178,L1b,Politics / price=0.30-0.50,65,0.4432,0.3985,3.18,0.6,0.377,0.5075,True
0x84207208bc185f902f452ea384d81560c9876183,L2,Politics / Parent For Derivative,30,0.381,0.1725,2.06,0.667,0.6492,0.1128,True
0x1444b4e6af612fb6b815e5ee6bc2f6520ef36ce2,L1,Crypto,33,0.1367,0.102,5.75,0.939,0.1292,0.1437,True
0x8904971e45b827e6dd83c1656d633335e09880a3,L1b,Sports / price=0.50-0.70,32,0.3696,0.307,2.78,0.781,0.6775,0.0617,True
0x5f6b7c013559cd86d614c6aa52d48c7a2e7a4c24,L3,Sports / American Football / NFL,30,0.202,0.128,2.13,0.867,0.2056,0.1984,True
0x5f6b7c013559cd86d614c6aa52d48c7a2e7a4c24,L2t,Sports / American Football / type=moneyline,30,0.202,0.128,2.13,0.867,0.2056,0.1984,True
0x3ce9b00499331933efcffc12fe2476292cec0cf5,L1,Sports,246,0.221,0.221,2.06,0.467,0.1789,0.2631,True
0x3ce9b00499331933efcffc12fe2476292cec0cf5,L2b,Sports / Motorsport / price=0.30-0.50,33,0.3812,0.3208,2.25,0.576,0.5673,0.2061,True
0xfde5f683beb9373f8536bea724b0db8cef715966,L2b,Sports / Soccer / price=0.70-0.90,97,0.0937,0.0758,2.09,0.856,0.1867,0.0026,True
0x69f033ce27733d8717d7d168a3eb8a91610a1121,L1b,Sports / price=0.70-0.90,207,0.0695,0.0651,2.31,0.821,0.0336,0.1051,True
0x4b3c5ba3a3eb539a007072cfe970f83bb6da7cd3,L2b,Crypto / Bitcoin / price=0.10-0.30,61,0.8286,0.6296,2.31,0.361,0.5743,1.0747,True
0x1fefa6d0ab9963acc5c1bead1da7f6542fb81a4b,L1,Politics,54,0.1346,0.1124,2.02,0.87,0.0512,0.2179,True
0x557e0fdacfe41f10977f519b184c783c18475007,L2,Sports / Soccer,230,0.2028,0.2008,2.11,0.596,0.2137,0.192,True
0x557e0fdacfe41f10977f519b184c783c18475007,L3,Sports / Soccer / FIFA World Cup,209,0.2401,0.2346,2.34,0.608,0.2315,0.2487,True
0x557e0fdacfe41f10977f519b184c783c18475007,L2t,Sports / Soccer / type=total_corners,132,0.2289,0.2221,2.25,0.636,0.2691,0.1887,True
0x557e0fdacfe41f10977f519b184c783c18475007,L2l,Sports / Soccer / live,216,0.2207,0.217,2.21,0.602,0.2442,0.1973,True
0x6d726036024348b8af9ad0108dbe3eccf7bdc356,L1,Other,31,2.4692,1.5271,2.53,0.613,3.5979,1.411,True
0x6d726036024348b8af9ad0108dbe3eccf7bdc356,L2l,Sports / Tennis / pre,142,0.3801,0.3414,2.33,0.613,0.289,0.4712,True
0x290ab9e825f60d5563f16f0fcac0616ab1070994,L2t,Sports / Other sport / type=binary,81,0.5105,0.4509,2.26,0.556,0.1762,0.8367,True
0x290ab9e825f60d5563f16f0fcac0616ab1070994,L2b,Sports / Other sport / price=0.70-0.90,48,0.1089,0.1385,2.12,0.833,0.054,0.1639,True
0xb32e5b161bdbd76e10bbc079be8e0489903d9a40,L1b,Sports / price=0.30-0.50,42,0.366,0.3104,2.13,0.524,0.4476,0.2844,True
0xb32e5b161bdbd76e10bbc079be8e0489903d9a40,L2b,Sports / Soccer / price=0.30-0.50,40,0.3712,0.312,2.12,0.525,0.4363,0.306,True
0x30a7df6c0b74e59f90bb0be1831f260c540602fa,L1b,Politics / price=0.70-0.90,35,0.0867,0.05,2.28,0.829,0.1252,0.0505,True
0xf787b8a3a4c6990f48614a0b9af8422e3e7a1b63,L1,Sports,875,0.2093,0.2123,4.44,0.634,0.1524,0.2661,True
0xf787b8a3a4c6990f48614a0b9af8422e3e7a1b63,L2,Sports / Other sport,848,0.2163,0.2193,4.52,0.642,0.1626,0.27,True
0xf787b8a3a4c6990f48614a0b9af8422e3e7a1b63,L3,Sports / Other sport / NYC Daily Lowest Temperature,124,0.3768,0.3724,2.1,0.621,0.252,0.5016,True
0xf787b8a3a4c6990f48614a0b9af8422e3e7a1b63,L3,Sports / Other sport / NYC Daily Weather,480,0.1734,0.1802,2.9,0.606,0.1495,0.1972,True
0xf787b8a3a4c6990f48614a0b9af8422e3e7a1b63,L2t,Sports / Other sport / type=binary,848,0.2163,0.2193,4.52,0.642,0.1626,0.27,True
0xf787b8a3a4c6990f48614a0b9af8422e3e7a1b63,L1b,Sports / price=0.10-0.30,214,0.3903,0.3864,3.17,0.397,0.4598,0.3207,True
0xf787b8a3a4c6990f48614a0b9af8422e3e7a1b63,L1b,Sports / price=0.30-0.50,180,0.2108,0.2242,2.79,0.5,0.2205,0.2011,True
0xf787b8a3a4c6990f48614a0b9af8422e3e7a1b63,L1b,Sports / price=0.50-0.70,69,0.194,0.2279,2.42,0.739,0.0931,0.2919,True
0xf787b8a3a4c6990f48614a0b9af8422e3e7a1b63,L1b,Sports / price=0.70-0.90,170,0.1216,0.1451,6.06,0.882,0.131,0.1122,True
0xf787b8a3a4c6990f48614a0b9af8422e3e7a1b63,L2b,Sports / Other sport / price=0.10-0.30,205,0.3846,0.3811,3.09,0.4,0.4507,0.3191,True
0xf787b8a3a4c6990f48614a0b9af8422e3e7a1b63,L2b,Sports / Other sport / price=0.30-0.50,174,0.2284,0.2404,2.98,0.511,0.2483,0.2085,True
0xf787b8a3a4c6990f48614a0b9af8422e3e7a1b63,L2b,Sports / Other sport / price=0.50-0.70,63,0.2404,0.2655,2.97,0.762,0.1485,0.3294,True
0xf787b8a3a4c6990f48614a0b9af8422e3e7a1b63,L2b,Sports / Other sport / price=0.70-0.90,166,0.121,0.145,5.9,0.88,0.132,0.11,True
0xf787b8a3a4c6990f48614a0b9af8422e3e7a1b63,L2l,Sports / Other sport / live,431,0.2251,0.2304,3.01,0.689,0.0782,0.3713,True
0xf787b8a3a4c6990f48614a0b9af8422e3e7a1b63,L2l,Sports / Other sport / pre,417,0.2072,0.2135,3.51,0.592,0.2473,0.1673,True
0x2c97c0ec81d2fe7887aeffade57196f6b9476d28,L1b,Sports / price=0.10-0.30,384,0.1909,0.1847,2.25,0.393,0.1066,0.2751,True
0x2c97c0ec81d2fe7887aeffade57196f6b9476d28,L2b,Sports / Other sport / price=0.10-0.30,384,0.1909,0.1847,2.25,0.393,0.1066,0.2751,True
0x6a66993790566fa54c1f4eb266417c28ea242c23,L3,Sports / Basketball / NCAA CBB,78,0.2624,0.2233,2.29,0.628,0.1668,0.3579,True
0x03066161477d2b994472fdcfc1a5fc1566d0dcf6,L3,Sports / Basketball / NCAA CBB,203,0.037,0.0318,2.16,0.97,0.0209,0.053,True
0x3335de45972fd32e5d8a3b689e772147f2693656,L2l,Sports / Basketball / pre,101,0.3012,0.2794,2.01,0.624,0.2664,0.3353,True
0xd6a39cef30c927c4d57b5cc519f3a2d0332a9738,L1b,Sports / price=0.30-0.50,438,0.125,0.1195,2.16,0.461,0.0812,0.1688,True
0x066dea1e1c12871afdffecd2c11cdf9636101bff,L1,Esports,471,0.1582,0.1585,2.24,0.582,0.1753,0.1412,True
0x066dea1e1c12871afdffecd2c11cdf9636101bff,L2,Esports / Esports,471,0.1582,0.1585,2.24,0.582,0.1753,0.1412,True
0x066dea1e1c12871afdffecd2c11cdf9636101bff,L3,Esports / Esports / League of Legends,453,0.1756,0.1751,2.4,0.587,0.1887,0.1626,True
0x066dea1e1c12871afdffecd2c11cdf9636101bff,L1b,Esports / price=0.30-0.50,123,0.2369,0.2268,2.23,0.48,0.1978,0.2755,True
0x066dea1e1c12871afdffecd2c11cdf9636101bff,L2b,Esports / Esports / price=0.30-0.50,123,0.2369,0.2268,2.23,0.48,0.1978,0.2755,True
0x066dea1e1c12871afdffecd2c11cdf9636101bff,L2l,Esports / Esports / live,455,0.1635,0.1635,2.25,0.589,0.1792,0.1478,True
0x016082304437e3a4f18da73adccd2d8493771224,L2l,Esports / Esports / pre,235,0.1729,0.1637,2.04,0.511,0.1895,0.1565,True
0x3b4484b6c8cbfdaa383ba337ab3f0d71055e264e,L1,Politics,363,1.2176,1.2111,2.59,0.686,1.4945,0.9422,True
0x3b4484b6c8cbfdaa383ba337ab3f0d71055e264e,L3,Politics / Iran / ?,30,0.7135,0.8652,2.62,0.667,0.1992,1.2277,True
0x3b4484b6c8cbfdaa383ba337ab3f0d71055e264e,L1b,Politics / price=0.10-0.30,66,0.688,0.7821,2.53,0.394,0.6643,0.7118,True
0x3b4484b6c8cbfdaa383ba337ab3f0d71055e264e,L1b,Politics / price=0.50-0.70,74,0.4208,0.5638,6.18,0.824,0.4394,0.4022,True
0x3b4484b6c8cbfdaa383ba337ab3f0d71055e264e,L1b,Politics / price=0.30-0.50,56,0.4254,0.601,2.74,0.571,0.3672,0.4837,True
0x3b4484b6c8cbfdaa383ba337ab3f0d71055e264e,L1b,Politics / price=0.70-0.90,67,0.098,0.3267,2.18,0.866,0.1634,0.0345,True
0x55593894c5f5ba8e80b568fa34a69e7b81f72bd2,L1b,Sports / price=0.70-0.90,51,0.163,0.0973,3.28,0.922,0.1767,0.1499,True
0x8f118d2cd9cba7d9ba9e8b0115c863587c0c4eac,L1,Crypto,38,0.2339,0.1865,2.06,0.816,0.2962,0.1715,True
0x7200ef39ca19e5ded632820a654e9de23ce29299,L1,Sports,3087,0.0436,0.0436,3.51,0.833,0.0457,0.0414,True
0x7200ef39ca19e5ded632820a654e9de23ce29299,L2,Sports / Basketball,772,0.1247,0.1227,3.43,0.657,0.1786,0.0707,True
0x7200ef39ca19e5ded632820a654e9de23ce29299,L3,Sports / Basketball / NBA 2026,709,0.1026,0.101,2.78,0.66,0.1404,0.0649,True
0x7200ef39ca19e5ded632820a654e9de23ce29299,L3,Sports / Baseball / MLB,195,0.2006,0.1861,3.29,0.826,0.0256,0.3737,True
0x7200ef39ca19e5ded632820a654e9de23ce29299,L2t,Sports / Basketball / type=moneyline,58,0.4107,0.317,2.33,0.603,0.6484,0.1731,True
0x7200ef39ca19e5ded632820a654e9de23ce29299,L2t,Sports / Basketball / type=assists,209,0.1782,0.1666,2.73,0.718,0.2832,0.0743,True
0x7200ef39ca19e5ded632820a654e9de23ce29299,L2t,Sports / Soccer / type=soccer_player_goals_plus_assists,670,0.0097,0.0108,2.14,0.994,0.0047,0.0148,True
0x7200ef39ca19e5ded632820a654e9de23ce29299,L1b,Sports / price=0.30-0.50,529,0.1739,0.1692,3.18,0.476,0.1532,0.1945,True
0x7200ef39ca19e5ded632820a654e9de23ce29299,L2b,Sports / Baseball / price=0.30-0.50,58,0.7448,0.5654,4.32,0.655,0.4719,1.0177,True
0x7200ef39ca19e5ded632820a654e9de23ce29299,L2b,Sports / Basketball / price=0.10-0.30,38,0.8558,0.5763,2.61,0.474,0.8132,0.8983,True
0x7200ef39ca19e5ded632820a654e9de23ce29299,L2b,Sports / Basketball / price=0.30-0.50,321,0.1718,0.1644,2.54,0.492,0.1867,0.157,True
0x7200ef39ca19e5ded632820a654e9de23ce29299,L2l,Sports / Basketball / pre,763,0.1274,0.1253,3.48,0.658,0.1777,0.0774,True
0x09fc877d0f2065b37c5cb5aafc0e66602c7d4cd4,L1b,Sports / price=0.70-0.90,52,0.1494,0.0885,2.77,0.904,0.1124,0.1864,True
0xcec07cbd039dce5f84245f647cbd3808bce982dd,L1b,Sports / price=0.30-0.50,106,0.2764,0.2429,2.24,0.509,0.3393,0.2135,True
0xf58474d568b1e1e2b18b3a1b9522c642eb4676a2,L1,Crypto,69,0.5624,0.5525,2.44,0.768,0.3,0.8173,True
0x3803425eddbabb679c44c84470e05e9498917eaf,L1,Sports,1017,0.6945,0.6904,3.33,0.555,1.3058,0.0844,True
0x3803425eddbabb679c44c84470e05e9498917eaf,L2,Sports / Soccer,925,0.7679,0.7618,3.36,0.549,1.3845,0.1526,True
0x3803425eddbabb679c44c84470e05e9498917eaf,L3,Sports / Soccer / FIFA World Cup,742,0.7922,0.7841,3.16,0.549,0.9077,0.6767,True
0x3803425eddbabb679c44c84470e05e9498917eaf,L2t,Sports / Soccer / type=soccer_exact_score,188,1.3636,1.2787,2.43,0.771,2.5122,0.2149,True
0x3803425eddbabb679c44c84470e05e9498917eaf,L2t,Sports / Soccer / type=soccer_player_goals_plus_assists,58,0.0904,0.1907,3.67,0.983,0.1166,0.0643,True
0x3803425eddbabb679c44c84470e05e9498917eaf,L1b,Sports / price=0.00-0.10,162,3.5947,3.2525,2.85,0.185,4.5706,2.6188,True
0x3803425eddbabb679c44c84470e05e9498917eaf,L1b,Sports / price=0.50-0.70,191,0.1989,0.2257,3.66,0.728,0.2886,0.1101,True
0x3803425eddbabb679c44c84470e05e9498917eaf,L2b,Sports / Soccer / price=0.00-0.10,155,3.8022,3.4226,2.89,0.194,3.3015,4.2964,True
0x3803425eddbabb679c44c84470e05e9498917eaf,L2b,Sports / Soccer / price=0.50-0.70,159,0.2215,0.2505,3.78,0.742,0.2826,0.1612,True
0x3803425eddbabb679c44c84470e05e9498917eaf,L2l,Sports / Soccer / live,641,0.8014,0.7918,2.71,0.513,1.4365,0.1684,True
0x3803425eddbabb679c44c84470e05e9498917eaf,L2l,Sports / Soccer / pre,208,0.9594,0.9174,2.14,0.678,1.1468,0.772,True
0x7e445d8d08bc305f55f0ef8de11d75b752b42c35,L1b,Sports / price=0.50-0.70,259,0.1071,0.1204,2.02,0.633,0.0531,0.1607,True
0x7e445d8d08bc305f55f0ef8de11d75b752b42c35,L2b,Sports / Other sport / price=0.50-0.70,259,0.1071,0.1204,2.02,0.633,0.0531,0.1607,True
0x53cf6d87530746e1edf67c5de42dd2e9dfb40479,L2b,Sports / Other sport / price=0.50-0.70,125,0.1612,0.1396,2.54,0.704,0.1347,0.1872,True
0x5c08f27559956e9c4fa008c65f79017fe548eba9,L1,Politics,293,0.2299,0.2292,3.48,0.669,0.3077,0.1527,True
0x5c08f27559956e9c4fa008c65f79017fe548eba9,L2,Politics / Trump,85,0.2963,0.2816,2.04,0.671,0.292,0.3005,True
0x5c08f27559956e9c4fa008c65f79017fe548eba9,L2,Politics / Geopolitics,75,0.315,0.2948,2.61,0.693,0.216,0.4113,True
0x5c08f27559956e9c4fa008c65f79017fe548eba9,L3,Politics / Trump / ?,80,0.318,0.2983,2.07,0.662,0.3111,0.3249,True
0x5c08f27559956e9c4fa008c65f79017fe548eba9,L3,Politics / Geopolitics / ?,74,0.317,0.2962,2.59,0.689,0.2132,0.4208,True
0x5c08f27559956e9c4fa008c65f79017fe548eba9,L2t,Politics / Geopolitics / type=binary,75,0.315,0.2948,2.61,0.693,0.216,0.4113,True
0x5c08f27559956e9c4fa008c65f79017fe548eba9,L1b,Politics / price=0.30-0.50,79,0.5324,0.4691,3.82,0.608,0.6734,0.3949,True
0xe8ca3f758c93f44f3ec210542ab78afb7c0bcccb,L1,Sports,1494,4.3452,4.3381,4.33,0.71,2.6039,6.0865,True
0xe8ca3f758c93f44f3ec210542ab78afb7c0bcccb,L1,Esports,454,2.0627,2.1366,4.24,0.656,2.5478,1.5777,True
0xe8ca3f758c93f44f3ec210542ab78afb7c0bcccb,L2,Sports / Tennis,550,4.2364,4.2216,5.86,0.718,6.2116,2.2612,True
0xe8ca3f758c93f44f3ec210542ab78afb7c0bcccb,L2,Esports / Esports,454,2.0627,2.1366,4.24,0.656,2.5478,1.5777,True
0xe8ca3f758c93f44f3ec210542ab78afb7c0bcccb,L2,Sports / American Football,50,6.7917,5.9407,4.59,0.54,2.2195,11.364,True
0xe8ca3f758c93f44f3ec210542ab78afb7c0bcccb,L2,Sports / Hockey,95,0.6505,1.2005,3.67,0.832,0.499,0.7988,True
0xe8ca3f758c93f44f3ec210542ab78afb7c0bcccb,L3,Sports / Tennis / WTA,126,6.8616,6.444,3.33,0.754,5.6503,8.0729,True
0xe8ca3f758c93f44f3ec210542ab78afb7c0bcccb,L3,Sports / Tennis / ATP,252,4.3811,4.3393,4.0,0.73,2.6828,6.0794,True
0xe8ca3f758c93f44f3ec210542ab78afb7c0bcccb,L3,Sports / American Football / CFB 2026,39,8.5701,6.9576,4.77,0.564,5.5919,11.3994,True
0xe8ca3f758c93f44f3ec210542ab78afb7c0bcccb,L3,Esports / Esports / Counter Strike,195,2.4554,2.5817,2.9,0.636,3.443,1.4778,True
0xe8ca3f758c93f44f3ec210542ab78afb7c0bcccb,L3,Sports / Tennis / ATP Doubles,49,2.2356,2.6929,3.35,0.714,3.6709,0.8577,True
0xe8ca3f758c93f44f3ec210542ab78afb7c0bcccb,L3,Sports / Tennis / WTA Doubles,37,2.6557,3.0619,2.19,0.622,2.1884,3.0984,True
0xe8ca3f758c93f44f3ec210542ab78afb7c0bcccb,L3,Esports / Esports / League of Legends,92,0.9758,1.4825,2.79,0.641,1.6633,0.2883,True
0xe8ca3f758c93f44f3ec210542ab78afb7c0bcccb,L3,Esports / Esports / Valorant,67,0.9523,1.6099,2.36,0.687,1.0819,0.8264,True
0xe8ca3f758c93f44f3ec210542ab78afb7c0bcccb,L3,Sports / Soccer / FIFA World Cup,30,0.7324,1.9647,4.47,0.9,1.1646,0.3003,True
0xe8ca3f758c93f44f3ec210542ab78afb7c0bcccb,L3,Esports / Esports / Dota 2,50,0.5458,1.4793,3.31,0.74,0.5595,0.5322,True
0xe8ca3f758c93f44f3ec210542ab78afb7c0bcccb,L3,Sports / Hockey / NHL 2026,86,0.4943,1.1205,3.88,0.826,0.5196,0.469,True
0xe8ca3f758c93f44f3ec210542ab78afb7c0bcccb,L2t,Sports / Tennis / type=tennis_match_totals,91,14.7377,12.7693,4.16,0.626,23.4222,6.242,True
0xe8ca3f758c93f44f3ec210542ab78afb7c0bcccb,L2t,Esports / Esports / type=map_handicap,92,3.4771,3.5371,2.22,0.641,5.6429,1.3112,True
0xe8ca3f758c93f44f3ec210542ab78afb7c0bcccb,L2t,Sports / Tennis / type=tennis_first_set_totals,100,2.9657,3.107,2.43,0.74,4.2922,1.6392,True
0xe8ca3f758c93f44f3ec210542ab78afb7c0bcccb,L2t,Sports / Tennis / type=moneyline,267,1.4871,1.6492,5.68,0.768,1.0236,1.9471,True
0xe8ca3f758c93f44f3ec210542ab78afb7c0bcccb,L2t,Esports / Esports / type=child_moneyline,149,1.9124,2.1373,2.43,0.631,2.7508,1.0851,True
0xe8ca3f758c93f44f3ec210542ab78afb7c0bcccb,L2t,Esports / Esports / type=moneyline,137,0.9411,1.307,3.33,0.708,0.8147,1.0657,True
0xe8ca3f758c93f44f3ec210542ab78afb7c0bcccb,L2t,Sports / Soccer / type=soccer_team_totals,31,1.1902,2.2188,3.84,0.871,1.4203,0.9744,True
0xe8ca3f758c93f44f3ec210542ab78afb7c0bcccb,L2t,Sports / Soccer / type=moneyline,85,0.6288,1.2354,2.12,0.694,0.561,0.695,True
0xe8ca3f758c93f44f3ec210542ab78afb7c0bcccb,L2t,Sports / Hockey / type=totals,74,0.568,1.2585,3.95,0.865,0.6429,0.4931,True
0xe8ca3f758c93f44f3ec210542ab78afb7c0bcccb,L2t,Sports / Soccer / type=spreads,77,0.3695,1.0796,3.55,0.844,0.4975,0.2448,True
0xe8ca3f758c93f44f3ec210542ab78afb7c0bcccb,L1b,Sports / price=0.00-0.10,250,23.4242,21.9716,4.0,0.508,19.25,27.5984,True
0xe8ca3f758c93f44f3ec210542ab78afb7c0bcccb,L1b,Esports / price=0.00-0.10,62,11.4868,9.6152,3.47,0.468,15.2717,7.7018,True
0xe8ca3f758c93f44f3ec210542ab78afb7c0bcccb,L1b,Sports / price=0.10-0.30,315,1.0438,1.2091,8.39,0.619,1.0074,1.0799,True
0xe8ca3f758c93f44f3ec210542ab78afb7c0bcccb,L1b,Esports / price=0.10-0.30,103,1.3341,1.7372,5.1,0.612,1.2972,1.3703,True
0xe8ca3f758c93f44f3ec210542ab78afb7c0bcccb,L1b,Sports / price=0.30-0.50,336,0.4658,0.6539,9.44,0.75,0.4034,0.5282,True
0xe8ca3f758c93f44f3ec210542ab78afb7c0bcccb,L1b,Esports / price=0.30-0.50,140,0.4067,0.8326,4.58,0.679,0.5426,0.2709,True
0xe8ca3f758c93f44f3ec210542ab78afb7c0bcccb,L1b,Sports / price=0.50-0.70,433,0.3096,0.4642,10.41,0.792,0.2936,0.3254,True
0xe8ca3f758c93f44f3ec210542ab78afb7c0bcccb,L1b,Esports / price=0.50-0.70,128,0.2185,0.7043,3.85,0.742,0.2414,0.1957,True
0xe8ca3f758c93f44f3ec210542ab78afb7c0bcccb,L1b,Sports / price=0.70-0.90,149,0.1053,0.5441,3.69,0.886,0.113,0.0977,True
0xe8ca3f758c93f44f3ec210542ab78afb7c0bcccb,L2b,Sports / Tennis / price=0.00-0.10,93,22.361,19.0782,5.97,0.516,31.7353,13.1861,True
0xe8ca3f758c93f44f3ec210542ab78afb7c0bcccb,L2b,Esports / Esports / price=0.00-0.10,62,11.4868,9.6152,3.47,0.468,15.2717,7.7018,True
0xe8ca3f758c93f44f3ec210542ab78afb7c0bcccb,L2b,Sports / American Football / price=0.00-0.10,30,10.8416,8.0302,5.01,0.567,9.3498,12.3333,True
0xe8ca3f758c93f44f3ec210542ab78afb7c0bcccb,L2b,Esports / Esports / price=0.10-0.30,103,1.3341,1.7372,5.1,0.612,1.2972,1.3703,True
0xe8ca3f758c93f44f3ec210542ab78afb7c0bcccb,L2b,Sports / Tennis / price=0.10-0.30,118,1.1443,1.5311,5.57,0.661,0.9087,1.38,True
0xe8ca3f758c93f44f3ec210542ab78afb7c0bcccb,L2b,Sports / Soccer / price=0.10-0.30,86,0.8421,1.4027,3.54,0.547,0.9946,0.6896,True
0xe8ca3f758c93f44f3ec210542ab78afb7c0bcccb,L2b,Sports / Other sport / price=0.10-0.30,46,0.9437,1.8133,2.95,0.565,1.0205,0.8669,True
0xe8ca3f758c93f44f3ec210542ab78afb7c0bcccb,L2b,Sports / Soccer / price=0.30-0.50,79,0.6445,1.2846,6.26,0.785,0.4747,0.81,True
0xe8ca3f758c93f44f3ec210542ab78afb7c0bcccb,L2b,Sports / Tennis / price=0.30-0.50,148,0.4534,0.8534,6.25,0.777,0.4128,0.4941,True
0xe8ca3f758c93f44f3ec210542ab78afb7c0bcccb,L2b,Sports / Basketball / price=0.50-0.70,33,0.5397,1.775,5.3,0.788,0.4982,0.5787,True
0xe8ca3f758c93f44f3ec210542ab78afb7c0bcccb,L2b,Sports / Other sport / price=0.30-0.50,45,0.4719,1.5,3.51,0.778,0.6248,0.3256,True
0xe8ca3f758c93f44f3ec210542ab78afb7c0bcccb,L2b,Esports / Esports / price=0.30-0.50,140,0.4067,0.8326,4.58,0.679,0.5426,0.2709,True
0xe8ca3f758c93f44f3ec210542ab78afb7c0bcccb,L2b,Sports / Other sport / price=0.50-0.70,59,0.3216,1.2055,3.82,0.78,0.3746,0.2703,True
0xe8ca3f758c93f44f3ec210542ab78afb7c0bcccb,L2b,Sports / Hockey / price=0.50-0.70,42,0.277,1.4177,5.87,0.929,0.2644,0.2897,True
0xe8ca3f758c93f44f3ec210542ab78afb7c0bcccb,L2b,Sports / Soccer / price=0.50-0.70,109,0.2739,0.8227,4.46,0.752,0.2354,0.3117,True
0xe8ca3f758c93f44f3ec210542ab78afb7c0bcccb,L2b,Sports / Tennis / price=0.50-0.70,164,0.2809,0.6648,5.38,0.799,0.2763,0.2855,True
0xe8ca3f758c93f44f3ec210542ab78afb7c0bcccb,L2b,Esports / Esports / price=0.50-0.70,128,0.2185,0.7043,3.85,0.742,0.2414,0.1957,True
0xe8ca3f758c93f44f3ec210542ab78afb7c0bcccb,L2b,Sports / Soccer / price=0.70-0.90,72,0.1356,0.9351,4.92,0.931,0.1811,0.0901,True
0xe8ca3f758c93f44f3ec210542ab78afb7c0bcccb,L2l,Sports / Tennis / live,120,12.5374,11.2911,4.38,0.55,19.7562,5.3185,True
0xe8ca3f758c93f44f3ec210542ab78afb7c0bcccb,L2l,Esports / Esports / live,147,3.9375,3.9226,2.8,0.571,4.8578,3.0296,True
0xe8ca3f758c93f44f3ec210542ab78afb7c0bcccb,L2l,Sports / American Football / pre,43,7.924,6.619,4.77,0.558,3.1007,12.5281,True
0xe8ca3f758c93f44f3ec210542ab78afb7c0bcccb,L2l,Sports / Tennis / pre,430,1.9199,2.004,4.77,0.765,2.3805,1.4593,True
0xe8ca3f758c93f44f3ec210542ab78afb7c0bcccb,L2l,Esports / Esports / pre,307,1.1651,1.327,4.74,0.697,1.015,1.3141,True
0xe8ca3f758c93f44f3ec210542ab78afb7c0bcccb,L2l,Sports / Other sport / live,91,1.4001,1.8349,2.1,0.626,2.3577,0.4633,True
0xe8ca3f758c93f44f3ec210542ab78afb7c0bcccb,L2l,Sports / Soccer / pre,253,0.6401,0.8726,5.04,0.775,0.6166,0.6634,True
0xe8ca3f758c93f44f3ec210542ab78afb7c0bcccb,L2l,Sports / Hockey / pre,59,0.9598,1.6822,3.73,0.932,0.9756,0.9446,True
0x85fb1b29bc068bee293923cc7e072dff890889ba,L2l,Esports / Esports / pre,49,0.2592,0.1735,2.36,0.857,0.3676,0.155,True
0xb589734f08a5b12a7b6f30b782a5deeace3f91e3,L1,Esports,552,0.1277,0.1282,2.1,0.518,0.0949,0.1606,True
0xb589734f08a5b12a7b6f30b782a5deeace3f91e3,L1,Sports,27,0.3847,0.2805,0.77,0.519,0.8754,-0.0709,False
0xb589734f08a5b12a7b6f30b782a5deeace3f91e3,L2,Esports / Esports,552,0.1277,0.1282,2.1,0.518,0.0949,0.1606,True
0xb589734f08a5b12a7b6f30b782a5deeace3f91e3,L3,Esports / Esports / League of Legends,545,0.1297,0.13,2.11,0.517,0.0979,0.1613,True
0xb589734f08a5b12a7b6f30b782a5deeace3f91e3,L2t,Esports / Esports / type=child_moneyline,445,0.136,0.1361,1.94,0.512,0.0671,0.2045,False
0xb589734f08a5b12a7b6f30b782a5deeace3f91e3,L2t,Esports / Esports / type=moneyline,96,0.0701,0.0821,0.55,0.521,0.1763,-0.0361,False
0xb589734f08a5b12a7b6f30b782a5deeace3f91e3,L1b,Esports / price=0.10-0.30,115,0.5202,0.4638,2.45,0.339,0.4026,0.6357,True
0xb589734f08a5b12a7b6f30b782a5deeace3f91e3,L1b,Esports / price=0.30-0.50,182,0.0475,0.0567,0.5,0.412,0.0427,0.0524,False
0xb589734f08a5b12a7b6f30b782a5deeace3f91e3,L1b,Esports / price=0.70-0.90,97,-0.0126,0.0134,-0.24,0.784,-0.0048,-0.0202,False
0xb589734f08a5b12a7b6f30b782a5deeace3f91e3,L1b,Esports / price=0.50-0.70,136,-0.0144,0.0053,-0.21,0.588,-0.0579,0.029,False
0xb589734f08a5b12a7b6f30b782a5deeace3f91e3,L2b,Esports / Esports / price=0.10-0.30,115,0.5202,0.4638,2.45,0.339,0.4026,0.6357,True
0xb589734f08a5b12a7b6f30b782a5deeace3f91e3,L2b,Esports / Esports / price=0.30-0.50,182,0.0475,0.0567,0.5,0.412,0.0427,0.0524,False
0xb589734f08a5b12a7b6f30b782a5deeace3f91e3,L2b,Esports / Esports / price=0.70-0.90,97,-0.0126,0.0134,-0.24,0.784,-0.0048,-0.0202,False
0xb589734f08a5b12a7b6f30b782a5deeace3f91e3,L2b,Esports / Esports / price=0.50-0.70,136,-0.0144,0.0053,-0.21,0.588,-0.0579,0.029,False
0xb589734f08a5b12a7b6f30b782a5deeace3f91e3,L2l,Esports / Esports / live,533,0.1187,0.1195,1.91,0.512,0.0935,0.1439,False
0x97627da73b93a4a5a1ac16c9f2ff8634887573fb,L1,Other,53,0.2706,0.2025,5.27,0.83,0.3218,0.2212,True
0x97627da73b93a4a5a1ac16c9f2ff8634887573fb,L2,Other / ?,53,0.2706,0.2025,5.27,0.83,0.3218,0.2212,True
0x97627da73b93a4a5a1ac16c9f2ff8634887573fb,L3,Other / ? / ?,53,0.2706,0.2025,5.27,0.83,0.3218,0.2212,True
0x97627da73b93a4a5a1ac16c9f2ff8634887573fb,L2t,Other / ? / type=binary,53,0.2706,0.2025,5.27,0.83,0.3218,0.2212,True
0xb7aba0e44edb6773c3b3a8308aae8a24781fa2d1,L1,Sports,197,0.2088,0.2088,2.61,0.609,0.2126,0.205,True
0xb7aba0e44edb6773c3b3a8308aae8a24781fa2d1,L1b,Sports / price=0.30-0.50,73,0.4081,0.3653,2.87,0.589,0.5088,0.3102,True
0x230755b8a6272ad35b4e69b50ce7c6dfc9632162,L1,Sports,378,0.1661,0.162,3.22,0.646,0.2704,0.0619,True
0x230755b8a6272ad35b4e69b50ce7c6dfc9632162,L2,Sports / Soccer,78,0.5559,0.4596,3.82,0.795,0.4845,0.6274,True
0x230755b8a6272ad35b4e69b50ce7c6dfc9632162,L3,Sports / Soccer / FIFA World Cup,69,0.6124,0.4936,3.76,0.812,0.5444,0.6784,True
0x230755b8a6272ad35b4e69b50ce7c6dfc9632162,L2t,Sports / Soccer / type=soccer_player_shots,33,0.9593,0.6289,3.19,0.818,1.3103,0.6289,True
0x230755b8a6272ad35b4e69b50ce7c6dfc9632162,L1b,Sports / price=0.70-0.90,45,0.1108,0.1025,2.02,0.844,0.1487,0.0746,True
0x230755b8a6272ad35b4e69b50ce7c6dfc9632162,L2l,Sports / Soccer / pre,68,0.6203,0.4984,3.76,0.809,0.5422,0.6983,True
0x8d834f40b950244aa91edbe6d638be0409bad89c,L1,Esports,91,0.3067,0.2904,2.71,0.659,0.4746,0.1425,True
0x8d834f40b950244aa91edbe6d638be0409bad89c,L2,Esports / Esports,91,0.3067,0.2904,2.71,0.659,0.4746,0.1425,True
0x8d834f40b950244aa91edbe6d638be0409bad89c,L3,Esports / Esports / League of Legends,80,0.2849,0.2711,2.42,0.662,0.4936,0.0762,True
0x8d834f40b950244aa91edbe6d638be0409bad89c,L2t,Esports / Esports / type=moneyline,51,0.3451,0.3087,2.16,0.647,0.454,0.2405,True
0x8d834f40b950244aa91edbe6d638be0409bad89c,L1b,Esports / price=0.30-0.50,35,0.5123,0.4045,2.42,0.6,0.7637,0.2749,True
0x8d834f40b950244aa91edbe6d638be0409bad89c,L2b,Esports / Esports / price=0.30-0.50,35,0.5123,0.4045,2.42,0.6,0.7637,0.2749,True
0x8d834f40b950244aa91edbe6d638be0409bad89c,L2l,Esports / Esports / pre,39,0.4845,0.3935,2.6,0.692,0.5606,0.4123,True
0xb8fe807aa951e35af53fd0fee36abc303864ce76,L2,Other / Middle East,42,1.1275,0.8444,2.38,0.762,2.2425,0.0125,True
0xb8fe807aa951e35af53fd0fee36abc303864ce76,L2t,Other / Middle East / type=binary,38,1.2496,0.9049,2.4,0.842,2.4884,0.0108,True
0x33240d9ab5ff8a2c529e5379a59c538124933b4c,L3,Sports / American Football / NFL 2026,34,0.9651,0.6078,2.48,0.529,0.5934,1.3368,True
0x33240d9ab5ff8a2c529e5379a59c538124933b4c,L2b,Sports / Basketball / price=0.30-0.50,104,0.3333,0.2796,2.69,0.529,0.296,0.3705,True
0x8e48477d8466e5c83f5ba23a8db0edc8f2939c5f,L1,Sports,130,0.0718,0.0675,0.56,0.562,0.1182,0.0253,False
0x8e48477d8466e5c83f5ba23a8db0edc8f2939c5f,L2,Sports / Basketball,38,0.6644,0.4491,2.02,0.684,1.0969,0.2319,True
0x8e48477d8466e5c83f5ba23a8db0edc8f2939c5f,L2,Sports / Soccer,64,-0.2708,-0.1968,-2.52,0.516,-0.287,-0.2546,False
0x8e48477d8466e5c83f5ba23a8db0edc8f2939c5f,L3,Sports / Basketball / NBA 2026,37,0.7094,0.4745,2.12,0.703,1.1431,0.2985,True
0x8e48477d8466e5c83f5ba23a8db0edc8f2939c5f,L3,Sports / Soccer / FIFA World Cup,20,-0.3262,-0.1432,-1.94,0.5,-0.4277,-0.2247,False
0x8e48477d8466e5c83f5ba23a8db0edc8f2939c5f,L2t,Sports / Basketball / type=moneyline,38,0.6644,0.4491,2.02,0.684,1.0969,0.2319,True
0x8e48477d8466e5c83f5ba23a8db0edc8f2939c5f,L2t,Sports / Soccer / type=moneyline,55,-0.2703,-0.1876,-2.35,0.527,-0.308,-0.2339,False
0x8e48477d8466e5c83f5ba23a8db0edc8f2939c5f,L1b,Sports / price=0.10-0.30,44,0.2182,0.1625,0.62,0.227,0.6876,-0.2511,False
0x8e48477d8466e5c83f5ba23a8db0edc8f2939c5f,L1b,Sports / price=0.70-0.90,52,0.0444,0.0432,0.7,0.827,-0.0464,0.1352,False
0x8e48477d8466e5c83f5ba23a8db0edc8f2939c5f,L2b,Sports / Soccer / price=0.70-0.90,24,0.1242,0.0859,1.7,0.917,0.118,0.1304,False
0x8e48477d8466e5c83f5ba23a8db0edc8f2939c5f,L2b,Sports / Basketball / price=0.70-0.90,20,0.0057,0.0228,0.05,0.8,0.126,-0.1147,False
0x8e48477d8466e5c83f5ba23a8db0edc8f2939c5f,L2b,Sports / Soccer / price=0.10-0.30,22,-0.7934,-0.3966,-3.84,0.045,-0.5868,-1.0,False
0x8e48477d8466e5c83f5ba23a8db0edc8f2939c5f,L2l,Sports / Basketball / pre,38,0.6644,0.4491,2.02,0.684,1.0969,0.2319,True
0x8e48477d8466e5c83f5ba23a8db0edc8f2939c5f,L2l,Sports / Soccer / pre,64,-0.2708,-0.1968,-2.52,0.516,-0.287,-0.2546,False
0xd4208faacb9a0db6a924106eb1e64e3fb58edf90,L2l,Sports / American Football / pre,65,0.2231,0.1771,2.03,0.677,0.3872,0.0641,True
0x1cc16713196d456f86fa9c7387dd326a7f73b8df,L1,Sports,134,0.6742,0.6017,2.58,0.664,0.364,0.9844,True
0x1cc16713196d456f86fa9c7387dd326a7f73b8df,L2,Sports / Other sport,80,1.0518,0.8646,2.49,0.7,0.5912,1.5124,True
0x1cc16713196d456f86fa9c7387dd326a7f73b8df,L3,Sports / Other sport / ?,74,1.086,0.8796,2.38,0.689,0.6204,1.5516,True
0x1cc16713196d456f86fa9c7387dd326a7f73b8df,L2t,Sports / Other sport / type=binary,80,1.0518,0.8646,2.49,0.7,0.5912,1.5124,True
0x1cc16713196d456f86fa9c7387dd326a7f73b8df,L2l,Sports / Other sport / pre,57,1.46,1.1109,2.51,0.684,0.7769,2.1195,True
0xe5234c7a3166c4d5b95b0204667c0c54574df087,L2,Sports / MMA/Boxing,232,0.1809,0.1776,2.15,0.513,0.2676,0.0941,True
0xe5234c7a3166c4d5b95b0204667c0c54574df087,L3,Sports / MMA/Boxing / ?,73,0.3424,0.2986,2.18,0.562,0.5248,0.1648,True
0xe5234c7a3166c4d5b95b0204667c0c54574df087,L2t,Sports / MMA/Boxing / type=moneyline,210,0.1783,0.1749,2.12,0.519,0.2418,0.1148,True
0xe5234c7a3166c4d5b95b0204667c0c54574df087,L1b,Sports / price=0.30-0.50,99,0.3035,0.2759,2.47,0.505,0.4704,0.1399,True
0xe5234c7a3166c4d5b95b0204667c0c54574df087,L2b,Sports / MMA/Boxing / price=0.30-0.50,78,0.4402,0.3787,3.14,0.564,0.5165,0.3639,True
0xe5234c7a3166c4d5b95b0204667c0c54574df087,L2l,Sports / MMA/Boxing / pre,211,0.1723,0.1695,2.06,0.521,0.2369,0.1084,True
0x151275ec1be5ba83bb15fc9df34aa43f7e4b68f3,L2t,Esports / Esports / type=cs2_odd_even_total_rounds,42,0.0026,0.0092,3.19,1.0,0.0039,0.0013,True
0xc3f056a4986211fc6d2cb114ec8192ff667b9e29,L2,Sports / Baseball,45,0.2669,0.1967,2.6,0.733,0.3059,0.2296,True
0xc3f056a4986211fc6d2cb114ec8192ff667b9e29,L3,Esports / Esports / League of Legends,46,0.2708,0.2005,2.34,0.674,0.2803,0.2613,True
0xc3f056a4986211fc6d2cb114ec8192ff667b9e29,L3,Sports / Baseball / MLB,44,0.2512,0.1848,2.42,0.727,0.3059,0.1964,True
0xc3f056a4986211fc6d2cb114ec8192ff667b9e29,L1b,Sports / price=0.50-0.70,86,0.1934,0.1642,2.47,0.663,0.2741,0.1127,True
0x6f0c0365e9683a88d88b63bf2be7ea5ce25ba691,L2t,Esports / Esports / type=moneyline,164,0.2901,0.2728,2.53,0.671,0.1885,0.3918,True
0x6f0c0365e9683a88d88b63bf2be7ea5ce25ba691,L2b,Esports / Esports / price=0.50-0.70,71,0.1913,0.178,2.05,0.704,0.1438,0.2375,True
0xd353c5971f18b51941a1d29ffdc2e63ca7fcf6ac,L1,Crypto,69,0.1799,0.1386,2.12,0.739,0.3063,0.0572,True
0x6557f72e92eacae9ff8333f7c3aa81aa9466ec12,L3,Sports / Basketball / NBA 2026,66,0.3657,0.2892,2.18,0.545,0.0614,0.6701,True
0x6557f72e92eacae9ff8333f7c3aa81aa9466ec12,L2b,Sports / Basketball / price=0.30-0.50,52,0.3992,0.2986,2.41,0.558,0.2934,0.505,True
0xe0fce2a936f0152209789f856bbe437b4125097e,L1b,Sports / price=0.70-0.90,105,0.0892,0.0667,2.06,0.857,0.1048,0.0739,True
0x03fb6d1a1a5ae81f48be86d9df51ba51bd7a9f7c,L3,Sports / Soccer / FIFA World Cup,56,0.3512,0.2538,2.28,0.607,0.3398,0.3625,True
0x3db4c677e267cba4982c8d286c5544c72220d69b,L1,Esports,244,0.3144,0.3089,4.03,0.59,0.2769,0.352,True
0x3db4c677e267cba4982c8d286c5544c72220d69b,L2,Esports / Esports,244,0.3144,0.3089,4.03,0.59,0.2769,0.352,True
0x3db4c677e267cba4982c8d286c5544c72220d69b,L3,Esports / Esports / Counter Strike,243,0.3111,0.3057,3.97,0.588,0.2698,0.352,True
0x3db4c677e267cba4982c8d286c5544c72220d69b,L2t,Esports / Esports / type=moneyline,139,0.3455,0.3324,3.13,0.59,0.3262,0.3646,True
0x3db4c677e267cba4982c8d286c5544c72220d69b,L2t,Esports / Esports / type=child_moneyline,95,0.3172,0.304,2.82,0.611,0.2366,0.3961,True
0x3db4c677e267cba4982c8d286c5544c72220d69b,L1b,Esports / price=0.30-0.50,123,0.2848,0.2787,2.68,0.561,0.2953,0.2746,True
0x3db4c677e267cba4982c8d286c5544c72220d69b,L2b,Esports / Esports / price=0.30-0.50,123,0.2848,0.2787,2.68,0.561,0.2953,0.2746,True
0x3db4c677e267cba4982c8d286c5544c72220d69b,L2l,Esports / Esports / live,162,0.2835,0.2789,3.17,0.599,0.2423,0.3248,True
0x3db4c677e267cba4982c8d286c5544c72220d69b,L2l,Esports / Esports / pre,82,0.3754,0.3491,2.48,0.573,0.4241,0.3268,True
0xc0c093d2511e98431bcadb78c07dd7ba723e1506,L2b,Sports / Tennis / price=0.70-0.90,51,0.1204,0.0816,2.94,0.765,0.0569,0.1814,True
0x2ed38d810b127567c6f63021ac2ef9224b12274c,L2b,Sports / Other sport / price=0.50-0.70,217,0.1505,0.1368,2.73,0.677,0.1008,0.1999,True
0xa16b4c92b3c733051b84da572151b8480406b541,L1,Esports,154,0.23,0.2269,2.89,0.617,0.1784,0.2815,True
0xa16b4c92b3c733051b84da572151b8480406b541,L2,Esports / Esports,154,0.23,0.2269,2.89,0.617,0.1784,0.2815,True
0xa16b4c92b3c733051b84da572151b8480406b541,L3,Esports / Esports / Counter Strike,153,0.231,0.2277,2.88,0.614,0.1798,0.2815,True
0xa16b4c92b3c733051b84da572151b8480406b541,L2t,Esports / Esports / type=moneyline,51,0.3847,0.3335,3.02,0.706,0.4702,0.3026,True
0xa16b4c92b3c733051b84da572151b8480406b541,L1b,Esports / price=0.30-0.50,63,0.4398,0.3827,3.29,0.667,0.2484,0.6253,True
0xa16b4c92b3c733051b84da572151b8480406b541,L1b,Sports / price=0.50-0.70,32,0.3289,0.2804,2.26,0.688,0.2295,0.4282,True
0xa16b4c92b3c733051b84da572151b8480406b541,L2b,Esports / Esports / price=0.30-0.50,63,0.4398,0.3827,3.29,0.667,0.2484,0.6253,True
0xa16b4c92b3c733051b84da572151b8480406b541,L2b,Sports / Soccer / price=0.50-0.70,31,0.312,0.2692,2.09,0.677,0.1965,0.4203,True
0xa16b4c92b3c733051b84da572151b8480406b541,L2l,Esports / Esports / pre,46,0.4056,0.3441,2.89,0.696,0.4868,0.3244,True
0x31ac4abf74f55298ae58d9bfd53ebf766be58b4c,L1b,Sports / price=0.50-0.70,99,0.0997,0.0967,2.07,0.495,0.1795,0.0214,True
0xd2e5fca0d0befce04774208336fddd5b4657c638,L3,Sports / Soccer / FIFA World Cup,535,0.2146,0.2065,2.17,0.439,0.2671,0.1622,True
0xf1d5baedaf20abc202474fb3fe958858012c54d5,L2b,Esports / Esports / price=0.70-0.90,80,0.0926,0.0879,2.05,0.825,0.0646,0.1205,True
0x0f0bc79935e6243024691b7e9bdbbee9bebdf901,L3,Esports / Esports / Counter Strike,268,0.1348,0.1338,2.11,0.586,0.0461,0.2236,True
0x0f0bc79935e6243024691b7e9bdbbee9bebdf901,L2l,Esports / Esports / live,282,0.1376,0.1364,2.23,0.592,0.0176,0.2576,True
0xbee7cc708b9df1f0f9807160c60a5d811bf2dc3a,L1,Sports,174,0.4403,0.4101,2.05,0.443,0.0447,0.8358,True
0xbee7cc708b9df1f0f9807160c60a5d811bf2dc3a,L3,Sports / Soccer / Concacaf Nations League,31,2.1741,1.3796,2.47,0.581,3.0257,1.3758,True
0xbee7cc708b9df1f0f9807160c60a5d811bf2dc3a,L2l,Sports / Soccer / pre,50,1.1003,0.8282,2.21,0.56,0.1855,2.0151,True
0xb1a70ee02bf3a3100afadff67c82cacb4a098150,L3,Sports / Basketball / WNBA,50,0.2085,0.1477,3.16,0.88,0.1413,0.2757,True
0xb1a70ee02bf3a3100afadff67c82cacb4a098150,L3,Sports / Soccer / UEFA Nations League,42,0.1685,0.1127,2.22,0.857,0.1234,0.2135,True
0xb1a70ee02bf3a3100afadff67c82cacb4a098150,L3,Esports / Esports / Valorant,32,0.1762,0.1068,2.17,0.875,0.2676,0.0848,True
0xb1a70ee02bf3a3100afadff67c82cacb4a098150,L2b,Sports / Basketball / price=0.70-0.90,115,0.0907,0.0767,2.04,0.843,0.1029,0.0788,True
0xbb470eb71ef35774819891415574729028e1e76c,L1,Sports,241,0.1425,0.1392,2.07,0.577,0.1905,0.095,True
0xbb470eb71ef35774819891415574729028e1e76c,L2,Sports / Baseball,118,0.221,0.2034,2.52,0.636,0.2201,0.2219,True
0xbb470eb71ef35774819891415574729028e1e76c,L3,Sports / Baseball / MLB,118,0.221,0.2034,2.52,0.636,0.2201,0.2219,True
0xbb470eb71ef35774819891415574729028e1e76c,L2t,Sports / Baseball / type=moneyline,81,0.247,0.2178,2.44,0.667,0.204,0.2889,True
0xbb470eb71ef35774819891415574729028e1e76c,L1b,Sports / price=0.30-0.50,72,0.3091,0.2636,2.31,0.583,0.1873,0.4309,True
0xbb470eb71ef35774819891415574729028e1e76c,L2b,Sports / Baseball / price=0.30-0.50,34,0.5156,0.3615,2.79,0.676,0.4389,0.5923,True
0xbb470eb71ef35774819891415574729028e1e76c,L2l,Sports / Baseball / pre,118,0.221,0.2034,2.52,0.636,0.2201,0.2219,True
0x3e856790872025b26922999651992ea70bfe788b,L2,Sports / Basketball,369,0.1326,0.1211,2.2,0.545,0.1686,0.0967,True
0x3e856790872025b26922999651992ea70bfe788b,L3,Sports / Basketball / NBA 2026,365,0.1312,0.1196,2.15,0.542,0.1649,0.0977,True
0x3e856790872025b26922999651992ea70bfe788b,L3,Sports / Tennis / ITF,60,0.2458,0.1614,2.4,0.783,0.3972,0.0944,True
0x3e856790872025b26922999651992ea70bfe788b,L2t,Sports / Basketball / type=assists,113,0.2232,0.1758,2.03,0.602,0.3451,0.1035,True
0x3e856790872025b26922999651992ea70bfe788b,L2b,Sports / Basketball / price=0.50-0.70,38,0.257,0.1367,2.26,0.605,0.146,0.368,True
0x3e856790872025b26922999651992ea70bfe788b,L2l,Sports / Basketball / pre,366,0.1336,0.1219,2.19,0.541,0.175,0.0922,True
0x2997b926c5cd9fe03ddc3aa3bc21305dc3f0f19e,L3,Esports / Esports / Counter Strike,92,0.4711,0.372,2.21,0.565,0.3549,0.5872,True
0x00816accec71a24c18475ba18e86199e553c947b,L1b,Weather / price=0.30-0.50,42,0.3603,0.2765,2.31,0.571,0.1973,0.5233,True
0x00816accec71a24c18475ba18e86199e553c947b,L2b,Weather / Recurring / price=0.30-0.50,42,0.3603,0.2765,2.31,0.571,0.1973,0.5233,True
0xc4b10add55ece98d6f7d6a5005e4dafd3bf2d21f,L1b,Sports / price=0.30-0.50,199,0.18,0.1593,2.23,0.482,0.2488,0.112,True
0x6a7a02103b97dd1ccc4ed402fffb8bf67ea66c9a,L2b,Sports / Other sport / price=0.30-0.50,42,0.325,0.2178,2.22,0.548,0.3811,0.2689,True
0xf68974365814b5c3c6b27b3cc5630180c81c3e3f,L2t,Sports / Hockey / type=totals,36,0.5577,0.345,2.65,0.667,0.8467,0.2688,True
0xa021d1b7da37a3b87e094f3f5c3e3d3e9494d898,L2,Sports / Soccer,296,0.181,0.178,2.02,0.429,0.1684,0.1936,True
0xa021d1b7da37a3b87e094f3f5c3e3d3e9494d898,L2l,Sports / Soccer / pre,283,0.2111,0.206,2.29,0.438,0.1891,0.233,True
0xb56c52368419c4aba90c0c9fd520256dd4df30f3,L1,Sports,326,0.6154,0.6087,2.21,0.54,0.8496,0.3812,True
0xb56c52368419c4aba90c0c9fd520256dd4df30f3,L2,Sports / Other sport,326,0.6154,0.6087,2.21,0.54,0.8496,0.3812,True
0xb56c52368419c4aba90c0c9fd520256dd4df30f3,L3,Sports / Other sport / Milan Daily Weather,291,0.714,0.7003,2.3,0.55,0.9334,0.4962,True
0xb56c52368419c4aba90c0c9fd520256dd4df30f3,L2t,Sports / Other sport / type=binary,326,0.6154,0.6087,2.21,0.54,0.8496,0.3812,True
0xb56c52368419c4aba90c0c9fd520256dd4df30f3,L1b,Sports / price=0.30-0.50,66,0.4188,0.4376,3.09,0.591,0.5004,0.3372,True
0xb56c52368419c4aba90c0c9fd520256dd4df30f3,L1b,Sports / price=0.70-0.90,61,0.1041,0.2018,2.17,0.852,0.1582,0.0518,True
0xb56c52368419c4aba90c0c9fd520256dd4df30f3,L2b,Sports / Other sport / price=0.30-0.50,66,0.4188,0.4376,3.09,0.591,0.5004,0.3372,True
0xb56c52368419c4aba90c0c9fd520256dd4df30f3,L2b,Sports / Other sport / price=0.70-0.90,61,0.1041,0.2018,2.17,0.852,0.1582,0.0518,True
0x6d3ea4a0ac42ea0778ff0d95360bf13f7024814a,L1b,Sports / price=0.30-0.50,53,0.4022,0.3781,2.21,0.547,0.381,0.4225,True
0x6d3ea4a0ac42ea0778ff0d95360bf13f7024814a,L2b,Sports / Other sport / price=0.30-0.50,53,0.4022,0.3781,2.21,0.547,0.381,0.4225,True
0x4f7280fe87ca48211706b800cd4cede4746b132f,L2,Sports / MMA/Boxing,140,0.1751,0.1593,2.29,0.714,0.3312,0.0189,True
0x4f7280fe87ca48211706b800cd4cede4746b132f,L3,Sports / MMA/Boxing / UFC,139,0.1743,0.1586,2.26,0.712,0.3319,0.0189,True
0x4f7280fe87ca48211706b800cd4cede4746b132f,L2t,Sports / MMA/Boxing / type=moneyline,139,0.1743,0.1586,2.26,0.712,0.3319,0.0189,True
0x4f7280fe87ca48211706b800cd4cede4746b132f,L1b,Sports / price=0.70-0.90,123,0.0869,0.0816,2.06,0.846,0.1479,0.0268,True
0x4f7280fe87ca48211706b800cd4cede4746b132f,L2l,Sports / MMA/Boxing / pre,136,0.1792,0.1625,2.29,0.713,0.3291,0.0293,True
0x48d72b42be0b38a116d9450d79cd5fcb192423d0,L2,Sports / Soccer,56,0.2019,0.1643,2.1,0.804,0.1533,0.2505,True
0xc2dde643b44534c7a4e5899aab31db13693161dc,L1b,Sports / price=0.70-0.90,109,0.0662,0.0409,2.2,0.835,0.064,0.0685,True
0xc2dde643b44534c7a4e5899aab31db13693161dc,L2b,Sports / Basketball / price=0.70-0.90,58,0.0998,0.0493,2.73,0.862,0.0756,0.1239,True
0xb72f68058ae64da4054c538a66bebc7496d0ad55,L1b,Sports / price=0.70-0.90,32,0.1127,0.0453,2.62,0.875,0.099,0.1263,True
0xf6556acf9c1a4b85cd2f23fc0aa7fa1995be0813,L1,Esports,210,0.1155,0.1121,2.05,0.638,0.1009,0.1301,True
0xf6556acf9c1a4b85cd2f23fc0aa7fa1995be0813,L2,Esports / Esports,210,0.1155,0.1121,2.05,0.638,0.1009,0.1301,True
0xf6556acf9c1a4b85cd2f23fc0aa7fa1995be0813,L3,Esports / Esports / Dota 2,68,0.2109,0.1802,2.01,0.691,0.2047,0.2172,True
0xf6556acf9c1a4b85cd2f23fc0aa7fa1995be0813,L1b,Esports / price=0.50-0.70,130,0.1476,0.138,2.27,0.662,0.1571,0.1381,True
0xf6556acf9c1a4b85cd2f23fc0aa7fa1995be0813,L1b,Esports / price=0.70-0.90,36,0.1621,0.1313,2.26,0.861,0.1657,0.1585,True
0xf6556acf9c1a4b85cd2f23fc0aa7fa1995be0813,L2b,Esports / Esports / price=0.50-0.70,130,0.1476,0.138,2.27,0.662,0.1571,0.1381,True
0xf6556acf9c1a4b85cd2f23fc0aa7fa1995be0813,L2b,Esports / Esports / price=0.70-0.90,36,0.1621,0.1313,2.26,0.861,0.1657,0.1585,True
0xf6556acf9c1a4b85cd2f23fc0aa7fa1995be0813,L2l,Esports / Esports / pre,95,0.1866,0.1673,2.29,0.663,0.1284,0.2436,True
0x77de11fe73604a24a5581c6bb187f92142b5b038,L2,Sports / Other sport,36,0.3554,0.235,3.71,0.917,0.2527,0.4582,True
0x77de11fe73604a24a5581c6bb187f92142b5b038,L2t,Sports / Other sport / type=moneyline,34,0.4044,0.2613,4.38,0.941,0.2649,0.544,True
0x77de11fe73604a24a5581c6bb187f92142b5b038,L2l,Sports / Other sport / pre,36,0.3554,0.235,3.71,0.917,0.2527,0.4582,True
0x7d9e6b9c3db990b998055fac973e049c4231b958,L2b,Sports / Soccer / price=0.50-0.70,38,0.3411,0.2344,2.74,0.763,0.1611,0.5211,True
0x3042e22cb9aa502d69ece1bcf58a1e41ef6426ee,L2b,Sports / Soccer / price=0.70-0.90,61,0.1109,0.077,2.28,0.77,0.1032,0.1185,True
0x42e5ca21784929315826a32bc850ad927fd4c9a7,L1,Sports,568,0.263,0.2629,2.85,0.41,0.3051,0.2209,True
0x42e5ca21784929315826a32bc850ad927fd4c9a7,L2,Sports / Other sport,568,0.263,0.2629,2.85,0.41,0.3051,0.2209,True
0x42e5ca21784929315826a32bc850ad927fd4c9a7,L2t,Sports / Other sport / type=binary,568,0.263,0.2629,2.85,0.41,0.3051,0.2209,True
0x42e5ca21784929315826a32bc850ad927fd4c9a7,L1b,Sports / price=0.50-0.70,45,0.3025,0.2897,3.21,0.711,0.2416,0.3608,True
0x42e5ca21784929315826a32bc850ad927fd4c9a7,L1b,Sports / price=0.70-0.90,56,0.1045,0.1456,2.49,0.857,0.0461,0.163,True
0x42e5ca21784929315826a32bc850ad927fd4c9a7,L2b,Sports / Other sport / price=0.50-0.70,45,0.3025,0.2897,3.21,0.711,0.2416,0.3608,True
0x42e5ca21784929315826a32bc850ad927fd4c9a7,L2b,Sports / Other sport / price=0.70-0.90,56,0.1045,0.1456,2.49,0.857,0.0461,0.163,True
0x42e5ca21784929315826a32bc850ad927fd4c9a7,L2l,Sports / Other sport / live,480,0.3396,0.3365,3.27,0.438,0.4732,0.206,True
0x9eb511f526962935d55abf670cfc45aa27eb3253,L3,Sports / Other sport / Seoul Daily Weather,33,0.153,0.1088,2.31,0.848,0.1013,0.2016,True
0x9eb511f526962935d55abf670cfc45aa27eb3253,L1b,Sports / price=0.70-0.90,258,0.047,0.0462,2.12,0.81,0.0289,0.065,True
0x9eb511f526962935d55abf670cfc45aa27eb3253,L2b,Sports / Other sport / price=0.70-0.90,258,0.047,0.0462,2.12,0.81,0.0289,0.065,True
0x905f1e9088c4fac496ff87f8e2930385663fa2da,L1,Sports,1282,0.1194,0.1195,2.24,0.318,0.1967,0.0422,True
0x905f1e9088c4fac496ff87f8e2930385663fa2da,L2,Sports / Other sport,1282,0.1194,0.1195,2.24,0.318,0.1967,0.0422,True
0x905f1e9088c4fac496ff87f8e2930385663fa2da,L2t,Sports / Other sport / type=binary,1282,0.1194,0.1195,2.24,0.318,0.1967,0.0422,True
0x905f1e9088c4fac496ff87f8e2930385663fa2da,L1b,Sports / price=0.30-0.50,559,0.1697,0.168,2.88,0.419,0.2025,0.137,True
0x905f1e9088c4fac496ff87f8e2930385663fa2da,L2b,Sports / Other sport / price=0.30-0.50,559,0.1697,0.168,2.88,0.419,0.2025,0.137,True
0x905f1e9088c4fac496ff87f8e2930385663fa2da,L2l,Sports / Other sport / pre,1192,0.1117,0.1119,2.06,0.321,0.188,0.0354,True
0x07e356b0a86bb505b32670ffd4fb1198a1b137b1,L2t,Sports / Hockey / type=moneyline,75,0.1824,0.1215,2.11,0.72,0.2837,0.0838,True
0x07e356b0a86bb505b32670ffd4fb1198a1b137b1,L2l,Sports / Hockey / pre,73,0.1826,0.1203,2.06,0.712,0.2867,0.0813,True
0x48898de94e70ca0c06c62c57483b3a8d5890e2d8,L1b,Sports / price=0.70-0.90,252,0.0897,0.0868,3.19,0.861,0.1024,0.077,True
0x48898de94e70ca0c06c62c57483b3a8d5890e2d8,L2b,Sports / MMA/Boxing / price=0.70-0.90,231,0.0734,0.0715,2.42,0.848,0.086,0.0609,True
0x94ec4bfaa213e2c5911ad802db475a2952fe1a4b,L1,Sports,209,0.1386,0.1294,2.03,0.708,0.0435,0.2328,True
0x94ec4bfaa213e2c5911ad802db475a2952fe1a4b,L3,Sports / Soccer / FIFA World Cup,99,0.3516,0.2981,2.68,0.657,0.254,0.4472,True
0x94ec4bfaa213e2c5911ad802db475a2952fe1a4b,L2t,Sports / Soccer / type=soccer_player_shots,79,0.4687,0.3807,2.94,0.62,0.3263,0.6076,True
0x94ec4bfaa213e2c5911ad802db475a2952fe1a4b,L1b,Sports / price=0.70-0.90,38,0.1095,0.0832,2.43,0.921,0.071,0.148,True
0x94ec4bfaa213e2c5911ad802db475a2952fe1a4b,L2b,Sports / Soccer / price=0.70-0.90,33,0.1054,0.0782,2.03,0.909,0.058,0.1501,True
0x94ec4bfaa213e2c5911ad802db475a2952fe1a4b,L2l,Sports / Soccer / pre,172,0.1835,0.1678,2.28,0.715,0.104,0.2629,True
0x332d40ed4b0cb313059f4fc037dbe520bf2f7b0e,L1,Sports,565,0.0197,0.0196,0.38,0.435,0.0838,-0.0441,False
0x332d40ed4b0cb313059f4fc037dbe520bf2f7b0e,L2,Sports / Soccer,333,0.1119,0.1065,1.59,0.447,0.1391,0.0848,False
0x332d40ed4b0cb313059f4fc037dbe520bf2f7b0e,L2,Sports / Other sport,21,0.3426,0.1839,0.99,0.524,0.1702,0.4994,False
0x332d40ed4b0cb313059f4fc037dbe520bf2f7b0e,L2,Sports / Basketball,198,-0.1619,-0.1454,-2.17,0.399,-0.0642,-0.2595,False
0x332d40ed4b0cb313059f4fc037dbe520bf2f7b0e,L3,Sports / Soccer / La Liga 2025,87,0.2227,0.1843,1.51,0.506,0.2363,0.2094,False
0x332d40ed4b0cb313059f4fc037dbe520bf2f7b0e,L3,Sports / Soccer / UEFA Champions League 2025,43,0.236,0.1666,1.12,0.512,-0.0112,0.4719,False
0x332d40ed4b0cb313059f4fc037dbe520bf2f7b0e,L3,Sports / Soccer / Premier League 2025,76,0.0767,0.0643,0.52,0.382,0.3559,-0.2025,False
0x332d40ed4b0cb313059f4fc037dbe520bf2f7b0e,L3,Sports / Soccer / FIFA World Cup,21,0.0452,0.0316,0.17,0.476,0.0736,0.0194,False
0x332d40ed4b0cb313059f4fc037dbe520bf2f7b0e,L3,Sports / Soccer / UEFA Europa League 2025,22,-0.0036,0.0063,-0.02,0.455,0.1375,-0.1447,False
0x332d40ed4b0cb313059f4fc037dbe520bf2f7b0e,L3,Sports / Soccer / Bundesliga 2025,22,-0.2481,-0.1217,-1.23,0.318,-0.3045,-0.1917,False
0x332d40ed4b0cb313059f4fc037dbe520bf2f7b0e,L3,Sports / Basketball / NBA 2026,195,-0.1704,-0.1529,-2.3,0.4,-0.0669,-0.2729,False
0x332d40ed4b0cb313059f4fc037dbe520bf2f7b0e,L2t,Sports / Soccer / type=moneyline,236,0.1948,0.181,2.13,0.453,0.2203,0.1694,True
0x332d40ed4b0cb313059f4fc037dbe520bf2f7b0e,L2t,Sports / Other sport / type=moneyline,20,0.3011,0.1592,0.83,0.5,0.1702,0.4319,False
0x332d40ed4b0cb313059f4fc037dbe520bf2f7b0e,L2t,Sports / Soccer / type=totals,38,0.0552,0.0421,0.39,0.5,0.0311,0.0792,False
0x332d40ed4b0cb313059f4fc037dbe520bf2f7b0e,L2t,Sports / Soccer / type=both_teams_to_score,39,-0.1858,-0.117,-1.27,0.41,-0.0843,-0.2822,False
0x332d40ed4b0cb313059f4fc037dbe520bf2f7b0e,L2t,Sports / Basketball / type=moneyline,192,-0.1737,-0.1557,-2.29,0.391,-0.0575,-0.2899,False
0x332d40ed4b0cb313059f4fc037dbe520bf2f7b0e,L1b,Sports / price=0.10-0.30,120,0.2194,0.1905,1.35,0.367,0.1364,0.3024,False
0x332d40ed4b0cb313059f4fc037dbe520bf2f7b0e,L1b,Sports / price=0.30-0.50,236,-0.0162,-0.0136,-0.22,0.394,0.0953,-0.1277,False
0x332d40ed4b0cb313059f4fc037dbe520bf2f7b0e,L1b,Sports / price=0.50-0.70,194,-0.0622,-0.0548,-1.02,0.5,0.0003,-0.1246,False
0x332d40ed4b0cb313059f4fc037dbe520bf2f7b0e,L2b,Sports / Soccer / price=0.10-0.30,84,0.3049,0.2496,1.51,0.369,0.1289,0.481,False
0x332d40ed4b0cb313059f4fc037dbe520bf2f7b0e,L2b,Sports / Soccer / price=0.30-0.50,116,0.116,0.1015,1.02,0.405,0.2567,-0.0247,False
0x332d40ed4b0cb313059f4fc037dbe520bf2f7b0e,L2b,Sports / Soccer / price=0.50-0.70,124,-0.0274,-0.0212,-0.36,0.508,-0.0246,-0.0302,False
0x332d40ed4b0cb313059f4fc037dbe520bf2f7b0e,L2b,Sports / Basketball / price=0.10-0.30,32,-0.0995,-0.0546,-0.4,0.344,0.2255,-0.4244,False
0x332d40ed4b0cb313059f4fc037dbe520bf2f7b0e,L2b,Sports / Basketball / price=0.50-0.70,61,-0.0857,-0.0603,-0.76,0.508,0.033,-0.2007,False
0x332d40ed4b0cb313059f4fc037dbe520bf2f7b0e,L2b,Sports / Basketball / price=0.30-0.50,101,-0.2189,-0.1799,-2.13,0.347,-0.2024,-0.2351,False
0x332d40ed4b0cb313059f4fc037dbe520bf2f7b0e,L2l,Sports / Soccer / pre,159,0.167,0.1503,1.79,0.497,0.2266,0.1082,False
0x332d40ed4b0cb313059f4fc037dbe520bf2f7b0e,L2l,Sports / Soccer / live,173,0.0676,0.0624,0.64,0.405,0.173,-0.0365,False
0x332d40ed4b0cb313059f4fc037dbe520bf2f7b0e,L2l,Sports / Basketball / pre,51,-0.1696,-0.1169,-1.14,0.373,0.1604,-0.4869,False
0x332d40ed4b0cb313059f4fc037dbe520bf2f7b0e,L2l,Sports / Basketball / live,147,-0.1592,-0.138,-1.84,0.408,-0.1284,-0.1896,False
0xa5816bbb3f8c8aa25dfb07399ca0580594ac45b2,L1,Sports,249,0.1802,0.1712,2.12,0.606,0.2486,0.1125,True
0xa5816bbb3f8c8aa25dfb07399ca0580594ac45b2,L2,Sports / Baseball,82,0.2214,0.1894,2.33,0.707,0.2024,0.2405,True
0xa5816bbb3f8c8aa25dfb07399ca0580594ac45b2,L3,Sports / Baseball / MLB,82,0.2214,0.1894,2.33,0.707,0.2024,0.2405,True
0xa5816bbb3f8c8aa25dfb07399ca0580594ac45b2,L3,Sports / Hockey / ?,36,0.3205,0.2268,2.25,0.722,0.1592,0.4817,True
0xa5816bbb3f8c8aa25dfb07399ca0580594ac45b2,L2t,Sports / Baseball / type=moneyline,82,0.2214,0.1894,2.33,0.707,0.2024,0.2405,True
0xa5816bbb3f8c8aa25dfb07399ca0580594ac45b2,L2l,Sports / Baseball / pre,77,0.2582,0.217,2.63,0.727,0.2137,0.3016,True
0x7ee50c89622d018d79c635c44562117bba4c5e7d,L3,Sports / Soccer / UEFA Champions League 2025,49,0.1518,0.1072,3.05,0.898,0.1439,0.1593,True
0x7ee50c89622d018d79c635c44562117bba4c5e7d,L2t,Sports / Soccer / type=moneyline,210,0.1253,0.1143,2.12,0.69,0.2164,0.0343,True
0x1aa836dc906a84ca61c49452f4f1f9238cd2e5a3,L1,Politics,52,0.2356,0.2223,2.3,0.885,0.2513,0.22,True
0x7b243a801ba512d41534537f8579a95e7d6eef34,L1,Politics,51,0.2222,0.1977,2.59,0.843,0.2557,0.19,True
0x7b243a801ba512d41534537f8579a95e7d6eef34,L2,Politics / Trump,49,0.2486,0.2158,2.91,0.857,0.2601,0.2376,True
0x7b243a801ba512d41534537f8579a95e7d6eef34,L3,Politics / Trump / ?,49,0.2486,0.2158,2.91,0.857,0.2601,0.2376,True
0x7b243a801ba512d41534537f8579a95e7d6eef34,L2t,Politics / Trump / type=binary,49,0.2486,0.2158,2.91,0.857,0.2601,0.2376,True
0x797527a06e5b1550bbaa9cce14bf29492a8bd3f7,L1b,Politics / price=0.30-0.50,51,0.5394,0.4299,3.1,0.627,0.3937,0.6795,True
0x797527a06e5b1550bbaa9cce14bf29492a8bd3f7,L2b,Politics / Trump / price=0.30-0.50,33,0.5189,0.38,2.46,0.636,0.5413,0.4979,True
0x1690daedf91758fa77ec220e1caf590a745cd6c4,L2t,Sports / Other sport / type=binary,292,0.1558,0.1439,2.11,0.507,0.2044,0.1072,True
0xb7ac4104bbdd9c330478341f16c44acd7961bc7d,L1,Politics,53,0.2495,0.2544,2.16,0.83,0.1561,0.3395,True
0x569fffa15a130de2000ecd36e53a1532f7195561,L1b,Politics / price=0.70-0.90,120,0.0861,0.0704,2.15,0.842,0.163,0.0092,True
0xe0368af7f5777989b927b7ad0d420562fee8616c,L1,Politics,91,0.8906,0.891,2.65,0.736,1.1418,0.6448,True
0xbdff93e4672ed45c78b211e1427b4632c0374887,L2t,Sports / Baseball / type=totals,37,0.3277,0.2236,2.26,0.703,0.3479,0.3085,True
0xc0612fdba2b17ae9f3218c8e838800995376a297,L2l,Sports / Tennis / pre,47,0.2519,0.1654,2.19,0.723,0.1067,0.391,True
0x1ccf406f63d057bfceac14a3c37c5c9f42f399ec,L3,Esports / Esports / Dota 2,66,0.267,0.2035,2.02,0.697,0.286,0.248,True
0x1ccf406f63d057bfceac14a3c37c5c9f42f399ec,L2t,Esports / Esports / type=moneyline,112,0.1774,0.1496,2.16,0.598,0.0279,0.3269,True
0x1ccf406f63d057bfceac14a3c37c5c9f42f399ec,L1b,Esports / price=0.70-0.90,52,0.1199,0.0849,2.02,0.769,0.1723,0.0674,True
0x1ccf406f63d057bfceac14a3c37c5c9f42f399ec,L2b,Esports / Esports / price=0.70-0.90,52,0.1199,0.0849,2.02,0.769,0.1723,0.0674,True
0xa5201f524274d8d96ccc353792ec35c1407216ce,L3,Sports / Other sport / London Daily Lowest Temperature,56,0.3371,0.2474,2.13,0.661,0.4905,0.1836,True
0x8e59d10dd6d4c80e2a0843d1e8297603328bcc2e,L3,Sports / Soccer / Liga MX 2025,32,0.4824,0.299,2.19,0.688,0.2587,0.7061,True
0x8806a6f1a847ba4360599ce0f54ce96167712e83,L1,Sports,1100,0.3565,0.3566,2.35,0.624,0.3255,0.3874,True
0x8806a6f1a847ba4360599ce0f54ce96167712e83,L2,Sports / Soccer,1018,0.3731,0.3729,2.28,0.616,0.3465,0.3998,True
0x8806a6f1a847ba4360599ce0f54ce96167712e83,L2l,Sports / Soccer / live,1007,0.3762,0.3759,2.28,0.619,0.3459,0.4064,True
0xa62373e4098417a42d666da61338dcc69e0fa4fe,L1,Esports,1923,0.0951,0.0948,2.41,0.515,0.0998,0.0904,True
0xa62373e4098417a42d666da61338dcc69e0fa4fe,L2,Esports / Esports,1923,0.0951,0.0948,2.41,0.515,0.0998,0.0904,True
0xa62373e4098417a42d666da61338dcc69e0fa4fe,L3,Esports / Esports / League of Legends,676,0.2078,0.2036,2.23,0.516,0.1777,0.2379,True
0xa62373e4098417a42d666da61338dcc69e0fa4fe,L2t,Esports / Esports / type=child_moneyline,1513,0.0978,0.0973,2.06,0.51,0.0972,0.0983,True
0xa62373e4098417a42d666da61338dcc69e0fa4fe,L1b,Esports / price=0.50-0.70,645,0.0795,0.079,2.42,0.633,0.0903,0.0688,True
0xa62373e4098417a42d666da61338dcc69e0fa4fe,L2b,Esports / Esports / price=0.50-0.70,645,0.0795,0.079,2.42,0.633,0.0903,0.0688,True
0xa62373e4098417a42d666da61338dcc69e0fa4fe,L2l,Esports / Esports / live,1829,0.094,0.0937,2.29,0.513,0.0999,0.0882,True
