wallet,name,score,pass,fail_reasons,trades_n,episodes_n,closed_n,open_n,history_days,days_since_last,roi_copy,roi_trimmed,t_stat,winrate,roi_hold,roi_wallet,roi_half1,roi_half2,roi_last30,max_dd_stakes,conc_p95,conc_max,median_hold_h,both_sides_share,snipe_share,live_share,median_volume,share_entry_ge90,share_entry_lt10,profit_share_ge90,profit_share_lt10,profit_share_top1,short_crypto_share,edge_all,exit_value_add,size_signal,trades_truncated,top_category,top_segments,approved_segments
0x74cb0070bc348b4322c9e91ee1fec5a470341688,BicycleThievess,0.6146,False,low_liquidity,843,464,464,0,112.4,0.1,0.8298,0.6146,9.68,0.707,0.8214,0.8283,1.0057,0.6539,0.1227,4.51,4.0,8,2.25,0.004,0.0,0.983,1937,0.0,0.091,0.0,0.012,0.057,0.0,0.2432,0.0189,-0.2355,False,Sports,"Sports (n=462, roi=+0.83) | Sports / price=0.10-0.30 (n=144, roi=+1.28) | Sports / Other sport (n=158, roi=+1.05)","Sports (n=462, roi=+0.83) | Sports / price=0.10-0.30 (n=144, roi=+1.28) | Sports / Other sport (n=158, roi=+1.05) | Sports / Other sport / live (n=158, roi=+1.05) | Sports / Soccer (n=303, roi=+0.71) | Sports / Soccer / live (n=295, roi=+0.69)"
0xa6ded03ba993d58d265dc8fa3f6ddda3d926256c,mouzsynapse,0.6146,False,closed<50;low_liquidity;top1_concentration;history<90d,3,3,2,1,31.8,0.1,0.6146,0.6146,11.8,1.0,0.6146,0.6146,0.6667,0.5625,0.6146,0.0,1.0,1,5.64,0.0,0.0,0.5,17279,0.0,0.0,0.0,0.0,0.504,0.0,0.38,,,False,Sports,"Sports (n=2, roi=+0.61) | Sports / Tennis (n=2, roi=+0.61) | Sports / Tennis / type=moneyline (n=2, roi=+0.61)",
0x09b045baad1fbe115c70785635a261411774a3b6,blackewolf83,0.4605,False,concurrency_p95>8;low_liquidity,2864,1627,1625,2,128.3,0.0,0.8004,0.4605,9.76,0.715,0.8134,0.7867,0.7226,0.8781,0.6365,5.51,16.0,28,2.49,0.024,0.0,0.99,13892,0.002,0.074,0.0,0.041,0.032,0.0,0.2116,-0.0257,-0.5608,False,Sports,"Sports (n=1623, roi=+0.80) | Sports / price=0.00-0.10 (n=121, roi=+2.74) | Sports / Soccer / live (n=1033, roi=+0.79)","Sports (n=1623, roi=+0.80) | Sports / price=0.00-0.10 (n=121, roi=+2.74) | Sports / Soccer / live (n=1033, roi=+0.79) | Sports / Soccer (n=1039, roi=+0.78) | Sports / price=0.10-0.30 (n=392, roi=+1.27) | Sports / Soccer / price=0.00-0.10 (n=71, roi=+2.83)"
0xa42f36484754c0740aa419aac907afa4501cb629,dekadurabolin,0.3826,False,low_liquidity,1784,982,982,0,119.2,0.1,0.5996,0.3826,10.26,0.677,0.6935,0.5967,0.608,0.5912,0.6515,5.21,8.0,13,2.2,0.006,0.0,0.989,8633,0.0,0.058,0.0,0.014,0.043,0.0,0.1841,-0.1921,-0.2934,False,Sports,"Sports (n=982, roi=+0.60) | Sports / Soccer (n=662, roi=+0.57) | Sports / Soccer / live (n=651, roi=+0.58)","Sports (n=982, roi=+0.60) | Sports / Soccer (n=662, roi=+0.57) | Sports / Soccer / live (n=651, roi=+0.58) | Sports / price=0.10-0.30 (n=319, roi=+0.79) | Sports / Other sport (n=318, roi=+0.65) | Sports / Other sport / live (n=318, roi=+0.65)"
0x941aa5589961e33c54365a27a3223c916e6a24d9,kadfbfksfvawthr,0.3625,False,closed<50;top1_concentration,103,14,14,0,195.3,0.1,0.4248,0.4248,2.56,0.571,0.1876,0.4146,0.6436,0.2061,0.4248,0.45,2.0,2,2.83,0.0,0.0,0.75,19428881,0.0,0.0,0.0,0.0,0.318,0.0,0.1005,0.5535,0.2959,False,Sports,"Sports (n=11, roi=+0.47) | Sports / Soccer (n=10, roi=+0.47) | Sports / Soccer / live (n=5, roi=+0.50)",
0xfc0f1200bee4c176a468eb26ce6b5584fe30c1e6,market3,0.3404,False,roi_copy<=0;t<2.0;concurrency_p95>8;low_liquidity;profit_from<0.10;top1_concentration;drawdown;unstable_halves,639,345,344,1,104.0,0.0,-0.2639,-0.3811,-5.36,0.297,-0.2254,-0.2678,-0.3257,-0.2021,-0.0341,99.47,29.0,34,12.49,0.012,0.0,0.567,9964,0.131,0.247,0.005,0.349,0.349,0.026,-0.0015,-0.1052,0.274,False,Sports,"Crypto / Up/Down short (n=9, roi=+0.13) | Crypto / Up/Down short / type=updown (n=9, roi=+0.13) | Sports / Other sport / price=0.30-0.50 (n=18, roi=+0.08)",
0x9188ed4147f56a7dbf0c5b299be00e1d1072e046,LuckySo,0.3359,False,roi_copy<=0;t<2.0;concurrency_p95>8;drawdown;unstable_halves,245,151,147,4,786.7,0.1,-0.376,-0.5998,-3.36,0.231,-0.3446,-0.3684,-0.0289,-0.7183,-0.9274,59.92,9.0,12,53.2,0.014,0.0,0.677,368315,0.014,0.361,0.012,0.0,0.198,0.116,-0.0089,-0.2003,0.4726,False,Sports,"Crypto / All (n=1, roi=-0.18) | Crypto / All / ? (n=1, roi=-0.18) | Crypto / All / type=binary (n=1, roi=-0.18)",
0x3f41732df5afa542082d9878fa94a9f19e769979,FrogCharts,0.3041,False,concurrency_p95>8;low_liquidity;both_sides;history<90d,810,161,154,7,72.2,0.0,0.503,0.3041,3.88,0.669,0.3073,0.3441,0.8341,0.172,0.4017,5.27,44.0,48,60.72,0.12,0.0,0.333,6244,0.026,0.117,0.002,0.01,0.181,0.013,0.096,0.3111,-0.2551,False,Science,"Science (n=44, roi=+0.49) | Science / Precipitation (n=38, roi=+0.53) | Science / Precipitation / Monthly Precipitation (n=38, roi=+0.53)",
0x1ebdb76fc950937cb7432261bc2277aed09121cd,pav584,0.2799,False,concurrency_p95>8;low_liquidity;drawdown,606,319,278,37,234.7,0.0,0.5429,0.2799,4.12,0.5,0.539,0.421,0.316,0.7697,0.0304,13.92,49.0,55,22.7,0.022,0.0,0.191,4603,0.061,0.083,0.009,0.03,0.088,0.0,0.1127,0.1356,-0.284,False,Sports,"Sports / price=0.10-0.30 (n=89, roi=+1.28) | Sports (n=240, roi=+0.61) | Sports / Tennis / pre (n=74, roi=+1.10)","Sports / price=0.10-0.30 (n=89, roi=+1.28) | Sports (n=240, roi=+0.61) | Sports / Tennis / pre (n=74, roi=+1.10) | Sports / Tennis (n=86, roi=+1.01) | Sports / Tennis / price=0.10-0.30 (n=48, roi=+1.34) | Sports / Tennis / type=moneyline (n=72, roi=+1.07)"
0x447629800c147b341fce72e227b6316a0d25c5fc,itabot2,0.2732,False,roi_copy<=0;t<2.0;concurrency_p95>8;hold<1h;short_crypto;drawdown;unstable_halves,1586,142,137,5,179.5,0.2,-0.3611,-0.5833,-2.81,0.19,-0.5035,-0.3611,-0.4618,-0.2619,-0.0807,52.77,39.0,42,0.25,0.068,0.007,0.852,67135,0.007,0.336,0.001,0.084,0.131,0.555,-0.0496,1.0171,0.462,False,Crypto,"Finance / IPO / Databricks IPO Closing Market Cap (n=1, roi=+0.19) | Finance / IPO (n=4, roi=+0.04) | Finance / IPO / type=negrisk (n=4, roi=+0.04)",
0x5f37da9a547e2c439d6d94d70c98ce35ab49281b,Babyfacek1ller,0.2596,False,roi_copy<=0;t<2.0;low_liquidity;drawdown;unstable_halves,2525,1388,1386,2,224.4,0.1,-0.1932,-0.5523,-2.82,0.196,-0.19,-0.1918,-0.1336,-0.2529,-0.3108,286.48,8.0,12,3.4,0.002,0.0,0.645,11280,0.001,0.245,0.0,0.127,0.024,0.15,-0.0339,-0.0617,0.0862,False,Sports,"Sports / Soccer / FIFA World Cup (n=168, roi=+0.36) | Sports / Other sport / Romania 1 (n=20, roi=+0.14) | Sports / Soccer / EFL Championship (n=21, roi=+0.12)",
0x88eec58b3e9b13487605da83970467f87b983e8b,Melisa028,0.2582,False,low_liquidity;profit_from<0.10;drawdown,1186,500,497,3,187.7,0.0,0.8801,0.2582,3.56,0.465,0.7538,0.8149,0.9357,0.8248,1.86,12.34,5.0,8,11.62,0.004,0.0,0.956,13546,0.002,0.314,0.004,0.352,0.066,0.002,0.082,0.1471,-0.223,False,Sports,"Sports / price=0.00-0.10 (n=156, roi=+1.72) | Sports / Other sport / price=0.00-0.10 (n=156, roi=+1.72) | Sports / Other sport / live (n=474, roi=+0.92)","Sports / price=0.00-0.10 (n=156, roi=+1.72) | Sports / Other sport / price=0.00-0.10 (n=156, roi=+1.72) | Sports / Other sport / live (n=474, roi=+0.92) | Sports / Other sport / Chengdu Daily Weather (n=220, roi=+1.35) | Sports (n=496, roi=+0.88) | Sports / Other sport (n=496, roi=+0.88)"
0xe9534625c1a08d4d8a5bf3db682885c37665a4f9,RizkyMuda,0.2536,False,roi_copy<=0;t<2.0;drawdown;unstable_halves,372,142,140,2,206.9,0.1,-0.3125,-0.4876,-3.12,0.264,-0.1997,-0.34,-0.3672,-0.2579,-0.2751,50.87,7.0,10,17.6,0.014,0.007,0.87,235105,0.036,0.386,0.004,0.046,0.207,0.193,-0.0007,-0.2906,0.4899,False,Sports,"Sports / Other sport / Elon Tweets (n=48, roi=-0.02) | Crypto / Crypto Prices / Bitcoin Hit Price Daily (n=1, roi=-0.15) | Crypto / Crypto Prices / price=0.10-0.30 (n=1, roi=-0.15)",
0xe0ec87e9b079493d0dbb1080d79650c7bfdaa9c4,ATL777,0.2516,True,,1914,928,928,0,139.6,0.1,0.3386,0.2516,10.39,0.746,0.3714,0.3353,0.2383,0.439,0.5858,7.84,8.0,12,1.12,0.026,0.0,0.991,33592,0.033,0.014,0.005,0.025,0.023,0.001,0.1292,-0.04,-0.0187,False,Sports,"Sports / price=0.10-0.30 (n=127, roi=+0.99) | Sports (n=916, roi=+0.35) | Sports / Soccer / live (n=628, roi=+0.36)","Sports / price=0.10-0.30 (n=127, roi=+0.99) | Sports (n=916, roi=+0.35) | Sports / Soccer / live (n=628, roi=+0.36) | Sports / Soccer (n=634, roi=+0.36) | Sports / price=0.30-0.50 (n=232, roi=+0.55) | Sports / Soccer / price=0.10-0.30 (n=84, roi=+0.87)"
0xc66ab53d0ae32949a32b82ab1c4671519ca0ed6a,drop1234,0.2383,False,concurrency_p95>8;hold<1h,5490,2041,2025,16,141.6,0.1,0.3587,0.2383,14.18,0.766,0.3548,0.3588,0.4211,0.2965,0.1711,6.47,21.0,33,0.04,0.057,0.0,0.999,74641,0.08,0.034,0.011,0.041,0.027,0.0,0.1202,0.0033,-0.2569,False,Sports,"Sports / price=0.10-0.30 (n=268, roi=+1.23) | Sports / Soccer / price=0.10-0.30 (n=229, roi=+1.25) | Sports (n=2004, roi=+0.36)","Sports / price=0.10-0.30 (n=268, roi=+1.23) | Sports / Soccer / price=0.10-0.30 (n=229, roi=+1.25) | Sports (n=2004, roi=+0.36) | Sports / Soccer / live (n=1697, roi=+0.36) | Sports / Soccer (n=1702, roi=+0.36) | Sports / Soccer / type=moneyline (n=1172, roi=+0.33)"
0xd5a643204bbf5bc36438565ea52fde8d9b4c6991,negar,0.2244,False,roi_copy<=0;t<2.0;concurrency_p95>8;drawdown;unstable_halves,3989,2299,2288,9,616.6,0.1,-0.1328,-0.3488,-3.86,0.333,-0.0463,-0.1403,-0.1121,-0.1536,0.0165,316.89,10.0,16,2.33,0.069,0.0,0.878,219057,0.012,0.19,0.009,0.117,0.111,0.284,-0.0074,-0.1848,0.1955,False,Sports,"Crypto / Bitcoin / Bitcoin Neg Risk Weekly (n=26, roi=+0.59) | Politics / Elon Musk (n=23, roi=+0.47) | Politics / Elon Musk / Elon Tweets (n=23, roi=+0.47)",
0xb4b513bc48279ad795eefedf204aef3936ec1bd4,,0.1999,False,roi_copy<=0;t<2.0;concurrency_p95>8;drawdown;unstable_halves,2127,1342,1313,29,108.9,0.1,-0.1402,-0.3667,-3.27,0.334,-0.1688,-0.1454,-0.1738,-0.1066,0.1681,194.72,46.0,58,5.14,0.024,0.0,0.308,584311,0.002,0.19,0.002,0.058,0.022,0.032,-0.0171,0.1125,0.0752,False,Sports,"Sports / Tennis / Wimbledon (n=14, roi=+0.20) | Sports / Baseball / live (n=5, roi=+0.30) | Sports / Soccer / price=0.30-0.50 (n=61, roi=+0.08)",
0x68cf12e1d34ab9cc170a79b035c1bbda3c1a9b9c,Nanhorix,0.1984,False,roi_copy<=0;t<2.0;concurrency_p95>8;low_liquidity;drawdown;unstable_halves,5122,3027,3018,8,218.7,0.0,-0.1032,-0.2325,-5.12,0.396,-0.1122,-0.1054,-0.1131,-0.0933,0.0182,322.3,30.0,57,10.15,0.004,0.0,0.668,12289,0.051,0.109,0.022,0.012,0.02,0.088,-0.0079,0.0153,0.0704,False,Sports,"Sports / Other sport / Dallas Daily Weather (n=81, roi=+0.13) | Sports / price=0.50-0.70 (n=249, roi=+0.06) | Sports / Other sport / price=0.50-0.70 (n=249, roi=+0.06)",
0x939e15e0ac1dd05f022dd09c321b9d1083b6dc67,trplV,0.1968,False,concurrency_p95>8;low_liquidity;both_sides,2061,820,819,1,513.7,0.1,0.4091,0.1968,7.2,0.63,0.4187,0.3818,0.2923,0.5256,0.6007,6.24,9.0,21,10.28,0.103,0.0,0.962,15093,0.056,0.121,0.004,0.218,0.028,0.0,0.0942,-0.0106,-0.1393,False,Sports,"Sports / price=0.00-0.10 (n=98, roi=+1.26) | Sports / Other sport / price=0.00-0.10 (n=98, roi=+1.26) | Sports / Other sport / live (n=783, roi=+0.43)","Sports / price=0.00-0.10 (n=98, roi=+1.26) | Sports / Other sport / price=0.00-0.10 (n=98, roi=+1.26) | Sports / Other sport / live (n=783, roi=+0.43) | Sports (n=814, roi=+0.42) | Sports / Other sport (n=814, roi=+0.42) | Sports / Other sport / type=binary (n=814, roi=+0.42)"
0x77867ef97c600decde075af051934f170161c005,LucasCosta.,0.1815,False,roi_copy<=0;t<2.0;concurrency_p95>8;drawdown;unstable_halves,1304,627,613,14,269.7,0.1,-0.168,-0.2757,-3.95,0.45,-0.167,-0.1658,-0.1879,-0.1483,-0.3769,103.8,15.0,20,7.63,0.042,0.003,0.233,67326,0.057,0.028,0.008,0.0,0.052,0.038,-0.0516,-0.0104,0.0072,False,Esports,"Sports / Tennis / type=moneyline (n=15, roi=+0.11) | Sports / Tennis / League of Legends (n=18, roi=+0.06) | Sports / Tennis (n=21, roi=+0.03)",
0xe5fca09203243073a269b23be9b59139b9fd4c49,0xE5fCA09203243073A269B23BE9B59139B9fd4C49-1765090623439,0.1676,False,closed<50;roi_copy<=0;t<2.0;hold<1h;top1_concentration;short_crypto;drawdown;unstable_halves,72,27,26,1,297.5,0.2,-0.3572,-0.3853,-2.61,0.462,-0.3067,-0.3572,-0.3247,-0.3897,-0.3572,11.07,3.0,4,0.06,0.08,0.077,1.0,80624,0.192,0.038,0.025,0.0,0.502,0.846,-0.1294,-0.4373,0.4371,False,Crypto,"Sports / NFL Playoffs (n=1, roi=-0.32) | Sports / NFL Playoffs / ? (n=1, roi=-0.32) | Sports / NFL Playoffs / type=negrisk (n=1, roi=-0.32)",
0x7290319be759a62763cfb0db1f26ec28e4789c92,,0.1588,False,roi_copy<=0;t<2.0;concurrency_p95>8;drawdown;unstable_halves,2770,1953,1946,7,134.0,0.1,-0.109,-0.3953,-2.41,0.272,-0.1058,-0.1049,-0.1075,-0.1106,0.0943,241.2,20.0,28,4.84,0.006,0.0,0.368,61635,0.006,0.146,0.001,0.074,0.024,0.0,-0.0114,-0.0112,-0.0789,False,Sports,"Sports / Soccer / Liga MX 2025 (n=49, roi=+0.24) | Sports / Soccer / League of Legends (n=1, roi=+1.49) | Sports / Soccer / UEFA Europa League 2025 (n=33, roi=+0.22)",
0x1f54b6dd05117f40e1b478573471f4b63a8979d2,0x1F54B6Dd05117F40E1B478573471f4B63a8979d2-1765712571649,0.1512,False,roi_copy<=0;t<2.0;concurrency_p95>8;drawdown;unstable_halves,1518,1140,1037,103,280.3,0.0,-0.1336,-0.3194,-2.84,0.348,-0.1127,-0.1278,-0.2791,0.0116,-0.243,173.05,91.0,104,3.58,0.008,0.0,0.712,554054,0.001,0.063,0.0,0.031,0.072,0.014,-0.047,-0.1736,-0.0296,False,Sports,"Sports / Tennis / price=0.10-0.30 (n=79, roi=+0.20) | Sports / Tennis / ATP (n=187, roi=+0.13) | Sports / American Football / type=anytime_touchdowns (n=10, roi=+0.37)",
0x956b410dffd298da6dffef9ca72755f928b17eb1,Zerryy,0.1498,False,roi_copy<=0;t<2.0;concurrency_p95>8;low_liquidity;drawdown;unstable_halves,1154,895,892,3,200.7,0.1,-0.127,-0.4937,-1.82,0.334,-0.1474,-0.127,-0.119,-0.1349,-0.0903,132.28,47.0,69,6.45,0.018,0.006,0.203,4846,0.057,0.288,0.14,0.066,0.043,0.184,-0.0256,0.1042,-0.08,False,Sports,"Crypto / Up/Down short / price=0.30-0.50 (n=73, roi=+0.08) | Crypto / price=0.30-0.50 (n=75, roi=+0.07) | Sports / Soccer / Serie A 2025 (n=8, roi=+0.17)",
0xab2660069abc1c35b66337bb89de39d276309656,BabaVanga-851,0.1388,False,roi_copy<=0;t<2.0;concurrency_p95>8;short_crypto;drawdown;unstable_halves,4533,2647,2645,2,776.3,0.1,-0.089,-0.2281,-3.65,0.454,-0.0863,-0.0824,-0.0979,-0.0801,-0.287,237.28,17.0,25,1.07,0.049,0.003,0.567,53697,0.046,0.074,0.035,0.018,0.182,0.757,-0.0071,-0.0135,0.0336,False,Crypto,"Culture / Elon Musk / price=0.10-0.30 (n=6, roi=+0.51) | Culture / price=0.10-0.30 (n=22, roi=+0.22) | Culture / Elon Musk (n=18, roi=+0.16)",
0x3838f51dd3e558db22a10a1ba520a81b4aa02c6f,LaPulgaAtomica,0.1381,False,roi_copy<=0;t<2.0;concurrency_p95>8;drawdown;unstable_halves,2729,728,713,14,305.3,0.1,-0.1252,-0.1637,-5.06,0.565,0.1846,-0.1367,-0.0757,-0.1746,0.0521,99.49,61.0,84,22.4,0.073,0.01,0.629,313040,0.177,0.129,0.211,0.006,0.099,0.142,-0.0154,-0.5513,0.1643,False,Sports,"Politics / Venezuela / US x Venezuela military engagement (n=7, roi=+0.20) | Politics / Venezuela / price=0.10-0.30 (n=3, roi=+0.25) | Politics / Venezuela (n=11, roi=+0.12)",
0x7334c7c0f0b50b0d8d846bae6e29776b288ecc1c,,0.1329,False,roi_copy<=0;t<2.0;concurrency_p95>8;drawdown;unstable_halves,3974,2014,1995,18,198.1,0.1,-0.091,-0.1598,-4.99,0.353,-0.0688,-0.0908,-0.0997,-0.0822,-0.1204,182.27,123.0,150,14.32,0.03,0.0,0.313,441446,0.103,0.059,0.034,0.037,0.028,0.064,-0.0097,-0.037,0.0271,False,Sports,"Sports / Other sport / London Daily Weather (n=8, roi=+0.60) | Sports / Other sport / price=0.00-0.10 (n=7, roi=+0.52) | Sports / Other sport / pre (n=108, roi=+0.10)",
0x1cf97c9199b70c09f491679e254fcd3d0decb4ca,INADEDEN,0.13,False,roi_copy<=0;t<2.0;drawdown;unstable_halves,2485,696,693,3,514.9,0.1,-0.1253,-0.2989,-2.61,0.315,-0.2047,-0.1312,-0.1029,-0.1476,-0.1249,96.21,8.0,14,5.42,0.006,0.0,0.41,162089,0.012,0.209,0.003,0.013,0.131,0.02,-0.0254,0.1352,-0.0307,False,Sports,"Sports / Tennis / live (n=73, roi=+0.11) | Sports / Soccer / type=moneyline (n=17, roi=+0.12) | Sports / Soccer / Serie A 2025 (n=11, roi=+0.12)",
0xc9ccb64f093863a625122ed0dd2ce190c0c359de,Rakatraka,0.1285,False,concurrency_p95>8;low_liquidity;drawdown;history<90d,2369,1265,1264,1,24.6,0.0,0.3289,0.1285,3.85,0.747,0.3991,0.3189,0.2118,0.446,0.3414,10.22,26.0,37,2.37,0.04,0.0,0.994,15113,0.112,0.042,0.016,0.107,0.057,0.0,0.0999,-0.1447,-0.2176,False,Sports,"Sports / price=0.00-0.10 (n=53, roi=+2.60) | Sports / Soccer / price=0.00-0.10 (n=40, roi=+2.57) | Sports / Soccer / type=soccer_exact_score (n=24, roi=+2.50)","Sports (n=1263, roi=+0.33) | Sports / Soccer (n=978, roi=+0.32) | Sports / Soccer / live (n=971, roi=+0.32) | Sports / price=0.10-0.30 (n=139, roi=+0.64) | Sports / Soccer / price=0.10-0.30 (n=100, roi=+0.65) | Sports / Other sport (n=284, roi=+0.38)"
0x3c0b3957f80121d9a9908a68ea3761cddfb1a951,0x3C0B3957f80121d9A9908A68ea3761cddfb1A951-1779882321363,0.1276,False,concurrency_p95>8;low_liquidity,212,152,148,4,122.5,0.0,0.1395,0.1276,3.18,0.804,0.1508,0.1412,0.0763,0.2027,0.2464,2.84,10.0,13,10.19,0.0,0.0,1.0,8196,0.128,0.014,0.02,0.0,0.075,0.0,0.1043,-0.0409,0.1152,False,Sports,"Sports (n=147, roi=+0.15) | Sports / Other sport (n=147, roi=+0.15) | Sports / Other sport / type=binary (n=147, roi=+0.15)","Sports (n=147, roi=+0.15) | Sports / Other sport (n=147, roi=+0.15) | Sports / Other sport / type=binary (n=147, roi=+0.15) | Sports / Other sport / live (n=147, roi=+0.15) | Sports / price=0.50-0.70 (n=34, roi=+0.24) | Sports / Other sport / price=0.50-0.70 (n=34, roi=+0.24)"
0x6b60d61e103690243070a68a4c19142ce3882fbb,Rapinha,0.1271,False,concurrency_p95>8;low_liquidity;history<90d,2244,1193,1191,2,24.6,0.0,0.2854,0.1271,4.92,0.745,0.2744,0.2643,0.2311,0.3397,0.3028,8.22,23.0,36,2.38,0.043,0.0,0.993,16246,0.122,0.032,0.018,0.048,0.055,0.0,0.095,0.0228,-0.1258,False,Sports,"Sports / price=0.00-0.10 (n=38, roi=+1.77) | Sports / Soccer / price=0.00-0.10 (n=26, roi=+2.06) | Sports (n=1191, roi=+0.29)","Sports (n=1191, roi=+0.29) | Sports / Soccer (n=941, roi=+0.29) | Sports / Soccer / live (n=933, roi=+0.29) | Sports / price=0.10-0.30 (n=120, roi=+0.74) | Sports / Soccer / price=0.10-0.30 (n=94, roi=+0.70) | Sports / Soccer / type=totals (n=313, roi=+0.27)"
0x1c73f3abb6595a2fabb71b578e4a0c860601dd8f,summerreigns,0.1243,False,roi_copy<=0;t<2.0;concurrency_p95>8;drawdown;unstable_halves,2104,1177,1176,1,195.0,0.2,-0.1019,-0.2446,-3.05,0.353,-0.0911,-0.1043,-0.0685,-0.1354,-0.052,124.4,10.0,16,3.22,0.0,0.002,0.711,36791,0.009,0.08,0.063,0.016,0.029,0.019,-0.0159,-0.0162,-0.0271,False,Sports,"Sports / Soccer / Club Friendlies (n=51, roi=+0.16) | Sports / Soccer / La Liga 2025 (n=67, roi=+0.13) | Sports / Other sport / Brazil Serie B (n=32, roi=+0.06)",
0x689f7d0a49d2646dc199848ffbdb4757242e259c,OnlyNow,0.1211,False,roi_copy<=0;t<2.0;drawdown;unstable_halves;history<90d,1755,951,951,0,57.8,0.1,-0.115,-0.2454,-2.96,0.451,-0.1171,-0.1262,-0.1026,-0.1273,-0.1917,116.83,8.0,16,2.2,0.067,0.0,0.865,505697,0.087,0.043,0.017,0.0,0.075,0.0,-0.0303,0.0917,0.0404,False,Sports,"Sports / Baseball / price=0.10-0.30 (n=33, roi=+0.25) | Sports / Baseball / type=moneyline (n=257, roi=+0.01) | Sports / Baseball / live (n=258, roi=+0.01)",
0xe368544ba7ea1c6edfb949c5b2b44c765460e9ed,Finalde,0.1211,False,roi_copy<=0;t<2.0;concurrency_p95>8;low_liquidity;drawdown;unstable_halves,5154,3547,3471,76,123.8,0.0,-0.0748,-0.2391,-3.04,0.333,-0.0753,-0.0737,-0.107,-0.0426,-0.2108,279.94,78.0,98,3.03,0.0,0.0,0.697,3051,0.001,0.013,0.0,0.0,0.004,0.001,-0.0186,-0.0168,0.1137,False,Sports,"Sports / Soccer / Eredivisie 2025 (n=52, roi=+0.35) | Sports / Other sport / Japan J League (n=99, roi=+0.24) | Sports / Soccer / EFL Cup (n=46, roi=+0.31)","Sports / Soccer / Eredivisie 2025 (n=52, roi=+0.35)"
0x531d4ed40adc368451988def0da738ce2e2ef04f,0x531d4ED40ADC368451988dEF0DA738ce2e2ef04,0.121,False,low_liquidity,885,454,452,2,105.8,0.0,0.1563,0.121,5.58,0.79,0.1544,0.1099,0.1633,0.1493,0.3765,2.91,6.0,10,11.32,0.0,0.0,1.0,8579,0.336,0.015,0.077,0.005,0.111,0.0,0.0839,0.0033,0.1034,False,Sports,"Sports (n=452, roi=+0.16) | Sports / Other sport (n=452, roi=+0.16) | Sports / Other sport / type=binary (n=452, roi=+0.16)","Sports (n=452, roi=+0.16) | Sports / Other sport (n=452, roi=+0.16) | Sports / Other sport / type=binary (n=452, roi=+0.16) | Sports / Other sport / live (n=452, roi=+0.16) | Sports / price=0.10-0.30 (n=36, roi=+0.51) | Sports / Other sport / price=0.10-0.30 (n=36, roi=+0.51)"
0xa991049a265f0f29f8a1a8856b170ad799c10935,Betyourself,0.1209,False,concurrency_p95>8;low_liquidity;hold<1h;both_sides;drawdown,10500,3182,3180,2,132.4,0.1,0.2392,0.1209,11.33,0.64,0.2702,0.2244,0.0375,0.4409,0.5081,33.44,13.0,36,0.11,0.182,0.016,0.978,13751,0.095,0.028,0.011,0.002,0.015,0.409,0.1018,-0.0888,-0.0045,True,Sports,"Sports / price=0.10-0.30 (n=256, roi=+1.27) | Sports (n=1878, roi=+0.40) | Sports / Soccer / price=0.10-0.30 (n=178, roi=+1.23)","Sports / price=0.10-0.30 (n=256, roi=+1.27) | Sports (n=1878, roi=+0.40) | Sports / Soccer / price=0.10-0.30 (n=178, roi=+1.23) | Sports / Soccer / live (n=1270, roi=+0.41) | Sports / Soccer (n=1293, roi=+0.41) | Sports / price=0.30-0.50 (n=400, roi=+0.54)"
0xecc558e1dd2164b451766c89d2a28b35d8405fde,OdileDeray,0.1193,False,roi_copy<=0;t<2.0;concurrency_p95>8;drawdown;unstable_halves,941,820,780,40,138.8,0.1,-0.1292,-0.3224,-2.22,0.374,-0.1547,-0.1281,-0.1698,-0.0886,-0.1687,141.1,44.0,56,5.84,0.005,0.0,0.273,192499,0.004,0.104,0.003,0.003,0.194,0.037,-0.0374,0.1177,0.129,False,Sports,"Politics / price=0.00-0.10 (n=13, roi=+1.11) | Politics / Geopolitics (n=9, roi=+0.92) | Politics (n=31, roi=+0.49)",
0x6760de5da522a52a563b2aa39f6aa907921f6409,TheHoneybadger11,0.1173,False,roi_copy<=0;t<2.0;concurrency_p95>8;low_liquidity;drawdown;unstable_halves,4000,2231,2225,6,253.4,0.1,-0.077,-0.1091,-6.45,0.62,-0.0369,-0.0774,-0.0904,-0.0637,0.0547,173.4,54.0,64,29.31,0.007,0.0,0.144,10324,0.237,0.013,0.108,0.003,0.013,0.0,-0.0063,-0.0527,0.0259,False,Sports,"Weather / price=0.30-0.50 (n=17, roi=+0.07) | Weather / Recurring / price=0.30-0.50 (n=17, roi=+0.07) | Sports / Other sport / Miami Daily Weather (n=27, roi=+0.05)",
0xe9010cf300384ce6b86ed9cd9436d515d3593139,,0.1145,False,roi_copy<=0;t<2.0;concurrency_p95>8;both_sides;drawdown;unstable_halves,10500,4046,4015,29,249.8,0.0,-0.0674,-0.162,-4.24,0.438,-0.1146,-0.0707,-0.075,-0.0598,-0.1932,272.96,94.0,117,3.8,0.358,0.0,0.571,175882,0.036,0.113,0.003,0.136,0.034,0.0,-0.0154,0.0647,-0.0048,True,Sports,"Sports / Soccer / WTA (n=91, roi=+0.30) | Sports / Soccer / live (n=273, roi=+0.10) | Sports / Soccer / price=0.00-0.10 (n=88, roi=+0.18)",
0xd708a809ed8d5ef718dd72c795c50c18f0a1b9d2,CoinMaster123,0.1101,False,roi_copy<=0;t<2.0;concurrency_p95>8;drawdown;unstable_halves,1265,837,825,12,479.3,0.0,-0.1134,-0.1825,-3.62,0.526,-0.1187,-0.1139,-0.1651,-0.0618,-0.2413,93.75,29.0,56,5.45,0.045,0.0,0.518,137259,0.113,0.087,0.014,0.0,0.063,0.183,-0.0042,0.0363,0.1365,False,Sports,"Sports / price=0.50-0.70 (n=176, roi=+0.11) | Sports / Soccer / pre (n=120, roi=+0.10) | Sports / Hockey / pre (n=16, roi=+0.25)","Sports / price=0.50-0.70 (n=176, roi=+0.11)"
0x3cad9826407cdadc96bb85cab6f03ff8d7166fea,emffg,0.11,False,concurrency_p95>8,249,168,159,9,171.8,0.1,0.1055,0.1107,2.98,0.887,0.1017,0.0976,0.0356,0.1745,0.1722,4.88,17.0,21,133.56,0.006,0.0,0.833,200326,0.346,0.0,0.12,0.0,0.056,0.0,0.0727,0.0273,0.0206,False,Crypto,"Crypto (n=116, roi=+0.11) | Crypto / price=0.50-0.70 (n=17, roi=+0.27) | Crypto / Bitcoin / Bitcoin Hit Price Monthly (n=25, roi=+0.20)","Crypto (n=116, roi=+0.11)"
0xe544dd76d1dfe34bbe6350f3cd38055bdae8e7ff,0xE544dD76D1dfe34bbe6350F3cD38055BDaE8e7FF-1781291795068,0.1098,False,t<2.0;concurrency_p95>8,112,82,55,27,110.4,0.1,0.2311,0.1937,1.7,0.582,0.3486,0.2317,0.283,0.181,0.1755,3.69,32.0,34,35.06,0.0,0.0,0.021,9285999,0.0,0.018,0.0,0.0,0.114,0.0,0.1421,-0.4614,0.0144,False,Sports,"Sports (n=55, roi=+0.23) | Sports / Soccer / type=moneyline (n=25, roi=+0.31) | Sports / Soccer (n=48, roi=+0.22)",
0xa797d6bd8fe6e404bb4d8e4ab3d97c38336fdede,LonnieHawkins,0.1087,False,concurrency_p95>8;both_sides;history<90d,10500,3416,3416,0,60.5,0.2,0.2154,0.1087,10.05,0.502,0.1538,0.1851,0.1764,0.2545,0.19,9.8,48.0,71,2.29,0.245,0.0,0.625,48832,0.089,0.035,0.029,0.011,0.128,0.0,0.0441,0.0705,0.1664,True,Sports,"Sports / Soccer / live (n=2095, roi=+0.30) | Sports (n=3415, roi=+0.22) | Sports / Soccer (n=3359, roi=+0.22)","Sports / Soccer / live (n=2095, roi=+0.30) | Sports (n=3415, roi=+0.22) | Sports / Soccer (n=3359, roi=+0.22) | Sports / Soccer / price=0.10-0.30 (n=518, roi=+0.55) | Sports / price=0.10-0.30 (n=523, roi=+0.54) | Sports / Soccer / price=0.00-0.10 (n=120, roi=+1.03)"
0x17d81f8299a2d694f98b813ebcf1ca42ac41b4a6,Rocky31,0.1082,False,concurrency_p95>8;low_liquidity;history<90d,903,774,773,1,16.4,0.1,0.2078,0.1082,5.63,0.789,0.1983,0.1874,0.2688,0.147,0.2971,7.97,44.0,57,2.97,0.042,0.0,0.992,8608,0.268,0.006,0.083,0.0,0.166,0.0,0.095,0.142,-0.0236,False,Sports,"Sports (n=773, roi=+0.21) | Sports / Soccer (n=568, roi=+0.19) | Sports / Soccer / live (n=562, roi=+0.19)","Sports (n=773, roi=+0.21) | Sports / Soccer (n=568, roi=+0.19) | Sports / Soccer / live (n=562, roi=+0.19) | Sports / price=0.10-0.30 (n=58, roi=+0.51) | Sports / Other sport (n=201, roi=+0.25) | Sports / Other sport / live (n=201, roi=+0.25)"
0x8488ef25f79c0cf2ffdff307973b2ac10464588c,rabby10,0.1077,False,roi_copy<=0;t<2.0;concurrency_p95>8;drawdown;unstable_halves,4876,1430,1388,39,449.9,0.2,-0.0919,-0.2205,-2.93,0.46,-0.0979,-0.0972,-0.0894,-0.0943,-0.3909,131.49,38.0,46,12.75,0.038,0.0,0.062,651550,0.025,0.06,0.004,0.0,0.025,0.001,-0.0208,0.1215,0.0627,False,Sports,"Sports / Tennis / League of Legends (n=32, roi=+0.16) | Sports / Basketball / price=0.10-0.30 (n=43, roi=+0.13) | Esports / price=0.30-0.50 (n=47, roi=+0.12)",
0xa595ebb8384bad8299d06708bfd6290d2157cdf1,x17BACA,0.1074,False,roi_copy<=0;t<2.0;concurrency_p95>8;low_liquidity;drawdown;unstable_halves,1952,1653,1648,5,248.3,0.0,-0.0905,-0.2099,-3.07,0.602,-0.0842,-0.0914,-0.0749,-0.106,-0.2064,149.12,18.0,27,10.8,0.028,0.0,0.917,11488,0.232,0.072,0.086,0.014,0.022,0.001,-0.0247,-0.0658,0.0744,False,Sports,"Weather / price=0.30-0.50 (n=29, roi=+0.19) | Weather / Recurring / price=0.30-0.50 (n=29, roi=+0.19) | Sports / Other sport / Lucknow Daily Weather (n=29, roi=+0.16)",
0xf3618ba9f63638ab77e85553c67dbb9aaeba783a,Bakuskyvs,0.106,False,concurrency_p95>8;low_liquidity;both_sides;history<90d,2510,590,586,4,86.6,0.0,0.2274,0.106,4.72,0.753,0.1998,0.0428,0.3374,0.1174,0.1497,5.55,12.0,16,2.87,0.105,0.0,0.926,10903,0.256,0.053,0.129,0.054,0.069,0.0,0.072,0.0417,0.301,False,Sports,"Sports / Other sport / live (n=537, roi=+0.24) | Sports (n=584, roi=+0.23) | Sports / Other sport (n=579, roi=+0.23)","Sports / Other sport / live (n=537, roi=+0.24) | Sports (n=584, roi=+0.23) | Sports / Other sport (n=579, roi=+0.23) | Sports / Other sport / type=binary (n=579, roi=+0.23) | Sports / Other sport / Chengdu Daily Weather (n=157, roi=+0.31) | Sports / Other sport / price=0.30-0.50 (n=83, roi=+0.40)"
0x5c50e006298ae03ea9e73533f68b205b750ee0c9,unknownloser1,0.1046,False,roi_copy<=0;t<2.0;concurrency_p95>8;drawdown;unstable_halves,1433,749,734,15,115.5,0.0,-0.1142,-0.2583,-2.43,0.347,-0.1487,-0.1423,-0.054,-0.1743,-0.2258,88.79,17.0,20,1.79,0.035,0.0,0.922,280052,0.005,0.057,0.001,0.01,0.056,0.0,-0.0218,0.0508,0.0751,False,Sports,"Other (n=6, roi=+0.22) | Other / ? (n=6, roi=+0.22) | Other / ? / ? (n=6, roi=+0.22)",
0x8558363730682d7aab94e544b21741a20df88615,milktea3,0.1034,False,concurrency_p95>8;hold<1h;both_sides,10500,3734,3729,5,97.2,0.0,0.1572,0.1034,12.0,0.796,0.2201,0.1422,0.1524,0.1619,-0.0145,6.06,11.0,24,0.47,0.125,0.0,0.993,114887,0.044,0.009,0.035,0.02,0.034,0.0,0.0727,-0.0802,0.0052,True,Sports,"Sports / price=0.10-0.30 (n=462, roi=+0.47) | Sports (n=3348, roi=+0.16) | Sports / Soccer / live (n=793, roi=+0.27)","Sports / price=0.10-0.30 (n=462, roi=+0.47) | Sports (n=3348, roi=+0.16) | Sports / Soccer / live (n=793, roi=+0.27) | Sports / Soccer (n=799, roi=+0.27) | Sports / Soccer / price=0.10-0.30 (n=132, roi=+0.66) | Sports / Soccer / type=moneyline (n=733, roi=+0.27)"
0xd2e820929e3940f5e1a8810f3ebfafb25c3dc60e,chicken123455,0.1026,False,concurrency_p95>8;hold<1h;both_sides,9574,4039,4038,1,112.7,0.1,0.1475,0.1026,12.7,0.801,0.1962,0.1324,0.1164,0.1785,0.0626,7.99,10.0,22,0.02,0.128,0.0,0.99,135523,0.047,0.011,0.028,0.026,0.026,0.0,0.0731,-0.0614,-0.0477,False,Sports,"Sports (n=3696, roi=+0.14) | Sports / price=0.00-0.10 (n=42, roi=+1.22) | Sports / price=0.10-0.30 (n=510, roi=+0.34)","Sports (n=3696, roi=+0.14) | Sports / price=0.00-0.10 (n=42, roi=+1.22) | Sports / price=0.10-0.30 (n=510, roi=+0.34) | Sports / Soccer / live (n=846, roi=+0.22) | Sports / Soccer (n=853, roi=+0.22) | Sports / Soccer / type=moneyline (n=762, roi=+0.22)"
0xe839e7fe9cbd0997200c83d0fb77e7c290a10a9d,dummyricher,0.0994,False,concurrency_p95>8;hold<1h;both_sides,10500,4155,4153,2,108.1,0.0,0.1414,0.0994,13.79,0.811,0.1717,0.1279,0.1416,0.1412,0.3266,8.07,11.0,23,0.02,0.127,0.0,0.992,126864,0.052,0.01,0.023,0.006,0.039,0.0,0.0639,-0.0376,-0.025,True,Sports,"Sports (n=3774, roi=+0.14) | Sports / price=0.10-0.30 (n=563, roi=+0.33) | Sports / price=0.00-0.10 (n=43, roi=+1.09)","Sports (n=3774, roi=+0.14) | Sports / price=0.10-0.30 (n=563, roi=+0.33) | Sports / price=0.00-0.10 (n=43, roi=+1.09) | Sports / Soccer / price=0.10-0.30 (n=136, roi=+0.61) | Sports / Soccer / live (n=841, roi=+0.23) | Sports / Soccer (n=847, roi=+0.23)"
0xc56485e51ccd64d627b1cca971fc1113debee89d,wtq360,0.0992,False,roi_copy<=0;t<2.0;concurrency_p95>8;both_sides;drawdown;unstable_halves,1983,849,844,5,123.6,0.0,-0.1068,-0.2081,-2.86,0.462,-0.1341,-0.1034,-0.146,-0.0676,-0.422,91.65,9.0,13,2.54,0.109,0.0,0.832,680043,0.018,0.06,0.009,0.006,0.052,0.001,-0.0334,0.0457,0.0244,False,Esports,"Esports / Esports / Valorant (n=44, roi=+0.13) | Sports / Tennis / live (n=29, roi=+0.06) | Esports / price=0.00-0.10 (n=34, roi=+0.06)",
0x0d9eb4babe4cb15b56718fc612a552b14de9f53a,koodi,0.0984,False,roi_copy<=0;t<2.0;concurrency_p95>8;low_liquidity;drawdown;unstable_halves,10500,5879,5878,1,198.5,0.1,-0.0654,-0.2204,-2.68,0.408,-0.0716,-0.0654,-0.0731,-0.0577,-0.1635,387.39,27.0,50,3.19,0.026,0.0,0.89,21138,0.004,0.125,0.003,0.094,0.024,0.006,-0.018,0.01,0.0048,True,Sports,"Sports / Other sport / K League 2 (n=15, roi=+3.09) | Sports / Other sport / price=0.00-0.10 (n=77, roi=+0.89) | Sports / Other sport / type=moneyline (n=167, roi=+0.55)",
0xa8f16d8d3236e1c84c0c5749ceff7f1ccd45fee6,FinHeal,0.0979,False,roi_copy<=0;t<2.0;concurrency_p95>8;both_sides;drawdown;unstable_halves,5957,1912,1800,108,469.4,0.1,-0.084,-0.2621,-2.24,0.516,-0.0857,-0.125,-0.1893,0.0213,0.1442,180.44,124.0,132,2.31,0.122,0.022,0.783,69068,0.134,0.156,0.018,0.109,0.101,0.298,-0.0005,0.0146,0.1189,False,Sports,"Culture / Music (n=2, roi=+1.48) | Culture / Music / ? (n=2, roi=+1.48) | Culture / Music / type=binary (n=2, roi=+1.48)","Esports / price=0.50-0.70 (n=154, roi=+0.10) | Esports / Esports / price=0.50-0.70 (n=154, roi=+0.10) | Esports / price=0.70-0.90 (n=62, roi=+0.06) | Esports / Esports / price=0.70-0.90 (n=62, roi=+0.06)"
0xd32e92fdcaf41c886400bdc747525ca22f03b577,hellonewday,0.0973,False,concurrency_p95>8;hold<1h;both_sides,10083,4114,4112,2,112.7,0.0,0.1351,0.0973,13.05,0.804,0.1523,0.1231,0.1216,0.1486,0.0141,5.55,11.0,23,0.02,0.137,0.0,0.992,139145,0.048,0.01,0.026,0.01,0.037,0.0,0.0515,-0.0215,-0.0369,False,Sports,"Sports (n=3732, roi=+0.14) | Sports / price=0.10-0.30 (n=542, roi=+0.33) | Sports / price=0.00-0.10 (n=39, roi=+1.04)","Sports (n=3732, roi=+0.14) | Sports / price=0.10-0.30 (n=542, roi=+0.33) | Sports / price=0.00-0.10 (n=39, roi=+1.04) | Sports / Soccer / price=0.10-0.30 (n=147, roi=+0.52) | Sports / Soccer / live (n=856, roi=+0.21) | Sports / Soccer (n=862, roi=+0.21)"
0xbe572d0401a49586bd8264a1883d5fc76b6b53c6,EmotionalTradoor,0.092,False,roi_copy<=0;t<2.0;concurrency_p95>8;drawdown;unstable_halves,4740,1687,1624,63,228.8,0.0,-0.0792,-0.1972,-2.8,0.428,-0.0971,-0.0281,-0.0894,-0.069,-0.3033,138.25,62.0,73,1.1,0.054,0.0,0.708,133056,0.001,0.059,0.0,0.023,0.018,0.434,-0.0233,0.021,-0.1602,False,Sports,"Sports / Cricket / price=0.00-0.10 (n=5, roi=+0.62) | Sports / Soccer / WTA (n=6, roi=+0.47) | Sports / Tennis / price=0.10-0.30 (n=124, roi=+0.08)",
0xe478d4ca1c959e78f4ad9e563b134c54363128ea,gmomoney,0.091,True,,217,198,190,8,365.1,0.2,0.1377,0.1276,2.14,0.637,0.1634,0.1315,0.1433,0.1321,0.4819,8.53,8.0,9,6.47,0.01,0.0,0.254,267321,0.047,0.0,0.006,0.0,0.049,0.037,0.076,-0.3753,0.1111,False,Sports,"Sports / price=0.50-0.70 (n=106, roi=+0.21) | Sports (n=173, roi=+0.15) | Sports / Baseball / type=moneyline (n=40, roi=+0.29)","Sports / price=0.50-0.70 (n=106, roi=+0.21) | Sports (n=173, roi=+0.15) | Sports / Baseball / type=moneyline (n=40, roi=+0.29) | Sports / American Football / price=0.50-0.70 (n=33, roi=+0.31)"
0x89b6593ddaf149c72c2b4b06719a20463d7b886e,jrxn0780907060,0.0907,False,roi_copy<=0;t<2.0;concurrency_p95>8;drawdown;unstable_halves,4747,2342,2337,5,158.4,0.1,-0.0676,-0.2429,-2.24,0.447,-0.0609,-0.1019,-0.1139,-0.0214,-0.0516,160.21,58.0,78,3.44,0.097,0.001,0.73,33142,0.08,0.122,0.078,0.019,0.028,0.071,-0.0106,-0.0121,0.0792,False,Sports,"Sports / Other sport / Toronto Daily Weather (n=35, roi=+0.45) | Sports / Other sport / Madrid Daily Weather (n=19, roi=+0.53) | Sports / Other sport / Sao Paulo Daily Weather (n=21, roi=+0.38)","Sports / Baseball (n=62, roi=+0.08)"
0x6a891076a79a188f55a2f724690d27d3d98724b1,roymanaez,0.0905,False,concurrency_p95>8,338,248,224,24,102.4,0.2,0.1038,0.117,2.32,0.723,0.1061,0.1029,0.1537,0.0538,0.2689,8.87,24.0,26,4.48,0.0,0.0,0.293,36130,0.036,0.004,0.008,0.0,0.073,0.0,0.0808,-0.0054,0.0427,False,Sports,"Sports / Soccer / price=0.50-0.70 (n=138, roi=+0.19) | Sports / price=0.50-0.70 (n=144, roi=+0.17) | Sports / Soccer / pre (n=152, roi=+0.16)","Sports / Soccer / price=0.50-0.70 (n=138, roi=+0.19) | Sports / price=0.50-0.70 (n=144, roi=+0.17) | Sports / Soccer / pre (n=152, roi=+0.16) | Sports / Soccer (n=211, roi=+0.11) | Sports (n=222, roi=+0.10) | Sports / Soccer / type=both_teams_to_score (n=68, roi=+0.17)"
0x9b2d2f9a51ec5e1809b1f698477b74c8d1326708,Fundivod,0.0897,False,concurrency_p95>8;drawdown;history<90d,519,396,395,1,88.2,0.1,0.2215,0.0897,3.56,0.684,0.2215,0.1992,0.3653,0.0783,0.2435,10.3,17.0,22,2.66,0.042,0.0,0.995,55429,0.089,0.003,0.023,0.0,0.076,0.0,0.0565,,-0.3527,False,Sports,"Sports / price=0.10-0.30 (n=47, roi=+1.13) | Sports / Soccer / price=0.10-0.30 (n=28, roi=+0.99) | Sports (n=376, roi=+0.21)","Sports / price=0.10-0.30 (n=47, roi=+1.13) | Sports (n=376, roi=+0.21) | Sports / Other sport (n=65, roi=+0.35) | Sports / Other sport / live (n=65, roi=+0.35) | Sports / Soccer / live (n=259, roi=+0.16) | Sports / Soccer (n=261, roi=+0.15)"
0xbb3eaeb82973aa8f140ae596f792fcdbd9cab9c5,0xbb3eAEb82973Aa8F140ae596f792FCDbd9CaB9C5-1781592705022,0.0896,False,concurrency_p95>8;hold<1h;both_sides,10107,4210,4209,1,108.8,0.0,0.13,0.0896,11.47,0.799,0.1866,0.1181,0.1223,0.1377,0.2815,7.55,12.0,25,0.03,0.131,0.0,0.989,114760,0.055,0.01,0.04,0.007,0.027,0.0,0.0659,-0.0708,-0.0711,False,Sports,"Sports / price=0.00-0.10 (n=39, roi=+1.44) | Sports / Soccer / price=0.00-0.10 (n=25, roi=+1.80) | Sports (n=3834, roi=+0.14)","Sports / price=0.00-0.10 (n=39, roi=+1.44) | Sports (n=3834, roi=+0.14) | Sports / Soccer / live (n=904, roi=+0.25) | Sports / Soccer (n=913, roi=+0.25) | Sports / price=0.10-0.30 (n=539, roi=+0.29) | Sports / Soccer / type=moneyline (n=804, roi=+0.22)"
0x38faf5932f8339b700c56058c0e46848ae7f87b5,NUTBUSTER42069,0.0877,False,roi_copy<=0;t<2.0;drawdown;unstable_halves,3934,1395,1392,3,293.0,0.1,-0.0769,-0.1886,-2.79,0.431,-0.0461,-0.1191,-0.0864,-0.0674,0.1391,137.13,5.0,8,2.85,0.031,0.0,0.855,474889,0.001,0.081,0.0,0.028,0.041,0.001,-0.0069,-0.0449,0.1217,False,Sports,"Sports / Soccer / Liga MX 2025 (n=4, roi=+0.22) | Sports / American Football / NFL 2025 (n=20, roi=+0.07) | Sports / Hockey / type=moneyline (n=23, roi=+0.06)",
0xc3ec148928919476fe3df6fdd269a3f5abaee987,AllyBama,0.0861,False,roi_copy<=0;t<2.0;concurrency_p95>8;drawdown;unstable_halves,5949,3343,2974,369,697.3,0.1,-0.0622,-0.2035,-2.54,0.426,-0.0796,-0.0659,-0.0719,-0.0524,-0.1842,212.29,324.0,373,6.36,0.052,0.0,0.367,414818,0.018,0.061,0.004,0.007,0.013,0.047,-0.0189,0.0607,0.0768,False,Sports,"Crypto / Up/Down short / price=0.00-0.10 (n=12, roi=+0.95) | Crypto / price=0.00-0.10 (n=21, roi=+0.53) | Crypto / Up/Down short / ETH Up or Down 15m (n=20, roi=+0.54)",
0x65abaac57a7095d7f88b073a26b5f8f2f4cb273d,Konium,0.0856,False,roi_copy<=0;t<2.0;concurrency_p95>8;both_sides;drawdown;unstable_halves,3220,1932,1925,6,851.3,0.2,-0.0761,-0.2868,-1.79,0.556,-0.1004,-0.1824,-0.1142,-0.038,-0.2202,188.62,68.0,88,17.86,0.175,0.06,0.686,242427,0.271,0.155,0.161,0.024,0.048,0.337,-0.0032,0.2549,0.4315,False,Crypto,"Sports / Other sport / price=0.00-0.10 (n=54, roi=+0.57) | Politics / Tweet Markets / price=0.10-0.30 (n=94, roi=+0.41) | Politics / price=0.10-0.30 (n=116, roi=+0.32)",
0xf0ea0711aa08556fc9a4d0f8ca379254de2f2f71,supertrader99,0.083,False,concurrency_p95>8;hold<1h;both_sides,10500,3729,3727,2,92.5,0.0,0.154,0.083,5.93,0.8,0.1808,0.1414,0.176,0.1321,-0.0018,8.81,11.0,25,0.21,0.141,0.0,0.991,114072,0.05,0.009,0.036,0.07,0.059,0.0,0.0588,-0.0339,-0.0212,True,Sports,"Sports / price=0.00-0.10 (n=33, roi=+3.15) | Sports / Soccer / price=0.00-0.10 (n=17, roi=+3.63) | Sports (n=3360, roi=+0.16)","Sports (n=3360, roi=+0.16) | Sports / Soccer / live (n=751, roi=+0.33) | Sports / Soccer (n=756, roi=+0.33) | Sports / Soccer / type=moneyline (n=696, roi=+0.34) | Sports / price=0.10-0.30 (n=498, roi=+0.34) | Sports / Soccer / price=0.10-0.30 (n=118, roi=+0.55)"
0xa135c9a5a6fb4d5b86832ff8475463722b3e68b8,W9iq27,0.0825,False,roi_copy<=0;t<2.0;concurrency_p95>8;drawdown;unstable_halves,2142,1105,1001,104,732.8,0.1,-0.0826,-0.2152,-2.3,0.489,-0.0348,-0.082,-0.0857,-0.0794,-0.3409,88.9,108.0,118,14.66,0.077,0.0,0.04,525408,0.132,0.103,0.048,0.019,0.046,0.017,-0.0095,-0.4063,0.0321,False,Sports,"Sports / Soccer / type=soccer_player_goals (n=23, roi=+0.16) | Sports / Soccer / price=0.10-0.30 (n=104, roi=+0.06) | Sports / price=0.10-0.30 (n=105, roi=+0.06)",
0x16b251e0f8b8315a871e7a14596a01da3b53aa5a,gollaza,0.0818,False,concurrency_p95>8;low_liquidity;hold<1h;drawdown,10500,4101,4101,0,131.3,0.2,0.135,0.0818,12.32,0.64,0.1353,0.1309,0.1363,0.1336,-0.1327,10.67,11.0,33,0.05,0.053,0.0,0.971,20316,0.088,0.02,0.019,0.01,0.059,0.0,0.0614,-0.0004,-0.0201,True,Sports,"Sports (n=4094, roi=+0.14) | Sports / price=0.10-0.30 (n=553, roi=+0.29) | Sports / Soccer (n=2814, roi=+0.12)","Sports (n=4094, roi=+0.14) | Sports / price=0.10-0.30 (n=553, roi=+0.29) | Sports / Soccer (n=2814, roi=+0.12) | Sports / Soccer / live (n=2666, roi=+0.12) | Sports / Other sport / live (n=1268, roi=+0.17) | Sports / Other sport (n=1272, roi=+0.17)"
0x4abdea21c609efca17160f1dcbc652ba498a5a5c,redfox666,0.0817,False,concurrency_p95>8;hold<1h;both_sides;drawdown,9347,3936,3936,0,107.6,0.0,0.1334,0.0817,6.77,0.792,0.1634,0.1194,0.1588,0.1081,0.1453,10.3,11.0,26,0.02,0.127,0.0,0.994,133216,0.043,0.012,0.017,0.052,0.041,0.0,0.0611,-0.0371,0.0117,False,Sports,"Sports / price=0.00-0.10 (n=45, roi=+1.93) | Sports / Soccer / price=0.00-0.10 (n=16, roi=+2.68) | Sports (n=3567, roi=+0.15)","Sports (n=3567, roi=+0.15) | Sports / Soccer / live (n=771, roi=+0.27) | Sports / Soccer (n=774, roi=+0.26) | Sports / Soccer / type=moneyline (n=682, roi=+0.27) | Sports / price=0.10-0.30 (n=534, roi=+0.29) | Sports / price=0.30-0.50 (n=986, roi=+0.14)"
0x39bb52510caba266761b3e6ef3c27934595c13d7,Cyrrus,0.0814,False,roi_copy<=0;t<2.0;concurrency_p95>8;low_liquidity;both_sides;drawdown;unstable_halves,6094,4235,4229,6,754.1,0.2,-0.0533,-0.2429,-2.01,0.401,-0.0694,-0.055,-0.0897,-0.017,0.2401,252.51,23.0,44,11.5,0.124,0.0,0.955,11222,0.037,0.121,0.015,0.042,0.017,0.0,-0.0035,0.0422,0.123,False,Sports,"Sports / price=0.50-0.70 (n=883, roi=+0.03) | Sports / Other sport / price=0.50-0.70 (n=883, roi=+0.03) | Sports / price=0.30-0.50 (n=1204, roi=+0.02)",
0xa0602b966b79677ca5d2794ef47b9572c6100747,luckycharm26,0.0813,False,roi_copy<=0;t<2.0;drawdown;unstable_halves,1178,587,586,1,286.7,0.1,-0.1006,-0.1515,-3.22,0.594,-0.104,-0.094,-0.1201,-0.0811,-0.0769,62.38,4.0,7,3.56,0.027,0.0,0.844,370798,0.148,0.019,0.081,0.011,0.024,0.0,-0.0384,0.0052,0.1084,False,Sports,"Sports / Soccer / price=0.70-0.90 (n=45, roi=+0.02) | Sports / Basketball / price=0.50-0.70 (n=4, roi=+0.03) | Sports / Other sport / price=0.10-0.30 (n=2, roi=+0.03)",
0xa8a1b285090a97de8901ac8079d20d202e492974,gggjajnsnn,0.0806,False,roi_copy<=0;t<2.0;both_sides;drawdown;unstable_halves,2455,885,883,2,336.9,0.0,-0.0866,-0.3453,-1.4,0.313,-0.0698,-0.0661,-0.052,-0.1212,-0.0331,134.76,7.0,11,2.69,0.117,0.0,0.915,528388,0.003,0.113,0.0,0.01,0.053,0.22,-0.0391,-0.0791,-0.0768,False,Sports,"Crypto / Pre-Market (n=6, roi=+1.49) | Crypto / Pre-Market / ? (n=6, roi=+1.49) | Crypto / Pre-Market / type=binary (n=6, roi=+1.49)",
0x51165d8d7986d37c3405ecaa9b8fb1257fe083ad,,0.0806,False,concurrency_p95>8;low_liquidity;drawdown,618,497,472,25,93.1,0.1,0.2156,0.0806,3.62,0.538,0.2606,0.2066,0.1727,0.2584,0.3553,11.62,26.0,30,1.49,0.051,0.0,0.943,20787,0.008,0.032,0.0,0.0,0.069,0.0,0.0998,-0.2871,-0.1782,False,Sports,"Sports / price=0.10-0.30 (n=80, roi=+0.55) | Sports (n=472, roi=+0.22) | Sports / Tennis / price=0.30-0.50 (n=37, roi=+0.57)","Sports (n=472, roi=+0.22) | Sports / Tennis / price=0.30-0.50 (n=37, roi=+0.57) | Sports / Tennis / type=moneyline (n=39, roi=+0.51) | Sports / Tennis (n=100, roi=+0.29) | Sports / price=0.30-0.50 (n=156, roi=+0.22) | Sports / Soccer (n=139, roi=+0.20)"
0xaeb50a7e23d833da8be30e69b55172d1f52858e2,justinlee,0.0806,False,roi_copy<=0;t<2.0;drawdown;unstable_halves,8481,4765,4763,2,1063.0,0.1,-0.0489,-0.1957,-2.47,0.348,-0.0413,-0.0449,-0.0314,-0.0664,-0.0378,248.03,6.0,14,4.2,0.01,0.0,0.536,295349,0.0,0.042,0.0,0.007,0.004,0.0,-0.0078,-0.0213,0.0131,False,Sports,"Other (n=17, roi=+0.76) | Other / price=0.00-0.10 (n=13, roi=+0.73) | Other / Breaking News (n=2, roi=+1.43)",
0x0c0ba327b6b52de1080b862a32773770633ac814,pleasegivememoney888,0.0784,False,concurrency_p95>8;hold<1h;both_sides;drawdown,10230,4248,4247,1,107.5,0.0,0.1199,0.0784,12.02,0.778,0.1776,0.1113,0.1053,0.1346,0.2601,11.13,10.0,22,0.02,0.149,0.0,0.991,157396,0.047,0.013,0.032,0.006,0.024,0.0,0.0559,-0.0721,-0.057,False,Sports,"Sports / price=0.10-0.30 (n=581, roi=+0.32) | Sports (n=3881, roi=+0.12) | Sports / Soccer / live (n=875, roi=+0.20)","Sports / price=0.10-0.30 (n=581, roi=+0.32) | Sports (n=3881, roi=+0.12) | Sports / Soccer / live (n=875, roi=+0.20) | Sports / Soccer (n=882, roi=+0.20) | Sports / Soccer / type=moneyline (n=791, roi=+0.21) | Sports / Soccer / price=0.10-0.30 (n=136, roi=+0.43)"
0x9030cd617fd95307d5121d065c9d37864119cf12,skembinator,0.0781,False,roi_copy<=0;t<2.0;concurrency_p95>8;low_liquidity;drawdown;unstable_halves,1528,793,779,14,321.8,0.1,-0.1024,-0.1616,-2.9,0.484,-0.0979,-0.0946,-0.0894,-0.1152,-0.2362,81.9,57.0,77,5.66,0.088,0.0,0.378,18960,0.04,0.022,0.01,0.0,0.12,0.0,-0.0322,-0.2149,0.0627,False,Sports,"Sports / American Football / price=0.50-0.70 (n=101, roi=+0.08) | Sports / Soccer / price=0.30-0.50 (n=26, roi=+0.07) | Sports / Soccer / type=moneyline (n=68, roi=+0.04)",
0x2a8537fed0e0ad24869ecd1a11f20cb96eba54c1,0x2a8537Fed0E0ad24869ecd1A11f20Cb96eBA54c1-1776677063080,0.0757,False,roi_copy<=0;t<2.0;concurrency_p95>8;low_liquidity;drawdown;unstable_halves,1998,913,891,21,164.8,0.0,-0.0734,-0.2735,-1.66,0.412,-0.0362,-0.0858,-0.0378,-0.109,-0.2684,74.54,132.0,139,18.53,0.061,0.0,0.796,9204,0.245,0.047,0.062,0.049,0.037,0.0,-0.0077,-0.0854,0.1245,False,Sports,"Sports / Other sport / Shenzhen Daily Weather (n=21, roi=+0.33) | Sports / Other sport / Sao Paulo Daily Weather (n=14, roi=+0.28) | Sports / Other sport / Hong Kong Daily Weather (n=11, roi=+0.31)",
0xd692943ba30fcf48a041f75895853300833b8b9a,MartyFinklestein,0.0754,False,roi_copy<=0;t<2.0;concurrency_p95>8;both_sides;drawdown;unstable_halves,6596,2872,2761,111,652.2,0.1,-0.0535,-0.2028,-2.23,0.441,-0.082,-0.0722,-0.0416,-0.0654,-0.2358,155.71,97.0,114,1.27,0.146,0.0,0.791,228012,0.009,0.061,0.002,0.023,0.03,0.31,-0.0171,0.0496,-0.0007,False,Sports,"Other (n=34, roi=+0.61) | Other / ? (n=34, roi=+0.61) | Other / ? / ? (n=34, roi=+0.61)","Other (n=34, roi=+0.61) | Other / ? (n=34, roi=+0.61) | Other / ? / ? (n=34, roi=+0.61) | Other / ? / type=binary (n=34, roi=+0.61)"
0x0b8d3a120b4f3a500653269353b8be49cd8d44b1,bwabdd,0.0754,False,roi_copy<=0;t<2.0;concurrency_p95>8;both_sides;drawdown;unstable_halves,2413,722,721,1,230.3,0.1,-0.0897,-0.1222,-3.7,0.462,-0.1474,-0.1133,-0.034,-0.1453,-0.2239,65.55,11.0,15,7.94,0.131,0.0,0.394,715257,0.071,0.031,0.04,0.001,0.042,0.015,-0.0391,0.0823,0.1708,False,Sports,"Sports / Basketball / price=0.50-0.70 (n=204, roi=+0.01) | Crypto / FDV / price=0.70-0.90 (n=1, roi=-0.07) | Sports / Baseball / price=0.70-0.90 (n=1, roi=-0.08)",
0x84e3098f7cbc9259dd2d395e8ef9cf7adc6d3dfd,yoAvicapital,0.0753,False,low_liquidity,407,293,291,2,164.1,0.2,0.0687,0.0978,2.31,0.804,0.0698,0.0668,0.0741,0.0635,-0.0079,5.46,6.0,10,17.6,0.0,0.0,0.835,9526,0.0,0.0,0.0,0.0,0.028,0.0,0.0506,-0.0039,-0.0189,False,Sports,"Sports / Other sport / live (n=243, roi=+0.08) | Sports / price=0.50-0.70 (n=48, roi=+0.18) | Sports / Other sport / price=0.50-0.70 (n=48, roi=+0.18)","Sports / Other sport / live (n=243, roi=+0.08) | Sports / price=0.50-0.70 (n=48, roi=+0.18) | Sports / Other sport / price=0.50-0.70 (n=48, roi=+0.18) | Sports (n=291, roi=+0.07) | Sports / Other sport (n=291, roi=+0.07) | Sports / Other sport / type=binary (n=291, roi=+0.07)"
0x12f07751721d408a3c0009ea3778531fb26b6e95,yanshigggg,0.0745,False,concurrency_p95>8,1110,581,405,175,135.6,0.0,0.1423,0.0745,3.09,0.575,0.0439,0.1343,0.2227,0.0622,-0.1362,7.83,162.0,176,2.34,0.082,0.0,0.818,316256,0.017,0.0,0.01,0.0,0.115,0.005,0.0265,-0.0032,-0.2043,False,Esports,"Other (n=40, roi=+0.75) | Other / ? (n=40, roi=+0.75) | Other / ? / ? (n=40, roi=+0.75)","Other (n=40, roi=+0.75) | Other / ? (n=40, roi=+0.75) | Other / ? / ? (n=40, roi=+0.75) | Other / ? / type=binary (n=40, roi=+0.75)"
0x1f9a9a13dccb6bb89b3d0f53600e17e961862324,linfeng123,0.0716,False,closed<50;roi_copy<=0;t<2.0;top1_concentration;unstable_halves;history<90d,5,5,5,0,9.3,0.1,-0.3408,-0.3408,-1.26,0.6,-0.3408,-0.3408,-0.477,-0.2501,-0.3408,1.95,2.0,2,1.94,0.0,0.0,1.0,291540,0.4,0.0,0.944,0.0,0.823,0.2,-0.067,,0.1296,False,Sports,"Crypto (n=1, roi=-0.32) | Crypto / Up/Down short (n=1, roi=-0.32) | Crypto / Up/Down short / BTC Up or Down 5m (n=1, roi=-0.32)",
0xca0d29518aae871ab19e9e85d59204248cb32602,Tensor-1772585536022,0.0714,False,roi_copy<=0;t<2.0;drawdown;unstable_halves,1929,1012,1008,4,212.6,0.1,-0.0791,-0.1569,-2.73,0.437,-0.0917,-0.0859,-0.0524,-0.1058,0.1299,84.95,8.0,12,3.48,0.027,0.0,0.611,174407,0.011,0.016,0.005,0.0,0.053,0.022,-0.0283,0.0209,0.1804,False,Sports,"Sports / Soccer / UEFA Champions League 2025 (n=42, roi=+0.10) | Sports / Baseball / MLB (n=27, roi=+0.09) | Sports / Baseball / live (n=23, roi=+0.09)",
0x50d66a531021e42e83c8a21faf80041577cff94a,Famozo,0.0712,False,roi_copy<=0;t<2.0;concurrency_p95>8;drawdown;unstable_halves,1177,702,679,23,686.4,0.1,-0.0905,-0.1619,-2.64,0.571,-0.0804,-0.0873,-0.1039,-0.077,-0.0716,61.58,22.0,32,8.7,0.012,0.0,0.29,527515,0.172,0.034,0.125,0.005,0.034,0.019,-0.0222,-0.0311,0.0915,False,Esports,"Politics / Venezuela (n=5, roi=+0.34) | Politics / Venezuela / type=binary (n=5, roi=+0.34) | Politics / Venezuela / US x Venezuela military engagement (n=1, roi=+0.39)",
0x61ca4f40bc9ad780d4ef0d04e0fea97e7584a1b4,arbadg,0.0704,False,roi_copy<=0;t<2.0;concurrency_p95>8;low_liquidity;drawdown;unstable_halves,3879,3438,3410,28,186.8,0.0,-0.0654,-0.1081,-3.91,0.745,-0.0686,-0.0662,-0.0886,-0.0422,-0.267,225.38,187.0,236,27.65,0.011,0.038,0.355,10390,0.367,0.05,0.049,0.017,0.141,0.104,-0.014,0.0757,0.0349,False,Sports,"Sports / Other sport / Munich Daily Weather (n=78, roi=+0.40) | Sports / Other sport / Dallas Daily Weather (n=4, roi=+0.32) | Sports / Other sport / Atlanta Daily Weather (n=17, roi=+0.12)",
0x33ae5c5d641ebda2f1be68b756694d4da82acf9e,Vampiro1,0.0702,False,concurrency_p95>8;low_liquidity;drawdown;history<90d,5488,3326,3325,1,50.4,0.0,0.1817,0.0702,9.19,0.779,0.2015,0.175,0.1001,0.2632,0.0986,12.06,39.0,65,2.49,0.061,0.0,0.993,9179,0.304,0.034,0.029,0.036,0.032,0.0,0.0674,-0.0676,-0.0298,False,Sports,"Sports / price=0.10-0.30 (n=285, roi=+0.84) | Sports / Soccer / price=0.10-0.30 (n=213, roi=+0.81) | Sports (n=3325, roi=+0.18)","Sports / price=0.10-0.30 (n=285, roi=+0.84) | Sports / Soccer / price=0.10-0.30 (n=213, roi=+0.81) | Sports (n=3325, roi=+0.18) | Sports / Soccer / live (n=2445, roi=+0.17) | Sports / Soccer (n=2467, roi=+0.17) | Sports / price=0.30-0.50 (n=384, roi=+0.35)"
0x0eb75bf6f54794a83bd26095811f30b530161f17,000.00,0.0685,False,roi_copy<=0;t<2.0;concurrency_p95>8;drawdown;unstable_halves,5479,2008,2002,6,236.5,0.1,-0.0683,-0.1389,-2.96,0.411,-0.0705,-0.077,-0.1039,-0.0328,0.0294,176.21,19.0,33,3.3,0.066,0.0,0.563,130663,0.01,0.072,0.0,0.002,0.04,0.0,-0.0159,0.0035,-0.0436,False,Sports,"Sports / Baseball / pre (n=448, roi=+0.02) | Sports / Soccer / Counter Strike (n=8, roi=+0.09) | Sports / Baseball (n=747, roi=+0.01)",
0x38abd798e4f62e69f45aaa76124241aac8c975ff,0x38abD798E4f62E69F45aaa76124241aAc8C975FF-1761596029573,0.0684,False,roi_copy<=0;t<2.0;concurrency_p95>8;drawdown;unstable_halves,10500,8669,8572,92,289.0,0.1,-0.0349,-0.1329,-3.09,0.535,-0.0339,-0.0388,-0.0323,-0.0375,-0.0829,342.94,120.0,167,4.08,0.065,0.0,0.373,127128,0.049,0.007,0.013,0.005,0.005,0.0,-0.0104,-0.0148,-0.0051,True,Sports,"Esports / price=0.50-0.70 (n=262, roi=+0.09) | Esports / Esports / price=0.50-0.70 (n=262, roi=+0.09) | Sports / Other sport / Chinese Super League (n=167, roi=+0.09)","Esports / price=0.50-0.70 (n=262, roi=+0.09) | Esports / Esports / price=0.50-0.70 (n=262, roi=+0.09)"
0xe260f8f2cad05bd6931687706293f146560c3f01,Erdverkochung,0.0679,False,roi_copy<=0;t<2.0;concurrency_p95>8;low_liquidity;drawdown;unstable_halves,2296,1322,1317,5,187.7,0.1,-0.0668,-0.0957,-4.26,0.676,-0.0427,-0.0673,-0.0915,-0.0421,0.0442,90.12,43.0,56,32.36,0.01,0.0,0.138,9079,0.305,0.006,0.133,0.002,0.014,0.0,-0.0126,-0.034,0.03,False,Sports,"Sports / Other sport / Paris Daily Weather (n=68, roi=+0.04) | Sports / Other sport / Miami Daily Weather (n=18, roi=+0.05) | Sports / Other sport / Kuala Lumpur Daily Weather (n=17, roi=+0.04)",
0xe6dd9b82b1389d5b86a4837c8c09532a7fab5e33,fbastos,0.0663,False,roi_copy<=0;t<2.0;concurrency_p95>8;hold<1h;drawdown;unstable_halves;history<90d,6171,3377,3377,0,86.3,0.1,-0.0511,-0.0874,-4.55,0.393,-0.0159,-0.0743,-0.036,-0.0662,0.1095,182.83,17.0,40,0.54,0.001,0.0,0.985,74474,0.035,0.004,0.008,0.0,0.177,0.001,-0.0099,-0.0571,0.079,False,Sports,"Sports / Soccer / EFL Championship (n=65, roi=+0.09) | Sports / Soccer / Saudi Professional League (n=33, roi=+0.08) | Sports / Soccer / FIFA World Cup (n=19, roi=+0.10)",
0x6b79d34cc35654a03253d611abbbaaf5f24ab1be,Nomadxl,0.0661,False,hold<1h;both_sides;drawdown,2218,526,526,0,125.1,0.2,0.2468,0.0661,3.1,0.574,0.22,0.2382,0.1295,0.3642,0.3964,11.45,7.0,11,0.49,0.114,0.0,0.983,101832,0.029,0.074,0.114,0.011,0.112,0.0,0.038,0.0322,0.104,False,Sports,"Sports / Soccer (n=500, roi=+0.26) | Sports / Soccer / type=moneyline (n=104, roi=+0.56) | Sports (n=526, roi=+0.25)","Sports / Soccer (n=500, roi=+0.26) | Sports (n=526, roi=+0.25) | Sports / Soccer / live (n=492, roi=+0.25) | Sports / Soccer / price=0.30-0.50 (n=143, roi=+0.23) | Sports / price=0.30-0.50 (n=148, roi=+0.22) | Sports / Soccer / FIFA World Cup (n=364, roi=+0.11)"
0x99fc64e30de1d36502c984d69d3b81f39910ec26,barocco,0.0657,False,roi_copy<=0;t<2.0;drawdown;unstable_halves,2159,1253,1248,5,853.6,0.2,-0.0656,-0.198,-1.99,0.426,-0.1158,-0.0799,-0.0969,-0.0343,-0.2542,85.55,8.0,12,2.62,0.099,0.0,0.657,475750,0.023,0.053,0.028,0.005,0.018,0.003,-0.0254,0.1086,0.0199,False,Sports,"Sports / Soccer / live (n=85, roi=+0.19) | Sports / Tennis / price=0.30-0.50 (n=298, roi=+0.05) | Sports / MMA/Boxing / UFC (n=38, roi=+0.08)",
0x8784e740818bb6347a451675a8c1fe1ab2d99b1a,Warehouse.,0.0656,False,roi_copy<=0;t<2.0;both_sides;drawdown;unstable_halves;history<90d,974,474,469,5,72.6,0.0,-0.0977,-0.1884,-2.09,0.443,-0.1244,-0.0659,-0.1583,-0.0373,0.1663,60.23,8.0,12,1.69,0.251,0.0,0.848,317302,0.002,0.043,0.0,0.0,0.025,0.0,-0.0244,0.11,-0.0206,False,Sports,"Sports / Soccer / pre (n=7, roi=+0.16) | Sports / Soccer / price=0.30-0.50 (n=6, roi=+0.03) | Sports / Soccer / ATP (n=14, roi=-0.01)",
0xccd81fbd3395dc43a0531f8484b21c2462daf4de,0F62,0.0653,False,roi_copy<=0;t<2.0;concurrency_p95>8;drawdown;unstable_halves,10179,4184,4155,29,122.9,0.0,-0.0449,-0.1436,-2.73,0.516,-0.0445,-0.0592,-0.0316,-0.0582,0.0497,212.75,73.0,93,4.28,0.005,0.012,0.1,107156,0.132,0.007,0.336,0.0,0.06,0.352,-0.0153,-0.0029,0.0018,False,Sports,"Crypto / Up/Down short / price=0.70-0.90 (n=276, roi=+0.04) | Crypto / price=0.70-0.90 (n=280, roi=+0.03) | Sports / Baseball / price=0.70-0.90 (n=41, roi=+0.06)",
0xd0c7f0d430bf1ec764a8279a75235fb5e54e4459,Leo626626,0.0652,False,roi_copy<=0;t<2.0;concurrency_p95>8;drawdown;unstable_halves,2504,1206,1204,2,197.0,0.1,-0.0697,-0.1309,-2.99,0.641,-0.0374,-0.0766,-0.101,-0.0385,-0.0211,91.69,11.0,17,2.69,0.097,0.0,0.985,198172,0.237,0.034,0.217,0.003,0.021,0.0,-0.0136,-0.0453,0.1209,False,Sports,"Sports / price=0.50-0.70 (n=161, roi=+0.05) | Sports / Tennis / Counter Strike (n=16, roi=+0.09) | Esports / Esports / Dota 2 (n=61, roi=+0.03)",
0x76697d10520591cc163e194d533a5cd4a960f58c,Beardsley,0.0651,False,concurrency_p95>8;low_liquidity;drawdown,1945,1404,1400,4,278.0,0.1,0.5967,0.0651,4.17,0.603,0.5967,0.5711,0.8352,0.3582,-0.0993,10.72,17.0,38,3.45,0.04,0.0,0.994,24810,0.062,0.047,0.005,0.014,0.039,0.0,0.0914,-0.002,-0.8934,False,Sports,"Sports / Basketball / price=0.00-0.10 (n=52, roi=+7.40) | Sports / price=0.00-0.10 (n=65, roi=+6.11) | Sports / Basketball / NCAA CBB (n=265, roi=+1.81)","Sports / Basketball / price=0.00-0.10 (n=52, roi=+7.40) | Sports / price=0.00-0.10 (n=65, roi=+6.11) | Sports / Basketball / NCAA CBB (n=265, roi=+1.81) | Sports / Basketball / live (n=952, roi=+0.79) | Sports / Basketball (n=953, roi=+0.79) | Sports / Basketball / type=totals (n=628, roi=+0.97)"
0x8b1b891e7198d91fb763cf50828205c8cf7f2cae,Sjoppie,0.0647,False,roi_copy<=0;t<2.0;concurrency_p95>8;low_liquidity;drawdown;unstable_halves,3944,1748,1725,21,215.8,0.1,-0.0567,-0.3107,-1.25,0.322,-0.027,-0.099,0.0114,-0.1248,-0.5579,136.4,51.0,64,15.39,0.036,0.001,0.596,7889,0.009,0.151,0.004,0.1,0.022,0.031,-0.0232,-0.0588,0.208,False,Sports,"Crypto / Bitcoin (n=8, roi=+1.22) | Crypto / Bitcoin / type=binary (n=8, roi=+1.22) | Crypto / Bitcoin / BTC Multi Strikes Weekly (n=6, roi=+1.33)",
0xccff3146eff948611822511963392278b243e845,DiversifiedBS,0.0646,False,roi_copy<=0;t<2.0;concurrency_p95>8;drawdown;unstable_halves,3680,1188,1186,2,685.2,0.2,-0.0688,-0.1708,-2.27,0.479,-0.09,-0.0802,-0.0562,-0.0813,-0.3687,83.99,40.0,47,4.39,0.069,0.0,0.675,617675,0.052,0.03,0.009,0.002,0.02,0.079,-0.0186,0.0569,0.1437,False,Sports,"Crypto / price=0.50-0.70 (n=69, roi=+0.11) | Sports / MMA/Boxing / pre (n=77, roi=+0.09) | Sports / Basketball / pre (n=135, roi=+0.06)",
0x07dd93729632bef8b3a522f8079efd483990ae34,,0.0642,False,roi_copy<=0;t<2.0;concurrency_p95>8;both_sides;drawdown;unstable_halves,3196,1064,1038,18,206.4,0.2,-0.0711,-0.1752,-2.2,0.25,-0.2098,-0.0775,-0.08,-0.0621,-0.0837,85.61,50.0,56,2.7,0.204,0.0,0.445,446424,0.035,0.352,0.018,0.016,0.127,0.023,-0.0479,0.2261,0.0378,False,Sports,"Sports / Soccer / type=totals (n=11, roi=+0.51) | Politics / price=0.10-0.30 (n=53, roi=+0.17) | Sports / Soccer / live (n=13, roi=+0.32)",
0x5b45946c1ddec3ecd71a1ebcfca283af9967362b,nightcity2077,0.0641,False,roi_copy<=0;t<2.0;concurrency_p95>8;both_sides;drawdown;unstable_halves,10500,6303,6268,30,112.0,0.1,-0.0414,-0.3432,-1.12,0.419,-0.0413,-0.1062,-0.0313,-0.0514,-0.1799,270.8,52.0,85,2.2,0.218,0.0,0.983,323407,0.067,0.137,0.047,0.023,0.061,0.0,-0.0142,-0.0024,0.2294,True,Sports,"Sports / Soccer / UEFA Champions League 2025 (n=58, roi=+1.03) | Sports / Baseball / price=0.00-0.10 (n=38, roi=+1.05) | Sports / Soccer / La Liga 2025 (n=149, roi=+0.45)","Sports / Tennis / price=0.30-0.50 (n=54, roi=+0.27)"
0xd774b949e4afe95808ae5ac05e130f3eca8b82cd,DFY,0.0631,False,roi_copy<=0;t<2.0;concurrency_p95>8;drawdown;unstable_halves,2459,1633,1626,7,600.3,0.1,-0.0748,-0.1275,-2.97,0.425,-0.0823,-0.0806,-0.082,-0.0676,-0.2182,130.57,20.0,26,8.61,0.021,0.0,0.122,233504,0.001,0.016,0.0,0.0,0.01,0.0,-0.0273,0.0264,0.0683,False,Sports,"Sports / American Football / NFL 2026 (n=84, roi=+0.09) | Sports / Hockey / live (n=4, roi=+0.19) | Sports / Soccer / FIFA World Cup (n=167, roi=+0.02)",
0x568f620c81407e562678ab7ab88aa628d8d6d803,haidi123,0.0627,False,roi_copy<=0;t<2.0;concurrency_p95>8;both_sides;drawdown;unstable_halves,349,150,147,2,200.6,0.1,-0.1384,-0.1938,-1.94,0.381,-0.2489,-0.1394,-0.1126,-0.1639,-0.263,21.81,14.0,15,1.58,0.143,0.0,0.68,348039,0.0,0.02,0.0,0.0,0.189,0.0,-0.0938,0.3531,0.2598,False,Sports,"Sports / Tennis / price=0.30-0.50 (n=48, roi=+0.03) | Sports / price=0.30-0.50 (n=55, roi=+0.00) | Sports / price=0.70-0.90 (n=13, roi=-0.01)",
0x6c04b9a304cf969a45ea0be21259d3cdf13da593,nexussim.ai,0.062,False,roi_copy<=0;t<2.0;concurrency_p95>8;drawdown;unstable_halves,2273,1412,1399,13,265.7,0.0,-0.0637,-0.2089,-1.78,0.346,-0.0613,-0.0469,-0.031,-0.0964,-0.1779,113.31,14.0,18,2.26,0.015,0.0,0.712,265814,0.001,0.037,0.0,0.022,0.016,0.029,-0.02,-0.004,-0.0982,False,Sports,"Esports / Esports / type=moneyline (n=77, roi=+0.31) | Sports / Soccer / type=moneyline (n=113, roi=+0.19) | Esports / Esports / price=0.00-0.10 (n=19, roi=+0.42)","Sports / Soccer / type=moneyline (n=113, roi=+0.19)"
0x504ebf2540b9383898a5a386962a412adf547ad9,seaoctavecer,0.0598,False,roi_copy<=0;t<2.0;concurrency_p95>8;hold<1h;both_sides;drawdown;unstable_halves,1952,503,501,2,117.3,0.0,-0.0766,-0.1319,-2.72,0.251,-0.2574,-0.0821,-0.0582,-0.0948,-0.1095,39.99,16.0,25,0.13,0.113,0.0,0.582,135354,0.0,0.01,0.0,0.0,0.177,0.002,-0.0839,0.2336,0.0144,False,Crypto,"Sports / Tennis / price=0.10-0.30 (n=31, roi=+0.08) | Sports / price=0.50-0.70 (n=45, roi=+0.04) | Sports / Soccer / price=0.50-0.70 (n=9, roi=+0.06)",
0x1e49f16ab8c96836fbc3a5b8b0c233e99f125166,sisioc-74,0.0596,False,concurrency_p95>8;low_liquidity;drawdown,2476,1952,1950,2,149.4,0.0,0.1199,0.0596,6.86,0.862,0.1178,0.1173,0.0518,0.188,0.4216,34.2,61.0,92,2.86,0.052,0.0,0.984,4996,0.458,0.01,0.17,0.0,0.053,0.0,0.0558,0.0557,-0.1369,False,Sports,"Sports / price=0.10-0.30 (n=90, roi=+0.71) | Sports / Soccer / price=0.10-0.30 (n=70, roi=+0.71) | Sports (n=1950, roi=+0.12)","Sports / price=0.10-0.30 (n=90, roi=+0.71) | Sports / Soccer / price=0.10-0.30 (n=70, roi=+0.71) | Sports (n=1950, roi=+0.12) | Sports / price=0.50-0.70 (n=189, roi=+0.35) | Sports / Soccer (n=1439, roi=+0.12) | Sports / price=0.30-0.50 (n=95, roi=+0.48)"
0xdd09dd1b326cdb8cfcf4e97a0385b95a6a118974,TelTheWorld,0.0591,False,roi_copy<=0;t<2.0;concurrency_p95>8;low_liquidity;both_sides;drawdown;unstable_halves,2977,1325,1314,10,185.9,0.1,-0.0653,-0.1033,-3.43,0.61,-0.0574,-0.0675,-0.0861,-0.0445,0.1739,97.47,32.0,65,1.76,0.111,0.001,0.936,27536,0.385,0.033,0.083,0.01,0.123,0.336,-0.0213,-0.0324,-0.0081,False,Sports,"Sports / Other sport / price=0.10-0.30 (n=15, roi=+0.15) | Sports / Other sport / Chinese Super League (n=44, roi=+0.07) | Crypto / price=0.50-0.70 (n=216, roi=+0.03)",
0x22c7eb0ba307792dc7638a6f9637c7a3b90ff910,0x22c7EB0Ba307792dc7638A6f9637c7A3b90fF910-1769011111932,0.0588,False,roi_copy<=0;t<2.0;concurrency_p95>8;both_sides;drawdown;unstable_halves,4930,642,628,14,254.9,0.2,-0.0858,-0.2247,-1.57,0.482,-0.087,-0.1104,0.0277,-0.1994,-0.534,87.11,83.0,104,3.77,0.333,0.003,0.686,142776,0.096,0.088,0.005,0.021,0.12,0.498,-0.0149,0.0058,0.0901,False,Crypto,"Politics / Israel (n=3, roi=+0.79) | Politics / Israel / price=0.00-0.10 (n=3, roi=+0.79) | Politics / Israel / US next strikes Iran on (n=1, roi=+0.95)",
0x709d4bfa27891995d6dc011afc30c2889992f749,themadness,0.0586,False,roi_copy<=0;t<2.0;concurrency_p95>8;drawdown;unstable_halves,2110,877,866,11,696.8,0.1,-0.0727,-0.0837,-4.2,0.583,-0.0687,-0.0737,-0.1309,-0.0144,0.1651,68.26,17.0,24,1.79,0.024,0.0,0.754,77373,0.261,0.032,0.348,0.0,0.029,0.03,-0.0134,-0.0056,0.1408,False,Sports,"Sports / Tennis / price=0.50-0.70 (n=18, roi=+0.06) | Crypto / Up/Down short / BTC Up or Down 5m (n=4, roi=+0.10) | Sports / price=0.50-0.70 (n=149, roi=+0.01)",
0x083ea9fb9a40b61b4afaa9c064c193bb444181a1,sisyphex,0.0577,False,roi_copy<=0;t<2.0;concurrency_p95>8;low_liquidity;drawdown;unstable_halves,2723,1341,1340,1,227.6,0.2,-0.0643,-0.1072,-3.23,0.649,-0.0681,-0.0634,-0.1223,-0.0064,0.0951,101.05,16.0,30,5.11,0.015,0.001,0.25,25201,0.229,0.046,0.081,0.001,0.014,0.251,-0.0026,0.018,0.1249,False,Sports,"Sports / Other sport / price=0.10-0.30 (n=10, roi=+0.26) | Sports / Soccer / UEFA Champions League 2025 (n=48, roi=+0.08) | Crypto / Up/Down short / ETH Up or Down 5m (n=6, roi=+0.17)",
0x7eda9a00b73ffa604de0de1e986d8b84f46c4bb7,isotopi,0.0565,False,roi_copy<=0;t<2.0;concurrency_p95>8;drawdown;unstable_halves,2542,1557,1548,9,684.6,0.2,-0.061,-0.1615,-2.1,0.462,-0.0721,-0.0685,-0.0945,-0.0275,-0.2613,105.48,19.0,25,6.7,0.008,0.0,0.426,385132,0.001,0.019,0.0,0.002,0.014,0.007,-0.0319,0.0421,-0.0575,False,Sports,"Esports / Esports / type=moneyline (n=86, roi=+0.14) | Sports / Soccer / EPL (n=69, roi=+0.14) | Sports / Soccer / price=0.10-0.30 (n=39, roi=+0.15)",
0xea254ef8158fd84507fc25491cc4e1fc316c0447,,0.0558,False,roi_copy<=0;t<2.0;concurrency_p95>8;low_liquidity;drawdown;unstable_halves,2190,1433,1426,7,149.7,0.0,-0.0614,-0.2028,-1.65,0.363,-0.0462,-0.0669,-0.0534,-0.0694,-0.3351,103.14,100.0,112,13.07,0.0,0.0,0.806,9076,0.0,0.031,0.0,0.003,0.014,0.0,-0.015,-0.1443,-0.1637,False,Sports,"Sports / Other sport / Mexico City Daily Weather (n=41, roi=+0.25) | Sports / Other sport / Tokyo Daily Lowest Temperature (n=12, roi=+0.44) | Sports / Other sport / Chongqing Daily Weather (n=21, roi=+0.10)",
0x5d2edb8c8c3f5e5aa73fe5665b315235fe3f4fe6,shidlomatan,0.0556,False,roi_copy<=0;t<2.0;hold<1h;both_sides;drawdown;unstable_halves,3160,1332,1327,4,131.6,0.0,-0.0594,-0.1192,-2.8,0.526,-0.0124,-0.0732,-0.0241,-0.0947,-0.1757,87.4,8.0,14,0.9,0.228,0.006,0.763,110614,0.018,0.055,0.004,0.021,0.042,0.292,0.0057,-0.059,0.1584,False,Sports,"Crypto / price=0.10-0.30 (n=57, roi=+0.15) | Crypto / Up/Down short / price=0.10-0.30 (n=55, roi=+0.15) | Sports / Other sport / type=moneyline (n=12, roi=+0.13)",
0x094564d18891b07a5e7c88455ea5960dd4704ce5,0x094564D18891b07A5e7C88455eA5960Dd4704cE5-1776040930351,0.0556,False,roi_copy<=0;t<2.0;concurrency_p95>8;hold<1h;short_crypto;drawdown;unstable_halves,1891,1100,1090,10,172.4,0.1,-0.0678,-0.2058,-1.62,0.504,-0.1039,-0.0778,-0.0521,-0.0834,-0.2089,91.94,20.0,26,0.51,0.045,0.015,0.238,82247,0.034,0.137,0.003,0.077,0.028,0.521,-0.0059,0.0904,0.0727,False,Crypto,"Sports / Soccer / type=moneyline (n=95, roi=+0.17) | Sports / Soccer / price=0.10-0.30 (n=38, roi=+0.27) | Crypto / Bitcoin / BTC Multi Strikes Weekly (n=39, roi=+0.22)",
0x4d5bbbee74d185be8fa1cd955081884f9b36acdc,0x4D5BbBEe74D185bE8fA1cD955081884F9b36aCDC-1768296371678,0.0542,False,roi_copy<=0;t<2.0;concurrency_p95>8;hold<1h;short_crypto;drawdown;unstable_halves,3811,2765,2750,15,164.2,0.0,-0.0517,-0.1777,-1.83,0.494,-0.0459,-0.0476,-0.0233,-0.0802,0.1053,164.83,38.0,50,0.15,0.011,0.018,0.433,65255,0.051,0.044,0.009,0.019,0.012,0.596,-0.0136,-0.0247,0.0608,False,Crypto,"Crypto / Up/Down short / ETH Up or Down 5m (n=441, roi=+0.06) | Sports / Tennis / WTA (n=69, roi=+0.11) | Sports / Tennis / live (n=179, roi=+0.05)","Sports / Tennis / WTA (n=69, roi=+0.11)"
0x65dc5ca0cd354b515e7e47a815d1c36e9ebf2666,zhdd34,0.0539,False,concurrency_p95>8;drawdown;history<90d,675,597,591,6,15.6,0.1,0.0513,0.0763,2.12,0.772,0.0513,0.0486,0.0692,0.0334,-0.0401,12.96,15.0,20,2.26,0.014,0.0,0.993,43250,0.003,0.0,0.001,0.0,0.011,0.0,0.0381,,-0.0251,False,Sports,"Sports / price=0.70-0.90 (n=312, roi=+0.07) | Sports (n=471, roi=+0.05) | Esports / Esports / Dota 2 (n=49, roi=+0.14)","Sports / price=0.70-0.90 (n=312, roi=+0.07) | Sports (n=471, roi=+0.05) | Esports / Esports / Dota 2 (n=49, roi=+0.14)"
0xac14ffd60705eb2c3311334f1809bc406332fcaa,0xaC14ffD60705eb2C3311334F1809bC406332FcAa-1770484111054,0.0532,segment,segment_only:t<2.0,247,129,127,2,236.7,0.0,0.1129,0.0863,1.85,0.748,0.1032,0.0707,0.2125,0.0148,0.0185,4.21,3.0,5,4.24,0.093,0.0,0.724,546188,0.339,0.008,0.18,0.0,0.068,0.0,0.0511,0.017,0.0309,False,Sports,"Sports / Soccer / Indian Premier League (n=43, roi=+0.31) | Sports / Soccer / price=0.30-0.50 (n=21, roi=+0.40) | Sports / price=0.30-0.50 (n=22, roi=+0.37)","Sports / Soccer / Indian Premier League (n=43, roi=+0.31)"
0x01af8bb6abbcff287e8a726a1c5f39dd0b427bc2,0x01AF8bb6ABBCFF287E8a726a1C5F39Dd0B427BC2-1775060247423,0.0528,False,roi_copy<=0;t<2.0;concurrency_p95>8;low_liquidity;both_sides;drawdown;unstable_halves;history<90d,10500,7071,6983,88,77.4,0.0,-0.0243,-0.223,-1.42,0.538,-0.0234,-0.0349,-0.0517,0.0032,0.2152,217.63,289.0,435,3.34,0.103,0.0,0.461,24242,0.137,0.036,0.028,0.004,0.009,0.0,-0.0092,-0.0031,0.0411,True,Sports,"Sports / Soccer / type=second_half_totals (n=16, roi=+0.68) | Sports / Soccer / Primera División Argentina (n=138, roi=+0.22) | Sports / Soccer / Brazil Serie A (n=244, roi=+0.15)","Sports / Other sport / Switzerland Super League (n=71, roi=+0.20) | Sports / Other sport / price=0.70-0.90 (n=262, roi=+0.05)"
0x48183e17a92b51605fe8e96c60b9a491f06afde0,GongxifacaiRMB,0.0526,False,roi_copy<=0;t<2.0;concurrency_p95>8;drawdown;unstable_halves,6011,3007,2999,8,472.1,0.0,-0.0442,-0.1469,-2.15,0.466,-0.0475,-0.05,-0.0202,-0.0681,0.1421,159.24,10.0,29,3.21,0.066,0.001,0.534,373873,0.051,0.038,0.014,0.006,0.029,0.07,-0.0138,0.006,0.0673,False,Sports,"Sports / Basketball / type=spreads (n=241, roi=+0.07) | Sports / Basketball / price=0.50-0.70 (n=277, roi=+0.06) | Esports / Esports / Dota 2 (n=78, roi=+0.05)",
0x9dbd2ceea5d71f2c773d4cc67eb47e21c5348a88,Crx0,0.0523,False,roi_copy<=0;t<2.0;concurrency_p95>8;drawdown;unstable_halves,1368,824,817,7,203.2,0.1,-0.0706,-0.1261,-2.49,0.562,-0.0842,-0.0717,-0.0825,-0.0588,0.0763,67.64,28.0,34,5.25,0.025,0.0,0.413,42900,0.023,0.02,0.005,0.004,0.053,0.001,-0.0183,0.026,0.0439,False,Sports,"Sports / price=0.50-0.70 (n=183, roi=+0.05) | Sports / Soccer / price=0.50-0.70 (n=169, roi=+0.04) | Sports / Soccer / Leagues Cup (n=13, roi=+0.08)",
0x5eeb2911bf927d7ded5fccf150293105ef7e01b2,Guajjangi,0.0513,False,roi_copy<=0;t<2.0;concurrency_p95>8;low_liquidity;both_sides;drawdown;unstable_halves;history<90d,10500,1034,1024,9,31.4,0.0,-0.0625,-0.2607,-1.18,0.303,-0.0625,0.0036,-0.0059,-0.119,0.0321,90.75,14.0,18,3.72,0.304,0.0,0.814,17287,0.0,0.039,0.0,0.009,0.068,0.0,-0.0153,,-0.0649,True,Sports,"Sports / Other sport / price=0.00-0.10 (n=16, roi=+0.77) | Sports / Other sport / Brazil Serie B (n=37, roi=+0.36) | Sports / price=0.00-0.10 (n=40, roi=+0.25)",
0xf39338bb81884eb6a755832805bfdb5967239b65,Bikeeeeer,0.0512,False,roi_copy<=0;t<2.0;both_sides;drawdown;unstable_halves,3626,1073,1072,1,225.9,0.0,-0.0546,-0.252,-1.22,0.48,-0.0727,-0.0883,-0.0152,-0.0941,-0.2036,86.18,6.0,10,4.04,0.273,0.0,0.846,1029705,0.114,0.176,0.031,0.051,0.054,0.0,0.0091,0.1276,0.2468,False,Esports,"Esports / price=0.10-0.30 (n=126, roi=+0.19) | Esports / Esports / price=0.10-0.30 (n=126, roi=+0.19) | Esports / price=0.30-0.50 (n=136, roi=+0.17)",
0x4f567c541e1c90ed8b3d8b604cb84a1dcc0550ed,FirstOne111,0.0503,False,roi_copy<=0;t<2.0;concurrency_p95>8;both_sides;drawdown;unstable_halves,5836,2178,2156,22,119.8,0.2,-0.044,-0.1899,-1.59,0.452,-0.0087,-0.0625,-0.0505,-0.0376,-0.0775,121.91,45.0,52,2.36,0.19,0.0,0.909,102389,0.005,0.05,0.0,0.007,0.026,0.08,-0.002,-0.085,0.1889,False,Sports,"Sports / price=0.30-0.50 (n=371, roi=+0.11) | Sports / Tennis / price=0.30-0.50 (n=252, roi=+0.11) | Sports / Other sport / type=moneyline (n=13, roi=+0.38)",
0xb40ea3fc2557d89eb8e094842bedda9e91827787,honggege,0.0502,False,roi_copy<=0;t<2.0;concurrency_p95>8;drawdown;unstable_halves,2462,1062,1038,24,231.7,0.1,-0.0628,-0.1656,-1.82,0.472,-0.0627,-0.0655,-0.1059,-0.0198,0.0545,93.63,24.0,30,7.9,0.003,0.0,0.105,79751,0.01,0.012,0.0,0.0,0.018,0.0,-0.0248,-0.0157,0.1305,False,Esports,"Sports / Tennis / price=0.50-0.70 (n=34, roi=+0.09) | Sports / Soccer / type=totals (n=39, roi=+0.07) | Esports / Esports / Counter Strike (n=152, roi=+0.02)",
0x74a83b5a9593a95f73d4cf4a638e65fabe9cdf59,patient-artisan,0.0498,False,roi_copy<=0;t<2.0;concurrency_p95>8;drawdown;unstable_halves,1669,838,832,6,322.5,0.0,-0.0681,-0.2391,-1.25,0.438,-0.0741,-0.0761,-0.0331,-0.1031,-0.0376,77.0,12.0,16,10.5,0.012,0.0,0.084,99872,0.002,0.029,0.0,0.035,0.035,0.0,-0.0393,0.0472,-0.0194,False,Esports,"Esports / Esports / live (n=57, roi=+0.11) | Sports / Basketball / pre (n=139, roi=+0.07) | Esports / price=0.00-0.10 (n=22, roi=+0.16)",
0x9518a273255fc6e1d38e558624eb231b46eb6c1e,xiaogaogao123,0.0494,False,roi_copy<=0;t<2.0;concurrency_p95>8;low_liquidity;drawdown;unstable_halves,2511,1278,1265,13,121.9,0.0,-0.0541,-0.1234,-2.4,0.529,-0.0358,-0.0579,-0.0488,-0.0594,-0.0774,75.37,51.0,69,11.22,0.038,0.003,0.692,19598,0.018,0.014,0.005,0.0,0.02,0.384,-0.0109,-0.0291,0.0662,False,Sports,"Sports / Other sport / Jeddah Daily Weather (n=39, roi=+0.12) | Crypto / Up/Down short / ETH Up or Down 15m (n=7, roi=+0.27) | Sports / Other sport / Shanghai Daily Weather (n=41, roi=+0.07)",
0x90a1a4ad9c3c92ad218961964642ed2260e9fb15,,0.0491,False,roi_copy<=0;t<2.0;concurrency_p95>8;drawdown;unstable_halves;history<90d,1767,1202,1189,13,64.8,0.1,-0.059,-0.1496,-1.97,0.453,-0.0469,-0.064,-0.0687,-0.0492,-0.1423,74.0,16.0,19,2.96,0.021,0.007,0.697,65063,0.034,0.018,0.015,0.001,0.027,0.136,-0.0172,-0.0329,0.0181,False,Sports,"Sports / Tennis / League of Legends (n=41, roi=+0.33) | Sports / Tennis / price=0.10-0.30 (n=14, roi=+0.37) | Sports / Tennis / live (n=74, roi=+0.14)","Sports / Tennis / League of Legends (n=41, roi=+0.33)"
0x6fe306bbc57d7586cea47730985a3ecce5f5da66,BanditMarket,0.049,segment,segment_only:roi_copy<=0;segment_only:t<2.0;segment_only:drawdown;segment_only:unstable_halves,989,763,758,5,183.7,0.0,-0.0731,-0.1681,-1.75,0.425,-0.0658,-0.0731,-0.0384,-0.1078,-0.1953,67.88,5.0,7,4.11,0.001,0.0,0.38,73776,0.003,0.007,0.0,0.0,0.013,0.003,-0.0292,-0.0301,0.0212,False,Sports,"Sports / Other sport (n=110, roi=+0.21) | Sports / Other sport / type=moneyline (n=94, roi=+0.22) | Sports / Other sport / price=0.30-0.50 (n=67, roi=+0.18)","Sports / Other sport (n=110, roi=+0.21) | Sports / Other sport / type=moneyline (n=94, roi=+0.22)"
0x24011faf065da587b702196fd88d1ffbffbd0753,Clawsandshadows,0.0486,False,roi_copy<=0;t<2.0;concurrency_p95>8;low_liquidity;drawdown;unstable_halves,2868,1386,1371,15,215.7,0.0,-0.0618,-0.0601,-4.85,0.618,-0.031,-0.0619,-0.0813,-0.0424,-0.0347,86.86,33.0,38,38.08,0.001,0.0,0.176,9738,0.171,0.022,0.073,0.0,0.062,0.013,-0.0031,-0.0443,0.0097,False,Sports,"Sports / Other sport / Tokyo Daily Weather (n=24, roi=+0.09) | Sports / Other sport / Chengdu Daily Weather (n=32, roi=+0.07) | Crypto / Up/Down short (n=18, roi=+0.05)",
0x26d33662187b4cca1b8ddbe5fee9e256c7338a20,LSS1,0.0479,False,concurrency_p95>8;low_liquidity;drawdown,3535,2566,2550,16,221.3,0.0,0.1218,0.0484,2.97,0.763,0.1198,0.1081,0.2012,0.0425,0.0391,14.33,18.0,30,2.82,0.042,0.0,0.977,7065,0.242,0.005,0.059,0.0,0.028,0.0,0.0429,0.0234,-0.1209,False,Sports,"Sports / price=0.00-0.10 (n=12, roi=+2.83) | Sports / Baseball / type=baseball_team_first_five_spread (n=4, roi=+4.14) | Sports / Baseball / price=0.00-0.10 (n=4, roi=+4.10)","Sports / price=0.10-0.30 (n=60, roi=+0.81) | Sports (n=2545, roi=+0.12) | Sports / Other sport (n=422, roi=+0.19) | Sports / Other sport / live (n=420, roi=+0.19) | Sports / Other sport / type=moneyline (n=293, roi=+0.20) | Sports / Soccer (n=597, roi=+0.13)"
0x9312e5d9d7634508713652080e5b044cdf5649b9,ghtf,0.0477,False,t<2.0;concurrency_p95>8;drawdown;history<90d,688,618,613,5,16.5,0.1,0.0474,0.0719,1.99,0.768,0.0474,0.0446,0.0732,0.0217,-0.0791,11.96,15.0,19,2.29,0.015,0.0,0.993,40897,0.007,0.0,0.002,0.0,0.007,0.0,0.0346,,-0.0052,False,Sports,"Sports (n=491, roi=+0.05) | Sports / price=0.70-0.90 (n=319, roi=+0.07) | Sports / Tennis / type=moneyline (n=303, roi=+0.05)","Sports (n=491, roi=+0.05) | Sports / price=0.70-0.90 (n=319, roi=+0.07)"
0xa3fac5b50a5fcb5d9d53ce3fc392d148d740af3a,JustMaybee,0.0472,False,roi_copy<=0;t<2.0;concurrency_p95>8;drawdown;unstable_halves,1500,879,838,41,325.5,0.0,-0.0632,-0.1417,-2.0,0.511,-0.042,-0.0646,-0.0859,-0.0404,0.0479,65.88,44.0,51,6.0,0.025,0.013,0.384,738568,0.084,0.057,0.066,0.0,0.062,0.11,0.0017,-0.0999,0.0617,False,Sports,"Other / ? (n=17, roi=+0.18) | Other / ? / ? (n=17, roi=+0.18) | Other / ? / type=binary (n=17, roi=+0.18)",
0x6011655c4afb76f36dd1b08a137a1ba73466b31e,HighTempTation,0.0469,False,concurrency_p95>8;low_liquidity;hold<1h;entries>=0.90,8080,4144,4142,2,212.1,0.0,0.0957,0.0469,14.23,0.994,0.0995,0.0944,0.1462,0.0453,0.0263,3.88,10.0,27,0.0,0.001,0.0,0.992,5455,0.842,0.001,0.332,0.003,0.014,0.001,0.0615,-0.0039,-0.0348,False,Sports,"Sports / price=0.10-0.30 (n=29, roi=+1.86) | Sports / Other sport / price=0.10-0.30 (n=29, roi=+1.86) | Sports (n=4136, roi=+0.10)","Sports (n=4136, roi=+0.10) | Sports / Other sport (n=4136, roi=+0.10) | Sports / Other sport / type=binary (n=4136, roi=+0.10) | Sports / Other sport / live (n=4102, roi=+0.10) | Sports / price=0.30-0.50 (n=38, roi=+0.93) | Sports / Other sport / price=0.30-0.50 (n=38, roi=+0.93)"
0xc3e550fae1c90b71675f3355e5864c240bea519d,kutsumiakia,0.046,False,concurrency_p95>8;hold<1h;entries>=0.90,10500,2913,2889,23,253.9,0.2,0.02,0.046,3.17,0.873,0.0229,0.0209,0.0275,0.0126,0.0419,8.95,26.0,30,0.74,0.024,0.0,0.854,87658,0.62,0.001,0.328,0.0,0.013,0.0,0.0167,-0.0017,0.0233,True,Esports,"Sports / price=0.70-0.90 (n=235, roi=+0.07) | Sports (n=691, roi=+0.04) | Sports / Soccer (n=279, roi=+0.05)","Sports / price=0.70-0.90 (n=235, roi=+0.07) | Sports (n=691, roi=+0.04) | Sports / Soccer (n=279, roi=+0.05) | Sports / Soccer / type=moneyline (n=276, roi=+0.05) | Sports / Soccer / price=0.70-0.90 (n=100, roi=+0.08) | Sports / Soccer / pre (n=76, roi=+0.07)"
0x755a0e86f6c5b9bc128cc4091b227a6915539748,MB4,0.0456,False,roi_copy<=0;t<2.0;concurrency_p95>8;drawdown;unstable_halves,959,735,664,71,374.1,0.0,-0.0639,-0.1995,-1.37,0.432,-0.1055,-0.0506,-0.1439,0.0161,-0.3317,57.92,49.0,71,6.79,0.028,0.0,0.322,120764,0.015,0.068,0.001,0.021,0.028,0.163,-0.0298,0.3298,-0.0119,False,Sports,"Sports / Basketball / NBA 2026 (n=58, roi=+0.16) | Politics / Trump Presidency (n=9, roi=+0.33) | Politics / Trump Presidency / ? (n=9, roi=+0.33)",
0x72bc9c9d09dda1095030730e7bc93b86f07bb24e,therealdeal2,0.0447,False,concurrency_p95>8;entries>=0.90;drawdown,10500,6154,6135,19,194.5,0.0,0.0185,0.0447,4.98,0.918,0.0177,0.015,0.0195,0.0175,0.0171,13.12,27.0,44,2.07,0.021,0.0,0.988,47949,0.715,0.001,0.429,0.0,0.012,0.0,0.0168,0.0105,0.0165,True,Sports,"Sports (n=5390, roi=+0.02) | Sports / Tennis / live (n=1855, roi=+0.03) | Sports / Tennis (n=1888, roi=+0.03)","Sports (n=5390, roi=+0.02) | Sports / Tennis / live (n=1855, roi=+0.03) | Sports / Tennis (n=1888, roi=+0.03) | Sports / Tennis / type=moneyline (n=1872, roi=+0.03) | Sports / Tennis / price=0.50-0.70 (n=271, roi=+0.08) | Sports / Tennis / ITF (n=963, roi=+0.04)"
0x30c7ac0158499ddc6761047f7f69bcf7d036ac3b,Wiretransferxyz,0.0443,False,concurrency_p95>8;drawdown,1593,1114,1097,14,181.8,0.0,0.1382,0.0443,3.86,0.573,0.1382,0.1177,0.1446,0.1318,-0.0429,22.95,17.0,22,10.75,0.008,0.0,0.118,142646,0.008,0.004,0.001,0.013,0.033,0.0,0.0538,,0.0182,False,Esports,"Esports / Esports / pre (n=681, roi=+0.17) | Esports / price=0.30-0.50 (n=289, roi=+0.24) | Esports (n=810, roi=+0.14)","Esports / Esports / pre (n=681, roi=+0.17) | Esports / price=0.30-0.50 (n=289, roi=+0.24) | Esports (n=810, roi=+0.14) | Esports / Esports (n=789, roi=+0.14) | Esports / Esports / price=0.30-0.50 (n=284, roi=+0.23) | Esports / Esports / type=moneyline (n=611, roi=+0.15)"
0x85e1b32ae6f3d538d7ad0b2da8c982fd64a6033b,okseventeen,0.0435,False,t<2.0;concurrency_p95>8;drawdown;history<90d,541,496,490,6,16.5,0.1,0.0539,0.0698,1.87,0.751,0.0539,0.0545,0.0779,0.0299,-0.0107,10.14,13.0,17,2.22,0.021,0.0,0.994,45223,0.008,0.002,0.003,0.0,0.059,0.0,0.0366,,0.0608,False,Sports,"Sports (n=391, roi=+0.05) | Sports / price=0.70-0.90 (n=221, roi=+0.07) | Sports / American Football (n=38, roi=+0.14)","Sports / price=0.70-0.90 (n=221, roi=+0.07) | Sports / American Football (n=38, roi=+0.14) | Sports / American Football / live (n=38, roi=+0.14)"
0x26b46988d027c6c03cfa12a7c0c6d778be49b8a9,kkookkoo,0.0428,False,roi_copy<=0;t<2.0;concurrency_p95>8;drawdown;unstable_halves,4092,1588,1582,6,180.2,0.0,-0.0499,-0.1317,-1.95,0.504,-0.0323,-0.062,-0.0794,-0.0205,-0.2608,101.15,10.0,14,2.13,0.01,0.0,0.805,461614,0.0,0.012,0.0,0.0,0.007,0.032,-0.0112,-0.0374,0.0225,False,Sports,"Sports / Basketball / NBA 2026 (n=65, roi=+0.11) | Sports / American Football / NFL 2026 (n=25, roi=+0.14) | Sports / Soccer / price=0.30-0.50 (n=26, roi=+0.13)",
0x8c104bb4adaa520193fa1b53a42acc98b0f88977,AK-ACE,0.0423,False,roi_copy<=0;t<2.0;concurrency_p95>8;drawdown;unstable_halves,1540,528,526,2,324.0,0.2,-0.0689,-0.1191,-2.13,0.606,-0.0588,-0.0828,-0.0293,-0.1085,-0.0181,42.11,12.0,15,2.97,0.088,0.004,0.771,97260,0.283,0.017,0.054,0.0,0.082,0.042,-0.0265,-0.0439,0.0803,False,Sports,"Crypto / price=0.50-0.70 (n=11, roi=+0.10) | Crypto / Up/Down short / price=0.50-0.70 (n=11, roi=+0.10) | Sports / Soccer / live (n=4, roi=+0.13)",
0xf4362f4784eec9e5e3ba93b0b90da08017624591,stefan168,0.0421,False,roi_copy<=0;t<2.0;concurrency_p95>8;drawdown;unstable_halves,854,549,456,93,156.6,0.0,-0.0735,-0.2634,-0.96,0.454,-0.0909,-0.1023,0.0295,-0.1765,0.2228,64.5,85.0,96,2.92,0.019,0.0,0.647,159272,0.064,0.149,0.047,0.033,0.077,0.002,0.0002,0.0808,0.4189,False,Sports,"Sports / Soccer / UEFA Nations League (n=9, roi=+0.37) | Sports / Soccer / ? (n=1, roi=+0.73) | Sports / Soccer / type=negrisk (n=1, roi=+0.73)",
0xd147b88b2cfa2ed125fd03b7680bcec514aeecbd,addictedtoagmbling,0.0412,False,roi_copy<=0;t<2.0;concurrency_p95>8;drawdown;unstable_halves,3388,1479,1478,1,244.7,0.0,-0.0398,-0.2631,-0.94,0.384,0.0129,-0.0379,-0.0752,-0.0045,-0.0114,70.27,12.0,23,2.14,0.048,0.034,0.785,59130,0.063,0.12,0.004,0.071,0.02,0.123,-0.01,-0.1009,0.0969,False,Sports,"Sports / Soccer / Primeira Liga (n=19, roi=+0.56) | Sports / Other sport / price=0.00-0.10 (n=40, roi=+0.23) | Sports / Other sport / type=spreads (n=16, roi=+0.33)",
0xbe44705b0261deeec75316f8a64fa205b0845d00,keepss,0.0411,False,roi_copy<=0;t<2.0;concurrency_p95>8;low_liquidity;both_sides;drawdown;unstable_halves,1297,783,780,3,124.9,0.2,-0.0628,-0.1272,-1.94,0.592,-0.0618,-0.0652,-0.0687,-0.0568,-0.2262,50.83,85.0,102,18.86,0.132,0.0,0.547,13629,0.087,0.009,0.015,0.0,0.013,0.001,-0.0084,-0.2496,0.0396,False,Sports,"Sports / American Football / pre (n=34, roi=+0.11) | Sports / American Football (n=36, roi=+0.09) | Sports / price=0.70-0.90 (n=221, roi=+0.03)",
0x3661c2ff3c46fd690c41b070098c66dbf90132d1,JC-Denton,0.0409,False,roi_copy<=0;t<2.0;concurrency_p95>8;drawdown;unstable_halves,2260,1186,1183,3,195.3,0.1,-0.0607,-0.0714,-3.44,0.715,-0.0578,-0.0627,-0.0811,-0.0403,-0.1733,73.74,51.0,60,5.92,0.004,0.0,0.473,115619,0.322,0.024,0.065,0.0,0.047,0.003,-0.0253,-0.0276,-0.0045,False,Sports,"Esports / price=0.30-0.50 (n=15, roi=+0.13) | Esports / Esports / price=0.30-0.50 (n=15, roi=+0.13) | Esports / price=0.70-0.90 (n=122, roi=+0.03)",
0xe1a24206ed13433b70c603424c8a616b691d14b8,sss.tier,0.0409,False,roi_copy<=0;t<2.0;concurrency_p95>8;drawdown;unstable_halves,962,557,535,22,199.3,0.1,-0.07,-0.1778,-1.38,0.428,-0.0971,-0.0643,0.0328,-0.1725,0.1195,62.85,17.0,23,3.53,0.009,0.0,0.377,618011,0.002,0.037,0.0,0.0,0.049,0.007,-0.0143,0.169,0.0877,False,Sports,"Sports / Soccer / price=0.50-0.70 (n=43, roi=+0.21) | Sports / Soccer / type=moneyline (n=57, roi=+0.17) | Sports / Soccer / live (n=30, roi=+0.23)","Sports / Soccer / price=0.50-0.70 (n=43, roi=+0.21)"
0xb8c4482802bbc9256926cde54b3daa03ee8e7385,HAGIII,0.0404,False,roi_copy<=0;t<2.0;concurrency_p95>8;drawdown;unstable_halves,6944,3655,3633,22,664.2,0.2,-0.0314,-0.1733,-1.4,0.395,-0.0334,-0.0415,-0.0678,0.0049,0.3546,173.77,22.0,40,4.74,0.017,0.0,0.275,43647,0.0,0.027,0.0,0.001,0.009,0.0,-0.0068,0.0062,-0.0527,False,Sports,"Sports / Soccer / type=spreads (n=169, roi=+0.20) | Sports / Other sport / Brazil Serie B (n=32, roi=+0.38) | Sports / Other sport / Liga Endesa (n=13, roi=+0.34)","Sports / Soccer / type=spreads (n=169, roi=+0.20)"
0x42754af7666e93e10c664f6d5e6ff3840ea89b1f,0x4FB5054647491C0D21AA59f502f7FDDc4418D7C0-1773259058616,0.0397,False,roi_copy<=0;t<2.0;concurrency_p95>8;low_liquidity;drawdown;unstable_halves;history<90d,1177,617,615,2,74.7,0.2,-0.0607,-0.1017,-2.34,0.732,-0.0433,-0.0603,-0.0463,-0.075,-0.2697,38.0,53.0,60,46.66,0.0,0.0,0.13,6439,0.405,0.0,0.127,0.0,0.032,0.072,-0.0059,-0.0201,-0.0846,False,Sports,"Sports / Other sport / Munich Daily Weather (n=20, roi=+0.06) | Sports / Other sport / Warsaw Daily Weather (n=6, roi=+0.10) | Sports / Other sport / Qingdao Daily Weather (n=11, roi=+0.06)",
0x0c6cf1567baf92cb929c1091f96198b5322d776f,DavidThomson,0.0392,False,roi_copy<=0;t<2.0;concurrency_p95>8;hold<1h;short_crypto;drawdown;unstable_halves,5458,2511,2505,6,95.5,0.0,-0.035,-0.1681,-1.4,0.508,-0.0302,0.0144,-0.0819,0.0118,0.1665,138.05,9.0,29,0.09,0.074,0.006,0.887,93093,0.05,0.084,0.029,0.061,0.043,0.589,-0.01,-0.0119,-0.111,False,Crypto,"Sports / Tennis / price=0.00-0.10 (n=84, roi=+0.29) | Sports / Tennis / type=moneyline (n=303, roi=+0.09) | Sports / price=0.00-0.10 (n=107, roi=+0.14)","Sports / Soccer / price=0.50-0.70 (n=44, roi=+0.14) | Esports / price=0.70-0.90 (n=50, roi=+0.08) | Esports / Esports / price=0.70-0.90 (n=50, roi=+0.08)"
0x0786dae11f63aa97035bd5facdb1168624c1df1d,0x0786DaE11F63aa97035BD5fACDb1168624c1DF1d-1777167636562,0.039,False,roi_copy<=0;t<2.0;concurrency_p95>8;drawdown;unstable_halves,1785,757,749,8,158.7,0.2,-0.0588,-0.1171,-2.0,0.611,-0.0932,-0.0724,-0.1239,0.0061,-0.0999,46.69,41.0,50,8.86,0.027,0.0,0.706,40985,0.162,0.06,0.156,0.001,0.063,0.075,-0.0111,0.0667,0.2314,False,Sports,"Sports / Other sport / price=0.30-0.50 (n=74, roi=+0.14) | Sports / price=0.30-0.50 (n=94, roi=+0.12) | Esports / Esports / pre (n=27, roi=+0.10)",
0x9572ed937c87c448d90abd5742caf33317ffefff,Hguygg,0.0384,False,roi_copy<=0;t<2.0;concurrency_p95>8;drawdown;unstable_halves,1428,541,541,0,103.0,0.1,-0.0575,-0.1566,-1.47,0.643,-0.1291,-0.0568,-0.038,-0.0769,-0.1634,38.73,31.0,48,2.25,0.058,0.0,0.922,272983,0.359,0.031,0.094,0.0,0.061,0.0,-0.0337,0.3254,0.1269,False,Esports,"Sports / Soccer / pre (n=24, roi=+0.13) | Sports / Soccer / type=moneyline (n=88, roi=+0.06) | Sports / price=0.10-0.30 (n=27, roi=+0.09)",
0x1b8ffdb4ff99b4622f099465c486e4f75751cca7,0x1B8FfDb4FF99B4622F099465C486E4F75751cca7-1779298477893,0.0383,False,roi_copy<=0;t<2.0;drawdown;unstable_halves,900,572,568,4,135.5,0.0,-0.062,-0.2277,-1.01,0.352,-0.0826,-0.0467,-0.0869,-0.037,-0.0036,68.73,7.0,9,3.03,0.018,0.0,0.539,461614,0.0,0.111,0.0,0.013,0.02,0.0,-0.0057,0.3669,0.0287,False,Sports,"Sports / price=0.10-0.30 (n=97, roi=+0.15) | Sports / Tennis / ATP (n=148, roi=+0.12) | Sports / Baseball / price=0.10-0.30 (n=19, roi=+0.27)",
0xa081e91c35962f027cac42633bf4e78e211ab4fb,FW6969,0.0381,False,roi_copy<=0;t<2.0;concurrency_p95>8;drawdown;unstable_halves,2378,1430,1380,50,240.1,0.1,-0.042,-0.3411,-0.67,0.371,-0.0811,-0.0482,-0.0649,-0.0192,0.4973,97.71,44.0,53,4.69,0.027,0.001,0.281,44301,0.011,0.174,0.005,0.094,0.026,0.211,-0.0238,0.0737,-0.1181,False,Sports,"Sports / Soccer / type=soccer_exact_score (n=238, roi=+0.34) | Sports / Soccer / Serie A 2025 (n=162, roi=+0.14) | Sports / Soccer / price=0.10-0.30 (n=208, roi=+0.12)",
0xbf93328f8b69273453228a82c913207731822fd7,hell0pia,0.0374,False,t<2.0;concurrency_p95>8;drawdown,221,93,86,7,302.5,0.1,0.6085,0.0637,1.76,0.616,0.5849,0.2808,0.139,1.0781,1.319,14.39,11.0,12,145.9,0.0,0.0,0.667,1123885,0.047,0.058,0.009,0.11,0.116,0.0,0.0648,0.0726,-0.1933,False,Politics,"Business (n=2, roi=+2.32) | Business / AI (n=2, roi=+2.32) | Business / AI / ? (n=2, roi=+2.32)",
0xdb935ee248695cfec9acdff23fad71240da994cf,,0.036,False,concurrency_p95>8;low_liquidity;drawdown,764,660,625,35,93.4,0.0,0.2252,0.036,3.65,0.526,0.2415,0.2254,0.212,0.2385,0.3127,12.96,31.0,37,1.42,0.026,0.0,0.891,16590,0.018,0.043,0.0,0.007,0.146,0.0,0.0785,-0.2113,-0.4167,False,Sports,"Sports / Soccer (n=203, roi=+0.42) | Sports (n=625, roi=+0.23) | Sports / Soccer / FIFA World Cup (n=148, roi=+0.45)","Sports / Soccer (n=203, roi=+0.42) | Sports (n=625, roi=+0.23) | Sports / Soccer / FIFA World Cup (n=148, roi=+0.45) | Sports / price=0.10-0.30 (n=109, roi=+0.51) | Sports / Soccer / pre (n=30, roi=+0.86) | Sports / Soccer / price=0.10-0.30 (n=31, roi=+0.79)"
0x45522a3b448c0ffe6f326aae36a42b69779a0333,Vane,0.0359,False,roi_copy<=0;t<2.0;concurrency_p95>8;drawdown;unstable_halves,4219,1395,1342,53,666.4,0.1,-0.053,-0.0854,-2.52,0.703,-0.0378,-0.0652,-0.0947,-0.0113,-0.0023,77.82,59.0,64,8.86,0.031,0.0,0.695,178229,0.335,0.025,0.183,0.029,0.053,0.02,-0.0273,-0.0461,0.0637,False,Sports,"Crypto / Solana / Solana Neg Risk Weekly (n=29, roi=+0.35) | Crypto / Solana / type=negrisk (n=29, roi=+0.35) | Crypto / Solana / price=0.00-0.10 (n=6, roi=+0.46)",
0xea06a0a43623a57f730a1aa232b6287a1b7739ac,sw8yhpx2jvix,0.0357,False,roi_copy<=0;t<2.0;concurrency_p95>8;low_liquidity;hold<1h;short_crypto;drawdown;unstable_halves,10500,3988,3976,12,201.7,0.0,-0.0315,-0.1066,-2.01,0.512,-0.0285,-0.0362,-0.0342,-0.0289,0.0479,203.22,31.0,47,0.11,0.047,0.016,0.321,10481,0.049,0.012,0.008,0.022,0.021,0.673,-0.0092,-0.0069,0.1146,True,Crypto,"Sports / American Football / type=moneyline (n=15, roi=+0.35) | Sports / American Football / CFB 2026 (n=6, roi=+0.39) | Sports / American Football / pre (n=34, roi=+0.16)",
0xbc7de0402f6ea3358b4d30805a11a3b524ca305e,Clawbangers,0.0354,False,roi_copy<=0;t<2.0;concurrency_p95>8;sniping;entries>=0.90;drawdown;unstable_halves,2441,1357,1345,12,219.7,0.0,-0.0565,-0.0453,-4.69,0.764,-0.041,-0.0566,-0.0927,-0.0203,0.0034,77.37,42.0,80,2.04,0.017,0.124,0.762,76172,0.503,0.024,0.315,0.0,0.026,0.282,-0.0178,-0.0288,0.0729,False,Sports,"Sports / Other sport / live (n=58, roi=+0.07) | Sports / price=0.30-0.50 (n=14, roi=+0.10) | Sports / Other sport / price=0.30-0.50 (n=10, roi=+0.11)",
0xfe2d0b7350141c8413da4ab3eb72b5d71026da35,gmgmgmgmg,0.0352,False,roi_copy<=0;t<2.0;concurrency_p95>8;low_liquidity;entries>=0.90;drawdown;unstable_halves;history<90d,10500,5417,2169,3246,12.4,0.0,-0.0457,-0.1119,-1.89,0.805,-0.0457,-0.0782,-0.0167,-0.0746,-0.2473,117.38,3180.0,3271,42.64,0.011,0.0,0.037,3707,0.657,0.092,0.159,0.063,0.063,0.0,0.0031,,0.1875,True,Sports,"Crypto / Bitcoin / Bitcoin Neg Risk Weekly (n=62, roi=+0.34) | Crypto / Bitcoin / type=negrisk (n=62, roi=+0.34) | Sports / Other sport / NYC Daily Weather (n=16, roi=+0.54)",
0xd9dde44ddeababae222bf7aec96c85cbdab6b525,88M,0.0347,False,roi_copy<=0;t<2.0;drawdown;unstable_halves,1454,732,727,5,670.8,0.0,-0.0546,-0.1878,-1.11,0.418,-0.0517,-0.0394,-0.1237,0.0142,-0.2558,52.63,6.0,8,2.98,0.01,0.0,0.618,192863,0.019,0.098,0.001,0.001,0.023,0.0,0.0193,-0.0192,0.2148,False,Sports,"Sports / Soccer / price=0.10-0.30 (n=43, roi=+0.36) | Sports / Soccer / type=spreads (n=31, roi=+0.30) | Sports / price=0.50-0.70 (n=220, roi=+0.08)",
0x1e5e22c159a4c19aecc2d85671914b760def40fb,,0.0346,False,roi_copy<=0;t<2.0;concurrency_p95>8;low_liquidity;drawdown;unstable_halves,8056,5103,5095,8,206.9,0.0,-0.0291,-0.0713,-2.91,0.73,-0.0252,-0.0297,-0.0274,-0.0308,-0.1077,149.51,84.0,132,10.12,0.041,0.0,0.645,6964,0.388,0.007,0.33,0.0,0.006,0.309,-0.0138,-0.0886,0.0131,False,Sports,"Sports / Other sport / Miami Daily Weather (n=50, roi=+0.07) | Sports / Other sport / NYC Daily Weather (n=71, roi=+0.06) | Sports / Other sport / Buenos Aires Daily Weather (n=109, roi=+0.04)","Sports / Other sport / NYC Daily Weather (n=71, roi=+0.06)"
0xe90ac3a66a133d794a8c431fd3a42a71ebc24d35,ypjk,0.0346,False,t<2.0;concurrency_p95>8;drawdown;history<90d,675,612,607,5,16.5,0.1,0.0392,0.0637,1.63,0.764,0.0392,0.0377,0.0672,0.0113,-0.0853,13.28,15.0,19,2.26,0.015,0.0,0.993,39327,0.003,0.0,0.001,0.0,0.007,0.0,0.03,,-0.0116,False,Sports,"Sports / price=0.70-0.90 (n=323, roi=+0.06) | Sports (n=491, roi=+0.05) | Sports / Tennis / type=moneyline (n=305, roi=+0.05)","Sports / price=0.70-0.90 (n=323, roi=+0.06)"
0x7be55b01c57f1a65b6f9046498b9452cfb53fa3a,,0.0343,False,t<2.0;concurrency_p95>8,115,74,70,4,204.4,0.2,0.3147,0.0756,1.36,0.414,0.3683,0.3155,0.2072,0.4222,0.5456,9.88,10.0,11,27.86,0.0,0.0,0.087,1338452,0.0,0.071,0.0,0.185,0.185,0.0,0.0999,-0.1446,-0.4631,False,Sports,"Sports (n=25, roi=+0.38) | Crypto (n=12, roi=+0.54) | Crypto / Bitcoin (n=11, roi=+0.51)",
0x86b1d13d442471814d47218b1486cb364cc0c094,eskk,0.0342,False,roi_copy<=0;t<2.0;concurrency_p95>8;drawdown;unstable_halves,7996,4114,4104,10,463.5,0.0,-0.026,-0.3664,-0.56,0.322,-0.0364,-0.0477,-0.0336,-0.0183,-0.0434,220.47,19.0,40,2.81,0.015,0.0,0.985,199860,0.051,0.144,0.003,0.052,0.019,0.019,-0.0063,0.0815,0.1227,False,Sports,"Politics / price=0.00-0.10 (n=42, roi=+2.73) | Politics / Tweet Markets / price=0.00-0.10 (n=33, roi=+2.81) | Politics / Tweet Markets / Elon Tweets (n=48, roi=+2.25)","Esports / price=0.70-0.90 (n=74, roi=+0.09) | Esports / Esports / price=0.70-0.90 (n=74, roi=+0.09)"
0x317224d10a6d31d5f8a5ef1eec664ffce2f37520,buatmainpubgm,0.0341,False,roi_copy<=0;t<2.0;concurrency_p95>8;drawdown;unstable_halves;history<90d,1225,817,809,8,89.5,0.0,-0.0546,-0.1224,-1.67,0.53,-0.0284,-0.047,-0.0752,-0.0341,-0.0437,55.23,17.0,21,4.28,0.007,0.0,0.403,53006,0.012,0.015,0.007,0.001,0.025,0.0,-0.0068,-0.0767,0.1465,False,Sports,"Sports / Other sport / price=0.10-0.30 (n=9, roi=+0.31) | Sports / Soccer / Serie A 2025 (n=36, roi=+0.14) | Sports / Soccer / ATP (n=14, roi=+0.13)",
0x5e87b8c1baae2dff925fe3ac6ea9201bd850b3f2,bjth45,0.0338,False,t<2.0;concurrency_p95>8;drawdown;history<90d,626,581,575,6,16.5,0.1,0.0396,0.0637,1.59,0.76,0.0396,0.0386,0.0583,0.0209,-0.1444,12.29,15.0,20,2.26,0.016,0.0,0.993,39000,0.007,0.0,0.002,0.0,0.005,0.0,0.0295,,0.0195,False,Sports,"Sports / price=0.70-0.90 (n=296, roi=+0.06) | Sports (n=463, roi=+0.04) | Sports / Tennis / type=moneyline (n=288, roi=+0.05)","Sports / price=0.70-0.90 (n=296, roi=+0.06)"
0xca5f15ee1795b7d3df5ce1767ac5570badae41f5,robodder,0.0338,False,roi_copy<=0;t<2.0;concurrency_p95>8;both_sides;drawdown;unstable_halves;history<90d,10500,2303,2280,18,45.8,0.0,-0.0314,-0.1878,-1.08,0.493,-0.0313,-0.1086,-0.0327,-0.0301,0.2492,93.8,27.0,34,2.22,0.474,0.0,0.997,42237,0.051,0.037,0.007,0.005,0.011,0.002,-0.0148,-0.0796,0.1886,True,Esports,"Sports / Tennis / price=0.30-0.50 (n=16, roi=+0.22) | Esports / Esports / Dota 2 (n=358, roi=+0.02) | Sports / price=0.70-0.90 (n=40, roi=+0.05)",
0xdd22fb0e71982d6793e9a22e47306c462eba2013,,0.0334,False,concurrency_p95>8;low_liquidity;drawdown,1359,564,556,8,130.1,0.0,0.3311,0.0334,3.5,0.52,0.3311,0.297,0.4294,0.2329,-0.1552,13.88,12.0,15,28.47,0.062,0.0,0.424,9405,0.002,0.061,0.0,0.009,0.022,0.0,0.0868,,-0.2644,False,Sports,"Sports (n=556, roi=+0.33) | Sports / Other sport (n=556, roi=+0.33) | Sports / Other sport / type=binary (n=556, roi=+0.33)","Sports (n=556, roi=+0.33) | Sports / Other sport (n=556, roi=+0.33) | Sports / Other sport / type=binary (n=556, roi=+0.33) | Sports / Other sport / pre (n=320, roi=+0.40) | Sports / price=0.10-0.30 (n=135, roi=+0.57) | Sports / Other sport / price=0.10-0.30 (n=135, roi=+0.57)"
0xbe753ac8e90c25c36a690d45e72e51e5d4045af2,mo0o0o,0.0333,False,concurrency_p95>8;drawdown;history<90d,912,813,810,3,61.6,0.0,0.2018,0.0333,3.73,0.586,0.2018,0.1793,0.2663,0.1373,0.0422,15.65,10.0,18,1.36,0.085,0.0,0.991,215266,0.033,0.016,0.01,0.024,0.053,0.0,0.0687,,0.0947,False,Sports,"Sports (n=810, roi=+0.20) | Sports / price=0.10-0.30 (n=133, roi=+0.44) | Sports / Tennis / price=0.10-0.30 (n=114, roi=+0.46)","Sports (n=810, roi=+0.20) | Sports / price=0.10-0.30 (n=133, roi=+0.44) | Sports / Tennis (n=719, roi=+0.16) | Sports / Tennis / type=moneyline (n=719, roi=+0.16) | Sports / Tennis / live (n=712, roi=+0.16) | Sports / price=0.50-0.70 (n=237, roi=+0.19)"
0x19ae9efef67c685a8581d631d99267b1ff10395c,MaoZeDonK,0.033,False,roi_copy<=0;t<2.0;concurrency_p95>8;drawdown;unstable_halves,3630,1756,1715,41,174.7,0.1,-0.0401,-0.1458,-1.36,0.427,-0.0453,-0.0439,-0.0415,-0.0388,-0.181,69.6,58.0,67,3.05,0.018,0.0,0.743,518637,0.012,0.014,0.0,0.001,0.026,0.011,-0.016,0.0564,0.113,False,Esports,"Esports / price=0.10-0.30 (n=172, roi=+0.18) | Esports / Esports / price=0.10-0.30 (n=171, roi=+0.18) | Sports / NBA / type=negrisk (n=9, roi=+0.36)",
0x00003382bda11aa512e8aada9365f4dad3059cda,dfgaseleven,0.0329,False,t<2.0;concurrency_p95>8;drawdown;history<90d,686,605,599,6,16.5,0.1,0.0387,0.0621,1.59,0.763,0.0387,0.0373,0.0595,0.0179,-0.0487,10.75,16.0,20,2.3,0.015,0.0,0.993,39212,0.008,0.0,0.002,0.0,0.073,0.0,0.0291,,-0.0241,False,Sports,"Sports / price=0.70-0.90 (n=321, roi=+0.06) | Sports (n=488, roi=+0.04) | Sports / Tennis / type=moneyline (n=305, roi=+0.05)","Sports / price=0.70-0.90 (n=321, roi=+0.06)"
0x81bbf8575df1067e9998d2a2ac574f8710738544,Strikerbetbot,0.0325,False,roi_copy<=0;t<2.0;concurrency_p95>8;drawdown;unstable_halves,1627,1426,1412,14,361.5,0.0,-0.0429,-0.1375,-1.42,0.467,-0.0484,-0.0438,-0.0772,-0.0087,0.0063,82.79,71.0,88,7.94,0.071,0.0,0.104,36315,0.001,0.014,0.0,0.0,0.069,0.0,-0.0018,0.5546,-0.0443,False,Sports,"Sports / Basketball / type=spreads (n=116, roi=+0.17) | Sports / Soccer / price=0.50-0.70 (n=131, roi=+0.10) | Sports / Soccer / type=soccer_team_total_corners (n=38, roi=+0.18)","Sports / Basketball / type=spreads (n=116, roi=+0.17)"
0xf734025b12c27078fc8afcfc38d1fb3811034977,,0.0324,False,roi_copy<=0;t<2.0;concurrency_p95>8;low_liquidity;drawdown;unstable_halves;history<90d,1062,621,609,12,36.1,0.0,-0.0464,-0.2863,-0.68,0.399,-0.0129,-0.061,-0.005,-0.0877,-0.3458,55.48,23.0,30,13.44,0.039,0.0,0.947,8588,0.062,0.14,0.069,0.048,0.047,0.0,0.0092,-0.1029,0.1324,False,Sports,"Sports / Other sport / Moscow Daily Weather (n=31, roi=+0.36) | Sports / price=0.10-0.30 (n=179, roi=+0.10) | Sports / Other sport / price=0.10-0.30 (n=177, roi=+0.08)",
0x742244c962848849a90decca2f7308425ced8a59,Katsujinken,0.0323,False,roi_copy<=0;t<2.0;concurrency_p95>8;both_sides;drawdown;unstable_halves,3551,1362,1339,23,127.3,0.0,-0.0408,-0.1376,-1.41,0.53,-0.0338,-0.0499,-0.0325,-0.0491,0.1552,71.42,56.0,84,2.45,0.235,0.01,0.721,182710,0.067,0.047,0.01,0.018,0.043,0.066,-0.0089,-0.0192,0.1011,False,Sports,"Sports / Tennis / pre (n=227, roi=+0.10) | Sports / Soccer / price=0.30-0.50 (n=66, roi=+0.18) | Sports / price=0.30-0.50 (n=236, roi=+0.06)",
0x164cb85e1718d0a8f95d588b08fbb52b34233e39,windy-weather,0.0322,False,concurrency_p95>8;low_liquidity;both_sides;drawdown,10500,3383,3368,15,283.7,0.1,0.4108,0.0322,5.72,0.544,0.3252,0.2233,0.3324,0.4893,-0.2098,30.97,28.0,37,4.25,0.124,0.0,0.917,11197,0.05,0.12,0.025,0.107,0.01,0.009,0.0554,0.1389,-0.029,True,Sports,"Sports / Other sport / price=0.00-0.10 (n=374, roi=+2.05) | Sports / price=0.00-0.10 (n=389, roi=+2.00) | Sports / Other sport / type=binary (n=3007, roi=+0.47)","Sports / Other sport / price=0.00-0.10 (n=374, roi=+2.05) | Sports / price=0.00-0.10 (n=389, roi=+2.00) | Sports / Other sport / type=binary (n=3007, roi=+0.47) | Sports / Other sport (n=3031, roi=+0.47) | Sports (n=3239, roi=+0.43) | Sports / Other sport / Shanghai Daily Lowest Temperature (n=296, roi=+1.39)"
0x31942568ef849517ef9308be872714b145ffc7bd,hgeighteen,0.0322,False,t<2.0;concurrency_p95>8;drawdown;history<90d,588,544,538,6,16.5,0.1,0.042,0.0612,1.58,0.753,0.042,0.0412,0.0694,0.0145,-0.0868,12.04,14.0,18,2.22,0.015,0.0,0.993,40545,0.004,0.0,0.001,0.0,0.011,0.0,0.0289,,0.0208,False,Sports,"Sports (n=429, roi=+0.05) | Sports / American Football (n=41, roi=+0.15) | Sports / American Football / live (n=41, roi=+0.15)","Sports / American Football (n=41, roi=+0.15) | Sports / American Football / live (n=41, roi=+0.15)"
0x0c7b8a2b1b850b03536df06b0e68482c1bad6e9d,DzHero,0.0319,False,roi_copy<=0;t<2.0;drawdown;unstable_halves,2347,1249,1249,0,177.9,0.1,-0.0407,-0.1407,-1.36,0.538,-0.0326,-0.0559,-0.035,-0.0464,-0.0737,70.98,7.0,10,2.29,0.069,0.001,0.969,311484,0.03,0.014,0.008,0.001,0.014,0.155,-0.0133,-0.0144,0.0255,False,Esports,"Esports / Esports / type=moneyline (n=170, roi=+0.09) | Esports / Esports / pre (n=27, roi=+0.13) | Sports / Soccer / price=0.10-0.30 (n=5, roi=+0.26)",
0x4bc6c48e2cbb44350a095354f9c1033aabc833eb,umyother,0.0319,False,roi_copy<=0;t<2.0;concurrency_p95>8;low_liquidity;drawdown;unstable_halves;history<90d,2382,1570,1558,12,65.3,0.0,-0.0346,-0.2904,-0.66,0.393,-0.0203,-0.0448,-0.0432,-0.026,-0.0038,120.15,126.0,143,33.16,0.015,0.0,0.405,6945,0.008,0.14,0.003,0.081,0.019,0.007,0.0115,-0.0362,0.2292,False,Sports,"Sports / Other sport / Chicago Daily Weather (n=71, roi=+0.53) | Sports / Other sport / live (n=621, roi=+0.08) | Sports / Other sport / Seattle Daily Weather (n=93, roi=+0.14)",
0xc278e15617d2f64b0cba07147d3c676b23bb3144,WizardHazardLizardHarvard,0.0318,False,roi_copy<=0;t<2.0;concurrency_p95>8;drawdown;unstable_halves,1794,1123,1116,7,202.0,0.1,-0.0489,-0.0809,-2.36,0.633,-0.0617,-0.0527,-0.0242,-0.0736,-0.2078,62.15,29.0,39,2.89,0.028,0.009,0.605,77343,0.119,0.045,0.037,0.015,0.026,0.185,-0.0188,0.0196,0.073,False,Sports,"Sports / price=0.30-0.50 (n=83, roi=+0.11) | Sports / Basketball / type=moneyline (n=62, roi=+0.10) | Sports / Basketball (n=90, roi=+0.07)","Sports / Basketball / price=0.70-0.90 (n=35, roi=+0.07)"
0xe5ae44dca25926403781f916b51f4962e231d53a,jsdahtenteen,0.0317,False,t<2.0;concurrency_p95>8;drawdown;history<90d,677,602,595,7,16.5,0.1,0.0377,0.0614,1.55,0.761,0.0377,0.0393,0.0674,0.0081,-0.0409,10.13,15.0,20,2.26,0.019,0.0,0.993,40213,0.003,0.002,0.001,0.0,0.08,0.0,0.0296,,-0.0199,False,Sports,"Sports / price=0.70-0.90 (n=320, roi=+0.06) | Sports (n=484, roi=+0.04) | Sports / Tennis / type=moneyline (n=302, roi=+0.04)","Sports / price=0.70-0.90 (n=320, roi=+0.06)"
0x4c104e61febf3944fcfc05ee94551b815ffdb6a4,Heaterrr,0.0316,False,roi_copy<=0;t<2.0;concurrency_p95>8;hold<1h;sniping;short_crypto;drawdown;unstable_halves,6561,3696,3520,176,162.1,0.0,-0.0315,-0.0783,-2.42,0.642,-0.0391,-0.0407,-0.0321,-0.031,0.0858,149.72,129.0,178,0.05,0.057,0.161,0.868,75463,0.271,0.016,0.018,0.001,0.021,0.793,-0.0082,0.0061,0.1149,False,Crypto,"Other (n=82, roi=+0.18) | Other / ? (n=82, roi=+0.18) | Other / ? / ? (n=82, roi=+0.18)","Other (n=82, roi=+0.18) | Other / ? (n=82, roi=+0.18) | Other / ? / ? (n=82, roi=+0.18) | Other / ? / type=binary (n=82, roi=+0.18) | Sports / American Football / live (n=30, roi=+0.21)"
0x4c01192a3dc5a41edb7a8c5f49ded520f49500d5,gjf0,0.0313,False,t<2.0;concurrency_p95>8;drawdown;history<90d,682,614,609,5,16.5,0.1,0.0372,0.061,1.54,0.762,0.0372,0.0347,0.0683,0.0062,-0.0766,11.79,15.0,20,2.32,0.015,0.0,0.993,40545,0.005,0.0,0.001,0.0,0.007,0.0,0.0285,,-0.0186,False,Sports,"Sports / price=0.70-0.90 (n=330, roi=+0.06) | Sports (n=501, roi=+0.04) | Sports / Tennis / type=moneyline (n=305, roi=+0.04)","Sports / price=0.70-0.90 (n=330, roi=+0.06)"
0x60ece66980b57e441ed2f335a63573f1f20f8d4c,mtm1m,0.0311,False,roi_copy<=0;t<2.0;concurrency_p95>8;low_liquidity;hold<1h;sniping;drawdown;unstable_halves,10500,4642,4612,28,179.7,0.0,-0.0279,-0.0622,-3.0,0.688,-0.0319,-0.0417,-0.0483,-0.0075,0.1526,138.59,64.0,94,0.28,0.072,0.243,0.729,19713,0.487,0.03,0.094,0.004,0.031,0.497,-0.0096,0.0095,0.0438,True,Crypto,"Sports / Other sport / price=0.10-0.30 (n=139, roi=+0.12) | Sports / price=0.10-0.30 (n=172, roi=+0.10) | Esports / price=0.10-0.30 (n=18, roi=+0.31)",
0x84d9246ed558b918ea081a8543eceb86678376db,TMG11,0.0311,False,roi_copy<=0;t<2.0;concurrency_p95>8;drawdown;unstable_halves,1286,1149,1127,22,719.0,0.0,-0.047,-0.1371,-1.36,0.449,-0.0587,-0.0496,0.0022,-0.0962,-0.103,66.46,19.0,25,15.4,0.004,0.0,0.11,141984,0.004,0.029,0.0,0.0,0.02,0.0,-0.0109,0.9344,0.1151,False,Sports,"Sports / Tennis / WTA (n=20, roi=+0.27) | Esports / Esports / Counter Strike (n=45, roi=+0.15) | Sports / Hockey / type=totals (n=222, roi=+0.07)",
0xccbe5f6d4564e3dbef0efb871198316ef46a2012,frg78,0.0308,False,t<2.0;concurrency_p95>8;drawdown;history<90d,646,594,588,6,16.5,0.1,0.0371,0.0612,1.51,0.76,0.0371,0.0362,0.0552,0.019,-0.0648,10.36,15.0,20,2.26,0.015,0.0,0.993,39197,0.003,0.0,0.001,0.0,0.006,0.0,0.0276,,-0.0176,False,Sports,"Sports / price=0.70-0.90 (n=314, roi=+0.06) | Sports (n=480, roi=+0.04) | Sports / Tennis / type=moneyline (n=296, roi=+0.04)","Sports / price=0.70-0.90 (n=314, roi=+0.06)"
0x567464a8b6b5794c43282c4a9274e12b48ba8b14,Betss,0.0308,False,roi_copy<=0;t<2.0;concurrency_p95>8;drawdown;unstable_halves,2261,803,773,30,752.3,0.1,-0.047,-0.1565,-1.18,0.463,-0.0561,-0.0426,-0.1153,0.0212,-0.0868,55.45,66.0,85,7.27,0.022,0.0,0.283,362815,0.054,0.036,0.001,0.018,0.032,0.026,-0.0219,0.0323,0.1285,False,Esports,"Esports / Esports / pre (n=302, roi=+0.03) | Sports / Soccer / price=0.30-0.50 (n=38, roi=+0.08) | Esports / price=0.00-0.10 (n=11, roi=+0.12)",
0xb3e6aa241b1fc2d8d901712087066cf1b2a24be3,Baguettebiencuite,0.0305,False,roi_copy<=0;t<2.0;concurrency_p95>8;both_sides;drawdown;unstable_halves;history<90d,1427,606,601,5,72.7,0.0,-0.0499,-0.159,-1.15,0.569,-0.0499,-0.0865,-0.0817,-0.0183,-0.1218,33.78,10.0,15,2.04,0.143,0.0,0.762,194143,0.058,0.032,0.021,0.0,0.03,0.0,-0.0121,,0.1067,False,Sports,"Sports / Tennis / price=0.50-0.70 (n=159, roi=+0.04) | Sports / price=0.50-0.70 (n=182, roi=+0.02) | Sports / Other sport / Milan Daily Weather (n=3, roi=+0.10)",
0x535c23380a9bc0c9652ed6b3ae77d8f7cdf296ba,ponczyk,0.0304,False,t<2.0,422,102,96,6,730.6,0.0,0.1195,0.056,1.63,0.781,0.1668,0.1183,0.1648,0.0743,0.118,2.94,7.0,9,3.13,0.021,0.021,0.826,1524152,0.365,0.0,0.104,0.0,0.23,0.062,0.079,-0.1144,-0.0671,False,Sports,"Crypto (n=9, roi=+0.25) | Sports / Soccer (n=15, roi=+0.19) | Sports / Soccer / type=moneyline (n=11, roi=+0.22)",
0x13a61aa87efbb67006019d584438b054a503c34d,g0o248a9wfh5,0.0304,False,roi_copy<=0;t<2.0;concurrency_p95>8;drawdown;unstable_halves,6063,1170,1114,54,188.2,0.0,-0.0404,-0.1056,-1.73,0.566,-0.0218,-0.0529,-0.0266,-0.0542,-0.1541,54.79,89.0,96,21.43,0.083,0.006,0.66,386022,0.159,0.039,0.03,0.02,0.038,0.048,-0.007,-0.0266,0.0316,False,Sports,"Sports / price=0.50-0.70 (n=94, roi=+0.07) | Sports / Soccer / live (n=29, roi=+0.09) | Sports / Other sport / price=0.50-0.70 (n=34, roi=+0.07)",
0xc60c0e53a5320759b4fd30f3a5a362bd07a5297b,rtjh6,0.0301,False,t<2.0;concurrency_p95>8;drawdown;history<90d,668,609,603,6,16.5,0.1,0.0363,0.0603,1.5,0.761,0.0363,0.0346,0.0631,0.0095,-0.0712,11.55,15.0,20,2.31,0.017,0.0,0.993,40213,0.005,0.0,0.002,0.0,0.006,0.0,0.0275,,-0.0182,False,Sports,"Sports / price=0.70-0.90 (n=320, roi=+0.06) | Sports (n=490, roi=+0.04) | Esports / Esports / Dota 2 (n=45, roi=+0.11)","Sports / price=0.70-0.90 (n=320, roi=+0.06)"
0xf33f56a1f59c003f2cfd083725579fcb7a8fbc7a,sajdhtwelve,0.0296,False,t<2.0;concurrency_p95>8;drawdown;history<90d,667,604,599,5,16.1,0.1,0.0362,0.0595,1.49,0.761,0.0362,0.0346,0.0538,0.0186,-0.0754,11.16,15.0,20,2.31,0.017,0.0,0.993,41373,0.008,0.0,0.002,0.0,0.007,0.0,0.0275,,-0.0068,False,Sports,"Sports / price=0.70-0.90 (n=316, roi=+0.06) | Sports (n=484, roi=+0.04) | Sports / American Football (n=46, roi=+0.11)","Sports / price=0.70-0.90 (n=316, roi=+0.06)"
0x3fd9345edbb8fe214ba8c0eda2b1fbdaaedc411e,dajhthirteen,0.0295,False,t<2.0;concurrency_p95>8;drawdown;history<90d,687,616,612,4,16.5,0.1,0.0359,0.0594,1.49,0.76,0.0359,0.0332,0.0599,0.0119,-0.117,12.09,14.0,18,2.26,0.015,0.0,0.993,41373,0.007,0.0,0.002,0.0,0.007,0.0,0.0265,,-0.0085,False,Sports,"Sports / price=0.70-0.90 (n=320, roi=+0.05) | Sports (n=497, roi=+0.04) | Sports / American Football / price=0.50-0.70 (n=18, roi=+0.19)",
0xc62fc154efd70e3a7991726c4eef6118566c1781,LLHuang,0.0294,False,roi_copy<=0;t<2.0;concurrency_p95>8;drawdown;unstable_halves;history<90d,3882,2327,2312,15,89.8,0.0,-0.0355,-0.0766,-2.3,0.513,-0.017,-0.0348,-0.0298,-0.0411,-0.0616,88.38,39.0,50,2.6,0.058,0.0,0.757,35183,0.005,0.004,0.002,0.0,0.012,0.003,-0.0087,-0.0325,0.0231,False,Sports,"Sports / Tennis / price=0.30-0.50 (n=162, roi=+0.08) | Sports / Other sport / price=0.10-0.30 (n=21, roi=+0.22) | Sports / Baseball / price=0.50-0.70 (n=68, roi=+0.07)",
0x1062195479bb686e8a90c926c4c595ee2e1d17e5,wetno,0.0293,False,closed<50;roi_copy<=0;t<2.0;low_liquidity;top1_concentration;unstable_halves;history<90d,97,5,4,1,31.7,0.2,-0.2146,-0.2146,-0.82,0.5,-0.1806,-0.2142,-0.5011,0.072,-0.2146,1.0,1.0,1,12.95,0.0,0.0,0.75,12994,0.25,0.0,0.114,0.0,0.886,0.0,-0.1255,-0.1361,-0.3133,False,Sports,"Sports / Other sport / Hong Kong Daily Weather (n=1, roi=-0.20) | Sports / Other sport / Tokyo Daily Weather (n=1, roi=-0.20) | Sports / price=0.90-1.00 (n=1, roi=-0.20)",
0xa0dc7ee1f7a230a1a20163271717f8f8752b586c,0xA0DC7ee1f7a230a1a20163271717f8F8752b586C-1770458016711,0.0292,False,roi_copy<=0;t<2.0;concurrency_p95>8;drawdown;unstable_halves,4506,2032,2007,25,237.7,0.0,-0.0333,-0.1161,-1.51,0.395,-0.0266,-0.0352,-0.0419,-0.0247,0.0059,75.57,25.0,29,3.25,0.048,0.0,0.694,133935,0.002,0.012,0.001,0.0,0.01,0.0,-0.008,-0.0098,0.0448,False,Sports,"Sports / Other sport / Sweden Allsvenskan 2026 (n=18, roi=+0.43) | Sports / Other sport / type=moneyline (n=170, roi=+0.10) | Sports / Other sport / pre (n=98, roi=+0.11)",
0x946fe170c23baaf733fc98ae0334c7b2d5de67c1,tiago1878,0.0291,False,concurrency_p95>8;drawdown,2298,819,814,5,130.3,0.1,0.149,0.0308,2.83,0.758,0.1275,0.1127,0.1273,0.1707,0.0681,10.72,11.0,17,2.21,0.059,0.0,0.996,70933,0.251,0.037,0.068,0.053,0.035,0.0,0.0475,0.0581,-0.1008,False,Sports,"Sports / price=0.00-0.10 (n=30, roi=+0.96) | Sports (n=814, roi=+0.15) | Sports / Soccer / La Liga 2025 (n=20, roi=+0.94)","Sports (n=814, roi=+0.15) | Sports / Soccer (n=619, roi=+0.13) | Sports / Soccer / live (n=617, roi=+0.13) | Sports / Other sport / type=moneyline (n=172, roi=+0.22) | Sports / Other sport (n=193, roi=+0.20) | Sports / price=0.50-0.70 (n=153, roi=+0.14)"
0xc685093975103fda7af69aedd269efdef87e0e9f,,0.0291,False,t<2.0;concurrency_p95>8;low_liquidity;drawdown,322,312,307,5,140.2,0.0,0.0921,0.0485,1.8,0.629,0.0885,0.0922,0.1587,0.0261,-0.0226,10.4,11.0,12,1.03,0.01,0.0,0.765,22570,0.007,0.0,0.005,0.0,0.022,0.469,0.0466,0.3619,-0.0318,False,Crypto,"Sports (n=134, roi=+0.15) | Sports / price=0.50-0.70 (n=106, roi=+0.16) | Crypto / Up/Down short / BTC Up or Down 5m (n=33, roi=+0.21)","Sports (n=134, roi=+0.15) | Sports / price=0.50-0.70 (n=106, roi=+0.16)"
0xf32de5829daae9ab35a9ece9200bc0a43f64bbbb,Hakbsnn,0.0286,False,roi_copy<=0;t<2.0;concurrency_p95>8;drawdown;unstable_halves,5819,3160,3137,23,532.4,0.0,-0.0329,-0.0829,-2.07,0.551,-0.0261,-0.0336,-0.0546,-0.0112,0.0296,133.18,22.0,27,3.2,0.019,0.0,0.781,253943,0.011,0.003,0.002,0.0,0.01,0.023,-0.0088,-0.0148,0.0665,False,Esports,"Sports / Tennis / WTA (n=118, roi=+0.08) | Sports / Tennis / price=0.70-0.90 (n=59, roi=+0.11) | Sports / Soccer / Dota 2 (n=31, roi=+0.14)","Sports / Tennis / price=0.70-0.90 (n=59, roi=+0.11)"
0x0bdc847347571342e1563971e8ba206c8b03e345,0x0bDC847347571342E1563971E8bA206c8B03e345-1775980125004,0.0285,False,roi_copy<=0;t<2.0;concurrency_p95>8;hold<1h;drawdown;unstable_halves,3215,1691,1688,3,165.1,0.0,-0.0323,-0.1285,-1.33,0.479,-0.0067,-0.0348,-0.0488,-0.0159,-0.1634,57.29,25.0,33,0.23,0.076,0.014,0.958,92879,0.041,0.023,0.004,0.001,0.035,0.376,0.0021,-0.0739,-0.0002,False,Sports,"Crypto / price=0.30-0.50 (n=123, roi=+0.15) | Crypto / Up/Down short / price=0.30-0.50 (n=123, roi=+0.15) | Crypto / Up/Down short / BTC Up or Down 5m (n=312, roi=+0.05)",
0xb47b4b5fc0dd5acef713dff168e4516c830cc6b1,elwen,0.0285,False,roi_copy<=0;t<2.0;concurrency_p95>8;drawdown;unstable_halves,2630,1456,1442,13,332.4,0.1,-0.038,-0.1017,-1.68,0.401,-0.0572,-0.0386,-0.0215,-0.0545,0.0967,72.36,22.0,42,4.68,0.021,0.0,0.326,70225,0.01,0.015,0.003,0.001,0.017,0.003,-0.0183,0.0257,0.002,False,Sports,"Sports / Tennis / price=0.30-0.50 (n=130, roi=+0.07) | Sports / Other sport / live (n=46, roi=+0.10) | Sports / Tennis / WTA (n=84, roi=+0.06)",
0xb6a6dd6a8f366ce2f761f48e6f06aa46ec707971,0xB6a6DD6A8F366cE2f761f48E6f06aA46ec707971-1768794530247,0.0284,False,roi_copy<=0;t<2.0;concurrency_p95>8;drawdown;unstable_halves,1331,1093,1087,6,257.1,0.0,-0.0428,-0.1302,-1.31,0.498,-0.0317,-0.0466,-0.0269,-0.0587,0.1123,80.04,9.0,20,3.54,0.004,0.0,0.561,40780,0.016,0.003,0.006,0.0,0.013,0.169,-0.0161,-0.1263,0.0911,False,Sports,"Sports / Other sport / price=0.30-0.50 (n=40, roi=+0.16) | Sports / Soccer / type=totals (n=57, roi=+0.11) | Sports / Other sport / Serie B (n=5, roi=+0.31)",
0x90508f69744e73d6811972a5fdb56047b0333a19,AJXgroup,0.0275,False,roi_copy<=0;t<2.0;concurrency_p95>8;drawdown;unstable_halves,134,74,61,13,187.8,0.0,-0.1042,-0.2088,-0.79,0.508,-0.1168,-0.1044,-0.2026,-0.0091,-0.0123,11.31,18.0,19,14.11,0.014,0.0,0.067,100376,0.066,0.066,0.029,0.0,0.218,0.197,-0.0203,0.2554,0.1771,False,Sports,"Sports / price=0.30-0.50 (n=8, roi=+0.11) | Sports / American Football (n=2, roi=+0.06) | Sports / American Football / price=0.30-0.50 (n=2, roi=+0.06)",
0xae5123e8a2f7125e9479d5916b37b7274ab61d03,_test_i075_i078_1,0.0271,False,concurrency_p95>8;both_sides,4841,864,859,4,144.3,0.0,0.2835,0.0378,2.15,0.627,0.2497,0.1471,0.127,0.4396,1.6461,5.79,11.0,14,1.36,0.54,0.0,0.967,314461,0.075,0.038,0.01,0.015,0.057,0.0,0.0372,0.0487,-0.1197,False,Sports,"Sports / Tennis / price=0.00-0.10 (n=27, roi=+3.33) | Sports / price=0.00-0.10 (n=33, roi=+3.00) | Sports / Tennis / WTA (n=221, roi=+0.78)","Sports / Tennis / live (n=742, roi=+0.32) | Sports / Tennis (n=749, roi=+0.32) | Sports (n=856, roi=+0.28) | Sports / Tennis / type=moneyline (n=695, roi=+0.14) | Sports / Tennis / ATP (n=505, roi=+0.12) | Sports / Tennis / price=0.30-0.50 (n=216, roi=+0.18)"
0xd114968daf47276de25863296b351be22af6aec6,,0.0269,False,t<2.0;concurrency_p95>8,97,68,53,15,252.7,0.0,0.2451,0.069,1.17,0.528,0.2723,0.2451,0.25,0.2403,0.1851,6.21,14.0,15,76.03,0.0,0.0,0.1,1858166,0.0,0.057,0.0,0.148,0.148,0.0,0.0742,-0.0803,-0.4568,False,Sports,"Crypto (n=7, roi=+0.56) | Crypto / price=0.10-0.30 (n=5, roi=+0.63) | Sports / Soccer / type=moneyline (n=15, roi=+0.27)",
0xef460652c993d011442553faaa81b13a924cf872,Endeverafter,0.0268,False,roi_copy<=0;t<2.0;concurrency_p95>8;both_sides;drawdown;unstable_halves,3948,1218,1165,53,314.4,0.0,-0.043,-0.0852,-1.89,0.431,-0.0679,-0.0666,-0.056,-0.03,0.1076,58.78,56.0,69,3.89,0.181,0.003,0.488,117839,0.02,0.023,0.015,0.008,0.02,0.205,-0.0211,0.0256,0.0715,False,Sports,"Sports / Cricket / Cricket Test (n=9, roi=+0.31) | Sports / Cricket / type=binary (n=9, roi=+0.31) | Sports / Cricket / live (n=110, roi=+0.07)",
0xe5efd6543002653b2eef940d8254911862ad9e7a,0xE5efD6543002653B2EEF940d8254911862aD9e7A-1729599643232,0.0267,False,roi_copy<=0;t<2.0;drawdown;unstable_halves,1833,1136,1125,11,567.6,0.0,-0.0399,-0.1395,-1.15,0.439,-0.0219,-0.0391,-0.0502,-0.0296,0.0058,62.95,8.0,11,2.55,0.019,0.0,0.509,79646,0.001,0.019,0.0,0.0,0.044,0.377,-0.0017,-0.052,0.0955,False,Sports,"Sports / Basketball / pre (n=241, roi=+0.12) | Sports / Basketball / WNBA (n=118, roi=+0.10) | Sports / Basketball / price=0.30-0.50 (n=203, roi=+0.07)",
0x528ff0b0cc2c8228721b30828ea574aba54e2101,LFP272,0.0263,False,roi_copy<=0;t<2.0;concurrency_p95>8;drawdown;unstable_halves,5905,2412,2329,83,236.3,0.1,-0.0285,-0.1135,-1.39,0.524,-0.0318,-0.0598,-0.0475,-0.0095,-0.3705,91.15,59.0,89,2.55,0.082,0.0,0.886,397936,0.026,0.046,0.008,0.006,0.009,0.001,-0.0009,0.0094,0.1631,False,Sports,"Sports / Tennis / price=0.30-0.50 (n=318, roi=+0.13) | Sports / Soccer / WTA (n=18, roi=+0.47) | Sports / price=0.30-0.50 (n=435, roi=+0.08)","Sports / Tennis / price=0.30-0.50 (n=318, roi=+0.13)"
0x32a832894e3fdbd15bf1560098d0804fa1a1be9b,0x32A832894e3fDbd15bf1560098D0804FA1A1be9b-1773078294761,0.026,False,concurrency_p95>8;low_liquidity;entries>=0.90;drawdown,4401,3110,3092,18,207.4,0.0,0.0362,0.026,3.33,0.893,0.0311,0.0236,0.0512,0.0211,0.0028,12.9,31.0,45,9.22,0.003,0.0,0.989,10016,0.825,0.007,0.25,0.053,0.047,0.005,0.0144,0.0377,0.0368,False,Sports,"Sports / price=0.10-0.30 (n=46, roi=+0.55) | Sports / Other sport / price=0.10-0.30 (n=46, roi=+0.55) | Sports / price=0.30-0.50 (n=50, roi=+0.32)","Sports / price=0.30-0.50 (n=50, roi=+0.32) | Sports / Other sport / price=0.30-0.50 (n=50, roi=+0.32) | Sports (n=3048, roi=+0.04) | Sports / Other sport (n=3048, roi=+0.04) | Sports / Other sport / type=binary (n=3048, roi=+0.04) | Sports / Other sport / live (n=3014, roi=+0.04)"
0x87203aeeb48a3200d156401684e4d4e9d9dc6340,paunineteen,0.0258,False,t<2.0;concurrency_p95>8;drawdown;history<90d,632,585,579,6,16.5,0.1,0.0339,0.0569,1.36,0.756,0.0339,0.0332,0.0602,0.0077,-0.1487,12.53,15.0,20,2.25,0.016,0.0,0.993,39327,0.003,0.0,0.001,0.0,0.005,0.0,0.0264,,-0.0064,False,Sports,"Sports / price=0.70-0.90 (n=301, roi=+0.06) | Sports (n=466, roi=+0.04) | Sports / Tennis / type=moneyline (n=290, roi=+0.04)","Sports / price=0.70-0.90 (n=301, roi=+0.06)"
0x025e6ec2ef8cad807e60cc8cbb1adcb132e5bb39,JJCo2,0.0257,False,roi_copy<=0;t<2.0;concurrency_p95>8;hold<1h;short_crypto;drawdown;unstable_halves,8368,3806,3748,58,163.4,0.1,-0.0218,-0.1273,-1.21,0.645,-0.0196,-0.0367,-0.0234,-0.0201,0.0782,107.66,64.0,72,0.09,0.083,0.072,0.511,58331,0.255,0.039,0.133,0.024,0.014,0.55,-0.005,-0.0086,0.1063,False,Crypto,"Sports / Other sport / price=0.10-0.30 (n=242, roi=+0.09) | Crypto / price=0.00-0.10 (n=30, roi=+0.23) | Crypto / Up/Down short / price=0.00-0.10 (n=30, roi=+0.23)",
0x9086ecc713bc35f307d7ba3c87d1c1c1c1514d46,0x9086ECc713bc35f307d7bA3c87D1c1c1C1514D46-1767707884278,0.0256,False,roi_copy<=0;t<2.0;concurrency_p95>8;drawdown;unstable_halves,3453,2844,2838,6,269.2,0.2,-0.0277,-0.1104,-1.39,0.502,-0.0237,-0.0274,-0.0312,-0.0242,0.2433,113.91,12.0,15,3.59,0.019,0.0,0.762,208838,0.006,0.002,0.001,0.0,0.004,0.011,-0.0095,-0.0199,0.0375,False,Sports,"Sports / Other sport / price=0.30-0.50 (n=13, roi=+0.45) | Sports / Other sport (n=46, roi=+0.18) | Sports / Other sport / type=moneyline (n=46, roi=+0.18)",
0xe337f5a28e9c530a676c959a1888ba5368664ad6,0xE337F5A28E9C530a676C959A1888Ba5368664ad6-1779639269540,0.0255,False,concurrency_p95>8;both_sides;drawdown,9241,2680,2675,3,131.4,0.1,0.2307,0.0255,3.87,0.759,0.1692,0.1368,0.3755,0.086,0.1218,11.38,12.0,20,1.16,0.166,0.0,0.989,76157,0.406,0.052,0.137,0.093,0.099,0.0,0.0383,0.1188,-0.0595,False,Sports,"Sports / price=0.00-0.10 (n=138, roi=+2.40) | Sports / Other sport / price=0.00-0.10 (n=25, roi=+3.73) | Sports / Soccer / price=0.00-0.10 (n=107, roi=+1.74)","Sports / price=0.00-0.10 (n=138, roi=+2.40) | Sports (n=2674, roi=+0.23) | Sports / Soccer / FIFA World Cup (n=669, roi=+0.35) | Sports / Soccer / live (n=2216, roi=+0.19) | Sports / Soccer (n=2246, roi=+0.19) | Sports / price=0.10-0.30 (n=242, roi=+0.42)"
0x95d591cc100d0d22b37619b2b561f0d480ad0560,Jtiz,0.0255,False,roi_copy<=0;t<2.0;concurrency_p95>8;low_liquidity;drawdown;unstable_halves,1390,980,957,23,268.3,0.0,-0.0491,-0.073,-2.1,0.567,-0.0706,-0.046,-0.0212,-0.0769,0.0639,54.63,28.0,38,2.55,0.019,0.0,0.694,26475,0.033,0.005,0.009,0.0,0.037,0.0,-0.0298,0.0758,-0.0194,False,Esports,"Sports / price=0.50-0.70 (n=115, roi=+0.04) | Esports / Esports / League of Legends (n=148, roi=+0.03) | Esports / Esports / type=moneyline (n=314, roi=+0.02)",
0xbe7ef1907a730226453814dedeee3995c0656d00,NO.9kami,0.0254,False,roi_copy<=0;t<2.0;concurrency_p95>8;drawdown;unstable_halves,2127,1435,1401,34,198.5,0.0,-0.0299,-0.2211,-0.69,0.408,-0.0318,-0.0085,-0.0542,-0.0057,0.1821,91.69,25.0,35,2.85,0.004,0.0,0.697,116163,0.0,0.09,0.0,0.008,0.041,0.089,0.005,0.0201,-0.0061,False,Sports,"Sports / Soccer / Fifa Friendly (n=100, roi=+0.24) | Sports / Soccer / type=totals (n=153, roi=+0.15) | Sports / Other sport / price=0.10-0.30 (n=50, roi=+0.26)","Sports / price=0.70-0.90 (n=40, roi=+0.11)"
0x2906553aa94ad8e8d2d837d00deefd48b08e555a,0x2906553aA94AD8E8d2D837d00dEEfD48B08E555a-1783566504909,0.0252,False,roi_copy<=0;t<2.0;concurrency_p95>8;both_sides;drawdown;unstable_halves;history<90d,4398,1904,1901,2,79.8,0.0,-0.0344,-0.0911,-1.66,0.588,-0.0255,-0.0509,-0.0099,-0.0589,0.0884,81.73,20.0,27,2.47,0.26,0.0,0.793,184355,0.022,0.019,0.004,0.0,0.057,0.053,-0.005,-0.0253,0.0894,False,Sports,"Crypto / price=0.30-0.50 (n=20, roi=+0.28) | Crypto / Up/Down short / price=0.30-0.50 (n=20, roi=+0.28) | Sports / Tennis / price=0.30-0.50 (n=93, roi=+0.11)",
0x9ac1b39372b486e96e8d0882f553ff8230cfd5a6,YKBFN,0.0251,False,concurrency_p95>8;drawdown,733,479,468,11,287.9,0.0,0.1274,0.0317,2.38,0.494,0.1186,0.1187,0.0971,0.1576,-0.0654,19.64,9.0,13,4.16,0.024,0.0,0.595,2224799,0.002,0.002,0.0,0.0,0.044,0.004,0.0461,0.0262,-0.0204,False,Sports,"Sports / Basketball / price=0.30-0.50 (n=170, roi=+0.21) | Sports / Basketball / type=moneyline (n=442, roi=+0.13) | Sports / Basketball (n=443, roi=+0.13)","Sports / Basketball / price=0.30-0.50 (n=170, roi=+0.21) | Sports / Basketball / type=moneyline (n=442, roi=+0.13) | Sports / Basketball (n=443, roi=+0.13) | Sports / Basketball / NBA 2026 (n=321, roi=+0.15) | Sports (n=466, roi=+0.12) | Sports / price=0.30-0.50 (n=177, roi=+0.19)"
0x2db8f5b0fc0ebc26e309321843492a1a62a9e042,ken5,0.0251,False,roi_copy<=0;t<2.0;concurrency_p95>8;drawdown;unstable_halves,3564,2721,2699,22,685.0,0.1,-0.0331,-0.0597,-2.52,0.692,-0.0321,-0.0366,-0.0694,0.0031,-0.1032,107.96,20.0,25,3.81,0.018,0.0,0.728,348534,0.124,0.003,0.099,0.0,0.005,0.003,-0.0141,-0.0046,0.0948,False,Sports,"Sports / Soccer / A League Soccer (n=26, roi=+0.19) | Sports / Other sport / type=moneyline (n=45, roi=+0.14) | Sports / Other sport / live (n=39, roi=+0.13)",
0x498b2ce98e427dcb1d90b595a1ffbc3b5ce407b5,shawnclaudevandamme,0.025,False,roi_copy<=0;t<2.0;concurrency_p95>8;low_liquidity;drawdown;unstable_halves,1319,849,844,5,189.2,0.1,-0.0378,-0.1685,-0.89,0.434,-0.0309,-0.0446,0.0058,-0.0814,-0.225,57.75,157.0,166,35.92,0.059,0.0,0.291,9111,0.023,0.018,0.007,0.01,0.015,0.069,-0.0012,-0.0473,0.0221,False,Sports,"Sports / Other sport / Atlanta Daily Weather (n=14, roi=+0.30) | Sports / Other sport / Chongqing Daily Weather (n=34, roi=+0.19) | Sports / price=0.50-0.70 (n=176, roi=+0.07)","Sports / price=0.70-0.90 (n=82, roi=+0.08) | Sports / Other sport / price=0.70-0.90 (n=81, roi=+0.07)"
0xcd5251d8fc7d9aa99cbedd4fd7af8107d6cd6c56,0xCD5251D8fc7d9AA99cbeDD4Fd7AF8107d6CD6c56-1782340538148,0.0249,False,roi_copy<=0;t<2.0;concurrency_p95>8;low_liquidity;drawdown;unstable_halves,559,348,343,5,91.2,0.1,-0.0496,-0.3927,-0.38,0.262,-0.0277,-0.0493,-0.0192,-0.0798,-0.4609,40.95,20.0,28,16.74,0.012,0.0,0.662,13846,0.0,0.178,0.0,0.189,0.083,0.0,-0.0201,-0.0576,-0.2144,False,Sports,"Sports / Other sport / pre (n=92, roi=+0.31) | Sports / Other sport / Paris Daily Lowest Temperature (n=53, roi=+0.17) | Sports / Other sport / price=0.00-0.10 (n=56, roi=+0.13)",
0x8adc5aceb4718b2972e34dfffa45d58b56b5bafc,binkybarnes55,0.0247,False,roi_copy<=0;t<2.0;concurrency_p95>8;drawdown;unstable_halves,1255,622,599,23,233.9,0.0,-0.049,-0.1186,-1.25,0.551,-0.0486,-0.0487,-0.0513,-0.0467,0.1546,41.51,24.0,30,12.19,0.005,0.0,0.224,229871,0.003,0.01,0.001,0.0,0.035,0.0,-0.0128,-0.0289,-0.0411,False,Esports,"Sports / Tennis / League of Legends (n=16, roi=+0.22) | Sports / Tennis / type=moneyline (n=15, roi=+0.17) | Sports / Basketball / live (n=8, roi=+0.21)",
0xcbf32c6d8268ba87eed33e44b1f8477a826180ab,MackTron,0.0241,False,roi_copy<=0;t<2.0;drawdown;unstable_halves,1391,846,840,6,259.1,0.1,-0.0342,-0.2034,-0.71,0.419,-0.0088,-0.0171,0.0013,-0.0697,-0.3048,48.92,8.0,11,3.86,0.007,0.0,0.497,458128,0.011,0.031,0.013,0.006,0.028,0.0,-0.0019,-0.1044,-0.0656,False,Sports,"Sports / Soccer / Primera División Argentina (n=116, roi=+0.17) | Sports / Soccer / Serie A 2025 (n=56, roi=+0.24) | Sports / Soccer / live (n=250, roi=+0.10)",
0x62f9b8da12015c0900a74846e74ea69d7e73ae42,Undisciplined,0.0237,False,roi_copy<=0;t<2.0;concurrency_p95>8;drawdown;unstable_halves,2991,1713,1699,14,252.9,0.0,-0.0293,-0.1014,-1.4,0.596,-0.0215,-0.0369,-0.01,-0.0485,-0.014,72.16,16.0,24,2.48,0.089,0.002,0.87,334537,0.145,0.006,0.044,0.002,0.019,0.031,-0.02,-0.0162,-0.0288,False,Sports,"Sports / price=0.10-0.30 (n=75, roi=+0.21) | Sports / Basketball / price=0.10-0.30 (n=11, roi=+0.34) | Sports / Baseball / price=0.10-0.30 (n=15, roi=+0.20)",
0x276ac1ead8ed72bc8b05aff24c482e354491fc66,,0.0237,False,roi_copy<=0;t<2.0;concurrency_p95>8;hold<1h;short_crypto;drawdown;unstable_halves,1962,1255,1251,3,107.5,0.1,-0.0468,-0.2188,-0.65,0.535,-0.0434,-0.0629,-0.1272,0.0334,0.0102,135.24,34.0,44,0.12,0.039,0.0,0.842,35159,0.051,0.155,0.008,0.015,0.026,0.561,-0.0174,-0.0252,0.1044,False,Crypto,"Sports / price=0.10-0.30 (n=17, roi=+0.56) | Sports / Soccer / price=0.10-0.30 (n=12, roi=+0.46) | Sports / Tennis / ATP (n=58, roi=+0.15)",
0xc124ac4648554fecf7bd0e03dd2dd25fa1c7bd0f,Schmegegi-Teple,0.0237,False,roi_copy<=0;t<2.0;concurrency_p95>8;both_sides;drawdown;unstable_halves;history<90d,2043,568,546,18,64.5,0.0,-0.0402,-0.1582,-0.9,0.507,-0.0276,-0.086,-0.0109,-0.0695,0.0618,31.4,38.0,43,1.94,0.319,0.0,0.991,335115,0.075,0.075,0.015,0.001,0.116,0.038,0.0162,-0.04,0.2247,False,Sports,"Politics / price=0.10-0.30 (n=16, roi=+0.37) | Culture (n=8, roi=+0.28) | Sports / price=0.50-0.70 (n=96, roi=+0.07)","Sports / Tennis / price=0.70-0.90 (n=48, roi=+0.09)"
0xa39e4b4c14c1c4c076e59d82404c01a5106d26da,0xA39E4B4c14C1C4C076e59D82404C01A5106D26DA-1774608436172,0.0234,False,t<2.0;concurrency_p95>8;drawdown,208,117,98,19,183.8,0.1,0.1464,0.0558,1.26,0.561,-0.0609,0.1489,0.0296,0.2631,0.4393,13.35,24.0,24,1.63,0.009,0.02,0.5,157628,0.041,0.143,0.002,0.067,0.201,0.48,0.0132,0.4838,0.0599,False,Crypto,"Sports (n=33, roi=+0.30) | Sports / price=0.10-0.30 (n=10, roi=+0.49) | Sports / Soccer / price=0.10-0.30 (n=5, roi=+0.50)",
0xfa7f0bd1997bf5e2f97120d81cc202f2cf40d867,0xFa7F0bD1997BF5E2f97120D81CC202f2CF40D867-1784996838069,0.0234,False,roi_copy<=0;t<2.0;concurrency_p95>8;drawdown;unstable_halves,2057,843,819,23,94.4,0.2,-0.0423,-0.0638,-2.2,0.537,-0.053,-0.0457,-0.0386,-0.046,-0.1134,41.84,18.0,26,1.12,0.057,0.0,0.796,88123,0.02,0.009,0.008,0.0,0.032,0.416,-0.0229,0.0129,-0.0119,False,Sports,"Sports / Other sport / price=0.10-0.30 (n=9, roi=+0.16) | Sports / Other sport / Ukraine Premier Liha (n=7, roi=+0.15) | Sports / Other sport / type=totals (n=5, roi=+0.16)",
0x6fd934c4f7dcc5b7ad55e89130545f4000052451,MDXSTER,0.0231,False,roi_copy<=0;t<2.0;concurrency_p95>8;drawdown;unstable_halves,3200,1986,1976,10,261.1,0.1,-0.0245,-0.1711,-0.81,0.463,0.0066,-0.0323,-0.0619,0.013,-0.181,94.71,22.0,34,3.36,0.046,0.002,0.563,417075,0.025,0.041,0.008,0.033,0.028,0.098,-0.0069,-0.0861,-0.0125,False,Sports,"Sports / Soccer / Copa Libertadores 2025 (n=53, roi=+0.46) | Sports / Basketball / live (n=86, roi=+0.25) | Sports / price=0.00-0.10 (n=75, roi=+0.25)",
0xf70f2ba870efc32d07b366c2d685804dfa683c97,NrNrfNrf2,0.0227,False,roi_copy<=0;t<2.0;concurrency_p95>8;drawdown;unstable_halves,2528,1052,1050,2,432.6,0.1,-0.0369,-0.0765,-1.78,0.673,-0.0159,-0.0506,-0.0816,0.0079,-0.0135,51.36,11.0,17,2.39,0.084,0.032,0.853,159586,0.316,0.004,0.055,0.0,0.039,0.349,-0.0144,-0.0269,0.1398,False,Crypto,"Esports / price=0.10-0.30 (n=11, roi=+0.30) | Esports / Esports / price=0.10-0.30 (n=11, roi=+0.30) | Esports / Esports / type=moneyline (n=155, roi=+0.05)",
0xbaac4adee9e1b1eff4097ab2e2cc5a25ba22ff10,roverpredicts,0.0224,False,roi_copy<=0;t<2.0;concurrency_p95>8;drawdown;unstable_halves,2007,899,893,6,686.2,0.1,-0.0452,-0.0639,-2.1,0.684,-0.0353,-0.0631,-0.054,-0.0364,-0.106,61.14,15.0,18,4.3,0.019,0.007,0.572,480112,0.307,0.013,0.272,0.017,0.021,0.047,-0.0188,-0.022,0.1216,False,Sports,"Sports / Other sport (n=14, roi=+0.26) | Sports / Other sport / pre (n=9, roi=+0.29) | Sports / Other sport / type=binary (n=8, roi=+0.28)",
0x1fdeb6a937200cb047b04c63eb61cda7ed98095b,moon21129,0.0223,False,roi_copy<=0;t<2.0;concurrency_p95>8;drawdown;unstable_halves,2050,1149,1142,6,262.1,0.0,-0.0412,-0.0734,-1.82,0.615,-0.0512,-0.0416,-0.0369,-0.0455,-0.1531,57.53,13.0,17,3.19,0.024,0.056,0.702,83676,0.102,0.031,0.113,0.062,0.093,0.177,-0.0136,0.0067,0.0728,False,Sports,"Sports / Soccer / FIFA World Cup (n=81, roi=+0.08) | Sports / Soccer / Serie A 2025 (n=19, roi=+0.12) | Sports / Soccer / Coppa Italia 2025 (n=13, roi=+0.14)",
0x58f9749c8020c715d9d69e12990be77d23f17d44,Dylann2,0.0222,False,roi_copy<=0;t<2.0;drawdown;unstable_halves,1386,709,706,3,250.3,0.1,-0.0448,-0.0723,-1.84,0.694,-0.0609,-0.0425,-0.0135,-0.0761,-0.2424,37.63,8.0,10,2.41,0.072,0.0,0.91,265018,0.256,0.021,0.107,0.001,0.032,0.004,-0.0096,0.0255,0.0708,False,Esports,"Esports / Esports / Valorant (n=71, roi=+0.05) | Esports / price=0.50-0.70 (n=103, roi=+0.03) | Esports / Esports / price=0.50-0.70 (n=103, roi=+0.03)",
0x1610db79f753a80207e1d66716be9e91e627ae49,NS13,0.022,False,roi_copy<=0;t<2.0;concurrency_p95>8;both_sides;drawdown;unstable_halves,8360,1074,1063,10,139.4,0.0,-0.0288,-0.1784,-0.74,0.461,0.0017,-0.0398,0.0474,-0.1048,-0.3644,74.26,17.0,23,2.79,0.216,0.0,0.688,604812,0.005,0.051,0.002,0.008,0.016,0.0,0.0052,-0.1455,0.2191,False,Sports,"Esports / Esports / type=moneyline (n=202, roi=+0.21) | Esports / Esports / pre (n=104, roi=+0.28) | Esports / price=0.10-0.30 (n=75, roi=+0.32)","Esports / Esports / type=moneyline (n=202, roi=+0.21) | Esports / Esports / pre (n=104, roi=+0.28)"
0x97627da73b93a4a5a1ac16c9f2ff8634887573fb,0x97627dA73b93A4A5a1aC16C9F2Ff8634887573Fb-1773608924373,0.022,False,t<2.0;concurrency_p95>8;low_liquidity;drawdown,1227,776,576,200,201.3,0.0,0.0266,0.0453,1.46,0.752,0.0147,0.0267,0.0092,0.044,0.0996,13.64,184.0,200,5.31,0.001,0.002,0.189,28696,0.089,0.0,0.049,0.0,0.015,0.003,0.0113,-0.0175,-0.0321,False,Sports,"Other (n=45, roi=+0.22) | Other / ? (n=45, roi=+0.22) | Other / ? / ? (n=45, roi=+0.22)","Other (n=45, roi=+0.22) | Other / ? (n=45, roi=+0.22) | Other / ? / ? (n=45, roi=+0.22) | Other / ? / type=binary (n=45, roi=+0.22)"
0x8ff4fe30406a3abb2de5829883ac20e5e0d30d50,ottawan,0.0217,False,roi_copy<=0;t<2.0;concurrency_p95>8;drawdown;unstable_halves,816,548,543,5,263.1,0.0,-0.0372,-0.2284,-0.57,0.392,-0.0305,-0.0345,0.0144,-0.0886,-0.0965,39.93,13.0,15,9.41,0.034,0.0,0.312,629528,0.0,0.068,0.0,0.016,0.029,0.066,0.0,-0.0215,-0.0935,False,Esports,"Esports / Esports / pre (n=207, roi=+0.09) | Esports / Esports / price=0.00-0.10 (n=7, roi=+0.41) | Esports / price=0.00-0.10 (n=8, roi=+0.38)",
0x0e64bde21d716711fbe59095eb0c88fae55e336d,KioskJammer,0.0216,False,roi_copy<=0;t<2.0;concurrency_p95>8;drawdown;unstable_halves,1092,805,792,12,155.1,0.0,-0.0384,-0.1312,-0.99,0.503,-0.0254,-0.0404,-0.0175,-0.0592,-0.2665,37.86,34.0,41,5.48,0.01,0.0,0.331,453940,0.01,0.015,0.004,0.001,0.027,0.0,-0.0119,-0.2521,0.0417,False,Sports,"Sports / Soccer / live (n=21, roi=+0.27) | Sports / Soccer / type=totals (n=15, roi=+0.16) | Sports / Baseball / type=totals (n=13, roi=+0.17)",
0x78048aa26ac1967566b8ed11910b529e5f2d7025,HorribleWork,0.0216,False,roi_copy<=0;t<2.0;concurrency_p95>8;entries>=0.90;drawdown;unstable_halves,10500,672,661,10,236.7,0.0,-0.0361,-0.2092,-0.62,0.713,-0.0405,-0.0549,0.042,-0.1139,-0.1519,69.51,150.0,168,25.2,0.088,0.003,0.919,38186,0.576,0.145,0.092,0.014,0.172,0.002,0.0158,0.0363,0.1521,True,Sports,"Politics / Trump (n=31, roi=+0.47) | Politics / Trump / type=binary (n=31, roi=+0.47) | Politics / Trump / ? (n=20, roi=+0.53)",
0x75d9c548b9991366a5b91396ac9c7be0061deb90,yonhj,0.0215,False,t<2.0;concurrency_p95>8;drawdown;history<90d,697,620,615,5,16.5,0.1,0.0297,0.0524,1.23,0.756,0.0297,0.0274,0.0522,0.0072,-0.0813,12.7,16.0,20,2.26,0.016,0.0,0.993,39738,0.007,0.0,0.002,0.0,0.011,0.0,0.0225,,-0.0011,False,Sports,"Sports / price=0.70-0.90 (n=325, roi=+0.06) | Sports (n=496, roi=+0.04) | Sports / American Football (n=46, roi=+0.11)","Sports / price=0.70-0.90 (n=325, roi=+0.06)"
0x54d00bee04ad0fef256af327f4f0bb6842e18e20,KeldonRepuestos,0.0208,False,roi_copy<=0;t<2.0;concurrency_p95>8;drawdown;unstable_halves,2399,1216,1214,2,233.1,0.2,-0.0421,-0.0566,-2.21,0.516,-0.0157,-0.0417,-0.0541,-0.0301,0.1224,56.6,14.0,19,3.26,0.042,0.001,0.449,390489,0.011,0.006,0.0,0.0,0.079,0.013,-0.0068,-0.034,-0.0213,False,Sports,"Sports / price=0.10-0.30 (n=22, roi=+0.18) | Sports / Soccer / live (n=146, roi=+0.06) | Sports / price=0.70-0.90 (n=148, roi=+0.03)",
0xd3f9a532aaf64bd250e3b84b132b2c83152645a7,0xd3f9A532Aaf64bd250E3B84B132b2C83152645A7-1777530870001,0.0206,False,roi_copy<=0;t<2.0;concurrency_p95>8;both_sides;drawdown;unstable_halves,5900,1550,1524,26,155.9,0.0,-0.042,-0.0323,-3.82,0.606,-0.0298,-0.0544,-0.0403,-0.0437,-0.1281,64.02,27.0,34,3.92,0.131,0.0,0.394,288163,0.108,0.003,0.053,0.0,0.032,0.0,-0.0113,-0.0164,0.0439,False,Sports,"Sports / Soccer / pre (n=53, roi=+0.07) | Sports / Soccer / price=0.50-0.70 (n=34, roi=+0.04) | Sports / Soccer / WTA (n=75, roi=+0.01)",
0x5331121e9f2f206d8c06ae6235761b1a3f8d3672,dinimami,0.0206,False,roi_copy<=0;t<2.0;concurrency_p95>8;drawdown;unstable_halves,1726,1547,1471,76,153.5,0.0,-0.0309,-0.1146,-1.08,0.475,-0.0144,-0.0306,-0.0372,-0.0246,-0.4325,58.95,69.0,78,5.82,0.003,0.0,0.093,327141,0.004,0.011,0.0,0.0,0.037,0.001,-0.0045,-0.445,0.0601,False,Sports,"Crypto / Bitcoin / price=0.10-0.30 (n=26, roi=+0.54) | Crypto / price=0.10-0.30 (n=37, roi=+0.43) | Crypto / Bitcoin (n=75, roi=+0.23)",
0x9b7bc454114313cee7ea97831d5c009735084f94,,0.0205,False,roi_copy<=0;t<2.0;concurrency_p95>8;both_sides;drawdown;unstable_halves;history<90d,3166,969,965,4,8.4,0.1,-0.0316,-0.122,-1.01,0.534,-0.0167,-0.071,0.0073,-0.0704,0.0005,47.05,62.0,71,2.44,0.292,0.0,0.948,89224,0.127,0.021,0.007,0.018,0.057,0.0,-0.0179,-0.0423,0.1148,False,Sports,"Sports / price=0.10-0.30 (n=69, roi=+0.24) | Sports / Tennis / price=0.10-0.30 (n=21, roi=+0.38) | Sports / Tennis / pre (n=23, roi=+0.20)",
0x3783f2d8223f303be7f326928ffaaed78d02171d,rrooster,0.0205,False,roi_copy<=0;t<2.0;hold<1h;drawdown;unstable_halves,863,389,385,4,164.4,0.1,-0.0481,-0.1267,-0.97,0.592,-0.0458,-0.0456,-0.0218,-0.0742,-0.1598,25.38,5.0,7,0.3,0.029,0.029,0.952,111465,0.145,0.021,0.092,0.001,0.043,0.457,-0.0219,-0.0126,-0.028,False,Crypto,"Esports / Esports / type=child_moneyline (n=48, roi=+0.11) | Esports / price=0.00-0.10 (n=3, roi=+0.32) | Esports / Esports / price=0.00-0.10 (n=3, roi=+0.32)",
0x8edcd971fcddadcd9cfc99f44af20ae26315e800,kl88,0.0201,False,t<2.0;concurrency_p95>8;unstable_halves,181,165,161,4,721.9,0.1,0.0761,0.075,1.61,0.801,0.0698,0.0674,-0.0069,0.1581,0.2857,5.84,13.0,21,14.27,0.0,0.0,0.454,423323,0.248,0.012,0.048,0.0,0.183,0.006,0.0487,0.1135,0.1935,False,Sports,"Sports (n=131, roi=+0.10) | Sports / Tennis (n=29, roi=+0.19) | Sports / Tennis / type=moneyline (n=29, roi=+0.19)",
0x4f19717a3e082f3a3b49d32756979a57f1607ef8,Lionel.melk,0.0198,False,t<2.0;concurrency_p95>8,496,407,402,5,211.4,0.0,0.0628,0.0412,1.44,0.565,0.0395,0.0629,0.0021,0.1236,0.309,9.39,14.0,17,3.3,0.013,0.0,0.55,104934,0.0,0.01,0.0,0.0,0.017,0.01,0.0252,0.1485,0.0695,False,Sports,"Sports / Soccer / pre (n=125, roi=+0.17) | Sports / Soccer / price=0.30-0.50 (n=33, roi=+0.30) | Esports / Esports / Dota 2 (n=60, roi=+0.18)","Sports / Soccer / pre (n=125, roi=+0.17) | Sports / Soccer / price=0.30-0.50 (n=33, roi=+0.30)"
0xafef98246f384449a4e13aa779e7cb414d7ff50e,,0.0196,False,roi_copy<=0;t<2.0;both_sides;drawdown;unstable_halves;history<90d,1402,567,565,1,43.7,0.1,-0.0443,-0.0948,-1.24,0.476,-0.0406,-0.0429,-0.103,0.0143,0.1594,40.18,5.0,7,1.34,0.12,0.0,0.972,214986,0.005,0.004,0.001,0.0,0.02,0.0,-0.014,-0.0056,-0.0026,False,Sports,"Sports / American Football / type=moneyline (n=29, roi=+0.17) | Sports / American Football (n=37, roi=+0.14) | Sports / American Football / live (n=37, roi=+0.14)",
0x7a3d042ab91d3e51cd809ba164bbf67976dc4d49,,0.0196,False,roi_copy<=0;t<2.0;concurrency_p95>8;drawdown;unstable_halves,2569,1375,1372,3,224.1,0.0,-0.025,-0.1401,-0.84,0.56,-0.0165,-0.0292,-0.0397,-0.0103,0.0328,51.4,39.0,54,2.65,0.081,0.0,0.9,32497,0.095,0.029,0.021,0.002,0.016,0.023,-0.0044,-0.2098,0.02,False,Sports,"Sports / Tennis / price=0.10-0.30 (n=71, roi=+0.30) | Sports / Tennis / ATP (n=203, roi=+0.13) | Sports / Other sport / price=0.10-0.30 (n=13, roi=+0.37)","Sports / Hockey / live (n=35, roi=+0.02)"
0x9acf3655bd1aa27746e13469c940e6013a8c0cc2,ChocolateChip,0.0196,False,roi_copy<=0;t<2.0;concurrency_p95>8;low_liquidity;drawdown;unstable_halves,2971,1102,1101,1,188.2,0.2,-0.0227,-0.287,-0.41,0.401,0.0205,-0.0146,0.0534,-0.0986,0.5088,88.98,11.0,14,10.03,0.059,0.0,0.963,14635,0.024,0.13,0.02,0.071,0.03,0.002,0.0062,-0.0937,0.1351,False,Sports,"Sports / Other sport / London Daily Weather (n=213, roi=+0.14) | Sports / price=0.10-0.30 (n=348, roi=+0.09) | Sports / Other sport / price=0.10-0.30 (n=348, roi=+0.09)",
0xf255e701163e4b19c9f0d288c32c15d790a5a6e8,Navatar,0.0195,False,concurrency_p95>8;low_liquidity,832,317,314,3,143.4,0.0,0.0874,0.0286,2.05,0.723,0.0821,0.075,0.0734,0.1013,0.0139,8.21,9.0,11,19.54,0.046,0.0,0.822,20766,0.299,0.035,0.16,0.001,0.08,0.0,0.0424,0.0115,-0.0513,False,Sports,"Sports / Other sport (n=308, roi=+0.09) | Sports / Other sport / type=binary (n=308, roi=+0.09) | Sports / Other sport / live (n=256, roi=+0.10)","Sports / Other sport (n=308, roi=+0.09) | Sports / Other sport / type=binary (n=308, roi=+0.09) | Sports / Other sport / live (n=256, roi=+0.10) | Sports (n=314, roi=+0.09) | Sports / Other sport / Hong Kong Daily Weather (n=165, roi=+0.11)"
0x811ee012b9e23651bb02f7841919e912fab1265c,Sarths,0.0189,False,roi_copy<=0;t<2.0;concurrency_p95>8;both_sides;top1_concentration;drawdown;unstable_halves,3329,153,152,1,696.5,0.0,-0.0511,-0.1861,-0.61,0.5,-0.1382,-0.0998,-0.153,0.0507,0.1783,15.8,32.0,36,23.06,0.269,0.007,0.926,227047,0.184,0.164,0.079,0.292,0.283,0.013,-0.0072,0.1407,0.2488,False,Sports,"Sports / Other sport / Elon Tweets (n=80, roi=+0.06) | Sports / Other sport / pre (n=10, roi=+0.07) | Sports / price=0.00-0.10 (n=25, roi=+0.04)",
0x5a0b8cfbf0da8b02d6ad8f58459f8fb78361c5f8,leigo,0.0186,False,t<2.0;concurrency_p95>8;drawdown,614,468,463,5,240.5,0.0,0.0809,0.0324,1.72,0.581,0.0655,0.0824,0.0497,0.1121,0.2626,12.29,14.0,19,3.38,0.015,0.0,0.566,121081,0.009,0.017,0.003,0.01,0.014,0.0,0.0345,0.0764,-0.0687,False,Sports,"Sports (n=322, roi=+0.12) | Sports / Soccer (n=193, roi=+0.14) | Sports / price=0.50-0.70 (n=233, roi=+0.09)","Sports / Soccer (n=193, roi=+0.14)"
0xb54ee131e477b9903b58b66b4aec8985c0e5b2a7,zeroforecast,0.0183,False,roi_copy<=0;t<2.0;concurrency_p95>8;low_liquidity;drawdown;unstable_halves,2375,1093,1084,9,218.3,0.2,-0.0254,-0.2236,-0.49,0.509,-0.0245,-0.064,0.0108,-0.0617,0.0254,62.32,16.0,24,9.94,0.038,0.001,0.938,7777,0.211,0.173,0.188,0.042,0.028,0.063,0.0003,-0.0018,0.1622,False,Sports,"Weather (n=8, roi=+0.85) | Weather / Recurring (n=8, roi=+0.85) | Weather / Recurring / type=negrisk (n=8, roi=+0.85)",
0x6e5cd50840308b656931167827c241fe7b242c55,0x6e5cd50840308B656931167827C241fE7B242C55-1779019731402,0.0182,False,t<2.0;concurrency_p95>8,453,407,398,9,138.6,0.1,0.0748,0.0307,1.78,0.648,0.0988,0.0749,0.1322,0.0175,0.0352,9.46,21.0,31,14.13,0.005,0.0,0.057,141002,0.015,0.01,0.006,0.0,0.105,0.055,0.0439,-0.3462,-0.1405,False,Sports,"Sports (n=319, roi=+0.07) | Sports / Soccer / type=moneyline (n=142, roi=+0.11) | Sports / Soccer / price=0.30-0.50 (n=25, roi=+0.23)",
0x4c2697e8f894e15144efcb5b0589f9c2778e3ce6,,0.0176,False,roi_copy<=0;t<2.0;concurrency_p95>8;hold<1h;both_sides;short_crypto;drawdown;unstable_halves,5369,2421,2415,4,139.9,0.1,-0.0224,-0.072,-1.47,0.545,0.0024,-0.0402,-0.0151,-0.0298,0.031,61.86,16.0,25,0.12,0.182,0.003,0.873,48574,0.044,0.019,0.02,0.007,0.019,0.615,-0.0022,-0.0312,0.0539,False,Crypto,"Sports / Soccer / Liga MX 2025 (n=42, roi=+0.11) | Sports / Soccer / pre (n=111, roi=+0.06) | Sports / price=0.70-0.90 (n=278, roi=+0.03)",
0xc0e0754e04722dce35178cbeaf6e6aff5f0b2838,lucyintheskywithdiamonds,0.0175,False,roi_copy<=0;t<2.0;concurrency_p95>8;drawdown;unstable_halves,394,271,269,2,140.7,0.2,-0.0414,-0.2017,-0.52,0.45,0.0564,-0.0417,-0.045,-0.0378,-0.158,25.8,16.0,21,10.71,0.054,0.0,0.128,951076,0.03,0.041,0.001,0.0,0.084,0.0,-0.025,-6.5778,-0.1392,False,Sports,"Esports / price=0.10-0.30 (n=16, roi=+0.34) | Esports / Esports / price=0.10-0.30 (n=16, roi=+0.34) | Esports / Esports / Counter Strike (n=43, roi=+0.16)",
0xde4a338e8de38a7035fe03b8316f35d5b6003d13,,0.0174,False,roi_copy<=0;t<2.0;concurrency_p95>8;low_liquidity;drawdown;unstable_halves,1462,1146,1138,8,133.5,0.2,-0.0234,-0.1291,-0.81,0.59,-0.007,-0.0236,-0.0311,-0.0157,-0.1093,47.97,97.0,117,31.73,0.0,0.0,0.423,8116,0.278,0.004,0.104,0.0,0.03,0.0,-0.0025,-0.1125,-0.0406,False,Sports,"Sports / Other sport / Beijing Daily Weather (n=46, roi=+0.27) | Sports / Other sport / Austin Daily Weather (n=23, roi=+0.30) | Sports / Other sport / NYC Daily Weather (n=23, roi=+0.13)",
0x3fe8878f022c20615bde51d17bfbc4c40ea71fd3,yyyykk,0.0173,False,roi_copy<=0;t<2.0;top1_concentration;drawdown;unstable_halves,2530,562,561,1,663.6,0.0,-0.0238,-0.5186,-0.2,0.232,-0.2048,-0.0753,-0.0488,0.0011,-0.8068,48.54,5.0,8,4.43,0.0,0.0,0.766,72464,0.009,0.48,0.006,0.112,0.344,0.007,-0.0198,0.4857,0.1669,False,Sports,"Politics / price=0.00-0.10 (n=27, roi=+0.83) | Politics (n=47, roi=+0.60) | Politics / Elections (n=7, roi=+0.81)",
0x6ac5bb06a9eb05641fd5e82640268b92f3ab4b6e,FORTNITEMASTER888,0.0171,False,roi_copy<=0;t<2.0;concurrency_p95>8;drawdown;unstable_halves,4054,2411,2353,50,313.6,0.1,-0.0205,-0.1176,-0.87,0.494,-0.0211,-0.0195,-0.0117,-0.0292,-0.2553,100.97,218.0,286,9.63,0.094,0.0,0.067,63868,0.014,0.011,0.009,0.0,0.039,0.0,-0.0022,0.0268,0.0719,False,Sports,"Sports / Soccer / UEFA Champions League 2025 (n=52, roi=+0.27) | Sports / Other sport (n=41, roi=+0.24) | Sports / Other sport / pre (n=41, roi=+0.24)",
0x89ad4dfd797ab2445284390d324b6d17e9cb4698,ElonBit,0.0167,False,roi_copy<=0;t<2.0;concurrency_p95>8;drawdown;unstable_halves,1635,1068,883,185,270.3,0.1,-0.0245,-0.1586,-0.63,0.546,-0.0393,-0.0471,0.0404,-0.0893,-0.2149,60.4,177.0,188,18.2,0.006,0.0,0.503,116133,0.077,0.072,0.026,0.052,0.033,0.006,-0.0137,-0.0978,0.0577,False,Sports,"Other (n=33, roi=+0.70) | Other / ? (n=33, roi=+0.70) | Other / ? / ? (n=33, roi=+0.70)","Other (n=33, roi=+0.70) | Other / ? (n=33, roi=+0.70) | Other / ? / ? (n=33, roi=+0.70) | Other / ? / type=binary (n=33, roi=+0.70) | Sports / Other sport / Elon Tweets 48H (n=76, roi=+0.18)"
0x8a25f9c7d093089c808f514b161a1e40be44ba81,YuanX33,0.0166,False,roi_copy<=0;t<2.0;concurrency_p95>8;low_liquidity;sniping;entries>=0.90;drawdown;unstable_halves;history<90d,10500,1592,1585,7,71.8,0.0,-0.0295,-0.0413,-2.41,0.752,-0.0236,-0.0454,-0.0242,-0.0349,-0.0862,54.1,15.0,22,1.11,0.021,0.238,0.941,6645,0.581,0.023,0.204,0.0,0.035,0.282,-0.003,-0.0104,0.0524,True,Sports,"Sports / Other sport / Hong Kong Daily Weather (n=60, roi=+0.08) | Sports / price=0.30-0.50 (n=68, roi=+0.07) | Sports / Other sport / price=0.30-0.50 (n=68, roi=+0.07)","Sports / Other sport / Moscow Daily Weather (n=51, roi=+0.08)"
0xda0087a55847e7c61724f73e0fc4cffa56ab61b4,FelicityBright,0.0165,False,roi_copy<=0;t<2.0;concurrency_p95>8;both_sides;drawdown;unstable_halves,4455,548,542,4,111.7,0.0,-0.0349,-0.1391,-0.71,0.496,-0.0336,-0.0534,0.0112,-0.0809,-0.0455,43.12,22.0,26,2.28,0.357,0.0,0.707,580557,0.004,0.009,0.0,0.072,0.074,0.004,-0.0196,-0.1937,0.1795,False,Sports,"Sports / Soccer / price=0.30-0.50 (n=77, roi=+0.22) | Sports / price=0.30-0.50 (n=164, roi=+0.05) | Sports / Baseball / price=0.50-0.70 (n=36, roi=+0.09)","Sports / Soccer / price=0.30-0.50 (n=77, roi=+0.22)"
0xe78abf34c2212604351e403687f4fe98645f2190,Vince369,0.0163,False,roi_copy<=0;t<2.0;concurrency_p95>8;low_liquidity;hold<1h;sniping;short_crypto;drawdown;unstable_halves;history<90d,2112,1132,1122,9,55.4,0.0,-0.0294,-0.0971,-1.01,0.726,-0.036,-0.028,-0.0247,-0.034,0.0141,39.98,31.0,40,0.16,0.043,0.366,0.5,9801,0.398,0.037,0.049,0.066,0.031,0.514,-0.0052,0.0257,0.0437,False,Crypto,"Sports / price=0.00-0.10 (n=26, roi=+0.56) | Sports / Other sport / price=0.00-0.10 (n=21, roi=+0.43) | Sports / Other sport / Chicago Daily Weather (n=10, roi=+0.55)",
0x582ae5519f7ee6d6b127085df01a0581c9e7a781,GionG,0.0163,False,roi_copy<=0;t<2.0;concurrency_p95>8;hold<1h;both_sides;drawdown;unstable_halves,9271,3669,3660,9,193.7,0.0,-0.017,-0.0966,-1.01,0.633,-0.0106,-0.026,-0.0152,-0.0188,-0.1239,115.92,14.0,22,0.39,0.102,0.04,0.537,107592,0.119,0.029,0.021,0.023,0.008,0.497,0.0013,-0.0218,0.1193,False,Sports,"Sports / Soccer / pre (n=488, roi=+0.08) | Sports / Soccer / FIFA World Cup (n=245, roi=+0.09) | Crypto / price=0.70-0.90 (n=398, roi=+0.06)","Sports / Soccer / pre (n=488, roi=+0.08) | Sports / Soccer / FIFA World Cup (n=245, roi=+0.09) | Crypto / price=0.70-0.90 (n=398, roi=+0.06) | Sports / Soccer / La Liga 2025 (n=44, roi=+0.16) | Sports / Basketball / NCAA CBB (n=30, roi=+0.18)"
0x1549ae307a974fdbbb65ed56532dcc45edf62956,0x726BB0A9632a4719609576684A6733Ded6b82914-1773767632930,0.0162,False,t<2.0;concurrency_p95>8;drawdown;history<90d,811,810,796,14,74.3,0.0,0.0223,0.0477,1.02,0.737,0.0223,0.0223,0.0275,0.017,-0.0401,10.29,29.0,33,8.27,0.0,0.0,0.0,45679,0.0,0.0,0.0,0.0,0.004,0.0,0.0158,,-0.0632,False,Sports,"Esports / Esports / Counter Strike (n=56, roi=+0.14) | Esports (n=68, roi=+0.12) | Esports / Esports (n=68, roi=+0.12)","Esports / Esports / Counter Strike (n=56, roi=+0.14) | Esports (n=68, roi=+0.12) | Esports / Esports (n=68, roi=+0.12) | Esports / Esports / type=moneyline (n=68, roi=+0.12) | Esports / Esports / pre (n=68, roi=+0.12)"
0xb6196e040edc539a3ff81638d10dc913c35d49c9,tuturuturutu,0.0157,False,roi_copy<=0;t<2.0;concurrency_p95>8;both_sides;drawdown;unstable_halves;history<90d,4635,980,978,2,76.4,0.1,-0.0318,-0.077,-1.22,0.641,-0.0328,-0.0497,-0.0517,-0.012,-0.0258,48.42,12.0,18,3.36,0.101,0.0,0.994,34174,0.029,0.002,0.011,0.0,0.035,0.0,-0.006,0.9849,0.1844,False,Sports,"Sports / Soccer / UEFA Nations League (n=42, roi=+0.10) | Sports / Soccer / Primera A (n=41, roi=+0.09) | Sports / Soccer / UEFA Champions League 2025 (n=24, roi=+0.10)",
0x414b7eb49228524044d512a892a5fc18c0c2f2b3,motte,0.0156,False,roi_copy<=0;t<2.0;concurrency_p95>8;drawdown;unstable_halves,1952,898,892,6,810.4,0.0,-0.0393,-0.0365,-2.56,0.733,-0.049,-0.0468,-0.036,-0.0426,-0.0981,35.6,26.0,32,13.27,0.036,0.0,0.423,139459,0.43,0.019,0.214,0.0,0.038,0.001,-0.0127,0.0183,0.101,False,Sports,"Sports / Soccer / price=0.50-0.70 (n=26, roi=+0.09) | Politics / price=0.50-0.70 (n=10, roi=+0.07) | Sports / price=0.50-0.70 (n=75, roi=+0.03)",
0x4bff30af91642dc7d2b19a8664378fe55c45fc26,Sassy-Bucket,0.0156,False,roi_copy<=0;t<2.0;concurrency_p95>8;drawdown;unstable_halves,2728,706,705,1,160.2,0.1,-0.0353,-0.1202,-0.78,0.451,-0.0353,-0.0422,-0.0449,-0.0258,-0.2305,28.41,10.0,20,3.32,0.0,0.0,0.159,258753,0.0,0.01,0.0,0.0,0.017,0.0,-0.0174,-0.0005,-0.0467,False,Sports,"Sports / MMA/Boxing / pre (n=9, roi=+0.40) | Sports / MMA/Boxing (n=85, roi=+0.11) | Sports / MMA/Boxing / UFC (n=85, roi=+0.11)",
0xfd8ff771a52c22a8a29a3156572d9b3e47fd761d,,0.0155,segment,segment_only:t<2.0,187,144,143,1,131.1,0.1,0.1836,0.0358,1.3,0.524,0.1773,0.1779,0.2144,0.1533,0.3841,7.48,6.0,9,4.03,0.007,0.0,0.307,886333,0.0,0.014,0.0,0.035,0.035,0.0,0.0575,0.9019,0.005,False,Sports,"Sports (n=143, roi=+0.18) | Sports / Soccer (n=58, roi=+0.28) | Sports / Soccer / type=moneyline (n=24, roi=+0.37)","Sports / American Football / type=spreads (n=37, roi=+0.27)"
0x94b9e9764fd9940d6a13d6f1110065923ed12592,Executor398,0.0154,False,roi_copy<=0;t<2.0;concurrency_p95>8;drawdown;unstable_halves,1396,659,657,2,147.8,0.0,-0.0214,-0.2988,-0.31,0.35,-0.0156,-0.0435,0.0539,-0.0965,-0.3457,57.61,12.0,19,3.0,0.015,0.0,0.564,223096,0.03,0.067,0.005,0.016,0.128,0.0,0.0026,-0.2113,0.0181,False,Sports,"Sports / Soccer / type=totals (n=22, roi=+0.38) | Sports / Soccer / live (n=104, roi=+0.14) | Sports / Basketball (n=23, roi=+0.23)",
0xa867eb58228a4625e2ed57c87b550545356e71ab,0xA867eB58228A4625e2eD57C87b550545356e71ab-1772276393192,0.0153,False,roi_copy<=0;t<2.0;concurrency_p95>8;hold<1h;short_crypto;drawdown;unstable_halves,2930,2256,2249,7,216.7,0.0,-0.0224,-0.0613,-1.5,0.717,-0.0199,-0.0264,-0.0239,-0.021,0.2695,71.26,15.0,29,0.09,0.024,0.024,0.849,71664,0.279,0.008,0.216,0.0,0.035,0.526,-0.0106,-0.0183,-0.0291,False,Crypto,"Sports / Tennis / price=0.10-0.30 (n=15, roi=+0.29) | Sports / Tennis (n=131, roi=+0.08) | Crypto / price=0.10-0.30 (n=49, roi=+0.13)",
0x571fc6fad6eb52a044266c8c2447c21c019b1d37,Quanttennis,0.0152,False,roi_copy<=0;t<2.0;concurrency_p95>8;both_sides;drawdown;unstable_halves;history<90d,10500,1583,1569,14,56.7,0.1,-0.0189,-0.1301,-0.7,0.498,-0.0318,-0.0919,-0.0231,-0.0148,-0.1222,54.34,34.0,42,1.9,0.501,0.0,0.895,175036,0.027,0.013,0.005,0.0,0.029,0.0,-0.0042,0.0419,0.1583,True,Sports,"Sports / Tennis / WTA (n=413, roi=+0.05) | Sports / Tennis / price=0.10-0.30 (n=238, roi=+0.04) | Sports / price=0.10-0.30 (n=239, roi=+0.04)",
0x3b1cefdc2d7b039084e36e1be179d7f7a8cc75f1,andysun002,0.0151,False,t<2.0;concurrency_p95>8;history<90d,2774,1466,1462,4,36.8,0.0,0.0293,0.0365,1.24,0.813,0.0392,0.0347,0.0525,0.006,-0.0402,9.98,30.0,42,2.63,0.005,0.0,0.987,42087,0.062,0.007,0.029,0.072,0.065,0.036,0.0131,-0.0113,-0.0731,False,Sports,"Crypto (n=53, roi=+0.49) | Crypto / Up/Down short (n=53, roi=+0.49) | Crypto / Up/Down short / type=updown (n=53, roi=+0.49)",
0x6db2fc07f4f8550789e06f13816493569b951338,zane.zhang,0.015,False,closed<50;t<2.0;top1_concentration,43,25,16,9,246.6,0.1,0.0981,0.0981,0.46,0.688,0.0982,0.0981,0.1013,0.0948,0.0981,2.0,8.0,9,15.85,0.042,0.0,0.188,957646,0.062,0.0,0.0,0.0,0.37,0.0,0.0719,-0.0018,0.1622,False,Sports,"Esports (n=3, roi=+0.14) | Esports / Esports (n=3, roi=+0.14) | Sports (n=13, roi=+0.07)",
0x9b841580c0c36e9e882d7e3f24ab33c46ab76e9b,yx19900109,0.0144,False,roi_copy<=0;t<2.0;concurrency_p95>8;low_liquidity;drawdown;unstable_halves;history<90d,1597,841,834,7,53.1,0.0,-0.0358,-0.0577,-1.5,0.606,-0.0321,-0.0463,-0.0154,-0.0562,-0.259,34.22,12.0,18,2.89,0.016,0.0,0.675,29427,0.119,0.001,0.026,0.0,0.053,0.014,-0.0127,-0.0099,0.03,False,Sports,"Sports / Baseball (n=69, roi=+0.12) | Sports / Baseball / MLB (n=69, roi=+0.12) | Esports (n=35, roi=+0.15)","Esports (n=35, roi=+0.15) | Esports / Esports (n=35, roi=+0.15)"
0x8961311d9e037820ee833f9ad3d785436cdd64ce,BTXO,0.0144,False,roi_copy<=0;t<2.0;concurrency_p95>8;drawdown;unstable_halves,3226,1317,1275,42,126.0,0.0,-0.0304,-0.066,-1.31,0.536,-0.037,-0.0167,-0.0383,-0.0226,0.0111,65.11,43.0,49,3.02,0.031,0.0,0.637,642880,0.001,0.001,0.0,0.0,0.009,0.01,-0.0177,0.0135,-0.0874,False,Sports,"Sports / price=0.30-0.50 (n=154, roi=+0.11) | Sports / Soccer / price=0.30-0.50 (n=55, roi=+0.16) | Sports / price=0.70-0.90 (n=107, roi=+0.11)","Sports / price=0.70-0.90 (n=107, roi=+0.11) | Sports / Tennis / price=0.70-0.90 (n=67, roi=+0.10)"
0x86df6ce94c9263d09a6052b43d652adb7b51d902,BackTestEoCaraio,0.0143,False,concurrency_p95>8;both_sides;history<90d,10500,454,450,2,15.4,0.0,0.078,0.0191,2.25,0.507,-0.0279,-0.0375,0.0883,0.0677,0.1908,6.16,15.0,22,1.2,0.957,0.0,0.976,125195,0.033,0.029,0.002,0.0,0.052,0.0,0.0384,0.1199,0.3729,True,Esports,"Esports / Esports / type=child_moneyline (n=367, roi=+0.09) | Esports (n=417, roi=+0.08) | Esports / Esports (n=417, roi=+0.08)","Esports / Esports / type=child_moneyline (n=367, roi=+0.09) | Esports (n=417, roi=+0.08) | Esports / Esports (n=417, roi=+0.08) | Esports / Esports / Dota 2 (n=303, roi=+0.09) | Esports / Esports / live (n=406, roi=+0.08) | Esports / price=0.50-0.70 (n=105, roi=+0.12)"
0xc34cd27593243598c66a9a2820f37bcfb87c2e29,nexus.p,0.0142,False,roi_copy<=0;t<2.0;concurrency_p95>8;drawdown;unstable_halves;history<90d,1173,941,910,31,44.8,0.0,-0.0325,-0.0766,-1.11,0.559,-0.0276,-0.0331,-0.0178,-0.0472,0.0061,35.83,23.0,40,3.84,0.009,0.0,0.442,544233,0.008,0.005,0.008,0.0,0.014,0.0,-0.0051,-0.0259,0.0738,False,Sports,"Sports / price=0.50-0.70 (n=270, roi=+0.07) | Sports / Tennis / price=0.50-0.70 (n=41, roi=+0.15) | Sports / Soccer / price=0.50-0.70 (n=170, roi=+0.06)","Sports / Tennis / price=0.50-0.70 (n=41, roi=+0.15) | Sports / Tennis / pre (n=39, roi=+0.13)"
0xb3cb724b8da16700acf3b3af9a9fb28ca82e3bbe,gerardcompte,0.0142,False,roi_copy<=0;t<2.0;concurrency_p95>8;drawdown;unstable_halves,1706,1273,1271,2,204.0,0.1,-0.0211,-0.1357,-0.63,0.566,-0.0321,-0.024,-0.0386,-0.0036,-0.8786,56.98,70.0,81,4.23,0.019,0.019,0.639,376538,0.13,0.034,0.01,0.058,0.026,0.031,0.004,0.0847,0.0732,False,Sports,"Sports / Tennis / price=0.00-0.10 (n=22, roi=+0.52) | Sports / price=0.00-0.10 (n=35, roi=+0.36) | Sports / Basketball / price=0.30-0.50 (n=23, roi=+0.14)",
0x3eb3acfabb3efb4a68cc5d61e495e1c9d3f24d75,0x3EB3ACfabB3efB4a68cC5D61E495e1C9D3f24D75-1761113946705,0.0141,False,roi_copy<=0;t<2.0;concurrency_p95>8;drawdown;unstable_halves,5803,2699,2691,8,250.5,0.0,-0.0217,-0.0598,-1.41,0.665,-0.0216,-0.0378,-0.0507,0.0072,-0.0224,92.58,11.0,16,2.94,0.045,0.031,0.766,190047,0.185,0.01,0.053,0.0,0.024,0.201,-0.009,-0.0002,0.0342,False,Esports,"Sports / Tennis / price=0.30-0.50 (n=32, roi=+0.22) | Esports / price=0.30-0.50 (n=182, roi=+0.09) | Esports / Esports / price=0.30-0.50 (n=182, roi=+0.09)",
0x7a4126074ece8dffeb2178f68d4ff0e8bf5a2562,NYKD-54,0.0137,False,concurrency_p95>8;low_liquidity;entries>=0.90;drawdown,7932,5051,5035,16,338.2,0.2,0.0301,0.0137,3.77,0.923,0.0246,0.0182,0.0209,0.0394,0.0583,26.22,117.0,157,21.57,0.018,0.0,0.587,3906,0.829,0.01,0.476,0.034,0.021,0.001,0.0158,0.1274,-0.0059,False,Sports,"Sports / Other sport / price=0.10-0.30 (n=103, roi=+0.30) | Sports / price=0.10-0.30 (n=106, roi=+0.28) | Sports / price=0.50-0.70 (n=143, roi=+0.22)","Sports / price=0.50-0.70 (n=143, roi=+0.22) | Sports / Other sport (n=4356, roi=+0.04) | Sports / Other sport / type=binary (n=4356, roi=+0.04) | Sports (n=4438, roi=+0.03) | Sports / Other sport / price=0.50-0.70 (n=115, roi=+0.21) | Sports / Other sport / live (n=2592, roi=+0.04)"
0xc9f4bec86118be62d973fd53004efca8fed8c1e4,RandomVibecoder,0.0135,False,roi_copy<=0;t<2.0;concurrency_p95>8;both_sides;drawdown;unstable_halves;history<90d,10500,1317,1312,4,68.3,0.0,-0.0196,-0.1504,-0.54,0.45,-0.0196,-0.0657,-0.0169,-0.0224,0.1394,44.47,14.0,19,2.44,0.549,0.0,0.998,161075,0.0,0.056,0.0,0.002,0.018,0.0,0.02,,0.2609,True,Esports,"Esports / price=0.30-0.50 (n=430, roi=+0.08) | Esports / Esports / price=0.30-0.50 (n=430, roi=+0.08) | Esports / price=0.50-0.70 (n=416, roi=+0.05)",
0x5e16f02765e04f83ed0a9900c2b69c9a58d241f8,nenzin,0.0135,False,roi_copy<=0;t<2.0;concurrency_p95>8;drawdown;unstable_halves,2771,2072,1864,208,461.9,0.0,-0.0153,-0.1688,-0.48,0.42,-0.0079,-0.0172,-0.0739,0.0432,-0.3959,85.09,192.0,208,4.43,0.016,0.0,0.496,174335,0.001,0.038,0.001,0.029,0.01,0.053,-0.0083,-0.0966,0.026,False,Sports,"Sports / Tennis / price=0.00-0.10 (n=39, roi=+0.59) | Other (n=15, roi=+0.84) | Other / ? (n=15, roi=+0.84)",
0xc28b036ded5d1552eed82efbb7e54adab6b03683,,0.013,False,roi_copy<=0;t<2.0;concurrency_p95>8;drawdown;unstable_halves;history<90d,1411,879,847,32,61.4,0.1,-0.0285,-0.1066,-0.73,0.46,-0.0018,-0.0294,-0.0088,-0.0482,0.0843,41.96,27.0,37,4.07,0.007,0.0,0.553,158670,0.001,0.021,0.0,0.023,0.028,0.015,0.0051,-0.0512,-0.028,False,Sports,"Crypto (n=13, roi=+0.44) | Crypto / Up/Down short (n=13, roi=+0.44) | Crypto / Up/Down short / BTC Up or Down 5m (n=13, roi=+0.44)",
0xff81cc85838ce8f91a7d4ae2eeddadfa3f8444c9,eokho,0.0127,False,roi_copy<=0;t<2.0;concurrency_p95>8;drawdown;unstable_halves,4202,2288,2265,23,337.7,0.0,-0.0158,-0.1015,-0.75,0.501,-0.0119,-0.0212,-0.0326,0.0011,0.0961,83.05,25.0,31,4.56,0.044,0.0,0.311,363456,0.006,0.023,0.003,0.001,0.015,0.0,-0.0078,-0.0067,0.0042,False,Sports,"Sports / price=0.10-0.30 (n=169, roi=+0.25) | Sports / Soccer / price=0.10-0.30 (n=66, roi=+0.40) | Sports / American Football / type=moneyline (n=37, roi=+0.25)","Sports / Soccer / FIFA World Cup (n=76, roi=+0.15)"
0x5d92479e33a7e19b8d4195ca5330a9ddaba948e4,f4exx,0.0127,False,roi_copy<=0;t<2.0;concurrency_p95>8;drawdown;unstable_halves,1586,1145,1136,9,159.8,0.1,-0.0231,-0.0752,-1.01,0.692,-0.034,-0.0298,-0.027,-0.0192,0.0802,58.33,13.0,17,1.6,0.04,0.0,0.867,185764,0.275,0.033,0.195,0.004,0.03,0.0,0.0091,0.0538,0.1188,False,Sports,"Sports / Tennis / price=0.70-0.90 (n=201, roi=+0.05) | Sports / price=0.70-0.90 (n=303, roi=+0.04) | Sports / Soccer / price=0.10-0.30 (n=7, roi=+0.17)",
0x779a9702c5043ab56bcb7dc90b4a1f27ad77b689,leohe,0.0123,False,roi_copy<=0;t<2.0;concurrency_p95>8;drawdown;unstable_halves,1948,1068,1062,6,275.0,0.1,-0.0257,-0.059,-1.25,0.668,0.006,-0.0378,-0.0268,-0.0246,-0.0518,32.56,13.0,17,1.89,0.064,0.056,0.609,216848,0.224,0.02,0.065,0.001,0.023,0.249,0.0001,-0.0626,0.0265,False,Sports,"Sports / Basketball / NBA 2026 (n=148, roi=+0.07) | Politics / Tweet Markets / Elon Tweets (n=44, roi=+0.10) | Sports / Basketball / type=first_half_moneyline (n=6, roi=+0.20)",
0x0929213ed2f37657c7bc23d616437a68aef3b2d5,ertrry,0.0121,False,t<2.0;concurrency_p95>8;unstable_halves,211,89,72,17,324.5,0.0,0.1094,0.0674,1.08,0.5,0.143,0.1101,0.2437,-0.0249,-0.0469,4.34,26.0,28,19.08,0.012,0.0,0.0,928460,0.194,0.042,0.003,0.0,0.2,0.014,0.0536,-0.0569,-0.0318,False,Sports,"Sports (n=49, roi=+0.14) | Sports / price=0.30-0.50 (n=12, roi=+0.25) | Sports / Basketball / NBA 2026 (n=13, roi=+0.19)",
0xe0a314d596a77c2fb25ac8ae125f8cf6a9ba39fa,tojg,0.0121,False,t<2.0;concurrency_p95>8;drawdown;unstable_halves;history<90d,578,535,529,6,16.5,0.1,0.0336,0.0571,1.27,0.75,0.0336,0.0331,0.0673,0.0,-0.1071,13.84,13.0,18,2.25,0.015,0.0,0.992,41116,0.008,0.0,0.003,0.0,0.006,0.0,0.0258,,0.0339,False,Sports,"Sports / price=0.70-0.90 (n=261, roi=+0.05) | Sports / American Football (n=40, roi=+0.14) | Sports / American Football / live (n=40, roi=+0.14)","Sports / American Football (n=40, roi=+0.14) | Sports / American Football / live (n=40, roi=+0.14)"
0xa261e487138b69fd76e3a785ee33f9c8769daf5b,Partto,0.012,False,both_sides;drawdown;history<90d,1047,919,915,4,66.7,0.0,0.1406,0.012,3.36,0.578,0.1406,0.125,0.1749,0.1064,-0.0285,24.31,8.0,13,1.38,0.105,0.0,0.99,192956,0.05,0.007,0.013,0.0,0.05,0.0,0.0515,,-0.0798,False,Sports,"Sports / price=0.10-0.30 (n=144, roi=+0.39) | Sports (n=915, roi=+0.14) | Sports / Tennis / price=0.10-0.30 (n=132, roi=+0.36)","Sports / price=0.10-0.30 (n=144, roi=+0.39) | Sports (n=915, roi=+0.14) | Sports / Tennis / live (n=805, roi=+0.12) | Sports / Tennis (n=814, roi=+0.12) | Sports / Tennis / type=moneyline (n=814, roi=+0.12) | Sports / price=0.30-0.50 (n=257, roi=+0.21)"
0xd2150fc422e8313bdf2527c92fdb957fe42a757a,0xd2150fc422E8313Bdf2527c92FDB957fE42A757A-1782777074064,0.012,False,roi_copy<=0;t<2.0;concurrency_p95>8;drawdown;unstable_halves,2036,1103,1083,20,95.2,0.0,-0.0251,-0.0682,-1.06,0.552,-0.0119,-0.0259,-0.0408,-0.0094,0.1059,43.41,20.0,22,1.46,0.048,0.018,0.613,146796,0.048,0.004,0.009,0.0,0.022,0.301,0.001,-0.0178,-0.0153,False,Sports,"Sports / Tennis / price=0.50-0.70 (n=363, roi=+0.05) | Sports / price=0.50-0.70 (n=382, roi=+0.05) | Sports / Soccer / pre (n=29, roi=+0.09)",
0x9fd0170e55c00ffb1bf7218ccdbfc4d9048afe4f,0x9Fd0170e55C00FFb1bF7218CCDbFC4D9048afe4F-1780308598736,0.0118,segment,segment_only:t<2.0,123,110,108,2,111.4,0.0,0.035,0.049,0.72,0.833,0.0334,0.0341,0.0468,0.0231,-0.0307,2.86,4.0,5,5.9,0.0,0.0,0.206,307672,0.352,0.0,0.104,0.0,0.036,0.0,0.0263,0.0182,-0.0426,False,Sports,"Sports / price=0.70-0.90 (n=34, roi=+0.10) | Sports / Soccer / price=0.70-0.90 (n=19, roi=+0.11) | Esports / price=0.50-0.70 (n=8, roi=+0.14)","Sports / price=0.70-0.90 (n=34, roi=+0.10)"
0x5966e14a24015bdf52da7b1cd35a7afc7febaf5d,betwithconvic,0.0118,segment,segment_only:t<2.0;segment_only:drawdown,778,614,613,1,358.8,0.1,0.0567,0.0234,1.51,0.607,0.0662,0.0544,0.0514,0.0619,0.0465,13.99,6.0,11,5.7,0.005,0.002,0.401,80988,0.108,0.007,0.005,0.0,0.023,0.072,0.0356,-0.2249,0.0324,False,Sports,"Esports / price=0.50-0.70 (n=34, roi=+0.25) | Esports / Esports / price=0.50-0.70 (n=34, roi=+0.25) | Sports / Basketball / live (n=141, roi=+0.11)","Esports / price=0.50-0.70 (n=34, roi=+0.25) | Esports / Esports / price=0.50-0.70 (n=34, roi=+0.25)"
0xa39a38fbb98ad026c5a6b126d74d891e1be51246,MrBently,0.0117,False,roi_copy<=0;t<2.0;drawdown;unstable_halves,801,414,412,2,455.6,0.0,-0.0333,-0.1186,-0.59,0.515,-0.0256,-0.0403,-0.0968,0.0302,-0.0859,23.61,5.0,8,4.55,0.025,0.0,0.517,300946,0.007,0.046,0.001,0.0,0.048,0.0,-0.0066,-0.0743,0.118,False,Sports,"Sports / Baseball / price=0.50-0.70 (n=130, roi=+0.09) | Sports / Soccer / Serie A 2025 (n=8, roi=+0.32) | Sports / Baseball / live (n=79, roi=+0.09)",
0xa54de3eb0aeebe109eae42f9501a98ea6b78deb8,0xa54dE3eb0aEebe109eaE42f9501A98EA6B78DEB8-1773187721162,0.0116,False,roi_copy<=0;t<2.0;concurrency_p95>8;drawdown;unstable_halves,2454,1672,1480,192,206.2,0.0,-0.0307,-0.0436,-1.59,0.577,-0.0314,-0.0325,-0.0197,-0.0417,-0.112,70.4,164.0,192,2.52,0.035,0.0,0.905,86496,0.03,0.005,0.004,0.0,0.022,0.0,-0.0098,0.0174,-0.032,False,Sports,"Sports / Soccer / Premier League 2025 (n=37, roi=+0.16) | Sports / Tennis / price=0.50-0.70 (n=257, roi=+0.05) | Sports / Tennis / type=tennis_match_totals (n=17, roi=+0.16)",
0xd0ade10dbfd80cfd48c0e876b640796ae67bb23e,0xD0aDe10Dbfd80CfD48c0E876b640796ae67bb23E-1771294759575,0.0116,False,roi_copy<=0;t<2.0;concurrency_p95>8;drawdown;unstable_halves,5960,3134,3100,34,174.7,0.2,-0.0185,-0.0631,-1.1,0.529,-0.0112,-0.0337,-0.0279,-0.009,-0.0297,77.69,54.0,70,5.06,0.031,0.0,0.309,298766,0.028,0.003,0.022,0.012,0.012,0.004,-0.009,-0.0392,0.0618,False,Sports,"Sports / price=0.10-0.30 (n=46, roi=+0.39) | Sports / Soccer / price=0.10-0.30 (n=24, roi=+0.30) | Sports / Tennis / type=moneyline (n=133, roi=+0.11)",
0xdce0d1016ead1525fc8c7b6513f989a60ff02daf,0xdcE0d1016eaD1525fC8c7b6513f989a60fF02DAF-1757924374902,0.0116,False,roi_copy<=0;t<2.0;concurrency_p95>8;drawdown;unstable_halves,8646,2888,2808,80,380.8,0.1,-0.0083,-0.3649,-0.19,0.264,-0.0517,-0.059,0.0343,-0.0508,-0.3259,155.53,64.0,89,5.38,0.035,0.0,0.465,122255,0.001,0.234,0.0,0.257,0.105,0.196,-0.0021,0.1731,0.0681,False,Sports,"Sports / Other sport / Elon Tweets 48H (n=67, roi=+0.77) | Politics / Tweet Markets / price=0.00-0.10 (n=149, roi=+0.44) | Politics / price=0.00-0.10 (n=192, roi=+0.35)",
0x5cb69eec27a506f574475f0cdafa5ca2bfb49fe0,Lucas.mmasi,0.0112,False,roi_copy<=0;t<2.0;drawdown;unstable_halves;history<90d,1360,744,741,3,75.4,0.0,-0.0363,-0.0355,-1.89,0.772,-0.0264,-0.0371,-0.0285,-0.044,-0.017,30.1,7.0,11,2.33,0.003,0.001,0.996,39152,0.293,0.004,0.177,0.0,0.03,0.046,-0.0145,-0.0128,0.0605,False,Sports,"Sports / Soccer / Primeira Liga (n=16, roi=+0.10) | Sports / Other sport / price=0.30-0.50 (n=7, roi=+0.06) | Sports / Other sport / Ukraine Premier Liha (n=2, roi=+0.11)",
0xe65b960189de07d620f6075be6249eb8b156271b,WallStreetGamer,0.0112,False,roi_copy<=0;t<2.0;concurrency_p95>8;drawdown;unstable_halves,936,625,615,10,203.1,0.1,-0.03,-0.1006,-0.67,0.528,-0.03,-0.0402,0.0363,-0.0961,0.1625,44.71,27.0,33,4.45,0.025,0.0,0.464,405346,0.026,0.023,0.05,0.005,0.059,0.005,-0.0197,-0.0014,0.0529,False,Sports,"Politics (n=41, roi=+0.18) | Politics / price=0.00-0.10 (n=2, roi=+0.65) | Politics / Colombia Election (n=1, roi=+0.73)",
0x0f17aacbaa5e2382b44fddc45a3ed42f84d70724,SchruteBucks,0.0111,False,concurrency_p95>8;both_sides;drawdown;history<90d,10500,2631,2620,9,46.7,0.0,0.1138,0.0111,5.7,0.594,0.0487,0.0416,0.1446,0.083,-0.0019,13.07,25.0,35,1.66,0.415,0.0,0.915,157951,0.05,0.055,0.018,0.014,0.03,0.0,0.0293,0.0791,0.1696,True,Sports,"Sports / Tennis (n=2596, roi=+0.12) | Sports / Tennis / type=moneyline (n=2596, roi=+0.12) | Sports (n=2620, roi=+0.11)","Sports / Tennis (n=2596, roi=+0.12) | Sports / Tennis / type=moneyline (n=2596, roi=+0.12) | Sports (n=2620, roi=+0.11) | Sports / Tennis / live (n=2378, roi=+0.12) | Sports / Tennis / ATP (n=1907, roi=+0.11) | Sports / Tennis / price=0.10-0.30 (n=509, roi=+0.20)"
0x7dca4d9f31ceba9d2d5b7a723eccd5e2e7ccc48d,MOGA.eth,0.0111,False,roi_copy<=0;t<2.0;drawdown;unstable_halves,1224,472,467,5,340.6,0.0,-0.0219,-0.3321,-0.2,0.388,0.0133,-0.0513,0.0158,-0.0595,-0.2634,60.48,7.0,17,3.61,0.056,0.036,0.868,106855,0.094,0.18,0.092,0.125,0.077,0.221,-0.0007,-0.0915,0.0343,False,Sports,"Sports / Cricket / price=0.00-0.10 (n=43, roi=+0.78) | Sports / price=0.00-0.10 (n=63, roi=+0.42) | Sports / Cricket (n=202, roi=+0.19)",
0x06f50da23c76f59c7ad6116cfd6b8d5df8b3fcf3,,0.0109,False,roi_copy<=0;t<2.0;concurrency_p95>8;drawdown;unstable_halves;history<90d,1392,670,586,84,37.9,0.2,-0.0241,-0.1232,-0.53,0.471,-0.0181,-0.0459,-0.0072,-0.0409,-0.011,36.52,72.0,84,2.12,0.054,0.003,0.58,59707,0.039,0.02,0.017,0.011,0.046,0.311,-0.0157,-0.0097,0.0599,False,Sports,"Sports / Soccer / type=soccer_exact_score (n=26, roi=+0.37) | Sports / Soccer / pre (n=85, roi=+0.15) | Sports / Soccer (n=140, roi=+0.09)",
0x19f3ab1ed7c34f6e389ea267f27e83b87b2f4a8d,brigandine1,0.0109,segment,segment_only:t<2.0,221,125,122,3,109.3,0.2,0.1005,0.029,1.13,0.705,0.1037,0.1213,0.1699,0.0311,-0.0071,5.22,4.0,5,4.32,0.0,0.008,0.179,4537744,0.115,0.008,0.097,0.0,0.081,0.033,0.0479,-0.0043,-0.1527,False,Sports,"Sports / price=0.50-0.70 (n=46, roi=+0.18) | Sports / Soccer / price=0.50-0.70 (n=46, roi=+0.18) | Sports / Soccer / pre (n=96, roi=+0.08)","Sports / price=0.50-0.70 (n=46, roi=+0.18) | Sports / Soccer / price=0.50-0.70 (n=46, roi=+0.18)"
0x466658e9a04e4586fb0ea46abf0a2fd8902f3a55,imjax,0.0109,False,roi_copy<=0;t<2.0;concurrency_p95>8;drawdown;unstable_halves,10500,7757,7723,33,177.3,0.0,-0.0076,-0.1124,-0.58,0.508,-0.0073,-0.0111,-0.0073,-0.0079,-0.1708,78.61,88.0,156,2.87,0.075,0.0,0.722,114158,0.008,0.012,0.002,0.012,0.013,0.001,-0.001,-0.0167,0.0448,True,Sports,"Sports / Soccer / live (n=1278, roi=+0.06) | Sports / Soccer / type=totals (n=637, roi=+0.09) | Sports / Soccer / UEFA Europa League 2025 (n=87, roi=+0.21)","Sports / Soccer / UEFA Europa League 2025 (n=87, roi=+0.21)"
0xce8b4c9fd5cc4d024310cf9d0a57296c7add738a,0xCe8b4c9fD5cC4d024310Cf9d0a57296c7adD738A-1762071936188,0.0108,False,roi_copy<=0;t<2.0;drawdown;unstable_halves,642,144,143,1,305.0,0.0,-0.0412,-0.1585,-0.41,0.42,-0.0355,-0.0423,-0.0013,-0.0805,-0.0911,16.66,2.0,3,1.74,0.007,0.0,0.906,203593,0.056,0.007,0.03,0.0,0.06,0.014,-0.016,-0.0146,0.076,False,Sports,"Sports / price=0.30-0.50 (n=46, roi=+0.11) | Sports / Tennis / price=0.30-0.50 (n=32, roi=+0.12) | Sports / Soccer / type=totals (n=11, roi=+0.09)",
0x61e0cb043c88e34d1502139a682c75d286284b62,LCN99,0.0107,False,roi_copy<=0;t<2.0;concurrency_p95>8;drawdown;unstable_halves,2463,1204,1202,2,325.9,0.1,-0.022,-0.0646,-0.99,0.598,-0.0177,-0.0302,-0.028,-0.016,-0.2468,29.23,13.0,19,4.32,0.046,0.003,0.595,1139062,0.084,0.01,0.008,0.0,0.097,0.11,-0.01,-0.0116,0.0189,False,Sports,"Sports / Basketball / price=0.30-0.50 (n=129, roi=+0.09) | Sports / price=0.30-0.50 (n=164, roi=+0.05) | Sports / Tennis / price=0.50-0.70 (n=38, roi=+0.08)",
0x7a13f0fca70af3be60097b19dda3680c9f560512,HengzIvory,0.0107,False,roi_copy<=0;t<2.0;drawdown;unstable_halves;history<90d,1546,716,712,4,76.8,0.0,-0.0253,-0.0878,-0.73,0.508,-0.0842,-0.0166,-0.0376,-0.0129,-0.0006,36.75,6.0,8,2.35,0.067,0.0,0.898,436047,0.004,0.021,0.004,0.002,0.024,0.02,-0.0269,0.0943,-0.0419,False,Esports,"Esports / Esports / Counter Strike (n=170, roi=+0.06) | Sports / Baseball (n=27, roi=+0.13) | Sports / Baseball / MLB (n=27, roi=+0.13)",
0x033af694b9419168d1c8171457d9538ab778fc42,KsDf5dCs,0.0107,False,roi_copy<=0;t<2.0;drawdown;unstable_halves,317,128,126,2,323.2,0.0,-0.0495,-0.1234,-0.52,0.5,-0.0495,-0.0517,-0.2463,0.1474,0.0092,16.65,5.0,7,12.18,0.008,0.0,0.0,472796,0.032,0.0,0.044,0.0,0.093,0.0,-0.0186,,0.0444,False,Sports,"Sports / Hockey / price=0.30-0.50 (n=12, roi=+0.16) | Sports / price=0.30-0.50 (n=60, roi=+0.06) | Sports / Baseball / price=0.30-0.50 (n=9, roi=+0.15)",
0x7e7f2af48da8c6843d42a60e8cea6ba16ba47980,GOLDENPHOENIX99,0.0107,False,roi_copy<=0;t<2.0;concurrency_p95>8;low_liquidity;drawdown;unstable_halves,1871,1508,1499,9,155.0,0.2,-0.0288,-0.0266,-2.42,0.764,-0.0244,-0.0288,-0.041,-0.0166,-0.0674,45.84,30.0,42,14.99,0.003,0.0,0.478,12219,0.488,0.009,0.337,0.0,0.027,0.001,-0.0122,-0.0363,0.0095,False,Sports,"Sports / Other sport / Los Angeles Daily Weather (n=132, roi=+0.06) | Esports / Esports / League of Legends (n=145, roi=+0.03) | Esports / Esports / pre (n=155, roi=+0.03)",
0x0828e2ab9f76708970ad6fa20f457f8cc6d0a1a6,0x0828e2aB9F76708970aD6FA20F457f8Cc6d0A1A6-1776562467419,0.0106,False,roi_copy<=0;t<2.0;drawdown;unstable_halves,1566,501,501,0,167.1,0.0,-0.0287,-0.0952,-0.67,0.533,-0.0242,-0.04,-0.0336,-0.0238,0.1369,35.22,3.0,5,1.83,0.042,0.002,0.694,261450,0.03,0.01,0.002,0.0,0.066,0.086,-0.0068,-0.017,0.1143,False,Sports,"Sports / Tennis / live (n=243, roi=+0.04) | Sports / Tennis / price=0.30-0.50 (n=107, roi=+0.06) | Sports / Tennis / price=0.10-0.30 (n=9, roi=+0.13)",
0x30c5c9273d6225c30d59d225db652b3ea5424e34,gutje34,0.0106,False,t<2.0;concurrency_p95>8;drawdown;unstable_halves;history<90d,527,492,486,6,16.5,0.1,0.0325,0.0555,1.15,0.743,0.0325,0.0313,0.0663,-0.0012,-0.148,14.4,13.0,17,2.21,0.017,0.0,0.994,44521,0.008,0.0,0.003,0.0,0.006,0.0,0.0254,,0.0689,False,Sports,"Sports / price=0.70-0.90 (n=218, roi=+0.07) | Sports / American Football (n=39, roi=+0.14) | Sports / American Football / live (n=39, roi=+0.14)","Sports / American Football (n=39, roi=+0.14) | Sports / American Football / live (n=39, roi=+0.14)"
0x4dba6f046ef237505d4417a7ba6c2cb52b5d3de8,FreshlyManners,0.0104,False,roi_copy<=0;t<2.0;concurrency_p95>8;low_liquidity;entries>=0.90;drawdown;unstable_halves;history<90d,1155,705,686,19,59.8,0.0,-0.0234,-0.0891,-0.7,0.816,-0.0216,-0.0331,-0.0583,0.0115,0.4438,40.81,40.0,50,11.05,0.007,0.0,0.864,8808,0.691,0.055,0.544,0.009,0.026,0.0,0.0076,-0.016,0.0688,False,Sports,"Sports / Other sport / London Daily Weather (n=26, roi=+0.26) | Sports / price=0.30-0.50 (n=26, roi=+0.19) | Sports / Other sport / price=0.30-0.50 (n=26, roi=+0.19)",
0x51ad675fcb07c4b690501aea44605f798ede5e56,tennis-loser,0.0103,False,roi_copy<=0;t<2.0;concurrency_p95>8;both_sides;drawdown;unstable_halves,10500,3903,3898,4,181.2,0.0,-0.0133,-0.0523,-1.18,0.618,-0.0111,-0.0455,-0.0526,0.026,-0.0466,124.92,12.0,17,1.58,0.193,0.002,0.957,366374,0.184,0.013,0.123,0.002,0.008,0.028,-0.0037,-0.0051,0.0692,True,Sports,"Sports / Baseball / price=0.50-0.70 (n=97, roi=+0.15) | Sports / Baseball (n=298, roi=+0.05) | Sports / Baseball / MLB (n=298, roi=+0.05)","Sports / Baseball / price=0.50-0.70 (n=97, roi=+0.15)"
0xb077e7482c6bea18f75e33bf823cbbe59cda8fe8,0xNuttawut,0.0103,False,roi_copy<=0;t<2.0;concurrency_p95>8;drawdown;unstable_halves,5794,2418,2412,6,504.7,0.1,-0.023,-0.053,-1.17,0.499,-0.0218,-0.0286,-0.0499,0.0038,0.1058,85.52,9.0,17,2.66,0.01,0.0,0.736,186923,0.003,0.0,0.0,0.0,0.009,0.172,-0.0144,-0.0024,-0.0162,False,Sports,"Crypto / Up/Down short / price=0.30-0.50 (n=96, roi=+0.23) | Crypto / price=0.30-0.50 (n=97, roi=+0.22) | Sports / price=0.30-0.50 (n=468, roi=+0.09)","Crypto / price=0.30-0.50 (n=97, roi=+0.22) | Sports / Hockey / live (n=33, roi=+0.21)"
0x96f8e4e985756ee5d20cc616a81cfbb3e3eb2560,0x96f8E4E985756eE5D20CC616a81CfbB3E3eb2560-1760521096719,0.0103,False,roi_copy<=0;t<2.0;concurrency_p95>8;drawdown;unstable_halves,4958,2700,2689,11,352.6,0.1,-0.0256,-0.0214,-2.88,0.788,-0.0266,-0.0371,-0.0455,-0.0056,0.0575,75.51,15.0,21,2.96,0.04,0.029,0.826,372950,0.449,0.006,0.171,0.0,0.035,0.15,-0.0172,0.0024,0.0142,False,Esports,"Esports / price=0.30-0.50 (n=24, roi=+0.09) | Esports / Esports / price=0.30-0.50 (n=24, roi=+0.09) | Sports / Soccer / pre (n=76, roi=+0.04)",
0x0f76e9a901b9b18b0ac0561556079aa4f0a6dcc9,ojg,0.0101,False,roi_copy<=0;t<2.0;concurrency_p95>8;both_sides;drawdown;unstable_halves;history<90d,10500,1364,1341,12,9.9,0.0,-0.0128,-0.2247,-0.27,0.493,-0.0125,-0.2001,0.0825,-0.108,0.1731,115.13,38.0,53,1.98,0.776,0.0,0.998,212823,0.075,0.113,0.019,0.005,0.032,0.0,0.0216,-0.0148,0.6757,True,Sports,"Sports / Tennis / price=0.30-0.50 (n=167, roi=+0.16) | Sports / price=0.30-0.50 (n=289, roi=+0.11) | Sports / Tennis / WTA (n=278, roi=+0.11)",
0x4d9198919989ca3c802f2ca8a6a6b1ffb0e9ac49,seanbermo,0.0101,False,roi_copy<=0;t<2.0;concurrency_p95>8;drawdown;unstable_halves,2758,1610,1536,70,153.8,0.1,-0.0143,-0.1287,-0.47,0.473,-0.0128,-0.0132,-0.0171,-0.0116,-0.1172,39.73,74.0,96,18.67,0.077,0.0,0.029,202572,0.03,0.011,0.007,0.003,0.011,0.001,-0.0048,-0.0955,-0.0065,False,Sports,"Sports / price=0.30-0.50 (n=531, roi=+0.09) | Sports / Tennis / price=0.30-0.50 (n=62, roi=+0.21) | Sports / Tennis / ATP (n=148, roi=+0.12)",
0x7cebb208d6080fe1578892d36a6916916b1034e7,phoenix-xyz,0.01,False,roi_copy<=0;t<2.0;concurrency_p95>8;both_sides;drawdown;unstable_halves;history<90d,354,161,157,3,38.1,0.0,-0.0407,-0.1128,-0.53,0.567,-0.0407,-0.0607,-0.0879,0.0058,0.1338,13.45,11.0,14,2.1,0.353,0.0,0.975,223684,0.025,0.0,0.015,0.0,0.05,0.0,0.0192,,0.2159,False,Sports,"Sports / price=0.50-0.70 (n=48, roi=+0.09) | Sports / Tennis / price=0.70-0.90 (n=33, roi=+0.09) | Sports / price=0.70-0.90 (n=38, roi=+0.08)","Sports / Tennis / price=0.70-0.90 (n=33, roi=+0.09) | Sports / price=0.70-0.90 (n=38, roi=+0.08)"
0x22ab636adfac732a5ddd2e52b73490dd90805191,AsukiQ,0.0099,False,roi_copy<=0;t<2.0;concurrency_p95>8;drawdown;unstable_halves,5733,3367,3330,37,313.6,0.1,-0.0178,-0.0501,-1.18,0.639,-0.0129,-0.0156,-0.0422,0.0067,-0.2167,120.95,32.0,38,4.8,0.029,0.0,0.403,210357,0.046,0.003,0.015,0.008,0.009,0.001,-0.0083,-0.0129,-0.0103,False,Esports,"Esports / price=0.00-0.10 (n=8, roi=+0.75) | Esports / Esports / price=0.00-0.10 (n=8, roi=+0.75) | Esports / Esports / Dota 2 (n=52, roi=+0.25)",
0x88e4039425a661a1a052df857df7b39f96c1e2af,LPPOpus00001,0.0098,False,roi_copy<=0;t<2.0;concurrency_p95>8;hold<1h;short_crypto;drawdown;unstable_halves,8022,3787,3779,7,238.5,0.1,-0.0151,-0.0466,-1.26,0.745,-0.0142,-0.0278,-0.0087,-0.0214,-0.0384,78.1,174.0,205,0.06,0.056,0.048,0.74,32728,0.405,0.027,0.386,0.024,0.018,0.707,-0.0031,-0.002,0.0368,False,Crypto,"Esports / price=0.10-0.30 (n=6, roi=+0.57) | Esports / Esports / price=0.10-0.30 (n=6, roi=+0.57) | Crypto / price=0.50-0.70 (n=183, roi=+0.09)",
0x19f15790253485a8a34306d946954e7c6cddf301,Kaito.eth,0.0098,False,roi_copy<=0;t<2.0;concurrency_p95>8;drawdown;unstable_halves,2874,1233,1179,54,695.9,0.1,-0.0182,-0.2037,-0.29,0.411,-0.0706,-0.0099,0.0376,-0.0738,-0.2824,81.89,57.0,63,7.42,0.032,0.0,0.356,563768,0.015,0.109,0.017,0.02,0.038,0.01,-0.0239,0.0804,0.0189,False,Esports,"Politics / Tweet Markets / price=0.00-0.10 (n=29, roi=+1.70) | Politics / price=0.00-0.10 (n=34, roi=+1.52) | Politics / Tweet Markets (n=73, roi=+0.86)",
0x93a62491877d5aa437a52f45c01f46ec18d4b1c2,baobaojie,0.0097,False,roi_copy<=0;t<2.0;concurrency_p95>8;drawdown;unstable_halves,679,110,109,1,337.6,0.0,-0.0351,-0.2416,-0.24,0.321,-0.0582,-0.0426,-0.1021,0.0307,0.1393,24.6,10.0,12,14.98,0.029,0.0,0.305,576368,0.0,0.11,0.0,0.0,0.075,0.0,0.0322,0.1148,-0.0591,False,Sports,"Sports / price=0.30-0.50 (n=32, roi=+0.18) | Sports / Other sport / price=0.10-0.30 (n=9, roi=+0.20) | Sports / Other sport / price=0.30-0.50 (n=7, roi=+0.18)",
0x097bc96aa01bdc70705b8bdc86c9527265582907,acey17,0.0096,segment,segment_only:t<2.0;segment_only:drawdown,235,124,124,0,113.3,0.1,0.1031,0.0256,1.13,0.5,0.074,0.0995,0.0151,0.1911,0.0696,10.15,6.0,7,2.34,0.061,0.0,0.759,4963491,0.0,0.032,0.0,0.0,0.135,0.0,0.0591,0.0581,-0.2123,False,Sports,"Sports / price=0.30-0.50 (n=42, roi=+0.30) | Sports / Soccer / price=0.30-0.50 (n=25, roi=+0.30) | Sports / Soccer / type=moneyline (n=62, roi=+0.15)","Sports / price=0.30-0.50 (n=42, roi=+0.30)"
0x6aadd3537e005de11bd3d6c4db2b737dfe3720ae,ggna1,0.0096,False,roi_copy<=0;t<2.0;concurrency_p95>8;drawdown;unstable_halves,1377,1019,1014,5,388.8,0.1,-0.0253,-0.0599,-0.96,0.582,-0.0264,-0.0243,0.0083,-0.0588,-0.0619,42.72,25.0,49,5.13,0.023,0.0,0.417,144127,0.005,0.005,0.001,0.0,0.026,0.008,-0.0084,0.0011,0.0334,False,Sports,"Esports / price=0.30-0.50 (n=21, roi=+0.26) | Esports / Esports / price=0.30-0.50 (n=21, roi=+0.26) | Sports / Soccer / type=moneyline (n=171, roi=+0.09)",
0x9aa1d46b152da865f5f7acec577825a444420193,MrWM,0.0095,False,roi_copy<=0;t<2.0;concurrency_p95>8;drawdown;unstable_halves,2472,1358,1296,62,260.5,0.1,-0.0219,-0.0769,-0.74,0.52,-0.0673,-0.0361,0.0432,-0.0869,-0.0975,66.55,63.0,67,4.0,0.007,0.0,0.596,39667,0.02,0.02,0.022,0.026,0.032,0.0,-0.037,0.0565,0.0714,False,Sports,"Sports / price=0.00-0.10 (n=6, roi=+0.90) | Politics / Tweet Markets (n=144, roi=+0.12) | Politics / Tweet Markets / type=negrisk (n=144, roi=+0.12)","Politics / Tweet Markets (n=144, roi=+0.12) | Politics / Tweet Markets / type=negrisk (n=144, roi=+0.12) | Politics (n=146, roi=+0.12) | Politics / Tweet Markets / Elon Tweets 48H (n=49, roi=+0.15)"
0xef46e7d4e632d4de3c69c24d1814eb8d2dc2b0ea,LucianoRS,0.0094,False,roi_copy<=0;t<2.0;concurrency_p95>8;drawdown;unstable_halves,551,369,254,115,250.9,0.0,-0.0356,-0.1039,-0.54,0.437,-0.0973,-0.0355,-0.0386,-0.0326,0.0955,23.81,98.0,115,3.37,0.0,0.0,0.712,528659,0.0,0.012,0.0,0.0,0.058,0.0,-0.0415,0.2938,0.1259,False,Sports,"Sports / Hockey (n=10, roi=+0.27) | Sports / Hockey / NHL 2026 (n=10, roi=+0.27) | Sports / Hockey / type=moneyline (n=10, roi=+0.27)",
0x75c53f5b16feb458700483b8dcd026ede0d25bba,,0.0094,False,roi_copy<=0;t<2.0;concurrency_p95>8;drawdown;unstable_halves;history<90d,1038,545,521,23,78.7,0.0,-0.0232,-0.1888,-0.3,0.466,0.0025,-0.0172,-0.0826,0.0359,0.0637,69.77,15.0,25,2.51,0.1,0.0,0.842,589411,0.023,0.054,0.004,0.016,0.028,0.0,-0.0061,-0.0868,0.0031,False,Esports,"Esports / Esports / type=child_moneyline (n=288, roi=+0.16) | Esports / Esports / price=0.00-0.10 (n=23, roi=+0.46) | Esports / price=0.00-0.10 (n=24, roi=+0.42)",
0x2b060b9c018f6f36be777fb50024f4d55a0bade2,fakefriend00,0.0094,False,t<2.0;unstable_halves,85,61,55,6,156.5,0.1,0.1075,0.0711,0.79,0.582,0.1082,0.1082,0.2855,-0.0641,-0.0643,7.24,5.0,7,9.1,0.017,0.0,0.115,89739,0.0,0.018,0.0,0.0,0.098,0.055,0.072,-0.0019,0.0717,False,Esports,"Esports / Esports / pre (n=37, roi=+0.21) | Esports (n=42, roi=+0.17) | Esports / Esports (n=42, roi=+0.17)",
0xf0e82336b981bca37cae04002a3e6398236f904c,0xF0e82336B981BCA37Cae04002a3E6398236f904C-1766230442332,0.0092,False,roi_copy<=0;t<2.0;concurrency_p95>8;drawdown;unstable_halves,3194,1904,1888,15,286.7,0.1,-0.0167,-0.221,-0.25,0.504,-0.0212,-0.0242,0.0232,-0.0566,0.0234,93.0,22.0,32,1.41,0.026,0.006,0.818,111084,0.057,0.102,0.018,0.019,0.057,0.367,-0.0096,0.0161,-0.0126,False,Crypto,"Sports / Soccer / pre (n=86, roi=+0.88) | Sports / price=0.00-0.10 (n=59, roi=+0.98) | Sports / Soccer / type=soccer_exact_score (n=71, roi=+0.87)",
0xeffe2dd3cc4376546aa0dc8549d68558e2195efa,0xEFfe2DD3CC4376546aa0dC8549D68558E2195EfA-1768472138803,0.0092,False,closed<50;roi_copy<=0;t<2.0;concurrency_p95>8;unstable_halves,114,37,34,3,260.8,0.0,-0.0694,-0.0894,-0.62,0.647,-0.0309,-0.0755,-0.1795,0.0406,-0.0613,4.48,11.0,12,458.57,0.088,0.0,,12699540,0.059,0.0,0.019,0.0,0.144,0.0,-0.0223,-0.1191,0.0399,False,Politics,"Other / price=0.50-0.70 (n=3, roi=+0.03) | Other (n=8, roi=+0.01) | Politics / ships (n=1, roi=+0.01)",
0x59847267e2a004e3886d7a02ac53778c5ea176eb,gbby123,0.0091,False,roi_copy<=0;t<2.0;concurrency_p95>8;drawdown;unstable_halves,2947,1769,1759,10,313.9,0.1,-0.0129,-0.1522,-0.36,0.319,-0.014,-0.0183,0.084,-0.1098,-0.3817,101.44,10.0,15,9.05,0.0,0.0,0.039,122076,0.001,0.0,0.001,0.0,0.008,0.0,-0.0045,-0.0019,-0.0961,False,Esports,"Sports / Soccer / price=0.30-0.50 (n=196, roi=+0.18) | Sports / Soccer / type=moneyline (n=282, roi=+0.10) | Sports / price=0.30-0.50 (n=334, roi=+0.08)","Sports / Soccer / price=0.30-0.50 (n=196, roi=+0.18)"
0xc8075693f48668a264b9fa313b47f52712fcc12b,texaskid,0.0091,False,roi_copy<=0;t<2.0;concurrency_p95>8;drawdown;unstable_halves,1378,804,801,3,197.4,0.2,-0.0304,-0.062,-0.88,0.503,-0.0291,-0.0325,-0.014,-0.0469,0.1253,34.5,12.0,18,6.56,0.008,0.0,0.066,334263,0.0,0.0,0.0,0.0,0.027,0.0,-0.0149,-0.552,-0.0258,False,Sports,"Sports / Baseball / type=moneyline (n=247, roi=+0.06) | Sports / Baseball / price=0.30-0.50 (n=168, roi=+0.06) | Sports / Basketball / type=moneyline (n=25, roi=+0.09)",
0x02571ed3bfa4162c80b288310745503275a822b2,roro.cypher,0.009,False,roi_copy<=0;t<2.0;concurrency_p95>8;drawdown;unstable_halves,4573,2926,2914,12,364.7,0.0,-0.0084,-0.1584,-0.34,0.468,0.0108,-0.0206,-0.0483,0.0316,0.2605,82.33,49.0,62,3.79,0.042,0.0,0.644,475197,0.004,0.039,0.0,0.029,0.008,0.0,-0.0044,-0.0704,-0.0081,False,Sports,"Sports / price=0.00-0.10 (n=70, roi=+0.46) | Sports / Tennis / pre (n=178, roi=+0.20) | Sports / Tennis / price=0.00-0.10 (n=26, roi=+0.52)",
0xee4be66c43da1b03810ac0e4beea7e2fca4143dc,chipichipichop,0.009,False,roi_copy<=0;t<2.0;drawdown;unstable_halves,574,265,258,7,757.0,0.2,-0.0354,-0.0887,-0.61,0.488,-0.0503,-0.0342,-0.154,0.0833,0.2012,21.87,6.0,9,4.22,0.028,0.0,0.496,454497,0.047,0.019,0.016,0.0,0.19,0.012,0.0,0.039,-0.1955,False,Esports,"Sports / Soccer / type=moneyline (n=24, roi=+0.15) | Sports / Soccer / Counter Strike (n=23, roi=+0.14) | Sports / Soccer (n=25, roi=+0.13)",
0xdf434cabf51bf8c2390fc038a28cdd8496e5ae9a,richerZ,0.0088,False,roi_copy<=0;t<2.0;concurrency_p95>8;low_liquidity;entries>=0.90;drawdown;unstable_halves,4806,3098,3090,8,629.0,0.2,-0.017,-0.0279,-1.9,0.862,-0.0178,-0.0183,-0.0378,0.0038,0.2232,67.06,20.0,40,3.27,0.01,0.002,0.787,29306,0.675,0.003,0.126,0.0,0.015,0.005,-0.0074,0.0141,-0.0337,False,Sports,"Esports / Esports / type=totals (n=84, roi=+0.06) | Sports / price=0.50-0.70 (n=261, roi=+0.03) | Sports / Soccer / Bundesliga 2025 (n=19, roi=+0.10)",
0x0458f6e7d359ced1ed004ab0ef9dafc2d1f792e9,_test_i075_i078_0,0.0087,False,roi_copy<=0;t<2.0;concurrency_p95>8;drawdown;unstable_halves;history<90d,1931,1295,1287,8,88.8,0.0,-0.0224,-0.0572,-0.91,0.515,-0.0209,-0.0224,-0.0893,0.0443,-0.0573,63.16,23.0,30,3.1,0.023,0.0,0.751,65125,0.002,0.002,0.0,0.0,0.025,0.03,-0.0001,-0.0042,-0.0539,False,Sports,"Sports / Other sport / price=0.50-0.70 (n=149, roi=+0.09) | Sports / Other sport / pre (n=35, roi=+0.17) | Sports / Other sport / Egypt 1 (n=14, roi=+0.25)","Sports / Other sport / pre (n=35, roi=+0.17)"
0x5f612351a9e46afbe3f164473a7d77a69ec9840a,0x5f612351a9E46aFBE3F164473a7D77A69Ec9840a-1764952035378,0.0086,False,concurrency_p95>8;low_liquidity;drawdown,4920,2472,2466,6,282.5,0.0,0.5203,0.0086,7.15,0.47,0.4256,0.384,0.6382,0.4023,0.0843,35.54,17.0,26,9.96,0.044,0.007,0.975,10665,0.059,0.232,0.058,0.175,0.013,0.033,0.0731,0.2619,0.0179,False,Sports,"Sports / Other sport / price=0.00-0.10 (n=558, roi=+1.28) | Sports / price=0.00-0.10 (n=559, roi=+1.27) | Sports / Other sport / live (n=2212, roi=+0.58)","Sports / Other sport / price=0.00-0.10 (n=558, roi=+1.28) | Sports / price=0.00-0.10 (n=559, roi=+1.27) | Sports / Other sport / live (n=2212, roi=+0.58) | Sports / Other sport (n=2256, roi=+0.57) | Sports / Other sport / type=binary (n=2256, roi=+0.57) | Sports (n=2270, roi=+0.56)"
0x3b241eb14ec150df698a6d5a0deeecb2ecc311ef,profeta,0.0086,False,roi_copy<=0;t<2.0;concurrency_p95>8;drawdown;unstable_halves,4692,2252,2244,8,392.9,0.0,-0.0143,-0.0584,-0.88,0.661,-0.0121,-0.0297,-0.0143,-0.0142,-0.0405,47.72,29.0,44,2.44,0.08,0.0,0.971,124054,0.066,0.01,0.028,0.009,0.013,0.013,-0.0065,-0.0038,0.0021,False,Sports,"Politics / price=0.10-0.30 (n=30, roi=+0.22) | Sports / Tennis / price=0.30-0.50 (n=99, roi=+0.10) | Culture (n=4, roi=+0.44)",
0xf7f67ecde5cfb6fd4e30edadb19a7c53f9e8e517,0xF7f67eCde5cfb6Fd4E30eDADb19a7C53F9e8E517-1763442840290,0.0086,False,roi_copy<=0;t<2.0;concurrency_p95>8;drawdown;unstable_halves,891,629,618,11,201.6,0.1,-0.0167,-0.132,-0.39,0.565,-0.0383,-0.0549,0.0374,-0.0708,0.3051,35.28,15.0,18,2.54,0.0,0.0,0.878,108778,0.05,0.028,0.021,0.0,0.033,0.024,-0.0163,0.063,0.1555,False,Sports,"Sports / Soccer / Copa Libertadores 2025 (n=22, roi=+0.40) | Sports / price=0.50-0.70 (n=147, roi=+0.09) | Sports / price=0.10-0.30 (n=75, roi=+0.12)",
0xc5ff3ff0668a33fdae86917eef1a9ce03746abd0,hex3d,0.0085,False,roi_copy<=0;t<2.0;drawdown;unstable_halves,1099,842,841,1,187.0,0.1,-0.0173,-0.1158,-0.44,0.507,-0.017,-0.0143,0.0131,-0.0475,-0.4711,32.96,4.0,6,3.13,0.008,0.0,0.854,736608,0.048,0.005,0.005,0.0,0.026,0.001,-0.0046,-0.003,0.0123,False,Esports,"Sports / Tennis / price=0.10-0.30 (n=24, roi=+0.23) | Sports / Basketball / price=0.10-0.30 (n=4, roi=+0.50) | Sports / Basketball / live (n=22, roi=+0.20)",
0x6509367c90470c72e38f706f508aae3579292dc5,,0.0085,False,roi_copy<=0;t<2.0;concurrency_p95>8;drawdown;unstable_halves;history<90d,1349,774,762,12,57.2,0.1,-0.0236,-0.0729,-0.7,0.568,-0.0256,-0.0278,-0.0155,-0.0316,-0.1735,26.66,24.0,28,3.4,0.014,0.0,0.463,688515,0.022,0.007,0.006,0.0,0.024,0.0,-0.0111,0.0331,-0.0224,False,Sports,"Sports / Baseball / type=moneyline (n=129, roi=+0.11) | Sports / Baseball / pre (n=111, roi=+0.09) | Sports / Baseball (n=169, roi=+0.07)",
0x11055642ba12150afa1979ee557f0fd6dcdfb163,owvyby1d35ui,0.0084,False,roi_copy<=0;t<2.0;concurrency_p95>8;drawdown;unstable_halves,1524,900,883,17,252.4,0.0,-0.0196,-0.0913,-0.55,0.505,-0.0204,-0.0222,0.0119,-0.0509,-0.1432,48.34,34.0,49,7.63,0.01,0.0,0.119,215220,0.012,0.001,0.004,0.0,0.015,0.0,-0.0107,0.0223,0.0061,False,Sports,"Esports / price=0.50-0.70 (n=193, roi=+0.09) | Esports / Esports / price=0.50-0.70 (n=193, roi=+0.09) | Sports / Tennis / live (n=5, roi=+0.48)",
0x110df4cd9920084e1246ea66b07e036f5bc0cd01,Sik0,0.0084,False,roi_copy<=0;t<2.0;concurrency_p95>8;drawdown;unstable_halves,2261,1153,1106,47,355.2,0.1,-0.0198,-0.0717,-0.7,0.523,-0.0056,-0.0155,-0.0444,0.0049,0.2038,42.43,37.0,47,5.86,0.012,0.0,0.304,374637,0.061,0.033,0.113,0.001,0.072,0.005,0.011,-0.0422,-0.0221,False,Sports,"Sports / Basketball / price=0.30-0.50 (n=121, roi=+0.13) | Sports / Basketball / type=spreads (n=66, roi=+0.17) | Sports / price=0.30-0.50 (n=255, roi=+0.06)",
0x5bb6fa00189a1417d39dcc1566cabe1340f031c5,,0.0083,False,roi_copy<=0;t<2.0;concurrency_p95>8;low_liquidity;drawdown;unstable_halves,6610,4770,4763,7,166.5,0.0,-0.0123,-0.0413,-1.21,0.7,-0.0167,-0.0123,-0.0284,0.0039,-0.0115,79.17,157.0,179,46.97,0.002,0.0,0.025,10244,0.067,0.002,0.032,0.0,0.007,0.0,-0.0036,0.0918,-0.0322,False,Sports,"Sports / Baseball / price=0.50-0.70 (n=38, roi=+0.10) | Sports / Other sport / Tokyo Daily Weather (n=177, roi=+0.04) | Sports / Soccer / Liga Promerica (n=4, roi=+0.29)",
0x9a0382d40710ad33818307a4c9213bc424b786dc,touxie,0.0081,False,t<2.0;both_sides,300,91,89,2,339.0,0.0,0.0252,0.0368,0.66,0.607,0.0008,0.0148,0.027,0.0234,-0.0815,2.97,4.0,5,13.96,0.103,0.0,0.857,883582,0.18,0.034,0.034,0.0,0.156,0.0,0.0388,0.0334,0.0917,False,Politics,"Politics / price=0.70-0.90 (n=40, roi=+0.06) | Politics / Tweet Markets / price=0.70-0.90 (n=40, roi=+0.06) | Politics / Tweet Markets / Elon Tweets 48H (n=24, roi=+0.07)","Politics / price=0.70-0.90 (n=40, roi=+0.06) | Politics / Tweet Markets / price=0.70-0.90 (n=40, roi=+0.06)"
0x5f0718ff03268ac06ab4623f755ea4d4d77f9d0f,Orbit2126,0.0079,False,roi_copy<=0;t<2.0;concurrency_p95>8;drawdown;unstable_halves,2736,1718,1608,110,298.4,0.1,-0.0155,-0.071,-0.67,0.524,-0.0248,-0.0219,-0.0116,-0.0193,0.0949,49.16,73.0,112,4.0,0.025,0.0,0.462,323176,0.026,0.007,0.024,0.0,0.033,0.17,-0.0157,0.0363,0.0224,False,Sports,"Sports / Basketball / live (n=112, roi=+0.15) | Sports / price=0.10-0.30 (n=65, roi=+0.18) | Economy (n=11, roi=+0.39)","Sports / Basketball / live (n=112, roi=+0.15) | Sports / Basketball / price=0.70-0.90 (n=36, roi=+0.09)"
0xb2516845269865081e24f54708f4127d60de6f5b,3musketeers,0.0078,False,roi_copy<=0;t<2.0;concurrency_p95>8;top1_concentration;drawdown;unstable_halves,1501,507,492,15,369.5,0.0,-0.0195,-0.1037,-0.45,0.569,-0.0471,-0.049,-0.0256,-0.0135,0.3219,32.21,18.0,21,14.71,0.012,0.0,0.231,513942,0.108,0.01,0.021,0.004,0.274,0.01,-0.0145,0.0813,0.1547,False,Sports,"Sports / Soccer / type=binary (n=132, roi=+0.06) | Sports / Soccer / Fifa Friendly (n=4, roi=+0.33) | Sports / Soccer / price=0.00-0.10 (n=3, roi=+0.27)",
0x9c1e67fb9d50df2fc8d15984acf4b5f7aedab7d3,0xumbra,0.0078,False,t<2.0,362,181,177,4,317.0,0.0,0.0211,0.0324,0.72,0.667,0.0512,0.018,0.0377,0.0047,-0.0367,3.94,8.0,10,14.7,0.071,0.0,0.649,315599,0.175,0.0,0.076,0.0,0.048,0.0,0.0394,-0.0556,-0.0032,False,Sports,"Politics / Tweet Markets / Elon Tweets 48H (n=21, roi=+0.13) | Politics / price=0.50-0.70 (n=14, roi=+0.11) | Politics / Tweet Markets / price=0.50-0.70 (n=14, roi=+0.11)",
0x6683dc5307a8cc191a05d2741d34182a6b05de6b,0x6683DC5307A8cc191a05d2741D34182A6B05de6b-1763826378948,0.0077,False,roi_copy<=0;t<2.0;drawdown;unstable_halves,1437,633,625,8,313.6,0.1,-0.0236,-0.0518,-0.89,0.669,-0.0287,-0.0315,-0.0599,0.0126,0.0547,27.02,8.0,11,3.05,0.028,0.0,0.769,664003,0.182,0.002,0.084,0.0,0.024,0.0,-0.0159,0.0015,-0.0343,False,Esports,"Sports / Tennis / type=moneyline (n=81, roi=+0.12) | Sports / Tennis (n=90, roi=+0.11) | Sports / Tennis / ATP (n=55, roi=+0.13)",
0x200298f83227a9665d142f64264ce812d05da75e,chux.cc,0.0076,False,roi_copy<=0;t<2.0;concurrency_p95>8;both_sides;drawdown;unstable_halves,9132,2918,2901,17,92.7,0.0,-0.0074,-0.1066,-0.43,0.639,-0.008,-0.0447,-0.0229,0.008,0.0104,76.16,51.0,70,2.27,0.124,0.0,0.927,55551,0.146,0.015,0.06,0.0,0.019,0.0,0.0037,0.0112,0.1129,False,Sports,"Sports / Soccer / MLS 2025 (n=46, roi=+0.32) | Sports / Soccer / price=0.10-0.30 (n=91, roi=+0.20) | Sports / Soccer / live (n=462, roi=+0.09)","Sports / Soccer / UEFA Nations League (n=72, roi=+0.22)"
0x14f3790ce1323c4b1cb351ed068c1866a0c60c3d,ehmK,0.0076,False,concurrency_p95>8;drawdown,4309,2513,2392,120,345.8,0.1,0.0873,0.0076,4.71,0.754,0.0295,0.0796,0.0974,0.0773,0.0421,36.13,119.0,127,2.71,0.028,0.0,0.671,72069,0.258,0.025,0.082,0.007,0.013,0.009,0.0076,0.0986,-0.0728,False,Sports,"Other (n=439, roi=+0.32) | Other / ? (n=439, roi=+0.32) | Other / ? / ? (n=439, roi=+0.32)","Other (n=439, roi=+0.32) | Other / ? (n=439, roi=+0.32) | Other / ? / ? (n=439, roi=+0.32) | Other / ? / type=binary (n=439, roi=+0.32) | Other / price=0.10-0.30 (n=209, roi=+0.38) | Other / ? / price=0.10-0.30 (n=209, roi=+0.38)"
0x2ffe164d6e056a57d074a17b3f4a591c571da60f,xdraw,0.0075,False,roi_copy<=0;t<2.0;drawdown;unstable_halves,2246,1120,1115,5,208.7,0.0,-0.0308,-0.0181,-2.48,0.695,-0.0328,-0.0308,-0.0337,-0.028,-0.0702,40.37,7.0,9,1.4,0.081,0.013,0.968,191982,0.281,0.001,0.338,0.0,0.025,0.077,-0.0223,0.0026,-0.0435,False,Sports,"Sports / price=0.50-0.70 (n=93, roi=+0.03) | Sports / Tennis / price=0.50-0.70 (n=90, roi=+0.02) | Sports / Tennis / price=0.90-1.00 (n=246, roi=+0.01)",
0x8616d2d7d6dccd4d24be221af6f58375df2a2317,Louis073,0.0073,False,t<2.0;concurrency_p95>8,143,83,73,10,116.3,0.2,0.0674,0.0308,0.71,0.575,0.0511,0.0639,0.0388,0.0951,0.0363,5.81,12.0,13,30.22,0.0,0.0,0.182,2973355,0.0,0.041,0.0,0.0,0.13,0.041,0.0462,0.0915,0.0104,False,Sports,"Sports (n=38, roi=+0.15) | Sports / Soccer (n=30, roi=+0.16) | Sports / Soccer / FIFA World Cup (n=27, roi=+0.15)",
0x50cc8708aff3791f2d6125645c82bda532baa534,amiramirel,0.0073,False,roi_copy<=0;t<2.0;concurrency_p95>8;drawdown;unstable_halves,1032,861,766,95,332.7,0.1,-0.0226,-0.0665,-0.66,0.533,-0.0241,-0.0222,-0.0263,-0.0189,-0.2276,27.46,85.0,95,12.83,0.006,0.003,0.094,148003,0.008,0.003,0.0,0.0,0.026,0.034,-0.0079,-0.0708,0.0524,False,Sports,"Sports / Soccer / pre (n=321, roi=+0.10) | Sports / Soccer (n=346, roi=+0.09) | Sports / Soccer / type=moneyline (n=219, roi=+0.08)","Sports / Soccer / pre (n=321, roi=+0.10) | Sports / Soccer / Club Friendlies (n=48, roi=+0.15)"
0x4f8c5b840c93ebf84a64cf2109c375d19b429a58,hxlg4ever,0.0073,False,roi_copy<=0;t<2.0;concurrency_p95>8;low_liquidity;both_sides;drawdown;unstable_halves,6917,2945,2933,12,111.4,0.1,-0.0062,-0.1626,-0.27,0.54,0.0153,-0.042,-0.0682,0.0557,0.5263,119.95,251.0,299,4.93,0.11,0.044,0.603,12051,0.149,0.031,0.125,0.002,0.025,0.356,-0.0048,-0.1323,0.0896,False,Sports,"Crypto / price=0.10-0.30 (n=129, roi=+0.22) | Crypto / Up/Down short / price=0.10-0.30 (n=129, roi=+0.22) | Sports / Other sport / pre (n=716, roi=+0.08)",
0x783d703bad79eb631f39f10ce3b1dddd70679a35,JaneEyre,0.0072,False,closed<50;roi_copy<=0;t<2.0;top1_concentration;unstable_halves,165,34,28,6,215.7,0.1,-0.0578,-0.1268,-0.34,0.464,-0.0622,-0.033,0.0636,-0.1791,-0.0578,3.47,7.0,7,171.41,0.0,0.0,0.9,713507,0.036,0.036,0.0,0.0,0.503,0.107,0.0253,0.0528,0.2187,False,Sports,"Other (n=3, roi=+0.05) | Other / price=0.50-0.70 (n=3, roi=+0.05) | Politics / price=0.10-0.30 (n=1, roi=+0.07)",
0x0c09e6e6bc1ff915c786349146973c92fed18e9f,loop-bot,0.0071,False,roi_copy<=0;t<2.0;concurrency_p95>8;drawdown;unstable_halves,923,898,891,7,94.6,0.0,-0.026,-0.0525,-0.81,0.519,-0.0246,-0.026,-0.0729,0.0207,0.229,47.18,14.0,20,5.09,0.027,0.0,0.248,103396,0.008,0.0,0.001,0.0,0.008,0.0,-0.0148,-0.0663,-0.1041,False,Sports,"Esports / Esports / type=map_handicap (n=58, roi=+0.17) | Esports / Esports / Counter Strike (n=198, roi=+0.09) | Esports / Esports / pre (n=203, roi=+0.08)",
0x01b6e79f545a6d502e91899cb10271f76f1048cc,Adhitjet,0.007,False,t<2.0;concurrency_p95>8;unstable_halves,186,102,86,16,169.6,0.0,0.0963,0.0469,0.9,0.558,0.0429,0.1077,0.2208,-0.0281,-0.1391,7.0,12.0,16,6.72,0.01,0.0,0.176,1609583,0.0,0.012,0.0,0.0,0.081,0.0,0.0069,0.0978,0.0209,False,Sports,"Sports / Basketball (n=12, roi=+0.33) | Sports / Basketball / NBA 2026 (n=12, roi=+0.33) | Sports / Basketball / pre (n=12, roi=+0.33)",
0xe3d4dee2427b98042822543f8e1e8ab7bafb2bac,swy01,0.0069,False,roi_copy<=0;t<2.0;concurrency_p95>8;drawdown;unstable_halves,10500,3787,3774,13,222.9,0.0,-0.0109,-0.0476,-0.87,0.602,-0.0044,-0.0387,-0.0123,-0.0095,0.0917,64.0,17.0,28,1.73,0.078,0.0,0.844,320926,0.048,0.003,0.019,0.001,0.011,0.005,-0.0083,-0.0101,0.0707,True,Sports,"Sports / price=0.10-0.30 (n=53, roi=+0.34) | Esports / price=0.00-0.10 (n=6, roi=+0.64) | Esports / Esports / price=0.00-0.10 (n=6, roi=+0.64)","Sports / Basketball / type=moneyline (n=173, roi=+0.11) | Sports / Basketball / price=0.70-0.90 (n=82, roi=+0.08)"
0xec25c44518e113a23b708070ed960d54ad83dec6,0xEc25c44518E113a23b708070ed960D54Ad83Dec6-1763719683733,0.0069,False,roi_copy<=0;t<2.0;concurrency_p95>8;low_liquidity;entries>=0.90;drawdown;unstable_halves,8929,8252,8241,11,319.0,0.1,-0.0096,-0.0246,-1.69,0.875,-0.0078,-0.0104,-0.0126,-0.0065,-0.0111,90.58,97.0,128,10.86,0.004,0.025,0.599,11748,0.73,0.001,0.333,0.0,0.006,0.07,-0.0075,-0.0424,0.0121,False,Sports,"Sports / price=0.10-0.30 (n=264, roi=+0.11) | Sports / Soccer / price=0.10-0.30 (n=170, roi=+0.13) | Weather / price=0.50-0.70 (n=48, roi=+0.13)","Weather / Recurring / Chicago Daily Weather (n=35, roi=+0.04) | Sports / Other sport / Taipei Daily Weather (n=50, roi=+0.03) | Sports / Other sport / Tokyo Daily Weather (n=52, roi=+0.02) | Sports / Other sport / NYC Daily Weather (n=33, roi=+0.03) | Sports / Other sport / Paris Daily Weather (n=35, roi=+0.02) | Politics / Geopolitics (n=30, roi=+0.02)"
0x2cb521ebd6ecc25c4ab2d71edb69c5139627819a,0x2cb521ebD6ecc25C4aB2D71edb69C5139627819a-1783733103202,0.0068,False,roi_copy<=0;t<2.0;concurrency_p95>8;both_sides;drawdown;unstable_halves;history<90d,3964,1398,1386,12,83.8,0.0,-0.0113,-0.097,-0.42,0.505,0.0219,-0.035,0.0199,-0.0425,-0.1235,47.89,19.0,24,2.43,0.176,0.0,0.983,176017,0.004,0.006,0.0,0.0,0.013,0.001,0.0011,-0.0628,0.0607,False,Esports,"Sports / Tennis / price=0.30-0.50 (n=52, roi=+0.17) | Esports / Esports / Valorant (n=105, roi=+0.09) | Esports / Esports / type=moneyline (n=150, roi=+0.07)",
0xd38ad20037839959d89165cf448568d584b28d26,johnny234,0.0068,segment,segment_only:t<2.0;segment_only:drawdown,1208,464,460,4,638.4,0.0,0.0591,0.016,1.28,0.546,0.0775,0.0572,0.0586,0.0596,0.239,10.22,6.0,8,4.2,0.015,0.0,0.319,733884,0.002,0.0,0.002,0.0,0.047,0.0,0.0385,-0.0419,-0.1281,False,Sports,"Sports / price=0.50-0.70 (n=205, roi=+0.14) | Sports (n=377, roi=+0.07) | Esports / Esports / pre (n=54, roi=+0.16)","Sports / price=0.50-0.70 (n=205, roi=+0.14)"
0x8b89ce7ad40bd55b035d1a15e2f16af87ee19f72,0x8b89ce7ad40Bd55B035d1a15E2F16af87Ee19f72-1781572543178,0.0068,False,t<2.0;concurrency_p95>8;drawdown;unstable_halves,2290,1123,1028,95,109.1,0.0,0.046,0.0207,1.98,0.607,0.0265,0.0453,-0.0205,0.1126,0.08,29.49,89.0,98,3.23,0.051,0.0,0.442,75728,0.016,0.002,0.007,0.0,0.098,0.018,0.0191,-0.0098,-0.0903,False,Sports,"Other (n=26, roi=+0.63) | Other / ? (n=26, roi=+0.63) | Other / ? / ? (n=26, roi=+0.63)",
0xde5314ddd05574a22cdaeef4e9ab2c02ce90e5be,headach3,0.0067,False,roi_copy<=0;t<2.0;concurrency_p95>8;drawdown;unstable_halves,10020,5188,5128,58,722.4,0.1,-0.0055,-0.1124,-0.36,0.522,-0.009,-0.014,0.0122,-0.0231,-0.3859,126.96,63.0,76,13.02,0.06,0.0,0.043,105796,0.023,0.008,0.005,0.0,0.016,0.0,-0.0027,0.0233,0.0187,False,Sports,"Esports / Esports / type=binary (n=175, roi=+0.16) | Sports / Basketball / NBA (n=972, roi=+0.06) | Sports / Other sport / type=moneyline (n=157, roi=+0.13)","Sports / Soccer / La Liga 2025 (n=57, roi=+0.20)"
0x179203d3201a57c4fb69848905b421b99fc899d0,0x179203d3201a57C4fB69848905b421b99fc899D0-1771727346409,0.0067,False,t<2.0;low_liquidity;unstable_halves,56,56,54,2,222.6,0.0,0.0948,0.059,0.68,0.574,0.0948,0.0948,0.2977,-0.1081,-0.0083,5.2,2.0,3,6.95,0.0,0.0,0.0,371,0.019,0.0,0.0,0.0,0.156,0.074,0.0437,,0.4567,False,Sports,"Esports (n=6, roi=+0.20) | Esports / Esports (n=6, roi=+0.20) | Esports / Esports / pre (n=6, roi=+0.20)",
0x13ce0f6f73a83a2be1eb484c91169c2bd5b935f0,mozak,0.0067,segment,segment_only:roi_copy<=0;segment_only:t<2.0;segment_only:drawdown;segment_only:unstable_halves,822,527,524,3,697.2,0.1,-0.0287,-0.0393,-1.02,0.721,-0.0321,-0.0272,-0.0834,0.026,0.0329,26.35,8.0,15,6.82,0.0,0.002,0.093,279931,0.118,0.002,0.072,0.0,0.05,0.006,-0.0076,0.0242,0.0516,False,Sports,"Sports / price=0.70-0.90 (n=280, roi=+0.04) | Sports / Tennis / price=0.70-0.90 (n=34, roi=+0.10) | Sports / Hockey / ? (n=12, roi=+0.08)","Sports / Tennis / price=0.70-0.90 (n=34, roi=+0.10)"
0x1f4bae57c20bd96c9ad2a5d366466ea381be5345,tyoprkg,0.0067,False,roi_copy<=0;t<2.0;top1_concentration;drawdown;unstable_halves,146,80,79,1,195.3,0.1,-0.0423,-0.0821,-0.49,0.557,-0.0391,-0.0451,0.0407,-0.1233,-0.2117,12.25,5.0,6,4.77,0.0,0.0,0.38,510367,0.013,0.0,0.001,0.0,0.301,0.0,-0.0336,-0.0121,0.0017,False,Esports,"Esports / Esports / type=moneyline (n=43, roi=+0.05) | Esports / Esports / live (n=21, roi=+0.05) | Esports / Esports / Dota 2 (n=19, roi=+0.02)",
0xfc25f141ed27bb1787338d2c4e7f51e3a15e1f7f,Malfunction.,0.0064,False,concurrency_p95>8;entries>=0.90,10500,8003,7987,15,313.1,0.1,0.0516,0.0084,2.29,0.975,0.0458,0.0295,0.0605,0.0428,0.0153,7.59,35.0,80,2.46,0.005,0.001,0.983,33193,0.954,0.004,0.284,0.004,0.103,0.001,0.0051,0.2782,-0.0292,True,Sports,"Sports / price=0.00-0.10 (n=22, roi=+9.20) | Sports / Basketball / price=0.00-0.10 (n=10, roi=+4.44) | Sports / American Football / type=first_half_moneyline (n=44, roi=+1.57)","Sports (n=6601, roi=+0.06) | Sports / price=0.30-0.50 (n=33, roi=+0.40) | Esports / price=0.70-0.90 (n=99, roi=+0.08) | Esports / Esports / price=0.70-0.90 (n=99, roi=+0.08) | Sports / Basketball / type=first_half_moneyline (n=111, roi=+0.03) | Sports / Baseball / type=totals (n=328, roi=+0.02)"
0x6552f4d9d85e9d5724716659af62414cfbabbaa4,minhbhvta,0.0064,False,roi_copy<=0;t<2.0;concurrency_p95>8;drawdown;unstable_halves,1028,669,655,14,304.0,0.1,-0.0234,-0.037,-1.03,0.766,-0.0311,-0.0348,0.0022,-0.0489,-0.118,28.81,16.0,27,3.14,0.034,0.0,0.734,83956,0.345,0.003,0.078,0.0,0.03,0.0,-0.0073,0.0332,0.0447,False,Esports,"Sports / price=0.70-0.90 (n=31, roi=+0.08) | Sports / Tennis / price=0.70-0.90 (n=17, roi=+0.09) | Esports / Esports / Dota 2 (n=71, roi=+0.03)","Sports / price=0.70-0.90 (n=31, roi=+0.08)"
0x1a44d17f8e10ed46e32ee7baab7826e9bf9b3273,Maoyidong,0.0064,False,roi_copy<=0;t<2.0;concurrency_p95>8;drawdown;unstable_halves,2234,1470,1452,17,135.5,0.1,-0.0111,-0.0992,-0.39,0.503,-0.0032,-0.0135,-0.0265,0.0042,-0.1526,43.25,37.0,53,3.35,0.041,0.0,0.422,449165,0.008,0.032,0.0,0.004,0.014,0.057,0.002,-0.0308,-0.005,False,Sports,"Sports / Soccer / Premier League 2025 (n=44, roi=+0.29) | Sports / price=0.30-0.50 (n=326, roi=+0.09) | Sports / Soccer / price=0.30-0.50 (n=104, roi=+0.15)","Sports / Soccer / Premier League 2025 (n=44, roi=+0.29)"
0x34facd6b9382b427072e0c5dfc8546ed0eb10a20,jdd8899,0.0062,False,t<2.0;concurrency_p95>8;history<90d,953,745,729,16,62.6,0.0,0.0192,0.0222,0.84,0.849,0.0192,0.0167,0.0132,0.0251,-0.0462,9.07,20.0,23,1.35,0.019,0.019,0.96,77173,0.195,0.001,0.079,0.009,0.009,0.215,0.0083,,0.0038,False,Sports,"Sports / Tennis (n=327, roi=+0.04) | Sports / Tennis / type=moneyline (n=327, roi=+0.04) | Sports / Tennis / ATP (n=198, roi=+0.05)","Sports / Tennis (n=327, roi=+0.04) | Sports / Tennis / type=moneyline (n=327, roi=+0.04) | Sports / Tennis / ATP (n=198, roi=+0.05)"
0x64e93f87d8a0c1b2cde6f20d71f211372a95eb4c,oudine2,0.0061,False,roi_copy<=0;t<2.0;concurrency_p95>8;drawdown;unstable_halves,3986,750,745,4,319.3,0.0,-0.0095,-0.3639,-0.1,0.383,0.0075,-0.0101,-0.1199,0.1005,0.4127,54.54,9.0,15,5.19,0.031,0.001,0.311,259273,0.078,0.256,0.015,0.071,0.051,0.015,0.02,-0.0835,0.0658,False,Sports,"Sports / Soccer / UEFA Champions League 2025 (n=22, roi=+0.92) | Sports / Soccer / type=soccer_team_to_advance (n=30, roi=+0.54) | Sports / Soccer / price=0.10-0.30 (n=77, roi=+0.31)",
0x2549f943f7c16ce4d2d282c93ce4156e303ec8b1,nailongbaobao,0.006,False,t<2.0;low_liquidity;history<90d,995,289,286,3,71.6,0.0,0.0621,0.0136,1.32,0.668,0.023,0.0139,0.0695,0.0547,0.2814,8.72,8.0,12,10.48,0.021,0.0,0.92,9918,0.119,0.038,0.037,0.004,0.044,0.0,0.0498,0.154,0.3525,False,Sports,"Sports / price=0.50-0.70 (n=69, roi=+0.16) | Sports / Other sport / price=0.50-0.70 (n=68, roi=+0.15) | Sports (n=286, roi=+0.06)","Sports / price=0.50-0.70 (n=69, roi=+0.16) | Sports / Other sport / price=0.50-0.70 (n=68, roi=+0.15)"
0x8a4d6d8232a29571b31e8ddd82b191d650febe6f,SIN999,0.006,False,t<2.0;concurrency_p95>8;unstable_halves,266,154,152,2,97.1,0.0,0.0664,0.0447,0.8,0.52,0.059,0.0474,0.1866,-0.0537,-0.0018,8.03,9.0,11,3.31,0.013,0.0,0.836,33428,0.0,0.0,0.0,0.0,0.066,0.0,0.0375,0.1255,0.037,False,Sports,"Sports / Soccer / price=0.30-0.50 (n=42, roi=+0.20) | Sports / Other sport / price=0.50-0.70 (n=29, roi=+0.21) | Sports / Other sport / Chinese Super League (n=20, roi=+0.25)",
0x848da036c7bdbe4abd3fc975b5931add6aaa9867,Lisanal-Gaib,0.006,False,roi_copy<=0;t<2.0;concurrency_p95>8;both_sides;drawdown;unstable_halves,4527,2140,2124,16,198.5,0.0,-0.0102,-0.0614,-0.59,0.609,-0.0152,-0.0068,-0.0153,-0.0051,0.1047,43.9,16.0,21,1.79,0.152,0.0,0.88,593795,0.05,0.008,0.018,0.0,0.014,0.001,0.001,0.0098,0.0097,False,Esports,"Esports / Esports / Dota 2 (n=747, roi=+0.05) | Esports / Esports / pre (n=155, roi=+0.06) | Esports / price=0.70-0.90 (n=558, roi=+0.03)",
0xc8f47d7d18d5c61b6231c7f8547a5c8b9b1a6794,hopper6,0.0059,False,both_sides;drawdown,1482,1208,1206,2,96.9,0.0,0.1332,0.0059,3.7,0.579,0.1332,0.1027,0.1292,0.1373,0.4089,16.91,7.0,14,1.33,0.134,0.0,0.99,264792,0.051,0.015,0.021,0.0,0.053,0.0,0.0549,,0.0284,False,Sports,"Sports (n=1206, roi=+0.13) | Sports / Tennis / live (n=1050, roi=+0.13) | Sports / Tennis (n=1062, roi=+0.13)","Sports (n=1206, roi=+0.13) | Sports / Tennis / live (n=1050, roi=+0.13) | Sports / Tennis (n=1062, roi=+0.13) | Sports / Tennis / type=moneyline (n=1062, roi=+0.13) | Sports / price=0.30-0.50 (n=354, roi=+0.22) | Sports / Tennis / price=0.30-0.50 (n=324, roi=+0.22)"
0x73ee03e69aff55ef0d113ee531ff6f01c77beea9,showmethemoney88,0.0055,False,t<2.0;concurrency_p95>8;low_liquidity;entries>=0.90,4855,1623,1618,5,129.6,0.1,0.0186,0.01,1.64,0.833,0.0268,0.0096,0.0217,0.0154,0.0406,7.2,17.0,27,11.95,0.041,0.0,0.781,7617,0.688,0.009,0.526,0.002,0.023,0.0,0.016,-0.0191,0.0089,False,Sports,"Sports / price=0.30-0.50 (n=72, roi=+0.16) | Sports / Other sport / price=0.30-0.50 (n=72, roi=+0.16) | Sports (n=1617, roi=+0.02)","Sports / Other sport / pre (n=354, roi=+0.03)"
0x2c752b17c61a34da5c2ee876939da7101318fd50,Lomez,0.0055,False,roi_copy<=0;t<2.0;sniping;drawdown;unstable_halves,8170,3218,3216,2,708.3,0.1,-0.0072,-0.0622,-0.53,0.642,-0.0103,-0.0707,-0.0085,-0.0058,-0.0675,59.82,7.0,30,1.02,0.082,0.113,0.92,119199,0.251,0.044,0.056,0.137,0.095,0.316,-0.0049,0.0055,0.1476,False,Sports,"Politics / Tweet Markets (n=305, roi=+0.16) | Politics / Tweet Markets / type=negrisk (n=305, roi=+0.16) | Politics / Tweet Markets / price=0.00-0.10 (n=46, roi=+0.35)","Politics / Tweet Markets (n=305, roi=+0.16) | Politics / Tweet Markets / type=negrisk (n=305, roi=+0.16)"
0xaa296440dae35b6738a9c4d76d009a0e994a9ce5,,0.0055,False,roi_copy<=0;t<2.0;drawdown;unstable_halves,1373,769,768,1,209.3,0.2,-0.0111,-0.1273,-0.26,0.406,-0.0152,-0.0157,-0.0067,-0.0154,0.051,49.13,8.0,13,5.0,0.013,0.0,0.201,70031,0.001,0.016,0.0,0.0,0.032,0.059,0.0062,0.0071,0.0841,False,Sports,"Sports / Soccer / live (n=121, roi=+0.11) | Sports / Soccer / UEFA Europa League 2025 (n=13, roi=+0.30) | Sports / Soccer / Primera A (n=20, roi=+0.23)",
0x2f5496f2befd17d6dc2729d5e6b74f3bd88882fc,,0.0054,False,t<2.0;concurrency_p95>8;both_sides;drawdown;unstable_halves,3743,761,734,27,171.0,0.1,0.0359,0.0181,1.79,0.651,0.0199,0.001,-0.0038,0.0755,0.0248,16.61,37.0,46,4.54,0.102,0.0,0.656,378283,0.353,0.004,0.035,0.005,0.024,0.053,0.008,0.0257,0.0582,False,Sports,"Esports (n=262, roi=+0.12) | Esports / Esports (n=262, roi=+0.12) | Esports / Esports / League of Legends (n=262, roi=+0.12)","Esports (n=262, roi=+0.12) | Esports / Esports (n=262, roi=+0.12) | Esports / Esports / League of Legends (n=262, roi=+0.12) | Esports / Esports / live (n=262, roi=+0.12) | Esports / Esports / type=child_moneyline (n=224, roi=+0.11) | Esports / price=0.50-0.70 (n=92, roi=+0.10)"
0x44dc2ee8e9bdb5d20ed3d1d5f447218fe5a5802d,hisonic,0.0053,False,roi_copy<=0;t<2.0;concurrency_p95>8;low_liquidity;drawdown;unstable_halves,1342,1217,1214,3,103.5,0.0,-0.013,-0.0712,-0.45,0.515,-0.0129,-0.0135,-0.0399,0.0138,-0.02,33.02,23.0,29,4.06,0.035,0.0,0.354,20594,0.022,0.005,0.002,0.0,0.01,0.0,-0.0041,-0.002,-0.007,False,Sports,"Sports / Soccer / Brazil Serie A (n=45, roi=+0.34) | Sports / Other sport / price=0.50-0.70 (n=202, roi=+0.07) | Sports / Soccer / Premier League 2025 (n=22, roi=+0.20)","Sports / Soccer / Brazil Serie A (n=45, roi=+0.34)"
0xe8d78397160e13edc306a63b1d88c9c1f3dd1252,coinlaundry,0.0053,False,t<2.0,1334,293,290,3,311.3,0.2,0.014,0.0286,0.56,0.845,0.0212,0.0094,0.0169,0.011,0.0186,3.86,4.0,5,3.49,0.017,0.0,0.765,585600,0.466,0.0,0.211,0.0,0.053,0.003,0.0081,-0.0171,0.0027,False,Sports,"Sports / Soccer / pre (n=36, roi=+0.09) | Sports / Tennis / WTA (n=14, roi=+0.09) | Sports / Hockey / NHL 2026 (n=13, roi=+0.08)",
0x1703a3e2f083455a5cd9e2b285aec82ba8186112,0x1703a3E2F083455A5Cd9E2B285AEC82Ba8186112-1776287356431,0.0053,False,t<2.0;concurrency_p95>8;unstable_halves,225,133,124,9,166.5,0.2,0.1875,0.0252,1.27,0.548,0.1923,0.0917,-0.0256,0.4005,0.5795,7.38,9.0,11,9.88,0.0,0.0,0.151,1967348,0.0,0.008,0.0,0.035,0.083,0.0,0.0492,-0.0793,-0.106,False,Sports,"Sports / Soccer / La Liga 2025 (n=19, roi=+0.49) | Sports / Soccer / type=moneyline (n=114, roi=+0.18) | Sports / Soccer (n=119, roi=+0.16)",
0xb5db6abf19904c4f18daa9bcd753edb99b1f5800,blket,0.0052,False,t<2.0;concurrency_p95>8;drawdown,2567,1172,1099,73,220.9,0.1,0.0441,0.0087,1.79,0.662,-0.0086,0.0139,0.0138,0.0743,0.1448,20.69,78.0,86,2.82,0.063,0.0,0.67,436795,0.122,0.02,0.175,0.002,0.023,0.014,0.0145,0.0269,0.0099,False,Sports,"Other (n=40, roi=+0.61) | Other / ? (n=39, roi=+0.62) | Other / ? / ? (n=39, roi=+0.62)","Other (n=40, roi=+0.61) | Other / ? (n=39, roi=+0.62) | Other / ? / ? (n=39, roi=+0.62) | Other / ? / type=binary (n=39, roi=+0.62) | Sports / Cricket / pre (n=48, roi=+0.11) | Sports / Basketball / price=0.70-0.90 (n=35, roi=+0.13)"
0xfbcd903b1b7488610c21221486be4d95958c3fcf,,0.0052,False,roi_copy<=0;t<2.0;concurrency_p95>8;drawdown;unstable_halves,2140,1169,1138,31,182.5,0.1,-0.0204,-0.0309,-1.01,0.693,-0.0083,-0.0206,0.016,-0.0568,0.0238,49.26,29.0,35,2.78,0.006,0.0,0.794,188145,0.026,0.001,0.006,0.015,0.017,0.001,-0.008,-0.0153,-0.0927,False,Sports,"Sports / MMA/Boxing (n=1, roi=+0.53) | Sports / MMA/Boxing / UFC (n=1, roi=+0.53) | Sports / MMA/Boxing / type=moneyline (n=1, roi=+0.53)",
0x2bd277f46de1dd336b651cf35686ea5f9041bce9,tisch.tt,0.0052,False,roi_copy<=0;t<2.0;concurrency_p95>8;hold<1h;short_crypto;drawdown;unstable_halves,2048,1688,1685,3,156.8,0.0,-0.0176,-0.028,-1.12,0.713,0.023,-0.0204,-0.0102,-0.025,0.0231,51.6,9.0,12,0.07,0.031,0.014,0.992,56325,0.061,0.01,0.023,0.028,0.033,0.605,-0.0053,-0.4891,-0.0062,False,Crypto,"Sports / Other sport / Atlanta Daily Weather (n=17, roi=+0.10) | Crypto / Up/Down short / price=0.70-0.90 (n=558, roi=+0.01) | Sports / Other sport / Milan Daily Weather (n=26, roi=+0.06)",
0xe5dd2cf1ea5097f459b8579184e000618f4b490b,Black814,0.0051,False,roi_copy<=0;t<2.0;concurrency_p95>8;drawdown;unstable_halves,2330,1363,1329,34,346.9,0.1,-0.0119,-0.0585,-0.52,0.644,-0.0249,-0.0305,-0.0168,-0.007,-0.3998,31.59,37.0,55,8.36,0.044,0.009,0.282,123458,0.158,0.022,0.09,0.008,0.024,0.163,-0.005,0.0382,0.0272,False,Sports,"Sports / Soccer / type=moneyline (n=234, roi=+0.11) | Sports / Soccer / price=0.10-0.30 (n=28, roi=+0.20) | Sports / Soccer / Premier League 2025 (n=98, roi=+0.10)","Sports / Soccer / type=moneyline (n=234, roi=+0.11) | Sports / Basketball / price=0.70-0.90 (n=36, roi=+0.12)"
0xaf8c33ed3becfdf2f990e565e3bf96a540af8f2b,,0.0051,False,concurrency_p95>8;low_liquidity;drawdown,648,546,531,15,92.5,0.1,0.1144,0.0068,2.23,0.529,0.1757,0.1159,0.0838,0.1449,0.4516,21.81,24.0,34,1.56,0.056,0.0,0.945,22810,0.011,0.04,0.002,0.003,0.125,0.0,0.0909,-0.4344,-0.0798,False,Sports,"Sports / Soccer (n=151, roi=+0.27) | Sports / Soccer / live (n=150, roi=+0.27) | Sports (n=531, roi=+0.11)","Sports / Soccer (n=151, roi=+0.27) | Sports / Soccer / live (n=150, roi=+0.27) | Sports (n=531, roi=+0.11) | Sports / price=0.30-0.50 (n=167, roi=+0.20) | Sports / Tennis / type=moneyline (n=36, roi=+0.41) | Sports / American Football (n=61, roi=+0.23)"
0x12ccc5f324da4337838dd7a2c5b42c59bc93275d,elelondelagente,0.005,False,roi_copy<=0;t<2.0;concurrency_p95>8;low_liquidity;drawdown;unstable_halves,3420,1339,1327,12,579.2,0.0,-0.0078,-0.135,-0.22,0.659,-0.0335,-0.0433,-0.096,0.0802,-0.0083,81.59,29.0,38,5.88,0.035,0.007,0.946,27015,0.338,0.054,0.154,0.049,0.113,0.13,-0.0061,0.0387,-0.0059,False,Sports,"Sports / price=0.00-0.10 (n=9, roi=+1.39) | Sports / Other sport / price=0.00-0.10 (n=6, roi=+1.66) | Sports / Other sport / live (n=465, roi=+0.15)","Sports / Other sport / live (n=465, roi=+0.15) | Sports / Other sport / price=0.50-0.70 (n=33, roi=+0.16) | Sports / Other sport / price=0.70-0.90 (n=180, roi=+0.06) | Sports / price=0.70-0.90 (n=243, roi=+0.04)"
0x8d311b4018bbcb5bf17c8d9f29ee0a8723c694ac,forunknownreasons,0.0049,False,roi_copy<=0;t<2.0;concurrency_p95>8;drawdown;unstable_halves,799,620,617,3,250.3,0.1,-0.0175,-0.0757,-0.39,0.462,-0.0138,-0.0175,-0.0837,0.0485,-0.1875,31.66,11.0,15,3.2,0.0,0.0,0.997,33227,0.0,0.0,0.0,0.0,0.011,0.0,-0.0098,-0.0132,0.071,False,Sports,"Sports / Soccer / La Liga 2025 (n=93, roi=+0.15) | Sports / Soccer / Premier League 2025 (n=82, roi=+0.07) | Sports / price=0.10-0.30 (n=17, roi=+0.07)",
0xda35f97698382ca11bc60b731f0692659cf6b2db,Weather.G33K,0.0049,False,roi_copy<=0;t<2.0;concurrency_p95>8;hold<1h;both_sides;short_crypto;drawdown;unstable_halves,8030,4066,4061,5,174.7,0.1,-0.0045,-0.1337,-0.22,0.643,-0.006,-0.0172,-0.0258,0.0169,-0.0565,81.42,14.0,25,0.06,0.108,0.064,0.5,80079,0.176,0.032,0.057,0.025,0.016,0.695,-0.0055,0.0101,0.0075,False,Crypto,"Sports / price=0.00-0.10 (n=111, roi=+0.38) | Sports / Other sport / price=0.00-0.10 (n=111, roi=+0.38) | Sports / Other sport / Paris Daily Weather (n=329, roi=+0.11)",
0xf9ef91d1eecb656cf6b70d685eff5ff0750f7ee6,btmok,0.0048,False,roi_copy<=0;t<2.0;both_sides;drawdown;unstable_halves,5646,1501,1495,5,209.4,0.0,-0.016,-0.0234,-1.22,0.698,-0.0005,-0.0383,-0.0219,-0.0102,-0.0273,38.34,8.0,17,2.16,0.161,0.001,0.799,257914,0.287,0.011,0.156,0.001,0.02,0.01,0.0027,-0.0214,0.0385,False,Sports,"Sports / Soccer / price=0.10-0.30 (n=42, roi=+0.07) | Sports / Tennis / pre (n=110, roi=+0.03) | Sports / price=0.10-0.30 (n=78, roi=+0.03)",
0x3957fb024ae4314fafd2fae943965fdebeda35f0,Caonima1,0.0048,False,t<2.0;concurrency_p95>8;unstable_halves,754,475,463,12,158.1,0.1,0.0187,0.0371,0.78,0.68,0.0058,0.0171,-0.0125,0.0497,0.0913,9.46,12.0,14,3.13,0.078,0.0,0.538,599909,0.032,0.0,0.018,0.0,0.011,0.004,0.0076,0.0335,0.0854,False,Sports,"Sports / Tennis / pre (n=182, roi=+0.06) | Sports / Tennis / price=0.70-0.90 (n=248, roi=+0.05) | Sports / price=0.70-0.90 (n=297, roi=+0.04)",
0x2127cf49b244b867356cb011d55a5668563237f2,thanhtam86,0.0048,False,roi_copy<=0;t<2.0;concurrency_p95>8;drawdown;unstable_halves,1407,782,776,6,312.7,0.0,-0.013,-0.0927,-0.31,0.642,-0.0087,-0.0106,0.0602,-0.0861,-0.1303,38.69,12.0,21,5.59,0.014,0.0,0.313,156035,0.151,0.019,0.142,0.012,0.024,0.0,-0.0338,-0.0179,-0.0844,False,Sports,"Politics / Tweet Markets / price=0.00-0.10 (n=12, roi=+1.01) | Politics / price=0.00-0.10 (n=13, roi=+0.95) | Politics / Tweet Markets (n=171, roi=+0.24)",
0x84dbb7103982e3617704a2ed7d5b39691952aeeb,Soarin22,0.0048,False,roi_copy<=0;t<2.0;concurrency_p95>8;drawdown;unstable_halves,1164,778,777,1,751.4,0.0,-0.0136,-0.0816,-0.35,0.506,-0.0149,-0.022,0.0106,-0.0377,0.0684,47.34,9.0,17,8.09,0.039,0.0,0.08,609158,0.018,0.006,0.002,0.035,0.047,0.0,-0.008,0.1088,-0.0151,False,Sports,"Sports / Basketball / price=0.30-0.50 (n=180, roi=+0.07) | Sports / price=0.30-0.50 (n=230, roi=+0.06) | Sports / NBA / price=0.00-0.10 (n=3, roi=+0.33)",
0xf04161e0c8d7977e731bf7ec9fc822746263b0ea,0xhassan,0.0048,False,t<2.0;concurrency_p95>8,264,185,175,10,201.0,0.1,0.0353,0.0206,0.7,0.726,0.041,0.0343,0.0398,0.0309,-0.0787,7.86,13.0,14,4.32,0.0,0.0,0.497,558085,0.08,0.006,0.052,0.0,0.031,0.011,0.0271,-0.0152,-0.032,False,Sports,"Sports / Soccer / price=0.50-0.70 (n=48, roi=+0.18) | Sports / Soccer (n=135, roi=+0.10) | Sports / Soccer / type=moneyline (n=135, roi=+0.10)","Sports / Soccer / price=0.50-0.70 (n=48, roi=+0.18)"
0x05f7958d7d6d2807a65719a313bb159f275922bc,leo1213,0.0047,False,roi_copy<=0;t<2.0;concurrency_p95>8;low_liquidity;both_sides;drawdown;unstable_halves;history<90d,10500,4375,3028,1080,24.6,0.0,-0.0046,-0.1289,-0.22,0.543,-0.009,-0.0347,-0.0424,0.0332,0.1779,99.17,1599.0,1655,55.88,0.238,0.0,0.429,5486,0.099,0.009,0.025,0.009,0.019,0.057,0.0079,0.0192,0.1606,True,Sports,"Politics / Iran (n=24, roi=+0.59) | Politics (n=101, roi=+0.21) | Sports / Other sport / price=0.30-0.50 (n=543, roi=+0.08)",
0xbf1ba56131ae8022c540a18fb68447006f68a93c,Ratchewz,0.0047,False,roi_copy<=0;t<2.0;concurrency_p95>8;drawdown;unstable_halves,2831,1929,1895,34,120.0,0.2,-0.0089,-0.0512,-0.55,0.725,-0.0071,-0.0302,-0.023,0.0051,0.0522,32.73,50.0,74,11.65,0.076,0.076,0.525,60474,0.263,0.003,0.117,0.0,0.031,0.389,-0.0051,-0.0201,0.0384,False,Sports,"Crypto / price=0.50-0.70 (n=123, roi=+0.11) | Crypto / Up/Down short / price=0.50-0.70 (n=123, roi=+0.11) | Sports / price=0.30-0.50 (n=115, roi=+0.11)",
0xda5fff24aa9d889d6366da205029c73093102e9b,Kangta1212,0.0046,False,roi_copy<=0;t<2.0;concurrency_p95>8;drawdown;unstable_halves,4434,2442,2438,4,325.4,0.2,-0.0084,-0.0621,-0.44,0.555,-0.0066,-0.0093,-0.0276,0.0108,0.1785,95.44,10.0,18,4.07,0.009,0.0,0.573,489171,0.015,0.0,0.005,0.0,0.008,0.0,-0.0072,-0.0032,-0.0212,False,Sports,"Esports / price=0.30-0.50 (n=222, roi=+0.11) | Esports / Esports / price=0.30-0.50 (n=222, roi=+0.11) | Sports / Basketball / type=spreads (n=83, roi=+0.15)",
0x849c79ef433ab8b780b127299276bbedd65938c8,zilong888,0.0043,False,roi_copy<=0;t<2.0;concurrency_p95>8;both_sides;drawdown;unstable_halves,1841,1010,998,10,95.4,0.0,-0.0085,-0.1115,-0.23,0.595,-0.0032,-0.009,-0.041,0.024,-0.243,27.65,87.0,101,3.24,0.141,0.002,0.633,172475,0.025,0.038,0.007,0.005,0.035,0.009,-0.0071,-0.0338,-0.1028,False,Sports,"Esports / price=0.10-0.30 (n=32, roi=+0.40) | Esports / Esports / price=0.10-0.30 (n=32, roi=+0.40) | Sports / Tennis / League of Legends (n=33, roi=+0.32)",
0x86753f1c69fba2e1f8a00da866a11b9d3592725d,Nerwan,0.0042,False,t<2.0;concurrency_p95>8,575,338,305,33,236.4,0.1,0.0667,0.0093,1.35,0.603,0.0802,0.0661,0.0955,0.0382,-0.0134,8.28,32.0,36,1.56,0.031,0.0,0.811,73896,0.023,0.016,0.003,0.0,0.043,0.302,0.0261,0.0153,-0.0523,False,Sports,"Sports (n=185, roi=+0.08) | Sports / price=0.10-0.30 (n=13, roi=+0.30) | Sports / Soccer / FIFA World Cup (n=19, roi=+0.23)",
0x789f9e0e2e2c5bf4a4906e36ea4264de6abe3e7d,xionssh,0.0041,False,t<2.0;drawdown,339,175,175,0,112.4,0.1,0.0441,0.0194,0.63,0.583,0.0408,0.0441,0.0516,0.0367,-0.3026,12.28,5.0,8,4.22,0.006,0.0,0.194,251415,0.017,0.006,0.007,0.0,0.114,0.0,0.0294,0.0827,0.0112,False,Sports,"Sports / Soccer / FIFA World Cup (n=77, roi=+0.11) | Sports (n=162, roi=+0.07) | Sports / price=0.30-0.50 (n=47, roi=+0.10)",
0x9f72b49cffd1460d9e28d5c077a9ec7ed448d4ee,bobo5215,0.004,False,t<2.0;concurrency_p95>8;low_liquidity;drawdown,465,279,274,5,102.7,0.0,0.0682,0.0111,1.09,0.445,0.112,0.0708,0.1153,0.0211,0.1942,11.31,11.0,15,3.53,0.026,0.0,0.62,19060,0.018,0.007,0.0,0.0,0.088,0.0,0.0415,-0.2308,-0.0607,False,Sports,"Sports / price=0.50-0.70 (n=73, roi=+0.22) | Sports / Other sport / live (n=28, roi=+0.35) | Sports / Soccer / price=0.50-0.70 (n=57, roi=+0.23)","Sports / price=0.50-0.70 (n=73, roi=+0.22) | Sports / Soccer / price=0.50-0.70 (n=57, roi=+0.23) | Sports / Other sport / type=totals (n=39, roi=+0.28)"
0x3c11b622d3f6d6d0e1a3188d0f46c3baad2d33c9,Nosredno,0.0038,False,roi_copy<=0;t<2.0;concurrency_p95>8;low_liquidity;drawdown;unstable_halves,5284,2552,2549,3,255.6,0.0,-0.0049,-0.1257,-0.18,0.494,0.0064,-0.0048,0.0227,-0.0325,-0.0907,89.03,29.0,40,10.13,0.034,0.0,0.941,11874,0.005,0.042,0.005,0.03,0.024,0.0,0.007,-0.0191,-0.0099,False,Sports,"Politics (n=28, roi=+1.02) | Politics / Geopolitics (n=9, roi=+1.54) | Politics / Geopolitics / type=binary (n=9, roi=+1.54)",
0x479e330b07822ee28e20bac5e504f1b7c6b591c3,0x479E330b07822EE28e20bAC5e504f1b7c6B591C3-1768820092692,0.0037,False,roi_copy<=0;t<2.0;concurrency_p95>8;drawdown;unstable_halves,1900,1321,1295,26,256.1,0.0,-0.0157,-0.0274,-0.82,0.685,-0.0149,-0.0168,-0.0042,-0.0271,0.1709,38.36,20.0,27,3.76,0.015,0.0,0.783,404153,0.067,0.0,0.03,0.0,0.008,0.015,-0.0047,-0.0084,0.0001,False,Sports,"Sports / Basketball / NBA 2026 (n=173, roi=+0.06) | Sports / Basketball / type=moneyline (n=156, roi=+0.06) | Sports / Basketball (n=181, roi=+0.05)",
0x3452edc42fd02ddb3f25644d47e9e1cc02f71ba0,0xzaky,0.0037,False,concurrency_p95>8;drawdown;history<90d,2640,1282,1073,209,86.9,0.1,0.0595,0.0049,2.26,0.605,-0.0177,0.0499,0.018,0.101,0.2231,47.3,193.0,213,2.63,0.044,0.0,0.58,412843,0.021,0.013,0.004,0.0,0.035,0.0,0.0053,0.01,0.0192,False,Sports,"Other (n=106, roi=+0.61) | Other / ? (n=106, roi=+0.61) | Other / ? / ? (n=106, roi=+0.61)","Other (n=106, roi=+0.61) | Other / ? (n=106, roi=+0.61) | Other / ? / ? (n=106, roi=+0.61) | Other / ? / type=binary (n=106, roi=+0.61) | Other / price=0.30-0.50 (n=38, roi=+0.54) | Other / ? / price=0.30-0.50 (n=38, roi=+0.54)"
0x73fcadfb04e3cdab8e99fd5cfb4e8c0b8aab6652,keinbock,0.0037,False,concurrency_p95>8;drawdown,1766,1153,1134,19,120.1,0.1,0.0719,0.0051,2.19,0.545,0.0772,0.0719,0.0849,0.0589,-0.2275,24.98,23.0,27,5.51,0.0,0.0,0.114,99585,0.003,0.003,0.001,0.001,0.017,0.005,0.0231,-0.0099,-0.1504,False,Sports,"Esports / Esports / League of Legends (n=66, roi=+0.31) | Sports / Soccer / price=0.10-0.30 (n=13, roi=+0.66) | Esports / price=0.10-0.30 (n=21, roi=+0.50)","Esports / Esports / League of Legends (n=66, roi=+0.31)"
0x591d13b5d39d33c4a8cac4a3a7a7a75b60a0f4df,0x591d13B5d39d33c4A8cAc4a3a7a7a75B60A0f4Df-1778770894396,0.0037,False,roi_copy<=0;t<2.0;concurrency_p95>8;drawdown;unstable_halves,1058,909,856,53,140.5,0.1,-0.0083,-0.1125,-0.2,0.436,-0.0152,-0.009,0.0267,-0.0432,0.0337,37.69,53.0,59,10.65,0.003,0.0,0.24,170192,0.0,0.004,0.0,0.0,0.011,0.0,-0.0192,0.0812,-0.1469,False,Esports,"Esports / price=0.10-0.30 (n=54, roi=+0.46) | Esports / Esports / price=0.10-0.30 (n=51, roi=+0.45) | Esports / Esports / type=moneyline (n=362, roi=+0.11)",
0xfa21179f2cef2f61cb78e8340ae62b17f9271438,BABELCONSTEL,0.0036,False,roi_copy<=0;t<2.0;concurrency_p95>8;drawdown;unstable_halves,3629,1096,1091,4,360.2,0.1,-0.0076,-0.0764,-0.28,0.668,-0.0024,-0.0703,0.0328,-0.048,-0.1469,36.99,18.0,27,3.63,0.098,0.001,0.78,962989,0.347,0.032,0.066,0.051,0.066,0.038,-0.0032,-0.0115,0.1694,False,Sports,"Sports / American Football / type=moneyline (n=138, roi=+0.13) | Sports / Basketball / price=0.30-0.50 (n=48, roi=+0.18) | Sports / American Football / NFL 2025 (n=112, roi=+0.11)",
0x54096e86cac2d70d04fd98ee16f633c7e9d479db,Boss7,0.0036,False,roi_copy<=0;t<2.0;concurrency_p95>8;entries>=0.90;drawdown;unstable_halves,5722,2095,2089,6,229.6,0.2,-0.0118,-0.0227,-0.96,0.862,-0.0135,-0.0143,-0.0088,-0.0148,-0.1953,37.23,37.0,54,14.33,0.004,0.0,0.62,110266,0.72,0.006,0.229,0.01,0.024,0.0,-0.0084,0.0061,0.0251,False,Sports,"Esports / price=0.00-0.10 (n=3, roi=+0.58) | Esports / Esports / price=0.00-0.10 (n=3, roi=+0.58) | Esports / Esports / pre (n=295, roi=+0.03)","Crypto / Bitcoin (n=141, roi=+0.00) | Crypto / Crypto Prices (n=136, roi=+0.00) | Crypto / Crypto Prices / type=binary (n=136, roi=+0.00) | Crypto / Crypto Prices / Bitcoin Hit Price Daily (n=111, roi=+0.00) | Crypto / Bitcoin / type=binary (n=84, roi=+0.00)"
0xe628f2663ad073f77c6ea67867f90d27fa2a0024,thb9037,0.0036,False,roi_copy<=0;t<2.0;drawdown;unstable_halves,657,419,414,5,334.8,0.2,-0.022,-0.0322,-0.67,0.703,-0.0243,-0.0246,-0.0077,-0.0362,0.2773,21.69,5.0,9,4.46,0.015,0.0,0.545,643415,0.097,0.002,0.023,0.0,0.12,0.0,-0.004,0.0093,0.0506,False,Esports,"Esports / Esports / Valorant (n=23, roi=+0.11) | Esports / price=0.70-0.90 (n=177, roi=+0.04) | Esports / Esports / price=0.70-0.90 (n=177, roi=+0.04)",
0x7ee50c89622d018d79c635c44562117bba4c5e7d,0x7EE50C89622D018D79C635C44562117BbA4C5E7d-1780958401942,0.0035,False,roi_copy<=0;t<2.0;concurrency_p95>8;drawdown;unstable_halves,3458,1507,1492,15,116.2,0.0,-0.01,-0.0335,-0.62,0.694,0.0043,-0.0001,0.0198,-0.0397,-0.0084,43.64,14.0,21,3.23,0.065,0.015,0.327,68674,0.229,0.016,0.209,0.001,0.076,0.254,-0.0032,-0.0207,-0.001,False,Sports,"Sports / price=0.10-0.30 (n=18, roi=+0.38) | Sports / Soccer / price=0.10-0.30 (n=18, roi=+0.38) | Sports / Soccer / type=moneyline (n=193, roi=+0.11)","Sports / Soccer / UEFA Champions League 2025 (n=49, roi=+0.10)"
0x99e42eb9038705165b22f821e27659c1dc41e4c4,acorp,0.0034,False,roi_copy<=0;t<2.0;concurrency_p95>8;drawdown;unstable_halves,2663,1301,1262,38,406.3,0.0,-0.0048,-0.1457,-0.14,0.571,-0.004,-0.0099,0.0016,-0.0111,0.105,57.98,53.0,76,8.92,0.03,0.0,0.361,145075,0.17,0.031,0.008,0.005,0.037,0.001,0.0029,-0.0253,-0.0196,False,Sports,"Sports / MMA/Boxing (n=64, roi=+0.26) | Sports / MMA/Boxing / UFC (n=62, roi=+0.26) | Sports / Basketball / NBA 2026 (n=268, roi=+0.11)","Sports / 2026 Winter Games (n=38, roi=+0.00) | Sports / 2026 Winter Games / ? (n=38, roi=+0.00) | Sports / 2026 Winter Games / type=binary (n=38, roi=+0.00)"
0xd68eba02e662023b16e4d134c1fcd8875c1e8048,Mobyembre,0.0034,False,roi_copy<=0;t<2.0;concurrency_p95>8;drawdown;unstable_halves,10500,5557,5549,8,214.7,0.1,-0.0143,-0.0096,-2.12,0.691,-0.0126,-0.0251,-0.0017,-0.0269,-0.0583,99.11,17.0,30,3.61,0.037,0.0,0.42,71621,0.199,0.003,0.095,0.0,0.004,0.001,-0.0068,-0.0013,0.0187,True,Sports,"Sports / Basketball / type=moneyline (n=145, roi=+0.11) | Sports / Basketball / price=0.00-0.10 (n=2, roi=+0.40) | Sports / Soccer / Fifa Friendly (n=88, roi=+0.05)","Sports / Soccer / Leagues Cup (n=43, roi=+0.07)"
0x8182a7354c99f8338eeb3112b09db6dafa2eb13c,troyanick,0.0034,False,t<2.0;concurrency_p95>8;drawdown;unstable_halves,994,355,349,6,153.2,0.1,0.0556,0.0139,1.48,0.447,0.0182,0.0377,-0.0421,0.1527,0.0041,10.23,14.0,18,6.53,0.006,0.0,0.085,178128,0.014,0.009,0.013,0.009,0.045,0.009,0.021,0.0396,-0.0602,False,Sports,"Sports / price=0.30-0.50 (n=94, roi=+0.16) | Sports / Soccer / price=0.30-0.50 (n=87, roi=+0.14) | Sports (n=343, roi=+0.06)","Sports / price=0.30-0.50 (n=94, roi=+0.16)"
0xdd8aa6940ef0b95b2ae32981dfa0ff7caf8dedf9,Dd8Aa6940ef0b95B2ae32981dFA0ff7caF8dedf9,0.0034,False,roi_copy<=0;t<2.0;concurrency_p95>8;entries>=0.90;drawdown;unstable_halves,5846,1219,1214,5,237.6,0.0,-0.0103,-0.0411,-0.49,0.576,-0.06,-0.017,-0.0066,-0.0141,-0.0137,22.59,32.0,77,15.19,0.022,0.0,0.518,150285,0.582,0.016,0.218,0.001,0.069,0.0,-0.0583,0.0599,0.0147,False,Sports,"Sports / price=0.10-0.30 (n=29, roi=+0.33) | Sports / Other sport / price=0.10-0.30 (n=29, roi=+0.33) | Weather / Recurring / Miami Daily Weather (n=7, roi=+0.62)",
0xed7fffe2f639a37bf7750fa5d35c58feae7b03f3,aazzz1,0.0033,False,roi_copy<=0;t<2.0;concurrency_p95>8;drawdown;unstable_halves,1155,778,590,188,174.6,0.0,-0.0079,-0.1249,-0.16,0.505,0.0047,-0.006,-0.0308,0.0149,0.1802,41.79,171.0,189,3.44,0.034,0.0,0.513,994244,0.032,0.032,0.009,0.173,0.095,0.008,-0.0091,-0.1406,0.1154,False,Sports,"Other (n=10, roi=+0.84) | Other / ? (n=10, roi=+0.84) | Other / ? / ? (n=10, roi=+0.84)",
0xbf126fbb37da4b698ef5dd818c9736c8e6a0185f,Eathme,0.0033,False,t<2.0;entries>=0.90;top1_concentration,72,54,52,2,736.4,0.2,0.4969,0.0085,1.15,0.731,0.5355,0.4963,0.2295,0.7644,0.6956,6.06,7.0,8,343.36,0.0,0.0,1.0,5967389,0.538,0.077,0.082,0.21,0.281,0.0,0.0673,-0.5017,-0.8549,False,Crypto,"Sports (n=12, roi=+0.76) | Sports / NBA (n=9, roi=+0.85) | Sports / NBA / ? (n=9, roi=+0.85)",
0x81804300d6b3f3a59424ca86b3d461b9a1b7f4da,Wldntulike2know,0.0032,False,roi_copy<=0;t<2.0;drawdown;unstable_halves,655,416,413,3,800.1,0.1,-0.0082,-0.15,-0.13,0.45,-0.0127,0.0135,0.0023,-0.0187,-0.3373,20.98,8.0,13,4.65,0.0,0.0,0.634,2220992,0.0,0.048,0.0,0.006,0.077,0.0,0.0099,0.0161,-0.1299,False,Sports,"Sports / American Football / pre (n=39, roi=+0.27) | Sports / price=0.50-0.70 (n=130, roi=+0.10) | Sports / Basketball / NBA 2026 (n=222, roi=+0.07)",
0x97341b94bc7ccaf718482e83a4c736ebf163bfd8,sdhvh,0.0029,False,roi_copy<=0;t<2.0;concurrency_p95>8;drawdown;unstable_halves,1019,565,558,7,688.5,0.0,-0.0147,-0.0388,-0.45,0.615,-0.026,-0.0171,-0.0492,0.0198,0.0591,18.68,9.0,13,5.43,0.06,0.0,0.367,462153,0.034,0.0,0.022,0.0,0.086,0.004,-0.0107,0.02,-0.0117,False,Esports,"Esports / price=0.70-0.90 (n=127, roi=+0.04) | Esports / price=0.30-0.50 (n=56, roi=+0.05) | Esports / Esports / price=0.30-0.50 (n=56, roi=+0.05)",
0x59f4a4b19fcaa99a4df2e7cdda4919aa5afbc1f1,BaccaratRoulette,0.0029,False,roi_copy<=0;t<2.0;drawdown;unstable_halves,1064,738,734,4,345.2,0.1,-0.006,-0.1599,-0.11,0.394,-0.0062,-0.0063,-0.0657,0.0536,-0.313,49.51,6.0,11,4.95,0.001,0.0,0.279,740611,0.0,0.016,0.0,0.025,0.029,0.0,-0.0112,0.0019,0.1351,False,Sports,"Sports / Soccer / price=0.00-0.10 (n=11, roi=+0.58) | Sports / price=0.00-0.10 (n=12, roi=+0.53) | Sports / Soccer / FIFA World Cup (n=62, roi=+0.20)",
0x0d5f3020b3da232af2a29e0fe499e45e2a3a1171,sentinel-x,0.0029,False,roi_copy<=0;t<2.0;concurrency_p95>8;both_sides;drawdown;unstable_halves;history<90d,10500,6683,6673,9,76.2,0.1,-0.0034,-0.0477,-0.36,0.705,-0.0033,-0.0269,-0.002,-0.0048,0.2304,50.29,101.0,147,2.86,0.113,0.0,0.762,52460,0.227,0.003,0.043,0.0,0.012,0.0,0.0017,-0.0578,0.0935,True,Sports,"Sports / Baseball / type=spreads (n=140, roi=+0.23) | Sports / Baseball (n=497, roi=+0.07) | Sports / Baseball / MLB (n=497, roi=+0.07)","Sports / Baseball / type=spreads (n=140, roi=+0.23)"
0xa3c3c267b072f443cda9b2feee772047c1a513e3,malenkihren,0.0028,False,roi_copy<=0;t<2.0;concurrency_p95>8;low_liquidity;drawdown;unstable_halves,983,690,685,5,93.8,0.0,-0.0075,-0.0978,-0.17,0.477,0.011,-0.0086,-0.0128,-0.0022,0.4578,45.32,34.0,45,33.7,0.006,0.0,0.226,8995,0.004,0.0,0.0,0.0,0.018,0.0,0.0027,-0.043,0.0335,False,Sports,"Sports / Other sport / Madrid Daily Weather (n=33, roi=+0.30) | Sports / Other sport / pre (n=530, roi=+0.07) | Sports / Other sport / Shenzhen Daily Weather (n=14, roi=+0.36)","Sports / Other sport / Madrid Daily Weather (n=33, roi=+0.30)"
0x4cb32d03980b2219db46c4c0b154faa4dc3c9e69,marktips,0.0026,False,t<2.0;concurrency_p95>8;drawdown,135,119,105,14,158.2,0.1,0.0482,0.0154,0.5,0.543,0.0401,0.0479,0.0972,0.0001,0.1159,10.22,12.0,14,11.35,0.0,0.0,0.115,107481,0.0,0.0,0.0,0.0,0.078,0.0,0.0289,0.1063,0.0742,False,Esports,"Esports / Esports / type=map_handicap (n=23, roi=+0.30) | Esports / Esports / Valorant (n=50, roi=+0.09) | Esports / price=0.30-0.50 (n=26, roi=+0.12)",
0xf7dbb3d567fea98e1bf59538e1461f741eb0d23a,Brian88888,0.0025,segment,segment_only:t<2.0;segment_only:drawdown,313,207,203,4,111.1,0.1,0.0917,0.0061,1.21,0.571,0.0592,0.0772,0.0846,0.0987,0.1079,11.22,7.0,9,2.56,0.005,0.0,0.586,1098446,0.02,0.01,0.0,0.0,0.1,0.01,0.0222,0.2511,0.048,False,Sports,"Sports / Tennis / ATP (n=49, roi=+0.21) | Sports / Tennis / price=0.50-0.70 (n=48, roi=+0.22) | Sports / price=0.50-0.70 (n=100, roi=+0.13)","Sports / Tennis / ATP (n=49, roi=+0.21) | Sports / Tennis / price=0.50-0.70 (n=48, roi=+0.22)"
0x47ca4c9f76779b23e5858ba723f58feac40698cf,,0.0024,False,concurrency_p95>8;drawdown,3525,1189,1172,17,148.6,0.0,0.0375,0.0034,2.11,0.784,0.0413,0.0309,0.0591,0.0159,0.0491,12.92,40.0,45,6.25,0.026,0.018,0.382,66612,0.487,0.003,0.105,0.0,0.025,0.198,0.0245,-0.0179,-0.015,False,Crypto,"Esports / price=0.50-0.70 (n=44, roi=+0.17) | Esports / Esports / price=0.50-0.70 (n=44, roi=+0.17) | Sports / Soccer / pre (n=30, roi=+0.17)","Esports / price=0.50-0.70 (n=44, roi=+0.17) | Esports / Esports / price=0.50-0.70 (n=44, roi=+0.17) | Esports (n=390, roi=+0.04) | Esports / Esports (n=390, roi=+0.04) | Esports / price=0.70-0.90 (n=218, roi=+0.05) | Esports / Esports / price=0.70-0.90 (n=218, roi=+0.05)"
0xed2f6ba44a3fac9908a51b4f65c1df7b72105e19,tenet-bot,0.0023,False,roi_copy<=0;t<2.0;drawdown;unstable_halves;history<90d,748,506,503,3,68.7,0.0,-0.0187,-0.0165,-0.82,0.734,-0.029,-0.0182,-0.0138,-0.0236,-0.0987,14.79,5.0,7,1.4,0.029,0.0,0.878,166934,0.3,0.002,0.068,0.0,0.114,0.0,-0.0062,0.0428,0.0545,False,Sports,"Sports / Tennis / price=0.50-0.70 (n=103, roi=+0.03) | Sports / price=0.50-0.70 (n=104, roi=+0.02) | Sports / price=0.90-1.00 (n=150, roi=+0.01)",
0x1ca398b4627e086322ce5ecb2932f64c47d49613,autistocrat,0.0023,False,roi_copy<=0;t<2.0;drawdown;unstable_halves,2867,1518,1512,6,686.0,0.0,-0.0137,-0.0175,-0.79,0.628,-0.027,-0.0208,-0.0584,0.031,0.2162,48.05,8.0,11,1.91,0.066,0.0,0.866,366849,0.011,0.0,0.003,0.0,0.013,0.017,-0.0178,0.0233,0.0869,False,Sports,"Sports / Tennis / pre (n=85, roi=+0.09) | Sports / Soccer / ATP (n=21, roi=+0.17) | Esports / Esports / pre (n=62, roi=+0.07)",
0x202bfad58a443318304100bee82e8ad52dbebd32,bolinger-,0.0023,False,roi_copy<=0;t<2.0;concurrency_p95>8;drawdown;unstable_halves,2201,1334,1277,57,110.0,0.0,-0.0043,-0.107,-0.13,0.483,-0.0191,-0.0065,0.0361,-0.0445,-0.0144,53.13,52.0,62,3.0,0.033,0.001,0.636,390834,0.008,0.011,0.002,0.011,0.015,0.046,-0.0119,0.0117,-0.0639,False,Sports,"Sports / Soccer / type=soccer_exact_score (n=38, roi=+0.72) | Sports / Soccer / price=0.10-0.30 (n=63, roi=+0.30) | Sports / Soccer / pre (n=186, roi=+0.16)",
0xf6f2dc0dc941ee5440a017b03b8f1a37de6fb422,MathPsycho,0.0023,False,roi_copy<=0;t<2.0;concurrency_p95>8;drawdown;unstable_halves,1731,844,774,70,200.7,0.1,-0.0067,-0.0622,-0.22,0.481,-0.0229,-0.0081,-0.0435,0.0301,0.1208,45.18,65.0,73,3.2,0.089,0.0,0.624,835245,0.03,0.005,0.009,0.0,0.04,0.0,-0.0089,0.0101,0.0283,False,Sports,"Sports / Basketball / price=0.30-0.50 (n=46, roi=+0.20) | Sports / Basketball / NBA 2026 (n=127, roi=+0.08) | Sports / Tennis / price=0.30-0.50 (n=22, roi=+0.18)",
0xe18db03467d86bb90e7b1dd9fbf6236606cc460a,llfb28,0.0023,False,t<2.0;unstable_halves,167,105,104,1,241.0,0.1,0.0324,0.0265,0.53,0.712,-0.0089,0.0178,-0.0397,0.1045,0.0656,5.12,4.0,6,5.55,0.051,0.0,0.55,853772,0.135,0.0,0.021,0.0,0.114,0.0,-0.0085,0.0895,-0.0411,False,Esports,"Esports / Esports / live (n=46, roi=+0.13) | Esports / price=0.50-0.70 (n=37, roi=+0.09) | Esports / Esports / price=0.50-0.70 (n=37, roi=+0.09)",
0x0dbe4798a1719b1fc08cd3acc2369dd77c069013,brussssss,0.0022,False,roi_copy<=0;t<2.0;drawdown;unstable_halves,1427,900,894,6,218.3,0.1,-0.0049,-0.0898,-0.15,0.577,-0.0039,-0.0046,-0.0296,0.0197,-0.3098,40.26,8.0,12,3.4,0.01,0.056,0.416,66494,0.174,0.008,0.011,0.0,0.047,0.136,-0.002,-0.0012,-0.0655,False,Sports,"Sports / price=0.50-0.70 (n=189, roi=+0.09) | Sports / Soccer / price=0.50-0.70 (n=184, roi=+0.09) | Sports / Soccer / Primera División Argentina (n=142, roi=+0.08)",
0x3e43bfa5be2efe93a621bc17edc934095b100306,R2D2-Drakariuss,0.0022,False,t<2.0;concurrency_p95>8,464,426,424,2,101.8,0.1,0.0598,0.0045,1.49,0.726,0.0598,0.0529,0.1128,0.0067,0.0672,9.98,22.0,28,2.93,0.039,0.0,0.998,36185,0.127,0.0,0.041,0.0,0.08,0.0,0.0385,,-0.0119,False,Sports,"Sports / Other sport / price=0.30-0.50 (n=11, roi=+0.40) | Sports / price=0.50-0.70 (n=95, roi=+0.14) | Sports / Other sport / type=totals (n=23, roi=+0.27)",
0xba090375c3853e4c5d12e8e18b337971301cea86,Olympian,0.0022,False,t<2.0;concurrency_p95>8;low_liquidity;entries>=0.90;drawdown;unstable_halves,4021,2106,2100,6,222.6,0.0,0.0117,0.0112,1.17,0.808,0.0099,0.0076,0.0271,-0.0037,0.0097,19.43,24.0,37,9.61,0.014,0.011,0.944,13309,0.581,0.005,0.334,0.0,0.029,0.146,0.0119,0.0029,-0.0316,False,Sports,"Sports / Other sport / price=0.10-0.30 (n=35, roi=+0.30) | Sports / price=0.10-0.30 (n=36, roi=+0.30) | Sports / Other sport / Paris Daily Weather (n=49, roi=+0.12)",
0xe7b21ea565eaf4f6a7b67cb2903f4c8eb7619980,yyooss,0.0021,False,roi_copy<=0;t<2.0;concurrency_p95>8;drawdown;unstable_halves,2123,1421,1401,20,97.6,0.0,-0.0033,-0.1272,-0.1,0.459,-0.0171,0.0075,0.0558,-0.0622,0.3576,63.63,24.0,29,1.57,0.035,0.0,0.869,449547,0.003,0.046,0.003,0.014,0.019,0.001,-0.0045,0.0314,-0.0615,False,Sports,"Esports / price=0.00-0.10 (n=17, roi=+0.62) | Esports / Esports / price=0.00-0.10 (n=17, roi=+0.62) | Esports / Esports / live (n=303, roi=+0.08)",
0x3740f38cb19308b573d4cf550d1865e0f6f9a935,tiltedinv,0.0021,False,roi_copy<=0;t<2.0;drawdown;unstable_halves,3770,2131,2131,0,239.0,0.2,-0.0109,-0.0165,-0.77,0.725,-0.0092,-0.0168,-0.0032,-0.0185,0.1084,38.9,7.0,13,1.16,0.007,0.008,0.983,43843,0.145,0.002,0.012,0.0,0.023,0.042,-0.0062,-0.0037,0.0277,False,Sports,"Sports / Soccer / price=0.50-0.70 (n=503, roi=+0.04) | Sports / Soccer / Europa Conference League (n=111, roi=+0.07) | Sports / Other sport / type=totals (n=107, roi=+0.07)",
0x186dbb72669b9d1ef341c2edcb51a843bbf28bfe,Vittall,0.0021,False,t<2.0;concurrency_p95>8;hold<1h;sniping;short_crypto;drawdown;unstable_halves,1961,1828,1827,1,201.0,0.1,0.0145,0.0103,1.22,0.836,0.0075,0.0139,-0.0277,0.0566,0.0967,29.02,9.0,24,0.04,0.002,0.375,0.999,78038,0.493,0.004,0.058,0.0,0.01,0.574,0.009,0.1232,0.0455,False,Crypto,"Sports (n=779, roi=+0.07) | Sports / Other sport (n=779, roi=+0.07) | Sports / Other sport / type=binary (n=779, roi=+0.07)","Sports (n=779, roi=+0.07) | Sports / Other sport (n=779, roi=+0.07) | Sports / Other sport / type=binary (n=779, roi=+0.07) | Sports / Other sport / live (n=778, roi=+0.07) | Sports / price=0.70-0.90 (n=452, roi=+0.05) | Sports / Other sport / price=0.70-0.90 (n=452, roi=+0.05)"
0x125a399cc5cb7cf7cbe8f010a05f0ed673374f02,heyboy800,0.0019,False,roi_copy<=0;t<2.0;concurrency_p95>8;drawdown;unstable_halves;history<90d,1440,987,983,4,39.1,0.0,-0.0093,-0.0283,-0.4,0.681,0.0022,-0.0021,-0.0151,-0.0035,-0.0369,24.18,182.0,194,3.62,0.029,0.001,0.443,127869,0.167,0.003,0.003,0.0,0.032,0.07,-0.0068,-0.0721,0.0078,False,Sports,"Crypto / price=0.10-0.30 (n=10, roi=+0.38) | Crypto / Up/Down short / price=0.10-0.30 (n=10, roi=+0.38) | Sports / price=0.50-0.70 (n=369, roi=+0.05)",
0x53315ac71acac051e1cb892c355eee14d9b5f727,Yohan-Gone,0.0019,False,roi_copy<=0;t<2.0;concurrency_p95>8;drawdown;unstable_halves,2259,1629,1563,66,104.7,0.1,-0.0089,-0.021,-0.54,0.72,-0.0115,-0.0104,-0.0218,0.0039,-0.0502,32.86,68.0,78,2.5,0.008,0.028,0.929,68766,0.129,0.001,0.054,0.0,0.048,0.15,-0.0109,0.0051,-0.0389,False,Esports,"Sports / American Football / type=totals (n=18, roi=+0.23) | Sports / Soccer / pre (n=49, roi=+0.13) | Sports / Baseball / type=spreads (n=63, roi=+0.10)",
0x8ae599cc1fdeb17c95e2af00bd75a38034bd4f22,0xjames,0.0018,False,roi_copy<=0;t<2.0;concurrency_p95>8;drawdown;unstable_halves,2062,739,692,47,265.0,0.1,-0.0086,-0.0387,-0.28,0.652,-0.0196,-0.0066,-0.0583,0.0411,0.0844,34.16,55.0,62,4.92,0.01,0.001,0.321,98715,0.053,0.012,0.024,0.0,0.053,0.003,0.0075,0.0289,0.1522,False,Sports,"Sports / Soccer / UEFA Champions League 2025 (n=59, roi=+0.14) | Sports / Soccer / pre (n=358, roi=+0.04) | Sports / price=0.70-0.90 (n=215, roi=+0.05)","Sports / Soccer / UEFA Champions League 2025 (n=59, roi=+0.14)"
0x7ec7f01b53cdcbb966bee924c4b6222ad9172b6b,PinkBear,0.0018,False,roi_copy<=0;t<2.0;concurrency_p95>8;drawdown;unstable_halves,2099,1109,1059,50,266.3,0.1,-0.0061,-0.0392,-0.28,0.613,-0.0314,-0.0057,-0.0033,-0.009,0.0192,28.98,42.0,51,1.66,0.037,0.011,0.844,175737,0.021,0.006,0.0,0.0,0.046,0.293,-0.0089,0.013,-0.0219,False,Sports,"Other (n=35, roi=+0.29) | Other / ? (n=35, roi=+0.29) | Other / ? / ? (n=35, roi=+0.29)","Other (n=35, roi=+0.29) | Other / ? (n=35, roi=+0.29) | Other / ? / ? (n=35, roi=+0.29) | Other / ? / type=binary (n=35, roi=+0.29)"
0x9ce00d5693d2e131f82ea326993216d0f054830e,12138.,0.0017,False,roi_copy<=0;t<2.0;concurrency_p95>8;drawdown;unstable_halves,3121,1718,1706,12,337.5,0.1,-0.0036,-0.0524,-0.19,0.654,-0.0025,-0.0253,-0.0039,-0.0033,0.0234,36.21,10.0,14,3.42,0.058,0.001,0.685,468901,0.141,0.016,0.093,0.0,0.012,0.011,-0.0045,-0.0019,0.0693,False,Esports,"Sports / price=0.10-0.30 (n=19, roi=+0.48) | Sports / Soccer / price=0.10-0.30 (n=13, roi=+0.30) | Sports / Tennis / type=child_moneyline (n=25, roi=+0.20)",
0xd9476f80a7d12990b3a379b9173aa52fb07a7451,User.0xE,0.0015,False,roi_copy<=0;t<2.0;hold<1h;both_sides;drawdown;unstable_halves,668,173,172,1,176.3,0.0,-0.0108,-0.0427,-0.21,0.61,-0.0956,-0.0103,-0.1135,0.0919,0.1048,11.94,3.0,4,0.99,0.2,0.0,0.947,790110,0.052,0.0,0.022,0.0,0.139,0.0,-0.0506,0.0999,-0.055,False,Sports,"Sports / price=0.10-0.30 (n=13, roi=+0.05) | Sports / Soccer / price=0.10-0.30 (n=1, roi=+0.11) | Sports / price=0.70-0.90 (n=40, roi=+0.02)",
0xb86c9cc67f54e5f5d8a5d6f2a68a1a716c40b76f,,0.0015,False,roi_copy<=0;t<2.0;concurrency_p95>8;drawdown;unstable_halves,1010,699,585,114,156.6,0.0,-0.0109,-0.0227,-0.4,0.574,-0.0053,-0.0166,-0.0186,-0.0033,0.1922,16.02,99.0,114,4.36,0.019,0.0,0.262,473403,0.003,0.0,0.0,0.0,0.025,0.0,-0.0014,-0.0134,0.0476,False,Sports,"Sports / Soccer / price=0.50-0.70 (n=139, roi=+0.06) | Sports / Soccer / type=both_teams_to_score (n=17, roi=+0.15) | Sports / Soccer / pre (n=207, roi=+0.04)",
0x3801bcfa49d07b56aa8f152babb36c14b16d7013,,0.0014,False,roi_copy<=0;t<2.0;concurrency_p95>8;drawdown;unstable_halves,3403,969,967,2,135.8,0.0,-0.0175,-0.006,-1.41,0.675,-0.0096,-0.0406,-0.015,-0.02,0.0421,23.78,9.0,13,2.94,0.079,0.0,0.892,121090,0.396,0.001,0.348,0.004,0.012,0.0,-0.0081,-0.0087,0.0839,False,Sports,"Sports / price=0.10-0.30 (n=21, roi=+0.08) | Sports / Cricket / price=0.10-0.30 (n=5, roi=+0.14) | Sports / Cricket / live (n=39, roi=+0.05)",
0xa373b58561b3e6f4c875e4a01e382535175db6dc,desperatedescartes,0.0014,False,roi_copy<=0;t<2.0;concurrency_p95>8;drawdown;unstable_halves,1256,842,822,20,257.5,0.0,-0.0037,-0.0961,-0.09,0.474,-0.0036,-0.002,0.0492,-0.0567,-0.0851,38.51,17.0,22,6.58,0.002,0.0,0.228,123772,0.0,0.012,0.0,0.002,0.022,0.002,0.0003,-0.0027,0.0285,False,Sports,"Sports / Tennis / WTA (n=75, roi=+0.13) | Sports / Tennis / type=tennis_match_totals (n=29, roi=+0.20) | Sports / Tennis / price=0.50-0.70 (n=275, roi=+0.05)",
0xbebf0f282a06a4b9de180536ee15211f77c29bae,oracle91,0.0014,False,roi_copy<=0;t<2.0;concurrency_p95>8;both_sides;drawdown;unstable_halves,7392,2847,2786,58,231.6,0.1,-0.002,-0.1064,-0.08,0.469,-0.0203,-0.0009,-0.0325,0.0285,1.1786,68.19,68.0,90,8.35,0.148,0.001,0.32,193007,0.01,0.034,0.011,0.009,0.021,0.118,-0.0068,0.0257,-0.0133,False,Sports,"Sports / Soccer / price=0.00-0.10 (n=12, roi=+1.39) | Sports / Soccer / live (n=87, roi=+0.39) | Sports / Soccer / type=moneyline (n=207, roi=+0.23)",
0x6bc5d4869bc65e55eec9a1e46d69f2edeb6e33d3,mying,0.0013,False,t<2.0;concurrency_p95>8;low_liquidity;sniping;entries>=0.90;drawdown;unstable_halves,6268,3663,3662,1,651.9,0.0,0.0739,0.0074,1.07,0.916,0.0726,0.0024,-0.0213,0.1691,0.0372,46.7,58.0,91,3.94,0.009,0.117,0.505,6108,0.842,0.013,0.545,0.024,0.015,0.251,0.0084,0.0052,0.1512,False,Sports,"Sports / price=0.00-0.10 (n=27, roi=+5.88) | Sports / Other sport / price=0.00-0.10 (n=27, roi=+5.88) | Sports / Other sport / Beijing Daily Weather (n=94, roi=+2.22)","Crypto / Ethereum / Ethereum Multi Strikes Hourly (n=401, roi=+0.01) | Sports / Other sport / London Daily Lowest Temperature (n=35, roi=+0.04)"
0x6b04febadf67bbbb4a70c86bab5205732c89f792,fabinsemsussuu,0.0013,False,roi_copy<=0;t<2.0;concurrency_p95>8;drawdown;unstable_halves,1618,924,890,34,178.6,0.1,-0.0069,-0.0297,-0.27,0.627,-0.006,-0.0139,-0.061,0.0471,-0.1076,32.77,33.0,37,2.79,0.034,0.0,0.908,181775,0.021,0.002,0.003,0.0,0.018,0.0,0.0049,-0.0096,0.175,False,Esports,"Esports / price=0.50-0.70 (n=249, roi=+0.09) | Esports / Esports / price=0.50-0.70 (n=249, roi=+0.09) | Esports / Esports / League of Legends (n=525, roi=+0.03)",
0xe89c40c2f1ff49514e9235cb4cc892d83c179c72,nostrilboozie,0.0012,False,both_sides;drawdown,1698,1359,1358,1,115.5,0.0,0.1184,0.0012,3.58,0.584,0.1184,0.0693,0.1099,0.127,0.0267,12.53,7.0,12,1.27,0.13,0.0,0.982,272949,0.058,0.01,0.034,0.003,0.031,0.0,0.0509,,0.0046,False,Sports,"Sports (n=1358, roi=+0.12) | Sports / Soccer / live (n=103, roi=+0.43) | Sports / Soccer (n=105, roi=+0.42)","Sports (n=1358, roi=+0.12) | Sports / Soccer / live (n=103, roi=+0.43) | Sports / Soccer (n=105, roi=+0.42) | Sports / price=0.30-0.50 (n=410, roi=+0.19) | Sports / Soccer / type=moneyline (n=88, roi=+0.35) | Sports / Tennis (n=1179, roi=+0.09)"
0xaff9effcbebb93f065f8df88e6072e8345e98e3c,overwhelming,0.001,False,t<2.0;concurrency_p95>8;low_liquidity;hold<1h;sniping;entries>=0.90;short_crypto;drawdown;unstable_halves,10500,5545,5538,7,179.5,0.0,0.0011,0.0241,0.26,0.931,-0.0013,-0.0075,-0.0001,0.0023,0.1862,31.56,14.0,26,0.02,0.016,0.706,0.779,10431,0.86,0.003,0.255,0.034,0.034,0.814,-0.0004,0.0295,0.029,True,Crypto,"Sports / Other sport / Hong Kong Daily Lowest Temperature (n=142, roi=+0.08) | Sports / Other sport / price=0.30-0.50 (n=46, roi=+0.14) | Sports / price=0.30-0.50 (n=54, roi=+0.12)","Sports / Other sport / Hong Kong Daily Lowest Temperature (n=142, roi=+0.08)"
0x4a091a866a9a0d226c4bde1bb9dc5290aea9f868,retr0127,0.001,False,t<2.0,253,159,158,1,317.4,0.1,0.0409,0.0034,0.84,0.759,-0.009,0.034,0.0448,0.037,0.0298,4.24,3.0,4,1.99,0.013,0.0,0.865,846067,0.38,0.006,0.166,0.0,0.068,0.0,-0.0155,0.1195,-0.1566,False,Sports,"Sports / price=0.30-0.50 (n=16, roi=+0.22) | Sports (n=152, roi=+0.05) | Sports / Soccer (n=94, roi=+0.06)",
0x374e6ec4b01a41d68926c48d197365e65ece87c9,MundiArAl,0.001,False,roi_copy<=0;t<2.0;concurrency_p95>8;drawdown;unstable_halves,982,739,645,94,128.2,0.2,-0.0026,-0.1508,-0.04,0.447,0.0083,-0.0061,0.0143,-0.0194,0.3767,56.66,91.0,103,2.81,0.01,0.0,0.626,288637,0.017,0.014,0.003,0.048,0.029,0.017,-0.0198,-0.1718,-0.0521,False,Sports,"Sports / American Football / type=spreads (n=12, roi=+1.00) | Sports / Soccer / FIFA World Cup (n=168, roi=+0.23) | Sports / American Football / pre (n=16, roi=+0.73)",
0x3066b476d7597095e0a72aa07ad4b26ff6581e7b,NatureClaw,0.001,False,roi_copy<=0;t<2.0;concurrency_p95>8;low_liquidity;drawdown;unstable_halves,1774,858,848,10,232.5,0.2,-0.0016,-0.1435,-0.04,0.511,0.1035,-0.0195,-0.0588,0.0555,0.0348,45.64,45.0,58,35.63,0.01,0.001,0.204,12664,0.026,0.085,0.006,0.07,0.047,0.071,0.0424,-0.2486,0.1121,False,Sports,"Weather / Recurring / Ankara Daily Weather (n=19, roi=+0.41) | Politics / Tweet Markets / Elon Tweets 48H (n=31, roi=+0.30) | Sports / price=0.50-0.70 (n=75, roi=+0.16)","Sports / price=0.50-0.70 (n=75, roi=+0.16) | Sports / Other sport / pre (n=330, roi=+0.07) | Sports / Other sport / price=0.50-0.70 (n=70, roi=+0.16) | Sports / Other sport (n=404, roi=+0.06) | Sports / Other sport / type=binary (n=404, roi=+0.06)"
0x515d285a7d5065d0406db39f8626313502c80340,lightningbolts,0.001,False,concurrency_p95>8;both_sides;drawdown;history<90d,1669,1103,1101,2,79.9,0.0,0.1022,0.001,2.94,0.553,0.1022,0.0598,0.0832,0.1211,0.0071,18.8,12.0,20,3.14,0.293,0.0,0.985,173859,0.001,0.0,0.0,0.0,0.054,0.0,0.0455,,-0.0332,False,Esports,"Esports / Esports / League of Legends (n=932, roi=+0.13) | Esports (n=1061, roi=+0.11) | Esports / Esports (n=1061, roi=+0.11)","Esports / Esports / League of Legends (n=932, roi=+0.13) | Esports (n=1061, roi=+0.11) | Esports / Esports (n=1061, roi=+0.11) | Esports / Esports / live (n=1046, roi=+0.10) | Esports / Esports / type=child_moneyline (n=797, roi=+0.11) | Esports / price=0.50-0.70 (n=403, roi=+0.11)"
0xf794b68e97c230de47880a74611e826ae05aaba2,JohnyR,0.0009,False,roi_copy<=0;t<2.0;concurrency_p95>8;both_sides;top1_concentration;unstable_halves,197,83,78,5,298.9,0.0,-0.006,-0.1072,-0.05,0.679,-0.0017,-0.008,-0.1065,0.0946,-0.0544,4.8,10.0,14,27.83,0.123,0.0,0.284,32805,0.359,0.103,0.063,0.043,0.341,0.0,0.0142,-0.0195,-0.1908,False,Sports,"Sports / price=0.10-0.30 (n=4, roi=+0.24) | Sports / Other sport / price=0.10-0.30 (n=4, roi=+0.24) | Sports / Other sport / live (n=21, roi=+0.05)",
0x8e86bdda48cb1aacfdcbab4007e8a405ba4cf73b,Yorkie,0.0008,False,roi_copy<=0;t<2.0;concurrency_p95>8;low_liquidity;entries>=0.90;drawdown;unstable_halves,9031,3871,3864,7,704.9,0.2,-0.0156,-0.0019,-2.66,0.61,-0.009,-0.0163,-0.0247,-0.0065,-0.1499,90.74,117.0,176,11.57,0.02,0.0,0.995,9129,0.92,0.002,0.355,0.0,0.057,0.008,-0.0123,-0.008,0.0086,False,Sports,"Sports / price=0.10-0.30 (n=34, roi=+0.38) | Sports / Soccer / price=0.10-0.30 (n=9, roi=+0.40) | Sports / Soccer (n=17, roi=+0.26)","Sports / Other sport / Chicago Daily Weather (n=47, roi=+0.02) | Sports / Other sport / Milan Daily Weather (n=82, roi=+0.01) | Sports / Other sport / Panama Daily Weather (n=34, roi=+0.01)"
0xa9c3b5c37c2070849811acbef3e103866079367e,SINNERGOAT,0.0007,False,roi_copy<=0;t<2.0;low_liquidity;hold<1h;short_crypto;drawdown;unstable_halves;history<90d,229,201,200,1,22.9,0.1,-0.0032,-0.106,-0.04,0.615,-0.0139,-0.0146,-0.1489,0.1425,0.193,21.22,4.0,6,0.08,0.015,0.05,0.947,4434,0.135,0.015,0.01,0.0,0.211,0.905,0.0034,0.3568,0.2145,False,Crypto,"Crypto / price=0.30-0.50 (n=40, roi=+0.14) | Crypto / Up/Down short / price=0.30-0.50 (n=40, roi=+0.14) | Crypto / Up/Down short / DOGE Up or Down 5m (n=10, roi=+0.20)",
0xaa57cd0782fb4583206ce547379e6442db61a128,mpoly,0.0006,False,t<2.0;concurrency_p95>8;drawdown,10500,3625,3617,7,164.3,0.0,0.0094,0.002,0.88,0.708,0.0121,0.0089,0.0051,0.0137,0.0001,33.86,13.0,20,1.58,0.062,0.025,0.911,107955,0.137,0.001,0.061,0.0,0.031,0.324,0.007,-0.0062,-0.0175,True,Esports,"Esports / Esports / Counter Strike (n=421, roi=+0.05) | Esports / price=0.50-0.70 (n=555, roi=+0.04) | Esports / Esports / price=0.50-0.70 (n=555, roi=+0.04)",
0x24d006010c906376a11bea03d19e4280a62a6cba,trader-24d00601,0.0006,False,roi_copy<=0;t<2.0;concurrency_p95>8;hold<1h;both_sides;short_crypto;drawdown;unstable_halves;history<90d,2387,571,569,2,72.1,0.1,-0.0015,-0.1207,-0.03,0.533,-0.0174,-0.0292,0.0516,-0.0543,-0.1017,34.82,10.0,15,0.25,0.176,0.0,0.791,57073,0.185,0.018,0.01,0.002,0.074,0.591,-0.017,0.0384,0.1566,False,Crypto,"Crypto / price=0.00-0.10 (n=8, roi=+0.49) | Crypto / Up/Down short / price=0.00-0.10 (n=8, roi=+0.49) | Esports (n=97, roi=+0.11)","Esports / Esports / type=child_moneyline (n=44, roi=+0.14)"
0x81a821e19068639c0f13047e85d6a46187c59c69,sumsum84,0.0005,False,roi_copy<=0;t<2.0;drawdown;unstable_halves,1029,635,627,8,163.4,0.1,-0.0014,-0.0935,-0.03,0.525,0.0039,-0.0028,-0.0038,0.001,0.5361,35.51,8.0,12,5.27,0.011,0.0,0.293,193091,0.0,0.013,0.0,0.0,0.041,0.0,0.0126,-0.0329,-0.1144,False,Sports,"Sports / Soccer / live (n=134, roi=+0.14) | Sports / Soccer / UEFA Nations League (n=8, roi=+0.54) | Sports / Soccer / price=0.30-0.50 (n=110, roi=+0.13)",
0x502832c3648f40e763868f057d90b824829da526,Chilitrading,0.0004,False,t<2.0;concurrency_p95>8;low_liquidity;drawdown,3527,1930,1926,4,149.0,0.1,0.0254,0.0007,1.77,0.817,0.0219,0.0193,0.029,0.0218,-0.0395,26.7,16.0,26,9.0,0.006,0.0,0.989,10058,0.398,0.008,0.175,0.001,0.027,0.0,0.016,0.0062,-0.0054,False,Sports,"Sports / price=0.10-0.30 (n=45, roi=+0.27) | Sports / Other sport / price=0.10-0.30 (n=45, roi=+0.27) | Sports / Other sport / price=0.30-0.50 (n=89, roi=+0.13)",
0x8b3830f0046b7da2c4b5cb72ed199c63e22f52c8,redprofit,0.0004,False,t<2.0;concurrency_p95>8;low_liquidity;drawdown,2749,1432,1426,6,151.8,0.0,0.008,0.0032,0.33,0.79,0.0177,0.0134,0.0117,0.0043,-0.1328,22.69,26.0,40,18.56,0.01,0.0,0.495,12895,0.313,0.004,0.15,0.046,0.053,0.002,0.0062,-0.1201,-0.0423,False,Sports,"Sports / Soccer / Brazil Serie A (n=19, roi=+0.76) | Sports / price=0.00-0.10 (n=5, roi=+1.04) | Sports / Soccer / price=0.00-0.10 (n=5, roi=+1.04)","Esports / Esports / live (n=67, roi=+0.05)"
0x75b0f7404cc1c7eafed9fedd169e51805d5b63c6,drdoom21,0.0003,False,roi_copy<=0;t<2.0;concurrency_p95>8;entries>=0.90;drawdown;unstable_halves,1749,611,595,16,145.4,0.1,-0.0026,-0.0169,-0.12,0.795,0.0011,-0.026,-0.0329,0.0275,-0.1216,15.42,24.0,28,1.83,0.065,0.045,0.882,261612,0.602,0.029,0.457,0.007,0.054,0.072,-0.0071,-0.0053,0.0721,False,Sports,"Sports / Soccer / price=0.10-0.30 (n=17, roi=+0.25) | Sports / Soccer / La Liga 2025 (n=39, roi=+0.12) | Sports / price=0.10-0.30 (n=24, roi=+0.10)",
0x61f29212086993e6ae0f760cb41099af0159b592,jl223,0.0003,False,roi_copy<=0;t<2.0;concurrency_p95>8;both_sides;drawdown;unstable_halves,2128,1174,1159,15,113.7,0.0,-0.0002,-0.1732,-0.01,0.494,-0.0058,0.0328,0.1111,-0.1113,-0.0208,79.78,44.0,63,20.46,0.15,0.0,0.197,68176,0.016,0.066,0.004,0.034,0.029,0.007,0.0037,0.0069,0.0017,False,Sports,"Sports / Soccer / price=0.10-0.30 (n=127, roi=+0.16) | Esports / price=0.30-0.50 (n=57, roi=+0.19) | Sports / Soccer / type=moneyline (n=114, roi=+0.13)",
0x079a39f6d15ef5607ab19f27e75a06aa8a46d3df,Mohammad463,0.0003,segment,segment_only:t<2.0;segment_only:unstable_halves,1164,475,469,6,216.8,0.0,0.0037,0.0079,0.19,0.753,0.0393,-0.0249,0.0253,-0.0178,-0.0791,8.32,8.0,10,3.54,0.056,0.0,0.821,192025,0.362,0.019,0.193,0.004,0.046,0.002,0.0221,-0.0535,0.1009,False,Sports,"Sports / price=0.70-0.90 (n=132, roi=+0.06) | Sports / price=0.30-0.50 (n=41, roi=+0.10) | Sports / Soccer / Indian Premier League (n=97, roi=+0.06)","Sports / price=0.70-0.90 (n=132, roi=+0.06) | Sports / Soccer / Indian Premier League (n=97, roi=+0.06) | Sports / Soccer / price=0.70-0.90 (n=64, roi=+0.07)"
0x30a2b6d2aed5f54438d2c93dfe51450ccd6adeac,Delaylomoar,0.0003,False,roi_copy<=0;t<2.0;concurrency_p95>8;drawdown;unstable_halves,2861,1515,1496,19,611.1,0.1,-0.0032,-0.0082,-0.23,0.769,-0.002,-0.0174,0.0128,-0.0193,-0.0318,22.92,21.0,23,2.29,0.034,0.001,0.898,375424,0.303,0.003,0.123,0.0,0.008,0.017,0.0008,-0.0062,0.0689,False,Sports,"Sports / price=0.50-0.70 (n=144, roi=+0.10) | Sports / Tennis / League of Legends (n=52, roi=+0.11) | Sports / Tennis / price=0.30-0.50 (n=24, roi=+0.13)",
0x26f65d469bd2820cf752b8466d5f25cf4b559068,Jtcr,0.0003,False,t<2.0;drawdown;unstable_halves,146,113,112,1,104.4,0.2,0.0351,0.0038,0.42,0.616,0.0299,0.0237,-0.0221,0.0924,0.2801,10.28,4.0,6,4.59,0.0,0.0,0.205,9532219,0.009,0.009,0.006,0.0,0.041,0.0,0.0375,0.0728,0.2907,False,Sports,"Sports / price=0.50-0.70 (n=53, roi=+0.14) | Sports / Soccer / price=0.50-0.70 (n=53, roi=+0.14) | Sports / Soccer / UEFA Nations League (n=21, roi=+0.20)",
0x3e936185379215831e2e59ac3f3b4ff86f7eeb10,learner68,0.0002,False,t<2.0;concurrency_p95>8;drawdown;unstable_halves,810,560,557,3,168.5,0.2,0.0023,0.0119,0.12,0.792,0.013,-0.0096,0.0337,-0.029,0.0155,12.53,14.0,18,3.59,0.02,0.002,0.796,336434,0.4,0.016,0.252,0.003,0.024,0.014,0.0101,-0.0445,0.0124,False,Sports,"Sports / Tennis / price=0.70-0.90 (n=72, roi=+0.06) | Sports / price=0.70-0.90 (n=131, roi=+0.04) | Crypto (n=15, roi=+0.11)",
0xaaa82fa3d56076ffe81e05cfe37c9eb243147ea2,0xaaa82fA3D56076fFe81e05CFE37C9eb243147EA2-1760927208514,0.0001,False,roi_copy<=0;t<2.0;drawdown;unstable_halves,2142,774,773,1,324.1,0.1,-0.0005,-0.0165,-0.03,0.617,-0.0,-0.0155,-0.0179,0.0169,0.0577,16.88,6.0,9,4.66,0.071,0.0,0.475,2222183,0.136,0.005,0.238,0.0,0.023,0.0,-0.003,-0.0019,0.0459,False,Sports,"Sports / Basketball / pre (n=358, roi=+0.04) | Sports / Basketball / price=0.10-0.30 (n=48, roi=+0.05) | Sports / price=0.90-1.00 (n=105, roi=+0.03)",
0x4b259c22c38ccbedfb3e8f41d780a3d14b57d045,lai80,0.0001,False,t<2.0;concurrency_p95>8;drawdown;unstable_halves,4402,1433,1413,20,157.7,0.0,0.0014,0.0055,0.11,0.715,-0.0718,-0.0322,-0.0207,0.0233,-0.0842,22.58,19.0,28,3.24,0.099,0.002,0.556,264170,0.12,0.012,0.038,0.017,0.012,0.029,-0.0307,0.0878,0.0979,False,Sports,"Sports / Tennis / Wimbledon (n=96, roi=+0.05) | Sports / Soccer / type=moneyline (n=78, roi=+0.04) | Sports / Soccer / pre (n=54, roi=+0.05)",
0x59388224c37c08cb742d1b00bf6b0632150d7788,ccwwcc,0.0001,False,roi_copy<=0;t<2.0;concurrency_p95>8;low_liquidity;drawdown;unstable_halves,6119,2559,2554,5,159.7,0.0,-0.0004,-0.0881,-0.01,0.67,0.0016,-0.0323,-0.0649,0.0641,-0.0393,100.67,19.0,38,3.12,0.053,0.015,0.946,10819,0.461,0.078,0.231,0.15,0.048,0.082,0.0077,-0.0018,0.1582,False,Sports,"Sports / Other sport / Tel Aviv Daily Lowest Temperature (n=1, roi=+2.33) | Sports / Other sport / pre (n=74, roi=+0.15) | Sports / Soccer (n=99, roi=+0.10)","Sports / Other sport / Busan Daily Weather (n=52, roi=+0.07)"
0xd353c5971f18b51941a1d29ffdc2e63ca7fcf6ac,Gold.Mansacks,0.0001,False,roi_copy<=0;t<2.0;concurrency_p95>8;drawdown;unstable_halves,725,468,442,26,1094.1,0.2,-0.0007,-0.088,-0.01,0.545,-0.0188,-0.0149,-0.0721,0.0707,-0.1322,28.38,24.0,33,28.88,0.011,0.0,0.144,474912,0.027,0.032,0.015,0.003,0.043,0.011,0.013,0.1193,0.1343,False,Sports,"Sports / MMA/Boxing / pre (n=182, roi=+0.12) | Sports / MMA/Boxing / ? (n=84, roi=+0.16) | Sports / price=0.30-0.50 (n=77, roi=+0.15)","Crypto (n=70, roi=+0.14)"
0xc69bd5567b40ef4d11922eaa57e1f9be1c642076,vtcchampion52,0,False,closed<50,10500,1,0,1,0.1,0.0,,,,,,,,,,,,,,,,,,,,,,,,,,,True,,,
0x83de84d8de7dff01bb4a866e966ca6c9ed1b89c6,0x83de84d8dE7DfF01BB4a866E966cA6c9ED1b89c6-1783015758176,-0.0,False,t<2.0;concurrency_p95>8;drawdown;unstable_halves;history<90d,5710,810,807,2,58.3,0.0,0.0018,-0.0024,0.1,0.747,0.0185,-0.0339,0.0324,-0.0287,0.0735,17.97,13.0,21,2.33,0.027,0.0,0.908,53412,0.309,0.001,0.118,0.0,0.046,0.0,0.0077,-0.0215,0.1745,False,Sports,"Sports / Tennis / price=0.30-0.50 (n=27, roi=+0.23) | Sports / Tennis / WTA (n=84, roi=+0.09) | Sports / Tennis (n=299, roi=+0.05)",
0x746295855be6f49fe2da2accd69ea34b3cf23ac3,0x746295855BE6F49fE2DA2AcCD69eA34b3Cf23Ac3-1762436472554,0.0,False,roi_copy<=0;t<2.0;concurrency_p95>8;both_sides;drawdown;unstable_halves;history<90d,10500,3368,3347,20,58.7,0.0,-0.0001,-0.0983,-0.0,0.562,-0.0001,-0.0194,-0.0208,0.0206,0.0836,84.91,30.0,41,2.05,0.188,0.0,0.94,88687,0.036,0.009,0.022,0.004,0.022,0.0,0.0043,,0.0417,True,Sports,"Sports / Tennis / price=0.30-0.50 (n=334, roi=+0.11) | Sports / price=0.30-0.50 (n=383, roi=+0.09) | Sports / Tennis / type=tennis_set_handicap (n=79, roi=+0.19)",
0xa0855414549d6f5d83d0dc6dcc2827c68e127fcc,shad2z,0.0,False,roi_copy<=0;t<2.0;concurrency_p95>8;drawdown;unstable_halves,1769,1309,1180,129,261.4,0.0,-0.0002,-0.1121,-0.0,0.562,-0.0224,-0.0053,-0.0064,0.0061,-0.1037,43.06,125.0,131,5.19,0.028,0.0,0.376,640213,0.067,0.013,0.034,0.008,0.01,0.002,-0.0139,0.0398,-0.0037,False,Esports,"Esports / price=0.00-0.10 (n=9, roi=+0.90) | Esports / Esports / price=0.00-0.10 (n=9, roi=+0.90) | Esports / Esports / League of Legends (n=329, roi=+0.07)",
0x1d6986879d8c87c7b409526e304e834807bf7a63,ga4p,-0.0,False,closed<50;roi_copy<=0;t<2.0;unstable_halves,10500,1,1,0,182.7,0.0,-1.0,-1.0,0.0,0.0,-1.0,-1.0,0.0,-1.0,-1.0,1.0,1.0,1,4.82,0.0,0.0,,1610728,0.0,1.0,0.0,0.0,0.0,0.0,-0.001,,,True,Sports,"Sports (n=1, roi=-1.00) | Sports / invitational (n=1, roi=-1.00) | Sports / invitational / ? (n=1, roi=-1.00)",
0x28bcb32f3e3fa53e25ad3a92ab96642d729fc1b8,,0.0,False,roi_copy<=0;t<2.0;concurrency_p95>8;low_liquidity;drawdown;unstable_halves,3829,1599,1589,10,129.6,0.0,-0.0001,-0.1712,-0.0,0.5,0.0297,-0.0051,-0.0431,0.0429,-0.0072,58.38,54.0,71,46.07,0.048,0.0,0.0,9973,0.018,0.038,0.009,0.013,0.166,0.004,0.0127,-0.1399,0.0252,False,Sports,"Sports / Other sport / Atlanta Daily Weather (n=24, roi=+0.77) | Sports / Other sport / Busan Daily Weather (n=22, roi=+0.34) | Sports / Other sport / London Daily Weather (n=21, roi=+0.31)",
0x4efb33a87b0f79c0faad86d67da3b007bf454be4,0x4Efb33a87b0f79C0FaAD86D67DA3b007bf454be4-1784638106845,0,False,closed<50,282,0,0,0,73.6,0.0,,,,,,,,,,,,,,,,,,,,,,,,,,,False,,,
0x208ba9acdf696a6b4b5b7bd2aa5bddf98c26f13e,0x208ba9aCdF696A6B4b5B7BD2aA5BddF98C26F13e-1772223425530,-0.0001,False,t<2.0;concurrency_p95>8;low_liquidity;sniping;entries>=0.90;unstable_halves,301,176,164,12,199.2,0.0,0.01,-0.0021,0.22,0.78,0.0166,0.0095,-0.0248,0.0448,0.005,5.62,11.0,13,4.26,0.024,0.128,0.303,5639,0.524,0.024,0.173,0.0,0.089,0.22,0.023,-0.0204,0.0192,False,Sports,"Sports / price=0.50-0.70 (n=36, roi=+0.10) | Sports (n=96, roi=+0.05) | Sports / Other sport / pre (n=19, roi=+0.10)",
0xfe979bbfb0f14be3c5bc7ba5ba4ee5f8089a361e,0xfe979BbFB0f14be3C5Bc7bA5bA4eE5f8089A361e-1782923434871,-0.0001,False,roi_copy<=0;t<2.0;concurrency_p95>8;drawdown;unstable_halves,1889,797,758,39,93.4,0.0,-0.0006,0.0123,-0.04,0.747,0.0011,-0.0088,0.0012,-0.0024,-0.097,10.99,38.0,41,1.59,0.07,0.0,0.918,397979,0.413,0.0,0.16,0.0,0.069,0.0,0.0022,-0.0048,0.0035,False,Esports,"Esports / Esports / Dota 2 (n=98, roi=+0.06) | Sports / price=0.50-0.70 (n=30, roi=+0.07) | Sports / Tennis / type=moneyline (n=88, roi=+0.04)","Esports / Esports / Dota 2 (n=98, roi=+0.06)"
0x39c9dbf52ecd2bade3bc551a153dae94a6d3611b,cito10,-0.0001,False,t<2.0;unstable_halves,79,55,51,4,159.1,0.2,0.0779,-0.0008,0.52,0.529,0.1311,0.069,0.206,-0.0453,-0.0808,4.43,4.0,4,5.1,0.0,0.0,0.227,290424,0.0,0.0,0.0,0.0,0.152,0.137,0.0082,-0.1292,-0.0466,False,Sports,"Sports / Soccer / type=moneyline (n=39, roi=+0.10) | Sports / price=0.10-0.30 (n=4, roi=+0.29) | Sports / Soccer / price=0.10-0.30 (n=4, roi=+0.29)",
0xdb708045854f5b4754e9fa6004c106019d1452c0,Vprasetio84,-0.0002,False,t<2.0;concurrency_p95>8;drawdown;unstable_halves,1935,1304,1293,10,150.4,0.0,0.0008,-0.033,0.03,0.566,-0.0052,-0.0068,0.0115,-0.0099,-0.1623,19.77,25.0,29,2.35,0.065,0.0,0.816,284966,0.001,0.013,0.0,0.002,0.03,0.0,0.0055,0.0214,-0.0008,False,Sports,"Sports / Other sport / live (n=79, roi=+0.17) | Sports / Tennis / price=0.50-0.70 (n=361, roi=+0.07) | Sports / Other sport (n=87, roi=+0.14)","Sports / Other sport / live (n=79, roi=+0.17)"
0xc2cfe466722f195c05e3a92797fe309ef38b65fd,AlgoTiresia,-0.0002,False,roi_copy<=0;t<2.0;concurrency_p95>8;low_liquidity;entries>=0.90;drawdown;unstable_halves,6736,6065,6063,2,209.1,0.1,-0.0016,0.0037,-0.36,0.918,-0.0005,-0.0022,-0.0082,0.0051,-0.0262,58.68,65.0,97,3.24,0.002,0.0,0.992,4417,0.882,0.002,0.559,0.0,0.032,0.091,0.0026,-0.0461,0.0136,False,Sports,"Sports / price=0.70-0.90 (n=93, roi=+0.05) | Sports / Soccer / MLS 2025 (n=308, roi=+0.03) | Sports / price=0.50-0.70 (n=21, roi=+0.10)","Sports / Soccer / MLS 2025 (n=308, roi=+0.03) | Sports / Other sport / Serie B (n=121, roi=+0.02) | Sports / Soccer / Primera A (n=74, roi=+0.02) | Sports / Other sport / Süper Lig 2025 (n=65, roi=+0.02) | Sports / Soccer / League One (n=63, roi=+0.02) | Sports / Other sport / Ligue 2 (n=52, roi=+0.02)"
0xd8e91af4aa955eb33284837ab8c7a3696963fd2d,trader.wu,-0.0003,False,roi_copy<=0;t<2.0;concurrency_p95>8;entries>=0.90;drawdown;unstable_halves,3074,1602,1585,17,299.1,0.0,-0.0064,0.0028,-0.54,0.833,-0.0075,-0.0152,-0.0175,0.0046,0.0313,34.09,16.0,21,3.15,0.052,0.023,0.857,335900,0.594,0.006,0.334,0.012,0.041,0.073,-0.0041,0.0016,0.0069,False,Sports,"Sports / price=0.00-0.10 (n=5, roi=+0.34) | Sports / Basketball / price=0.00-0.10 (n=5, roi=+0.34) | Sports / Soccer / FIFA World Cup (n=19, roi=+0.15)","Sports / Soccer / live (n=76, roi=+0.05) | Sports / Soccer / type=moneyline (n=84, roi=+0.05)"
0x16d94d682aaeb4d51cfe355a035f7031e25ffab9,frroschi,-0.0003,False,roi_copy<=0;t<2.0;concurrency_p95>8;low_liquidity;drawdown;unstable_halves,3861,3277,3273,4,229.8,0.0,-0.0012,0.0146,-0.12,0.711,0.0107,-0.0018,0.0059,-0.0083,-0.1623,30.7,27.0,38,18.61,0.0,0.0,0.998,8977,0.037,0.001,0.018,0.0,0.016,0.002,0.0068,-0.0727,0.0205,False,Sports,"Sports / Other sport / Ankara Daily Weather (n=88, roi=+0.10) | Sports / Other sport / Shanghai Daily Weather (n=104, roi=+0.07) | Sports / Other sport / Busan Daily Weather (n=92, roi=+0.07)","Sports / Other sport / Ankara Daily Weather (n=88, roi=+0.10)"
0x012d83ceb6b39b7431284d6dde0be72350019db6,0x012D83ceB6B39b7431284d6DDe0BE72350019dB6-1766507110243,-0.0004,False,roi_copy<=0;t<2.0;concurrency_p95>8;drawdown;unstable_halves,10500,3184,3161,23,167.6,0.0,-0.0152,0.0011,-2.02,0.711,-0.0098,0.009,-0.0189,-0.0116,-0.1816,50.08,27.0,36,4.59,0.019,0.052,0.179,80633,0.231,0.002,0.06,0.0,0.008,0.227,-0.0036,-0.0079,-0.0441,True,Sports,"Crypto / price=0.50-0.70 (n=54, roi=+0.10) | Crypto / Up/Down short / price=0.50-0.70 (n=54, roi=+0.10) | Sports / Soccer / pre (n=461, roi=+0.02)","Crypto / price=0.50-0.70 (n=54, roi=+0.10)"
0x6c5c741e4c83317d0c5da11c11b167821bda91fc,Mastergreen,-0.0004,False,t<2.0;concurrency_p95>8;drawdown;unstable_halves,2177,1550,1485,65,103.5,0.0,0.0008,-0.0745,0.03,0.49,-0.0042,-0.001,-0.0425,0.0441,0.0352,60.26,54.0,66,2.63,0.012,0.0,0.792,181390,0.003,0.003,0.002,0.0,0.014,0.0,-0.0013,-0.006,-0.0547,False,Sports,"Sports / Tennis / ATP (n=457, roi=+0.07) | Other (n=10, roi=+0.34) | Other / ? (n=10, roi=+0.34)",
0x16915bf4ffa5d58978303f6cde1861b7f686f891,Maniaxj,-0.0004,False,t<2.0;drawdown;unstable_halves,1655,884,880,4,216.1,0.0,0.0026,-0.0289,0.09,0.615,0.0085,-0.0018,0.0186,-0.0134,-0.0682,26.18,7.0,9,2.95,0.081,0.0,0.61,732791,0.039,0.001,0.01,0.003,0.012,0.025,-0.0007,-0.009,0.0517,False,Sports,"Sports / Soccer / live (n=45, roi=+0.12) | Sports / Soccer / Premier League 2025 (n=47, roi=+0.09) | Sports / Soccer / type=moneyline (n=77, roi=+0.07)",
0xd1fcac3ce866357f0f60fd67f0ad61a6404847ee,Drbogus,-0.0004,False,t<2.0;drawdown;unstable_halves,1728,777,774,3,341.2,0.1,0.0012,-0.0635,0.04,0.641,-0.0024,-0.0457,0.0314,-0.029,-0.2506,23.89,5.0,8,2.59,0.042,0.0,0.826,972004,0.151,0.013,0.148,0.0,0.02,0.0,-0.0015,0.0053,0.1082,False,Sports,"Sports / price=0.10-0.30 (n=64, roi=+0.17) | Sports / Tennis / WTA (n=72, roi=+0.11) | Sports / American Football / live (n=83, roi=+0.10)",
0x56307c17d1ec9048e1747811fd9ef032c3f86ca8,milliondream,-0.0005,False,t<2.0;concurrency_p95>8;drawdown;unstable_halves,2250,829,813,16,350.0,0.0,0.0222,-0.0031,0.97,0.617,0.0405,0.0165,0.0471,-0.0026,0.0877,11.87,17.0,23,3.61,0.073,0.0,0.577,77373,0.025,0.009,0.019,0.0,0.031,0.011,0.0198,-0.0331,0.0432,False,Sports,"Sports / price=0.10-0.30 (n=24, roi=+0.30) | Sports / Other sport / pre (n=68, roi=+0.15) | Sports / Soccer / type=moneyline (n=183, roi=+0.08)","Sports / Other sport / pre (n=68, roi=+0.15)"
0xc820df5b69b54d4419003a435e858886973349de,0xC820DF5b69B54D4419003a435E858886973349de-1782417826260,-0.0005,False,t<2.0;concurrency_p95>8;drawdown;unstable_halves,1566,694,693,1,99.3,0.1,0.0368,-0.0023,1.21,0.662,0.0646,0.038,0.0752,-0.0014,0.5735,26.08,13.0,18,2.44,0.033,0.0,0.809,50422,0.055,0.029,0.067,0.007,0.014,0.0,0.0249,-0.0336,-0.0679,False,Sports,"Sports / Basketball / WNBA (n=139, roi=+0.13) | Sports / Basketball / live (n=130, roi=+0.12) | Sports / Soccer / FIFA World Cup (n=115, roi=+0.12)",
0xc88978fdfa8c8ba29f71a10b9c88a6ad81aea87f,Liquid.Smoke,-0.0005,False,t<2.0;drawdown,482,328,324,4,312.1,0.1,0.0566,-0.0015,1.06,0.583,0.0422,0.0579,0.0148,0.0984,0.4799,10.63,7.0,9,3.92,0.019,0.0,0.473,656481,0.003,0.006,0.007,0.0,0.028,0.0,0.0287,0.1088,0.0044,False,Esports,"Esports / Esports / live (n=139, roi=+0.09) | Sports (n=42, roi=+0.15) | Sports / Soccer (n=42, roi=+0.15)",
0xd1e0c0db26fb636fb557704f05f7cd8ae4148913,DjPonyboots,-0.0006,segment,segment_only:t<2.0;segment_only:drawdown,274,243,242,1,732.2,0.0,0.0155,-0.0067,0.27,0.583,0.0155,0.0156,0.0235,0.0076,-0.4388,14.16,5.0,7,7.38,0.0,0.0,0.004,1275366,0.0,0.004,0.0,0.0,0.016,0.0,0.0037,,-0.1006,False,Sports,"Sports / Basketball / price=0.50-0.70 (n=43, roi=+0.19) | Sports / Basketball / NBA 2026 (n=62, roi=+0.15) | Sports / Basketball / pre (n=67, roi=+0.13)","Sports / Basketball / price=0.50-0.70 (n=43, roi=+0.19) | Sports / Basketball / NBA 2026 (n=62, roi=+0.15)"
0xd5fb39de571efc903bd70b4bba4ea5600cdcb01b,takeaim,-0.0006,False,t<2.0;drawdown;unstable_halves,417,219,218,1,150.3,0.0,0.0022,-0.1215,0.03,0.427,0.0233,-0.0171,0.049,-0.0447,-0.0775,12.06,7.0,9,4.06,0.038,0.0,0.75,65789,0.005,0.023,0.0,0.0,0.061,0.0,0.0023,-0.0574,-0.0869,False,Sports,"Sports / price=0.10-0.30 (n=39, roi=+0.13) | Sports / Other sport / price=0.10-0.30 (n=39, roi=+0.13) | Sports (n=113, roi=+0.04)",
0x492442eab586f242b53bda933fd5de859c8a3782,0x492442EaB586F242B53bDa933fD5dE859c8A3782-1766317541188,-0.0007,False,t<2.0;concurrency_p95>8;drawdown;unstable_halves,7989,1711,1710,1,284.2,0.0,0.0079,-0.0126,0.32,0.498,0.0079,-0.0136,-0.0201,0.0359,0.1242,60.61,26.0,38,5.55,0.008,0.0,0.014,428717,0.001,0.0,0.0,0.0,0.004,0.0,0.0043,-0.0007,0.014,False,Sports,"Sports / price=0.30-0.50 (n=852, roi=+0.05) | Sports / Hockey / price=0.50-0.70 (n=103, roi=+0.14) | Sports / Basketball / NBA 2026 (n=887, roi=+0.05)",
0xadc9fc32fba150c2495568a4d19acc0010b8c6c5,0xadC9Fc32fBA150C2495568A4d19Acc0010b8C6C5-1772027540718,-0.0009,False,t<2.0;concurrency_p95>8;unstable_halves,210,136,125,11,217.8,0.1,0.089,-0.0055,0.95,0.536,0.0126,0.0873,0.1892,-0.0097,0.04,8.75,13.0,15,3.69,0.062,0.0,0.562,516988,0.0,0.048,0.0,0.0,0.067,0.0,0.0318,0.253,0.0075,False,Sports,"Politics (n=9, roi=+0.28) | Sports / price=0.70-0.90 (n=22, roi=+0.16) | Sports / American Football / type=moneyline (n=14, roi=+0.20)",
0x2465e0eb9743a7156575ccc65aad331359185d84,updowduke,-0.0011,False,roi_copy<=0;t<2.0;concurrency_p95>8;drawdown;unstable_halves,3318,2093,2079,13,156.8,0.1,-0.0156,0.0048,-1.41,0.675,-0.0148,-0.0151,0.0052,-0.0363,-0.0201,43.32,15.0,23,2.06,0.01,0.0,0.966,415115,0.001,0.002,0.0,0.003,0.074,0.0,-0.0106,0.0014,-0.0204,False,Sports,"Sports / Tennis / price=0.70-0.90 (n=50, roi=+0.07) | Sports / Tennis (n=105, roi=+0.05) | Sports / Tennis / League of Legends (n=105, roi=+0.05)",
0x8874fdd3a53293379cd84aec94989df5f9c10b31,asd1234567,-0.0011,False,t<2.0;concurrency_p95>8;unstable_halves,207,126,122,4,468.5,0.0,0.0617,-0.0103,0.66,0.525,0.0685,0.0659,-0.0001,0.1234,-0.176,8.57,9.0,10,6.41,0.087,0.016,0.261,166107,0.016,0.008,0.0,0.0,0.054,0.205,0.0287,-0.0379,0.0821,False,Sports,"Sports / American Football (n=39, roi=+0.17) | Sports (n=89, roi=+0.11) | Sports / American Football / pre (n=27, roi=+0.19)",
0x91d81e3d1c84e86e74d369443c866a3939521c0b,Freedom2026-2027,-0.0011,False,t<2.0;concurrency_p95>8;drawdown;history<90d,1217,640,636,4,72.8,0.1,0.0072,-0.0116,0.29,0.656,0.0383,-0.0059,0.0009,0.0134,-0.1698,12.28,9.0,12,1.12,0.036,0.006,0.93,31908,0.179,0.019,0.127,0.0,0.019,0.392,0.0317,-0.0648,0.0693,False,Sports,"Sports / price=0.30-0.50 (n=19, roi=+0.22) | Sports / price=0.50-0.70 (n=64, roi=+0.09) | Sports (n=301, roi=+0.04)",
0x68b695136d475ca38ac5c8046b03fcba902999b4,farmer112,-0.0014,False,concurrency_p95>8;both_sides;drawdown;history<90d,1054,926,922,4,70.8,0.0,0.1421,-0.0014,3.21,0.557,0.1421,0.1161,0.1368,0.1474,-0.021,18.03,9.0,14,1.41,0.117,0.0,0.988,194402,0.034,0.015,0.006,0.008,0.049,0.0,0.0454,,-0.0233,False,Sports,"Sports / price=0.10-0.30 (n=147, roi=+0.41) | Sports (n=922, roi=+0.14) | Sports / Tennis / price=0.10-0.30 (n=127, roi=+0.32)","Sports / price=0.10-0.30 (n=147, roi=+0.41) | Sports (n=922, roi=+0.14) | Sports / Tennis / live (n=828, roi=+0.11) | Sports / Tennis (n=839, roi=+0.11) | Sports / Tennis / type=moneyline (n=839, roi=+0.11) | Sports / Soccer (n=48, roi=+0.44)"
0x14b85e2043689fd53d9a8ae78077da582f0481a9,Triple777,-0.0014,False,t<2.0;concurrency_p95>8;drawdown;unstable_halves,956,475,447,28,469.5,0.0,0.0144,-0.0207,0.4,0.611,0.0029,0.0185,-0.0229,0.0515,-0.0173,22.66,48.0,53,11.13,0.013,0.0,0.402,139540,0.056,0.027,0.01,0.004,0.031,0.065,0.0238,0.0435,-0.0363,False,Sports,"Sports / Soccer / UEFA Nations League (n=62, roi=+0.13) | Esports / Esports / live (n=9, roi=+0.25) | Sports / Soccer / price=0.50-0.70 (n=72, roi=+0.07)","Sports / Soccer / UEFA Nations League (n=62, roi=+0.13)"
0xabe0fa58c2c1e363d915c51fdaa322054eee5adb,BETSANGANOU,-0.0014,False,t<2.0;both_sides;drawdown;unstable_halves,3022,1512,1508,4,236.1,0.2,0.004,-0.0394,0.22,0.546,0.028,-0.0027,-0.0092,0.0173,-0.0353,31.14,8.0,12,2.31,0.114,0.001,0.721,378318,0.069,0.015,0.035,0.001,0.031,0.117,0.0175,-0.0305,0.0193,False,Sports,"Sports / Tennis / pre (n=103, roi=+0.14) | Sports / Tennis / price=0.10-0.30 (n=21, roi=+0.24) | Crypto / price=0.10-0.30 (n=26, roi=+0.18)",
0xb9568986734aa69450e868185191baba6c4dcd6b,Saka-17,-0.0014,False,t<2.0;drawdown;unstable_halves,285,162,153,9,174.7,0.0,0.0622,-0.0109,0.75,0.569,0.0679,0.0525,0.2392,-0.1125,-0.1726,17.17,7.0,9,3.25,0.075,0.007,0.628,1995108,0.026,0.02,0.009,0.022,0.055,0.098,0.0204,-0.0095,-0.3062,False,Sports,"Sports / Soccer / type=moneyline (n=98, roi=+0.13) | Sports / Soccer / Indian Premier League (n=59, roi=+0.16) | Sports / price=0.10-0.30 (n=11, roi=+0.34)",
0x71d3858e4f934c6bda65b202e7e27803c57c0e33,KangJuds,-0.0014,False,t<2.0;concurrency_p95>8;drawdown;unstable_halves,1236,750,742,8,102.8,0.1,0.004,-0.0784,0.11,0.528,0.0105,-0.0025,0.0405,-0.0324,-0.1214,26.34,13.0,23,3.04,0.064,0.0,0.803,259515,0.022,0.004,0.007,0.017,0.019,0.022,0.0034,-0.0151,-0.0524,False,Esports,"Esports / Esports / League of Legends (n=148, roi=+0.07) | Esports / Esports / type=moneyline (n=148, roi=+0.05) | Esports / price=0.00-0.10 (n=2, roi=+0.42)",
0xca43a3788795a7aaa868af4e034dd31107fbb369,Upto100k,-0.0015,False,t<2.0;concurrency_p95>8;hold<1h;sniping;short_crypto;drawdown;unstable_halves,8407,4032,3883,149,554.5,0.0,0.0029,-0.0917,0.1,0.671,-0.0094,-0.0149,0.0156,-0.0097,-0.1172,66.01,146.0,160,0.08,0.073,0.152,0.643,79472,0.287,0.018,0.066,0.008,0.023,0.672,-0.0119,0.0234,-0.0203,False,Crypto,"Crypto / Up/Down short / price=0.00-0.10 (n=45, roi=+1.27) | Crypto / price=0.00-0.10 (n=48, roi=+1.17) | Crypto / Up/Down short / BTC Up or Down Hourly (n=126, roi=+0.68)",
0x2b13ed3f8e08a89729414b1ad5c189363247fe3b,Kamaz.cem,-0.0015,False,t<2.0;concurrency_p95>8;low_liquidity;drawdown,373,309,299,10,198.4,0.0,0.1528,-0.0024,1.85,0.548,0.1359,0.1435,0.2364,0.0696,-0.0456,13.04,16.0,23,2.64,0.051,0.0,0.967,17255,0.0,0.007,0.0,0.12,0.079,0.0,0.038,0.42,0.1586,False,Sports,"Sports (n=185, roi=+0.22) | Sports / Basketball / NCAA CBB (n=16, roi=+0.64) | Sports / Basketball (n=21, roi=+0.53)","Sports (n=185, roi=+0.22) | Sports / price=0.50-0.70 (n=77, roi=+0.19)"
0x14cf56ed9148256684bea6b91c8daca539cdd8d2,MarchingGiant,-0.0015,False,roi_copy<=0;t<2.0;hold<1h;drawdown;unstable_halves,1615,989,984,5,125.8,0.1,-0.009,0.0125,-0.71,0.834,-0.0097,-0.01,-0.0256,0.0077,0.0542,17.11,5.0,7,0.99,0.013,0.039,0.936,157581,0.482,0.003,0.359,0.0,0.027,0.154,-0.006,0.0035,-0.0071,False,Sports,"Sports / Tennis / price=0.50-0.70 (n=51, roi=+0.07) | Sports / price=0.50-0.70 (n=64, roi=+0.04) | Sports / Soccer / WTA (n=31, roi=+0.04)",
0x5cf8a13aed7d6c1a8f8d1df4a6cc9d1709261586,,-0.0015,False,t<2.0;concurrency_p95>8;drawdown;unstable_halves,1498,904,885,19,110.5,0.1,0.0071,-0.0387,0.23,0.533,0.0066,0.0054,-0.0278,0.0419,-0.0122,34.45,15.0,25,4.65,0.011,0.0,0.403,254972,0.007,0.006,0.007,0.0,0.014,0.008,-0.0021,0.0009,-0.0484,False,Sports,"Sports / price=0.30-0.50 (n=105, roi=+0.15) | Esports / Esports / type=moneyline (n=89, roi=+0.08) | Esports / price=0.30-0.50 (n=59, roi=+0.10)",
0x43cd857bdcbfd34bc4427690a21984b71b02cc1b,hoffmann63,-0.0015,False,t<2.0;concurrency_p95>8;unstable_halves,261,206,157,49,105.7,0.1,0.0178,-0.0341,0.27,0.694,0.0388,0.0167,-0.0307,0.0657,0.2135,9.61,43.0,49,2.79,0.0,0.006,0.66,916080,0.14,0.006,0.056,0.0,0.058,0.032,0.0234,-0.4118,-0.058,False,Sports,"Sports / Soccer / type=moneyline (n=43, roi=+0.15) | Sports / Soccer / live (n=51, roi=+0.09) | Sports (n=145, roi=+0.04)",
0xc5dbdeb9d7b057e9bcc0fa874940ea5cd529b42d,JN7-236,-0.0015,False,roi_copy<=0;t<2.0;concurrency_p95>8;sniping;entries>=0.90;drawdown;unstable_halves,5702,3224,3220,4,668.4,0.1,-0.0053,0.0138,-0.64,0.886,-0.0056,-0.0173,0.0004,-0.0111,0.1005,29.83,10.0,18,2.83,0.017,0.125,0.856,132961,0.655,0.001,0.301,0.0,0.107,0.184,-0.0072,0.0007,0.018,False,Sports,"Esports / Esports / Valorant (n=52, roi=+0.23) | Esports / Esports / type=moneyline (n=335, roi=+0.05) | Esports / price=0.00-0.10 (n=1, roi=+0.82)","Sports / Tennis / type=moneyline (n=356, roi=+0.04) | Sports / Tennis / pre (n=80, roi=+0.06) | Sports / Basketball / pre (n=66, roi=+0.06) | Sports / Hockey / price=0.70-0.90 (n=33, roi=+0.08)"
0x01ced860d8dca5d7987579d2a2635df8520d27a2,CreamCream1215,-0.0016,False,concurrency_p95>8;both_sides;drawdown,6490,1216,1205,11,194.0,0.0,0.2883,-0.0016,4.8,0.476,0.2552,0.0675,0.3089,0.2677,0.0691,18.68,14.0,19,14.65,0.109,0.008,0.696,37048,0.047,0.134,0.018,0.083,0.016,0.12,0.0386,0.0474,0.3954,False,Sports,"Sports / price=0.00-0.10 (n=150, roi=+0.97) | Sports / Other sport / price=0.00-0.10 (n=150, roi=+0.97) | Sports / Other sport (n=1033, roi=+0.36)","Sports / price=0.00-0.10 (n=150, roi=+0.97) | Sports / Other sport / price=0.00-0.10 (n=150, roi=+0.97) | Sports / Other sport (n=1033, roi=+0.36) | Sports / Other sport / type=binary (n=1033, roi=+0.36) | Sports (n=1034, roi=+0.36) | Sports / Other sport / live (n=719, roi=+0.41)"
0x6a8bf15249a2e7386cbe71a6e9b94fd0fa2bfd9d,light.t,-0.0016,False,t<2.0;concurrency_p95>8;unstable_halves,92,56,52,4,711.4,0.1,0.0188,-0.063,0.15,0.635,-0.0017,0.011,-0.058,0.0956,0.0873,5.68,12.0,14,546.72,0.018,0.0,,1181258,0.231,0.038,0.087,0.0,0.202,0.0,0.0385,0.082,0.0757,False,Politics,"Business (n=24, roi=+0.06) | Business / price=0.30-0.50 (n=3, roi=+0.15) | Business / Macro Jobs (n=1, roi=+0.16)",
0x7fe3113e54b7692b880461ecee520090293c6580,qwertyuioppp,-0.0016,False,t<2.0;concurrency_p95>8;low_liquidity;entries>=0.90;drawdown;unstable_halves,645,384,383,1,181.8,0.0,0.0266,-0.0134,0.73,0.781,0.0281,0.0264,-0.0578,0.1107,0.0588,13.17,15.0,20,2.9,0.005,0.003,0.677,4705,0.533,0.003,0.021,0.0,0.057,0.0,0.0126,-0.0441,-0.102,False,Sports,"Sports / American Football / type=totals (n=98, roi=+0.18) | Sports / American Football / price=0.30-0.50 (n=68, roi=+0.22) | Sports / American Football / pre (n=82, roi=+0.20)","Sports / Baseball / NPB (n=37, roi=+0.01)"
0xb77e5976ada3b768834d3be6afbbf075a67a2ac6,cdicicco-bot2,-0.0016,False,roi_copy<=0;t<2.0;concurrency_p95>8;entries>=0.90;drawdown;unstable_halves,4552,2361,2359,2,94.3,0.0,-0.0066,0.0106,-0.93,0.703,-0.0071,-0.0198,-0.0032,-0.0101,-0.0151,33.01,11.0,31,1.08,0.061,0.0,0.989,237301,0.59,0.004,0.375,0.005,0.008,0.0,-0.0077,0.0014,0.0616,False,Sports,"Sports / Tennis / Wimbledon (n=23, roi=+0.23) | Sports / Tennis / price=0.10-0.30 (n=5, roi=+0.27) | Sports / Tennis / price=0.30-0.50 (n=7, roi=+0.19)",
0x73e83485b8e20b70c53c27bef8ba4c62575dcd6f,betabot,-0.0016,False,t<2.0;concurrency_p95>8;drawdown;unstable_halves,1048,943,933,10,198.9,0.1,0.01,-0.0313,0.31,0.559,0.0079,0.0074,-0.0128,0.0327,-0.0629,22.4,11.0,19,9.64,0.021,0.0,0.02,35399,0.063,0.013,0.002,0.0,0.011,0.0,0.0042,0.9917,-0.0321,False,Sports,"Sports / price=0.30-0.50 (n=191, roi=+0.14) | Sports / Basketball / price=0.30-0.50 (n=41, roi=+0.29) | Sports / Basketball / type=assists (n=84, roi=+0.17)","Sports / Basketball / price=0.30-0.50 (n=41, roi=+0.29) | Sports / Basketball / type=assists (n=84, roi=+0.17)"
0xf6ced7761deb6c5e48a2fdbf637150dda8eb3f1d,blackguy6929,-0.0017,False,t<2.0;concurrency_p95>8;both_sides;drawdown;unstable_halves;history<90d,3235,1330,1283,47,73.9,0.1,0.0056,-0.0332,0.3,0.475,-0.0046,-0.0237,0.0166,-0.0055,-0.0535,23.46,48.0,58,2.83,0.104,0.0,0.902,172073,0.038,0.006,0.045,0.0,0.052,0.034,0.0031,0.0156,0.045,False,Esports,"Esports / Esports / type=moneyline (n=330, roi=+0.06) | Esports / price=0.10-0.30 (n=53, roi=+0.13) | Esports / Esports / price=0.10-0.30 (n=53, roi=+0.13)",
0x3758bdeb3667170333016132b00556a8ad5e5c70,123mohan,-0.0018,False,t<2.0;hold<1h;sniping,1247,631,630,1,181.5,0.0,0.023,-0.0051,1.04,0.741,-0.0141,0.0048,0.0323,0.0136,0.1139,9.69,5.0,9,0.11,0.087,0.173,0.958,74794,0.427,0.027,0.182,0.037,0.038,0.498,0.009,0.0779,0.0876,False,Crypto,"Sports / Other sport / price=0.10-0.30 (n=24, roi=+0.24) | Sports / price=0.10-0.30 (n=34, roi=+0.19) | Sports / Other sport / Elon Tweets 48H (n=88, roi=+0.11)",
0x9534cf9c9692bfe14a75f468ad37962b1aec1fe8,ThreeAxes,-0.0019,segment,segment_only:t<2.0;segment_only:drawdown;segment_only:unstable_halves,739,293,291,2,357.3,0.0,0.0147,-0.0473,0.24,0.533,0.0152,0.0105,0.1128,-0.0827,-0.047,23.22,7.0,12,13.97,0.003,0.0,0.003,1193633,0.01,0.0,0.004,0.0,0.058,0.0,0.0155,-0.072,0.0738,False,Sports,"Sports / Basketball / price=0.50-0.70 (n=32, roi=+0.28) | Sports / Hockey / price=0.30-0.50 (n=28, roi=+0.21) | Sports / price=0.30-0.50 (n=113, roi=+0.10)","Sports / Basketball / price=0.50-0.70 (n=32, roi=+0.28)"
0x6600984f97a9f0f896ac6a9fd8a65990ff10d5fd,.Luffy,-0.0019,False,t<2.0;concurrency_p95>8;drawdown;unstable_halves,1010,960,951,9,228.4,0.1,0.0284,-0.0126,0.89,0.55,0.0314,0.0284,0.0685,-0.0117,-0.2153,22.93,14.0,22,4.03,0.013,0.001,0.365,266568,0.006,0.001,0.0,0.0,0.014,0.014,0.0163,-0.1123,0.1188,False,Sports,"Sports / Soccer / price=0.30-0.50 (n=123, roi=+0.21) | Sports / Soccer / pre (n=261, roi=+0.13) | Sports / Soccer / FIFA World Cup (n=82, roi=+0.22)","Sports / Soccer / price=0.30-0.50 (n=123, roi=+0.21) | Sports / Soccer / pre (n=261, roi=+0.13) | Sports / Soccer / FIFA World Cup (n=82, roi=+0.22) | Esports / price=0.70-0.90 (n=40, roi=+0.21) | Esports / Esports / price=0.70-0.90 (n=40, roi=+0.21)"
0xb797b232669124adcf99659d4a90fb26f4a31cf3,,-0.002,False,t<2.0;concurrency_p95>8;drawdown;unstable_halves;history<90d,1138,745,724,21,79.5,0.0,0.0063,-0.0739,0.16,0.506,0.003,-0.0074,0.0323,-0.0197,-0.202,22.03,13.0,21,4.38,0.025,0.0,0.478,142043,0.012,0.017,0.009,0.0,0.012,0.0,0.0003,0.0091,-0.0049,False,Sports,"Sports / Soccer / price=0.10-0.30 (n=20, roi=+0.35) | Esports / price=0.10-0.30 (n=16, roi=+0.38) | Esports / Esports / price=0.10-0.30 (n=16, roi=+0.38)",
0xb817f81d312c422487d7df8bcdc5ce9f19d4bdc7,Farwa0621,-0.002,False,t<2.0;concurrency_p95>8;drawdown;unstable_halves,1035,539,515,24,208.1,0.0,0.0053,-0.1215,0.1,0.449,-0.0342,0.0087,-0.0092,0.0198,0.2617,23.1,15.0,26,1.94,0.031,0.006,0.592,30623,0.017,0.047,0.001,0.001,0.119,0.324,-0.0044,0.0233,0.1223,False,Sports,"Sports / price=0.10-0.30 (n=90, roi=+0.21) | Sports / Basketball / pre (n=20, roi=+0.43) | Crypto / price=0.30-0.50 (n=49, roi=+0.24)","Crypto / price=0.30-0.50 (n=49, roi=+0.24)"
0x157a9092b8e6335ecf5fed98b310d7efbface4a3,Andersson11,-0.0021,False,t<2.0;concurrency_p95>8;drawdown,704,673,660,13,257.7,0.1,0.0073,-0.0314,0.2,0.565,0.0063,0.0089,0.0016,0.0131,-0.0355,25.92,13.0,20,11.64,0.0,0.0,0.125,30963,0.003,0.003,0.0,0.0,0.013,0.002,0.0028,0.098,0.0612,False,Sports,"Sports / Soccer / live (n=82, roi=+0.15) | Sports / Soccer / type=spreads (n=52, roi=+0.19) | Sports / price=0.10-0.30 (n=14, roi=+0.23)","Sports / Soccer / type=spreads (n=52, roi=+0.19)"
0xbbac81bb1c0e3ec89ea86f1067ecdbb93bc838d0,josephsmithlds,-0.0023,False,t<2.0;drawdown;unstable_halves;history<90d,1058,540,539,1,85.8,0.0,0.0198,-0.0306,0.46,0.731,0.0301,0.0197,0.0403,-0.0006,0.0487,16.91,3.0,5,1.35,0.008,0.002,0.623,46614,0.336,0.011,0.216,0.006,0.024,0.143,0.0126,-0.0157,-0.0755,False,Sports,"Crypto (n=77, roi=+0.24) | Crypto / Up/Down short (n=77, roi=+0.24) | Crypto / Up/Down short / BTC Up or Down 5m (n=77, roi=+0.24)","Sports / American Football (n=41, roi=+0.08)"
0x60d7b76cd1e231a2c4053a55949049e47e53e874,Aurthermorgon9263,-0.0023,False,t<2.0;concurrency_p95>8;drawdown;unstable_halves,1311,671,646,25,208.3,0.0,0.0084,-0.1995,0.07,0.491,-0.0593,0.0109,0.0456,-0.0289,-0.034,74.08,24.0,26,2.63,0.055,0.006,0.836,118612,0.087,0.193,0.044,0.05,0.029,0.022,0.0045,0.0861,-0.0906,False,Sports,"Sports / Soccer / La Liga 2025 (n=20, roi=+1.92) | Sports / Soccer / price=0.00-0.10 (n=13, roi=+1.98) | Sports / Soccer / live (n=151, roi=+0.45)",
0xa6e6d6ecf658d8e1207c9c838081d93963a2d5b8,nukecoin-,-0.0023,False,t<2.0;concurrency_p95>8;unstable_halves,195,88,80,8,144.3,0.2,0.1287,-0.0184,0.74,0.7,0.1047,0.1152,-0.0992,0.3567,0.4899,5.54,11.0,13,92.15,0.06,0.0,0.32,1641762,0.287,0.05,0.24,0.168,0.19,0.05,0.0207,0.0505,-0.2128,False,Politics,"Politics / Iran (n=26, roi=+0.37) | Politics (n=36, roi=+0.25) | Politics / Iran / where US-Iran meeting (n=2, roi=+0.68)",
0x3013200f89314aa9553638fb7ac307e266f8e5b2,0x3013200F89314aa9553638fb7Ac307E266f8e5B2-1733427557963,-0.0024,False,t<2.0;concurrency_p95>8;drawdown;unstable_halves,2134,811,783,27,650.3,0.0,0.0057,-0.1112,0.13,0.438,-0.0044,0.0083,0.0242,-0.0128,0.1456,28.83,26.0,29,2.97,0.031,0.0,0.725,618249,0.008,0.026,0.0,0.004,0.017,0.001,0.0059,-0.0044,-0.0594,False,Sports,"Sports / Soccer / type=moneyline (n=135, roi=+0.16) | Sports / Tennis / pre (n=85, roi=+0.15) | Sports / Basketball / live (n=24, roi=+0.26)",
0x300b4292912c123066a380a344b505b0f353f636,digitalnomad85,-0.0024,False,t<2.0;concurrency_p95>8;drawdown,1514,940,854,86,191.1,0.2,0.039,-0.0061,1.17,0.563,0.0115,0.0295,0.0369,0.0412,0.0817,14.26,86.0,92,5.15,0.008,0.0,0.296,529664,0.006,0.008,0.001,0.001,0.015,0.001,0.008,0.0155,0.0897,False,Sports,"Other (n=16, roi=+0.54) | Other / ? (n=16, roi=+0.54) | Other / ? / ? (n=16, roi=+0.54)","Sports / Soccer / type=totals (n=39, roi=+0.23)"
0x82e79f4f417e009b8a64679472a184d7d701c61c,0x82e79f4f417e009B8A64679472a184d7d701c61C-1770060808709,-0.0026,False,roi_copy<=0;t<2.0;concurrency_p95>8;drawdown;unstable_halves,10500,3874,3852,21,185.4,0.0,-0.0106,0.0083,-1.88,0.697,-0.0226,-0.0298,-0.0159,-0.0054,-0.0452,44.72,35.0,48,3.46,0.039,0.0,0.635,187834,0.327,0.001,0.103,0.0,0.018,0.0,-0.0162,0.0143,0.0434,True,Sports,"Sports / Soccer / FIFA World Cup (n=286, roi=+0.02) | Sports / Basketball / live (n=32, roi=+0.06) | Sports / Basketball / price=0.70-0.90 (n=22, roi=+0.08)",
0xf8f70265b9d937a83729f4224d0ead0f340c9817,foyd,-0.0027,False,t<2.0;concurrency_p95>8;drawdown,2156,1976,1950,25,224.4,0.0,0.0338,-0.0051,1.57,0.573,0.0303,0.0338,0.0304,0.0373,-0.21,18.87,31.0,40,9.68,0.026,0.0,0.022,158024,0.021,0.002,0.004,0.0,0.005,0.012,0.0239,0.1137,-0.0042,False,Sports,"Esports / Esports / pre (n=909, roi=+0.06) | Esports / Esports (n=912, roi=+0.06) | Esports (n=914, roi=+0.06)","Esports / Esports / pre (n=909, roi=+0.06) | Sports / price=0.70-0.90 (n=90, roi=+0.15) | Sports / Soccer / price=0.70-0.90 (n=34, roi=+0.16)"
0x9cb990f1862568a63d8601efeebe0304225c32f2,jtwyslljy,-0.0028,False,t<2.0;concurrency_p95>8;drawdown;unstable_halves,5682,2591,2575,15,516.6,0.0,0.0027,-0.1698,0.1,0.421,-0.0043,0.0124,0.0399,-0.0345,0.0557,92.49,18.0,31,4.81,0.079,0.0,0.422,808166,0.013,0.046,0.001,0.003,0.019,0.0,0.0063,0.0399,0.0228,False,Sports,"Sports / Basketball / price=0.10-0.30 (n=111, roi=+0.48) | Sports / price=0.10-0.30 (n=545, roi=+0.12) | Sports / Basketball / NBA 2026 (n=243, roi=+0.16)","Sports / Tennis / price=0.50-0.70 (n=197, roi=+0.14)"
0x2f578e983bfce63208b317f36d531e7af9483e7a,EmperorCS2,-0.0028,False,t<2.0;concurrency_p95>8;drawdown;unstable_halves,4935,2527,2518,9,319.5,0.0,0.0072,-0.0335,0.5,0.559,0.0086,0.0047,0.0227,-0.0084,0.0391,44.19,9.0,12,2.71,0.059,0.0,0.76,238401,0.042,0.005,0.024,0.0,0.015,0.004,0.0106,-0.0017,0.0103,False,Sports,"Esports / Esports / type=moneyline (n=399, roi=+0.12) | Esports / price=0.10-0.30 (n=57, roi=+0.20) | Esports / Esports / price=0.10-0.30 (n=57, roi=+0.20)","Esports / Esports / type=moneyline (n=399, roi=+0.12)"
0x744c072005bde6ddab8764a7477f61d3d22ae37f,Egozic86,-0.0029,False,t<2.0;concurrency_p95>8;drawdown;unstable_halves,1493,735,720,15,862.1,0.2,0.012,-0.0438,0.4,0.69,0.0118,0.0027,0.0261,-0.0021,-0.147,13.66,29.0,36,2.93,0.006,0.008,0.766,96100,0.322,0.019,0.091,0.0,0.047,0.299,0.0182,0.0021,0.0185,False,Crypto,"Crypto / Up/Down short / price=0.30-0.50 (n=49, roi=+0.27) | Crypto / price=0.30-0.50 (n=77, roi=+0.20) | Sports / price=0.10-0.30 (n=15, roi=+0.26)","Sports / price=0.70-0.90 (n=73, roi=+0.09)"
0xb8c085752d40f126e0e4c1b3cdffa27451cb18c1,GodOfPredictions,-0.0029,False,t<2.0;concurrency_p95>8;drawdown;unstable_halves;history<90d,994,607,604,3,63.4,0.0,0.0152,-0.0389,0.44,0.525,0.0106,0.0154,-0.0327,0.0632,0.2688,22.21,12.0,18,4.7,0.0,0.0,0.042,138345,0.005,0.003,0.001,0.0,0.021,0.012,0.0071,0.0087,-0.0057,False,Sports,"Esports (n=83, roi=+0.14) | Esports / Esports (n=83, roi=+0.14) | Esports / price=0.30-0.50 (n=26, roi=+0.19)",
0x9973c36c6ad4626daff6d7d09b63c0ff297b6e40,weather001,-0.0029,False,t<2.0;concurrency_p95>8;low_liquidity;drawdown;unstable_halves,1874,1008,1006,2,325.9,0.1,0.0069,-0.076,0.23,0.63,-0.0136,0.0068,0.015,-0.0012,-0.0531,20.74,46.0,60,4.86,0.008,0.001,0.846,19345,0.25,0.019,0.068,0.027,0.027,0.316,0.0001,0.0274,-0.1481,False,Sports,"Sports / Other sport / price=0.30-0.50 (n=91, roi=+0.12) | Sports / price=0.30-0.50 (n=98, roi=+0.10) | Other (n=3, roi=+0.52)",
0x973525161879fe8b4583b0f3f54fb3d9aff5db39,ASDF1268,-0.0029,False,t<2.0;concurrency_p95>8;drawdown;unstable_halves;history<90d,1315,993,968,20,64.2,0.1,0.0162,-0.0316,0.56,0.587,0.0192,0.0163,0.0417,-0.0092,-0.0279,17.79,47.0,55,6.65,0.093,0.0,0.182,182584,0.01,0.0,0.001,0.0,0.015,0.0,0.0134,-0.0276,-0.0286,False,Sports,"Sports / Soccer / price=0.50-0.70 (n=184, roi=+0.09) | Sports / Soccer / live (n=69, roi=+0.13) | Sports / Tennis / type=moneyline (n=184, roi=+0.08)",
0xa6e5266c7ba6fc4503f50ef10c3247a14d337949,jssanshi,-0.003,False,t<2.0;concurrency_p95>8;drawdown;unstable_halves;history<90d,1102,855,850,5,50.6,0.0,0.009,-0.0614,0.29,0.627,0.0231,0.0053,0.023,-0.005,0.0352,19.78,9.0,14,1.02,0.02,0.056,0.851,61309,0.196,0.015,0.079,0.0,0.029,0.386,0.016,-0.1164,0.1062,False,Sports,"Crypto / price=0.30-0.50 (n=47, roi=+0.21) | Crypto / Up/Down short / price=0.30-0.50 (n=47, roi=+0.21) | Sports / Tennis / live (n=277, roi=+0.07)",
0x6546ac09271889f1aaaca804b33a2e7914f804e1,0x6546ac09271889F1AAAca804B33a2e7914f804e1-1782215351516,-0.003,False,t<2.0;concurrency_p95>8;low_liquidity;drawdown;unstable_halves;history<90d,10500,572,560,12,47.8,0.0,0.0234,-0.0389,0.46,0.436,0.0234,-0.017,-0.0696,0.1165,-0.1265,35.84,36.0,39,57.66,0.0,0.0,0.138,8443,0.0,0.0,0.0,0.0,0.026,0.0,0.0033,,0.0278,True,Sports,"Sports / Other sport / live (n=77, roi=+0.21) | Sports / price=0.10-0.30 (n=19, roi=+0.35) | Sports / Other sport / price=0.10-0.30 (n=19, roi=+0.35)",
0x1d1ade627d0bb0205758580b20d808573e720df6,Pwaddler,-0.003,False,t<2.0;concurrency_p95>8;drawdown;unstable_halves,1030,643,634,9,317.6,0.1,0.0208,-0.0373,0.49,0.514,0.0193,0.0178,-0.0346,0.0763,0.0983,40.49,9.0,16,6.52,0.013,0.0,0.14,314490,0.006,0.008,0.0,0.0,0.031,0.0,0.0078,0.9592,0.0315,False,Sports,"Sports / American Football / NFL 2025 (n=101, roi=+0.11) | Sports / Soccer / live (n=31, roi=+0.19) | Sports / Soccer / price=0.50-0.70 (n=37, roi=+0.16)",
0xd81e5bc01e4a98d0af93d82dc2c542a4c0f9e3d0,beet420,-0.003,False,t<2.0;concurrency_p95>8;drawdown;unstable_halves,1733,904,900,4,147.2,0.2,0.0122,-0.0665,0.27,0.527,0.0122,0.009,-0.0135,0.0378,0.0789,34.56,26.0,35,9.7,0.027,0.0,0.047,93741,0.054,0.027,0.001,0.0,0.097,0.0,0.0164,-0.0001,-0.0413,False,Sports,"Sports / Soccer / type=totals (n=24, roi=+0.58) | Sports / Baseball / type=spreads (n=55, roi=+0.26) | Sports / Soccer / price=0.00-0.10 (n=11, roi=+0.55)","Sports / Baseball / type=spreads (n=55, roi=+0.26)"
0xfc0b1518ba70d17e2a35eb289cc8271a866ca782,0xFc0b1518BA70D17e2A35EB289CC8271a866Ca782-1775218074668,-0.003,False,t<2.0;concurrency_p95>8;low_liquidity;drawdown;unstable_halves,6971,1657,1650,7,173.0,0.1,0.0038,-0.2233,0.08,0.334,-0.0209,-0.1024,-0.0339,0.0415,-0.4246,76.16,21.0,36,18.08,0.0,0.0,0.676,9681,0.001,0.215,0.0,0.26,0.04,0.0,0.0033,0.0305,0.2066,False,Sports,"Sports / Other sport / Shanghai Daily Weather (n=314, roi=+0.14) | Sports / price=0.00-0.10 (n=354, roi=+0.13) | Sports / Other sport / price=0.00-0.10 (n=354, roi=+0.13)",
0x78e134b50ebce53898ae552c075d83202f327337,sms-exec-1,-0.0031,False,t<2.0;concurrency_p95>8;low_liquidity;drawdown;unstable_halves,989,913,903,10,109.6,0.2,0.0055,-0.1526,0.12,0.482,0.009,0.0047,0.0215,-0.0105,0.1638,28.65,32.0,36,4.12,0.001,0.0,0.034,19444,0.022,0.021,0.002,0.004,0.027,0.001,-0.0001,-0.2353,0.0211,False,Sports,"Sports / Soccer / Primera A (n=61, roi=+0.44) | Sports / price=0.30-0.50 (n=207, roi=+0.15) | Sports / Soccer / price=0.10-0.30 (n=176, roi=+0.15)","Sports / Soccer / Primera A (n=61, roi=+0.44)"
0x335130d21de5bee3e4cf38dd4d6dc0df4da44e2d,0x335130d21de5BEe3e4cF38Dd4D6dc0DF4da44E2d-1762054911518,-0.0031,False,t<2.0;drawdown,603,372,371,1,335.0,0.0,0.0254,-0.0179,0.52,0.577,0.0292,0.0199,0.0445,0.0065,-0.1138,16.58,5.0,8,3.29,0.011,0.003,0.719,643060,0.097,0.003,0.01,0.0,0.028,0.049,0.0169,-0.0073,0.0046,False,Esports,"Esports / Esports / type=child_moneyline (n=104, roi=+0.12) | Esports / price=0.30-0.50 (n=82, roi=+0.10) | Esports / Esports / price=0.30-0.50 (n=82, roi=+0.10)",
0x9b90dca83a4d8d4e0cee2a5230e9203e609f5fb9,,-0.0032,False,t<2.0;drawdown;unstable_halves,169,106,106,0,157.9,0.2,0.066,-0.0355,0.54,0.462,0.075,0.0546,0.1709,-0.0389,-0.1698,11.09,3.0,4,4.5,0.0,0.0,0.415,575331,0.0,0.0,0.0,0.0,0.096,0.0,0.0029,-0.1913,-0.2388,False,Sports,"Sports / price=0.10-0.30 (n=12, roi=+0.53) | Sports / Tennis / ATP (n=67, roi=+0.20) | Sports / Tennis (n=70, roi=+0.16)",
0x77c2e776f91ec5bcb7225c421078a094824ab4ec,ArismithGoldstein,-0.0032,False,t<2.0;concurrency_p95>8;drawdown;unstable_halves,174,101,87,14,92.4,0.2,0.0235,-0.1051,0.18,0.494,0.0249,0.0371,0.0715,-0.0234,0.0649,17.85,14.0,16,7.95,0.031,0.0,0.259,302998,0.011,0.08,0.0,0.0,0.177,0.011,0.0382,-0.0091,0.2585,False,Esports,"Esports / price=0.30-0.50 (n=22, roi=+0.21) | Esports / Esports / price=0.30-0.50 (n=22, roi=+0.21) | Esports / Esports / type=totals (n=12, roi=+0.23)",
0xf11f4faa83907f2433b2b0726dba245006597f34,0xF11F4FAA83907F2433b2b0726DbA245006597F34-1781231621823,-0.0033,False,t<2.0;both_sides;unstable_halves,383,85,81,4,112.9,0.1,0.0402,-0.06,0.33,0.469,0.0037,0.1185,0.1116,-0.0296,-0.1987,7.64,5.0,6,5.77,0.328,0.0,0.387,1016062,0.0,0.025,0.0,0.004,0.11,0.074,0.0113,0.0843,0.1435,False,Esports,"Esports / Esports / type=moneyline (n=58, roi=+0.16) | Esports / Esports / Valorant (n=33, roi=+0.17) | Esports / Esports / live (n=27, roi=+0.17)",
0x3aff7232defcd0972ffb998923ecbfa7d488d61d,123454321z,-0.0034,False,t<2.0;concurrency_p95>8;both_sides;drawdown;unstable_halves,467,260,237,23,149.8,0.0,0.0764,-0.019,1.08,0.515,0.1131,0.0764,-0.0082,0.1603,0.1716,11.5,25.0,28,2.18,0.112,0.0,0.957,412079,0.004,0.017,0.0,0.0,0.034,0.0,0.0395,-0.0705,-0.0356,False,Esports,"Esports / Esports / League of Legends (n=82, roi=+0.28) | Esports / Esports / live (n=185, roi=+0.13) | Esports (n=190, roi=+0.12)","Esports / Esports / League of Legends (n=82, roi=+0.28)"
0xefa3ba00c7495a9b4b2b46aa0d21a8023e8ed08b,akumma,-0.0035,False,t<2.0;concurrency_p95>8;drawdown;unstable_halves,1988,532,520,12,221.6,0.1,0.0156,-0.0673,0.31,0.623,-0.0254,0.0059,0.0788,-0.0477,0.0657,21.43,31.0,34,7.58,0.04,0.0,0.408,293813,0.129,0.048,0.036,0.169,0.136,0.0,-0.0149,0.0753,-0.0184,False,Sports,"Sports / NBA (n=7, roi=+0.75) | Sports / NBA / ? (n=7, roi=+0.75) | Sports / NBA / type=negrisk (n=7, roi=+0.75)",
0x319252d23cf393adfb2af6fc26694bc7494171fb,xiuzhifu,-0.0035,False,t<2.0;drawdown;unstable_halves,214,209,205,4,271.9,0.1,0.0474,-0.0359,0.58,0.502,0.0449,0.0474,0.1309,-0.0352,-0.484,15.28,4.0,6,19.84,0.01,0.0,0.005,2114986,0.005,0.0,0.003,0.0,0.043,0.0,0.0341,0.2571,0.1586,False,Sports,"Sports / Basketball / pre (n=94, roi=+0.18) | Sports / Basketball (n=95, roi=+0.17) | Sports / Basketball / type=moneyline (n=95, roi=+0.17)",
0x0359283a2ee0ee61e3d1096fc77ab1ce1821fda7,0x0359283a2eE0EE61e3D1096FC77AB1ce1821FDa7-1774244257269,-0.0035,False,t<2.0;drawdown,202,135,135,0,193.7,0.1,0.0875,-0.0124,0.84,0.511,0.0377,0.0784,0.0527,0.1218,-0.1833,14.13,5.0,8,3.32,0.008,0.007,0.624,145514,0.022,0.007,0.008,0.0,0.09,0.289,0.0108,0.1494,-0.1541,False,Esports,"Esports / Esports / pre (n=29, roi=+0.23) | Esports / Esports (n=81, roi=+0.11) | Esports / Esports / Counter Strike (n=31, roi=+0.17)",
0xbc5613462ce3902eea10874a11cf74191f4a8f28,Saber-greed,-0.0036,False,t<2.0;concurrency_p95>8;both_sides;drawdown;unstable_halves,6945,2699,2685,14,122.0,0.0,0.0063,-0.065,0.33,0.583,0.009,-0.0073,0.0137,-0.0011,0.182,44.4,37.0,73,3.56,0.143,0.0,0.585,229107,0.077,0.011,0.012,0.0,0.015,0.001,0.007,-0.0887,0.0554,False,Sports,"Esports / price=0.30-0.50 (n=161, roi=+0.13) | Esports / Esports / price=0.30-0.50 (n=161, roi=+0.13) | Esports / Esports / Valorant (n=45, roi=+0.22)",
0xc3061359583d8405c6c0a9bb0e27dbba799a3bb9,Dicarnusa,-0.0037,False,t<2.0;concurrency_p95>8;drawdown,324,229,167,62,268.1,0.1,0.2741,-0.006,1.83,0.413,0.2284,0.2743,0.262,0.286,-0.2362,13.0,57.0,62,2.33,0.004,0.0,0.79,360155,0.012,0.102,0.0,0.067,0.074,0.012,0.0564,-0.1462,-0.2881,False,Sports,"Other (n=14, roi=+0.74) | Other / ? (n=14, roi=+0.74) | Other / ? / ? (n=14, roi=+0.74)",
0xdc55682bccc8e4b81948e1b080b3c62f3e1d522b,reddragon8,-0.0037,False,t<2.0;concurrency_p95>8;low_liquidity;drawdown;unstable_halves,1077,424,422,2,165.5,0.1,0.0081,-0.32,0.07,0.258,-0.0175,-0.0173,-0.0161,0.0324,-0.451,31.89,10.0,12,27.01,0.015,0.0,0.391,27519,0.0,0.185,0.0,0.048,0.039,0.0,-0.0012,0.0641,0.3311,False,Sports,"Sports / Other sport / live (n=165, roi=+0.13) | Sports / price=0.30-0.50 (n=94, roi=+0.08) | Sports / Other sport / price=0.30-0.50 (n=93, roi=+0.07)",
0xf0204bf32d9a427cc8663da6371b9abeae8620f5,imbadatdis9,-0.0038,False,t<2.0;concurrency_p95>8;drawdown;unstable_halves;history<90d,1487,1084,1078,6,55.2,0.0,0.0261,-0.0269,0.85,0.537,0.0307,0.0487,-0.0019,0.0541,-0.143,33.37,12.0,20,1.96,0.004,0.0,0.678,281064,0.001,0.001,0.0,0.0,0.015,0.001,0.0194,-0.0817,-0.1465,False,Sports,"Sports / Soccer / pre (n=61, roi=+0.22) | Sports / Baseball (n=197, roi=+0.12) | Sports / Baseball / MLB (n=197, roi=+0.12)","Sports / Soccer / pre (n=61, roi=+0.22)"
0x091adeb67d789c0148ab5f6195b536c5c9dc8287,pirate06,-0.0038,False,t<2.0;concurrency_p95>8;drawdown;unstable_halves;history<90d,1601,1502,1464,38,81.8,0.0,0.0135,-0.0431,0.53,0.581,0.01,0.0122,0.0329,-0.006,-0.2916,45.16,48.0,72,7.26,0.003,0.0,0.211,161232,0.06,0.003,0.02,0.0,0.045,0.0,0.007,0.0808,-0.0629,False,Sports,"Sports / Baseball (n=253, roi=+0.14) | Sports / Baseball / pre (n=191, roi=+0.16) | Sports / Baseball / MLB (n=252, roi=+0.14)","Sports / Baseball (n=253, roi=+0.14) | Sports / Baseball / pre (n=191, roi=+0.16) | Sports / Baseball / MLB (n=252, roi=+0.14) | Sports / Baseball / type=totals (n=48, roi=+0.28)"
0x7256d6bc860dc29fa4ff169117f3b33d15d72c0b,youknowho,-0.0039,False,t<2.0;concurrency_p95>8,206,189,165,24,336.9,0.1,0.0493,-0.0193,0.61,0.552,0.0254,0.0508,0.0674,0.0315,0.1218,9.41,18.0,24,20.08,0.0,0.0,0.153,352849,0.0,0.0,0.0,0.0,0.037,0.012,0.021,0.5645,0.0978,False,Sports,"Sports / MMA/Boxing / UFC (n=105, roi=+0.14) | Sports / MMA/Boxing (n=108, roi=+0.11) | Sports / MMA/Boxing / price=0.50-0.70 (n=59, roi=+0.14)",
0xaa9737b3db5d88aefcee007717a7c00b0df48c9c,0xf2cbF139C52b66c568dA19EF028f085289597B0e-1777085067547,-0.004,segment,segment_only:t<2.0;segment_only:drawdown,219,113,110,3,136.6,0.0,0.1641,-0.0102,1.18,0.491,0.2331,0.1607,0.3208,0.0075,0.1489,11.57,4.0,5,4.27,0.037,0.0,0.731,199658,0.009,0.064,0.0,0.0,0.095,0.036,0.0768,-0.1581,-0.0499,False,Sports,"Sports / Soccer (n=52, roi=+0.40) | Sports / Soccer / price=0.10-0.30 (n=23, roi=+0.55) | Sports / Soccer / type=moneyline (n=44, roi=+0.39)","Sports / Soccer (n=52, roi=+0.40)"
0x205b99b572cc34d3a5d735705c7272a0eada369c,chakkudu,-0.004,False,t<2.0;concurrency_p95>8;both_sides;sniping;short_crypto;drawdown;unstable_halves,2504,741,718,22,283.5,0.0,0.0187,-0.0476,0.5,0.674,0.0031,-0.0064,-0.0094,0.0468,0.8417,20.45,23.0,27,1.71,0.113,0.253,0.856,65207,0.418,0.043,0.08,0.046,0.056,0.55,0.0007,0.0347,0.1357,False,Crypto,"Sports / Other sport / Zelenskyy Tweets (n=61, roi=+0.27) | Sports / Other sport / live (n=176, roi=+0.13) | Sports / price=0.00-0.10 (n=12, roi=+0.47)",
0xfeaa11f98101eda51721309a87e25ee6cefdd0aa,LazyEro,-0.004,False,t<2.0;concurrency_p95>8;drawdown;unstable_halves,2315,1136,1134,2,344.6,0.0,0.0094,-0.0665,0.36,0.591,0.0293,-0.0033,0.0369,-0.0182,0.0686,34.39,10.0,18,3.64,0.093,0.01,0.703,752503,0.079,0.031,0.023,0.0,0.023,0.067,0.0175,-0.0265,0.0484,False,Esports,"Esports / price=0.10-0.30 (n=55, roi=+0.43) | Esports / Esports / price=0.10-0.30 (n=54, roi=+0.35) | Esports / price=0.50-0.70 (n=306, roi=+0.07)",
0x70ac8457ed2aca137619956eed4924b9275e0c7d,FullOfHope,-0.0044,False,concurrency_p95>8;low_liquidity;both_sides;drawdown;history<90d,10500,2278,2260,13,14.7,0.0,0.0383,-0.0049,2.67,0.549,-0.0002,0.0404,0.0323,0.0444,-0.0565,19.35,65.0,85,2.52,0.393,0.0,0.964,16033,0.037,0.003,0.071,0.0,0.047,0.0,0.0077,0.0521,0.0301,True,Sports,"Sports (n=2259, roi=+0.04) | Sports / Tennis (n=2203, roi=+0.03) | Sports / Tennis / type=moneyline (n=2203, roi=+0.03)","Sports (n=2259, roi=+0.04) | Sports / Tennis (n=2203, roi=+0.03) | Sports / Tennis / type=moneyline (n=2203, roi=+0.03) | Sports / Tennis / live (n=2123, roi=+0.03) | Sports / Tennis / price=0.70-0.90 (n=443, roi=+0.05) | Sports / price=0.70-0.90 (n=451, roi=+0.05)"
0x249f840c2a1cabe9fdc4c86a0106c851a695fed3,YaoXu,-0.0045,False,t<2.0;both_sides;drawdown;unstable_halves,3131,1345,1341,3,336.7,0.0,0.0235,-0.0296,0.92,0.597,0.0251,0.0005,-0.0106,0.0577,-0.0073,39.22,7.0,10,2.69,0.152,0.0,0.933,273319,0.065,0.014,0.006,0.003,0.025,0.017,0.0132,-0.002,0.0172,False,Esports,"Sports (n=197, roi=+0.09) | Esports / price=0.00-0.10 (n=17, roi=+0.26) | Esports / Esports / price=0.00-0.10 (n=17, roi=+0.26)",
0x9e157de7e84f6038032d087cb55aaa7949877531,Lidongo,-0.0046,False,t<2.0;concurrency_p95>8;low_liquidity;drawdown;unstable_halves,608,455,437,18,270.5,0.1,0.0289,-0.0422,0.65,0.668,0.0199,0.0101,-0.0707,0.1282,0.2263,22.51,25.0,38,8.6,0.018,0.0,0.322,5933,0.38,0.009,0.013,0.001,0.192,0.0,0.0161,0.5785,0.0355,False,Esports,"Sports (n=158, roi=+0.13) | Sports / price=0.10-0.30 (n=10, roi=+0.40) | Sports / Soccer / pre (n=60, roi=+0.14)","Sports (n=158, roi=+0.13)"
0x15683d9f4c2d7bd1f95181836102d5467091c958,Eldshi,-0.0047,False,t<2.0;concurrency_p95>8;drawdown;unstable_halves,2711,967,954,13,440.1,0.0,0.0183,-0.1166,0.24,0.483,0.0238,-0.0526,0.0502,-0.0137,-0.1713,37.37,17.0,23,3.83,0.07,0.0,0.708,379138,0.036,0.055,0.017,0.009,0.025,0.019,-0.0121,-0.0236,0.1552,False,Esports,"Sports / price=0.00-0.10 (n=18, roi=+1.74) | Sports / Soccer / live (n=78, roi=+0.68) | Sports / Soccer / type=moneyline (n=98, roi=+0.60)",
0x65503c7f9e142ac88b1ce09df3363ff77f188451,oieshfn345,-0.005,False,t<2.0;concurrency_p95>8;both_sides;drawdown;unstable_halves,10500,1091,1085,4,98.3,0.1,0.0072,-0.1871,0.16,0.513,0.0072,-0.2187,-0.0002,0.0145,-0.3647,31.49,41.0,49,2.86,0.743,0.0,0.942,142624,0.076,0.062,0.016,0.031,0.036,0.0,0.0021,,0.3125,True,Sports,"Sports / price=0.10-0.30 (n=246, roi=+0.19) | Sports / Soccer / price=0.10-0.30 (n=222, roi=+0.15) | Sports / Other sport / price=0.10-0.30 (n=24, roi=+0.30)",
0xd1088a0833b72ba55c2c546254e8494271c1e960,valarrop,-0.005,False,t<2.0;concurrency_p95>8;drawdown;unstable_halves,4078,2072,2039,33,208.9,0.0,0.0099,-0.0649,0.46,0.554,0.0266,0.0053,0.0321,-0.0123,0.1746,33.96,35.0,42,2.24,0.041,0.003,0.456,89650,0.029,0.013,0.031,0.032,0.014,0.393,0.0043,-0.0331,-0.0196,False,Sports,"Politics / Trump / ? (n=96, roi=+0.22) | Politics / Trump (n=99, roi=+0.21) | Politics / Trump / type=binary (n=99, roi=+0.21)",
0xcc0b5f263517166bb98181ae419f86fc27034db0,ottobt1,-0.005,False,t<2.0;drawdown;unstable_halves,1283,964,960,4,216.7,0.1,0.0139,-0.0756,0.4,0.508,0.0258,0.0129,0.0329,-0.0051,-0.101,29.81,6.0,11,4.37,0.001,0.001,0.495,200314,0.003,0.004,0.001,0.023,0.047,0.002,-0.0056,-0.0412,-0.0019,False,Sports,"Sports / price=0.10-0.30 (n=29, roi=+0.30) | Esports / price=0.00-0.10 (n=3, roi=+0.80) | Esports / Esports / price=0.00-0.10 (n=3, roi=+0.80)",
0x1d24e4fa945e12d08dd34178223f55f4e46c20b3,chw7951,-0.0052,False,t<2.0;concurrency_p95>8;both_sides;drawdown;unstable_halves;history<90d,10500,2214,2210,3,86.7,0.0,0.0066,-0.1309,0.24,0.483,0.0079,-0.0897,-0.0222,0.0354,0.1602,59.53,15.0,23,2.45,0.547,0.0,0.956,139517,0.003,0.017,0.0,0.004,0.009,0.019,0.0051,-0.0072,0.3153,True,Esports,"Esports / Esports / League of Legends (n=673, roi=+0.08) | Sports / Tennis / League of Legends (n=163, roi=+0.09) | Sports / Tennis / price=0.00-0.10 (n=4, roi=+0.53)","Esports / price=0.70-0.90 (n=284, roi=+0.06) | Esports / Esports / price=0.70-0.90 (n=284, roi=+0.06)"
0x990013e93bdf86fb7a03e6d55e3ba2fe246c5cc9,0x990013e93BDF86fb7a03E6D55e3Ba2fE246C5cc9-1783020437515,-0.0052,False,concurrency_p95>8;both_sides;drawdown,4558,1521,1507,13,92.3,0.1,0.2647,-0.0052,3.39,0.62,0.2134,0.1585,0.1615,0.3677,0.2921,17.48,13.0,19,1.52,0.117,0.0,0.996,38769,0.208,0.082,0.05,0.143,0.028,0.0,0.0396,0.0813,-0.0095,False,Sports,"Sports / price=0.00-0.10 (n=119, roi=+1.65) | Sports / Soccer / price=0.00-0.10 (n=106, roi=+1.72) | Sports / Soccer / La Liga 2 (n=7, roi=+3.93)","Sports / price=0.00-0.10 (n=119, roi=+1.65) | Sports (n=1436, roi=+0.27) | Sports / Soccer / type=totals (n=1023, roi=+0.31) | Sports / Soccer / live (n=1185, roi=+0.29) | Sports / Soccer (n=1193, roi=+0.28) | Sports / price=0.10-0.30 (n=170, roi=+0.45)"
0xfdc0bd67fbd71aa8edd00121eb2a7fcbddc34b85,oneheadedtiger,-0.0052,False,t<2.0;concurrency_p95>8;both_sides;drawdown;unstable_halves;history<90d,10500,2146,2129,16,73.3,0.1,0.008,-0.0948,0.33,0.521,0.008,-0.0643,0.0538,-0.0377,-0.0337,49.96,29.0,36,3.92,0.405,0.0,0.4,212535,0.009,0.014,0.002,0.0,0.026,0.0,0.0075,,0.2265,True,Esports,"Esports / price=0.10-0.30 (n=230, roi=+0.16) | Esports / Esports / price=0.10-0.30 (n=230, roi=+0.16) | Esports / price=0.30-0.50 (n=573, roi=+0.04)","Sports / Soccer / price=0.70-0.90 (n=40, roi=+0.13)"
0x976591a88c9ae7885a1190c41f50099074dcde3e,yyyuid,-0.0054,False,t<2.0;concurrency_p95>8;drawdown;unstable_halves,593,410,398,12,149.8,0.2,0.0556,-0.0318,1.01,0.497,0.1178,0.0523,-0.0244,0.1355,0.0342,10.55,9.0,15,4.43,0.017,0.0,0.333,109002,0.0,0.018,0.0,0.028,0.033,0.0,0.0408,-0.1696,0.0088,False,Esports,"Sports / Soccer / live (n=21, roi=+0.32) | Esports / price=0.50-0.70 (n=162, roi=+0.10) | Esports / Esports / price=0.50-0.70 (n=160, roi=+0.10)",
0x4149b3064c7fd2c42b887bb51cfc65e4c599ba5d,0x4149b3064c7fD2C42B887bb51CfC65e4C599Ba5D-1780336784600,-0.0055,False,t<2.0;concurrency_p95>8;both_sides,2056,911,889,20,115.7,0.0,0.0122,-0.0338,0.49,0.705,0.0304,-0.015,0.0138,0.0107,0.0287,8.26,20.0,24,1.04,0.195,0.046,0.824,417226,0.175,0.013,0.037,0.0,0.06,0.309,0.0138,-0.0667,0.095,False,Sports,"Sports / price=0.10-0.30 (n=35, roi=+0.26) | Sports / Tennis / price=0.10-0.30 (n=19, roi=+0.32) | Sports / Tennis / price=0.70-0.90 (n=131, roi=+0.08)","Sports / Tennis / price=0.70-0.90 (n=131, roi=+0.08)"
0x91a0b0cf8bb0ab06bcd3d6ae8dfc3dfe8b6d1257,HoodTrader,-0.0055,False,t<2.0;concurrency_p95>8;both_sides;drawdown;unstable_halves,2251,1305,1292,11,106.6,0.0,0.0142,-0.0916,0.36,0.601,0.0006,0.0089,0.0535,-0.025,-0.2824,44.48,16.0,22,1.68,0.153,0.0,0.957,80061,0.055,0.009,0.088,0.009,0.013,0.128,-0.0094,0.0546,-0.0606,False,Sports,"Esports / price=0.00-0.10 (n=5, roi=+1.24) | Esports / Esports / price=0.00-0.10 (n=5, roi=+1.24) | Sports / price=0.00-0.10 (n=6, roi=+1.02)",
0x6fd71fb2108bfb69b2cd6efc8c600dc4dfd31735,YEZA,-0.0059,False,t<2.0;concurrency_p95>8;both_sides;drawdown;unstable_halves;history<90d,970,603,596,7,69.6,0.0,0.0298,-0.0489,0.72,0.581,0.0337,0.0224,0.0638,-0.0041,0.01,17.28,9.0,13,2.1,0.169,0.0,0.924,245806,0.027,0.017,0.011,0.012,0.029,0.0,0.0254,-0.0106,0.0215,False,Sports,"Sports / Tennis / price=0.50-0.70 (n=233, roi=+0.11) | Sports / price=0.50-0.70 (n=234, roi=+0.11) | Sports / Tennis (n=580, roi=+0.03)","Sports / Tennis / price=0.50-0.70 (n=233, roi=+0.11) | Sports / price=0.50-0.70 (n=234, roi=+0.11)"
0x30de156a425f2775918851ef0b0b8f8a2e631f9d,Carlosoiu,-0.0059,False,t<2.0;concurrency_p95>8;drawdown;unstable_halves,1474,829,808,21,404.9,0.1,0.0136,-0.1274,0.28,0.464,0.0152,-0.0373,-0.0466,0.0739,-0.0843,31.17,32.0,41,4.45,0.02,0.0,0.588,818902,0.011,0.053,0.007,0.007,0.049,0.036,0.0167,-0.0018,0.1821,False,Sports,"Politics / Trump (n=7, roi=+0.73) | Politics / Trump / type=binary (n=6, roi=+0.76) | Sports / Basketball / live (n=98, roi=+0.18)",
0xeecdff72e1907135212485ea28b64874ff744fef,xqcL,-0.0059,False,t<2.0;concurrency_p95>8;drawdown;unstable_halves,4724,2738,2730,8,771.9,0.1,0.0089,-0.0809,0.44,0.528,0.0118,0.003,0.0426,-0.0247,-0.045,67.07,9.0,19,1.5,0.025,0.001,0.806,205408,0.033,0.018,0.02,0.005,0.069,0.211,0.0077,-0.0069,-0.0044,False,Sports,"Esports / price=0.10-0.30 (n=29, roi=+0.42) | Esports / Esports / price=0.10-0.30 (n=29, roi=+0.42) | Esports / Esports / League of Legends (n=443, roi=+0.09)","Sports / Baseball / price=0.70-0.90 (n=57, roi=+0.11)"
0xe0b01fa337f48b3792ae9e76f3665bfc4f3a5294,tnns1,-0.006,False,t<2.0;drawdown,1621,706,705,1,130.5,0.0,0.0078,-0.0714,0.25,0.47,-0.003,-0.0019,0.0121,0.0036,0.0163,27.57,4.0,6,1.25,0.073,0.0,0.973,394733,0.043,0.003,0.017,0.015,0.028,0.0,-0.0033,0.0189,0.0122,False,Sports,"Sports / Tennis / WTA (n=108, roi=+0.10) | Sports / Tennis / price=0.10-0.30 (n=64, roi=+0.12) | Sports / Tennis / price=0.50-0.70 (n=211, roi=+0.06)",
0x0a7ee14493d5e6924708d2db412fb894de06b805,eSSe.inc,-0.006,False,t<2.0;concurrency_p95>8;drawdown;unstable_halves,1438,886,843,43,289.2,0.1,0.0141,-0.113,0.32,0.454,-0.0253,0.0098,-0.0278,0.0559,-0.1983,48.75,36.0,45,3.13,0.049,0.0,0.868,399969,0.004,0.007,0.0,0.007,0.02,0.0,-0.0119,-0.0343,-0.0344,False,Esports,"Other (n=19, roi=+1.21) | Other / ? (n=19, roi=+1.21) | Other / ? / ? (n=19, roi=+1.21)",
0x4ccc0117ef9506fd57db87537ad785a385bf77ab,MurkSniper,-0.0061,False,t<2.0;drawdown,1800,823,822,1,113.4,0.1,0.0097,-0.057,0.32,0.703,0.0049,-0.0193,0.0105,0.0089,-0.0158,21.6,5.0,7,1.04,0.038,0.0,0.974,302335,0.201,0.012,0.072,0.003,0.025,0.0,0.0004,0.0109,0.056,False,Sports,"Sports / Soccer / price=0.10-0.30 (n=14, roi=+0.42) | Sports / price=0.10-0.30 (n=39, roi=+0.23) | Sports / Soccer / live (n=65, roi=+0.16)",
0x4b957359f85b96844b245e68e390e4f016a9b23e,AGBetsCo,-0.0061,False,t<2.0;concurrency_p95>8;both_sides;drawdown,5999,2653,2640,13,305.9,0.1,0.0035,-0.1225,0.15,0.461,0.0073,-0.0051,0.0066,0.0003,0.1322,85.96,27.0,44,4.98,0.102,0.0,0.516,135233,0.012,0.036,0.005,0.011,0.016,0.002,0.0097,-0.0077,0.0097,False,Esports,"Esports / price=0.10-0.30 (n=435, roi=+0.09) | Esports / Esports / type=moneyline (n=910, roi=+0.06) | Esports / Esports / price=0.10-0.30 (n=429, roi=+0.07)",
0x05c5b2e8b478a7292798e12c841c198558e86a69,,-0.0062,False,t<2.0;concurrency_p95>8;drawdown;unstable_halves;history<90d,6394,2925,2921,3,61.6,0.0,0.012,-0.0553,0.67,0.58,0.0104,-0.0094,0.0382,-0.0141,0.2562,71.97,28.0,51,1.9,0.025,0.0,0.995,58523,0.039,0.002,0.01,0.0,0.008,0.0,0.0061,0.0592,0.0518,False,Sports,"Sports / Basketball / WNBA (n=290, roi=+0.17) | Sports / Basketball (n=307, roi=+0.16) | Sports / Basketball / type=totals (n=107, roi=+0.24)","Sports / Basketball / WNBA (n=290, roi=+0.17) | Sports / Basketball (n=307, roi=+0.16) | Sports / Basketball / type=totals (n=107, roi=+0.24) | Sports / Basketball / price=0.50-0.70 (n=127, roi=+0.17)"
0x1a635fa2db70e7099db2c7f6b78d504735aa0a59,,-0.0063,False,t<2.0;concurrency_p95>8;entries>=0.90;history<90d,179,162,157,5,66.8,0.0,0.0693,-0.0207,0.92,0.777,0.0693,0.0689,0.1225,0.0167,0.0034,9.81,26.0,33,2.73,0.032,0.019,0.529,33437,0.503,0.032,0.281,0.0,0.089,0.389,0.0255,-0.001,-0.1119,False,Crypto,"Sports / Soccer / MLS 2025 (n=10, roi=+0.30) | Sports / Soccer (n=24, roi=+0.19) | Sports (n=51, roi=+0.13)",
0x8fda9114900646989afb222022a832ee632b3fd7,Crystofar,-0.0063,False,t<2.0;concurrency_p95>8;both_sides;drawdown;unstable_halves,2606,835,802,33,471.4,0.1,0.0168,-0.0726,0.52,0.463,-0.0739,-0.0003,-0.0061,0.0397,-0.1131,24.65,45.0,49,4.11,0.102,0.001,0.822,214502,0.156,0.11,0.017,0.071,0.045,0.031,0.0066,0.093,0.0547,False,Crypto,"Crypto / Pre-Market (n=69, roi=+0.23) | Crypto / Pre-Market / ? (n=69, roi=+0.23) | Crypto / Pre-Market / type=binary (n=69, roi=+0.23)",
0xf184bff6a9217f1a76dcba7c0c4888351ebbc2d7,drunkdegenerate,-0.0064,segment,segment_only:t<2.0,120,107,100,7,99.5,0.0,0.0562,-0.0374,0.51,0.55,0.0562,0.0318,0.1002,0.0122,0.2524,9.36,4.0,7,10.83,0.0,0.0,0.09,603881,0.0,0.0,0.0,0.0,0.061,0.0,0.0489,,0.1975,False,Esports,"Esports / price=0.50-0.70 (n=42, roi=+0.18) | Esports / Esports / price=0.50-0.70 (n=42, roi=+0.18) | Sports / Soccer / League of Legends (n=3, roi=+0.33)","Esports / price=0.50-0.70 (n=42, roi=+0.18) | Esports / Esports / price=0.50-0.70 (n=42, roi=+0.18)"
0x15e91a9d7885504755c1a878581417fb785426be,ebkk590,-0.0064,False,t<2.0;concurrency_p95>8;drawdown;unstable_halves,267,253,220,33,149.8,0.1,0.076,-0.0455,0.84,0.441,0.0804,0.0741,-0.0315,0.1835,0.2337,15.73,29.0,36,3.95,0.0,0.0,0.333,599820,0.0,0.018,0.0,0.0,0.05,0.0,0.0312,-0.4435,0.1868,False,Sports,"Sports / Tennis / live (n=41, roi=+0.32) | Sports / price=0.30-0.50 (n=130, roi=+0.13) | Sports (n=220, roi=+0.08)","Sports / Tennis / live (n=41, roi=+0.32)"
0x36b321c39e0f5b7d1835467cb91365c2571ae421,Danshan11,-0.0065,False,t<2.0;concurrency_p95>8;low_liquidity;drawdown;unstable_halves,10500,5981,5865,111,168.4,0.1,0.0089,-0.0609,0.64,0.516,0.0125,0.0074,0.0416,-0.0238,-0.0575,77.74,122.0,170,8.66,0.064,0.0,0.004,27457,0.0,0.0,0.0,0.0,0.004,0.034,0.0078,-0.0929,-0.0254,True,Sports,"Sports / Tennis / WTA (n=297, roi=+0.17) | Sports / Tennis / pre (n=1315, roi=+0.08) | Sports / Tennis (n=1322, roi=+0.07)","Sports / Tennis / WTA (n=297, roi=+0.17) | Sports / Tennis / pre (n=1315, roi=+0.08) | Sports / Tennis (n=1322, roi=+0.07) | Sports / Tennis / type=tennis_set_handicap (n=420, roi=+0.09)"
0x4c09f68eb0fc9e57c685c1fbd175c8e27ae384f0,,-0.0065,False,t<2.0;drawdown,160,122,119,3,95.9,0.2,0.0768,-0.0234,0.83,0.63,0.1459,0.0749,0.0829,0.0708,0.1262,13.13,5.0,6,7.55,0.008,0.0,0.193,632513,0.067,0.017,0.01,0.0,0.144,0.067,0.0642,-0.4567,-0.0302,False,Sports,"Sports / Soccer (n=101, roi=+0.11) | Sports / Soccer / type=moneyline (n=74, roi=+0.12) | Sports (n=110, roi=+0.09)",
0xd32d9f6da3cb0d6d37f96f6af5096371accf23b4,peterdfs,-0.0066,False,both_sides;drawdown;history<90d,938,814,812,1,61.6,0.0,0.1273,-0.007,2.83,0.55,0.1273,0.0922,0.1483,0.1063,0.0046,22.04,7.0,12,1.37,0.117,0.0,0.986,225305,0.028,0.006,0.028,0.0,0.054,0.0,0.045,,0.1751,False,Sports,"Sports / price=0.10-0.30 (n=137, roi=+0.37) | Sports (n=812, roi=+0.13) | Sports / Tennis / price=0.10-0.30 (n=111, roi=+0.33)","Sports / price=0.10-0.30 (n=137, roi=+0.37) | Sports (n=812, roi=+0.13) | Sports / Tennis / ATP (n=340, roi=+0.18) | Sports / Tennis (n=711, roi=+0.10) | Sports / Tennis / type=moneyline (n=711, roi=+0.10) | Sports / Tennis / live (n=701, roi=+0.10)"
0x9096ef159ba6fe6a0626d3b4eaa567771d0d17dc,,-0.0068,False,t<2.0;drawdown;unstable_halves,92,58,57,1,302.3,0.0,0.059,-0.17,0.24,0.316,0.034,0.0539,0.4865,-0.3537,-0.3281,12.46,3.0,4,2.26,0.055,0.0,0.821,555744,0.035,0.088,0.004,0.065,0.12,0.0,-0.0216,0.0475,0.2393,False,Sports,"Sports / Soccer / type=moneyline (n=20, roi=+0.41) | Sports / Soccer / live (n=14, roi=+0.47) | Sports / Soccer (n=21, roi=+0.38)",
0x8cc1262cf53b83047926e09af8e5ab3bf537b9f8,HKPicker,-0.007,False,t<2.0;concurrency_p95>8;drawdown;unstable_halves,3317,752,749,3,184.7,0.0,0.0102,-0.2988,0.14,0.463,0.1015,-0.0826,-0.1481,0.1681,0.6064,68.15,13.0,19,19.72,0.096,0.012,0.78,32372,0.188,0.29,0.054,0.076,0.047,0.084,0.0034,-0.1981,0.1512,False,Sports,"Sports / price=0.10-0.30 (n=141, roi=+0.35) | Sports / Soccer / price=0.10-0.30 (n=30, roi=+0.57) | Sports / Soccer / type=soccer_exact_score (n=36, roi=+0.40)",
0xe7e91d5d52b1524ddf6e83082d2d8b012a78fb3c,sisan33,-0.0072,False,t<2.0;concurrency_p95>8;low_liquidity;sniping;entries>=0.90;drawdown;history<90d,10500,1696,1687,9,44.1,0.0,0.0354,-0.0125,1.74,0.759,0.062,-0.0062,0.0246,0.0461,-0.0497,13.24,23.0,37,2.01,0.025,0.175,0.892,6455,0.575,0.028,0.183,0.056,0.029,0.21,0.012,-0.0427,0.0109,True,Sports,"Sports / price=0.10-0.30 (n=57, roi=+0.50) | Sports / Other sport / price=0.10-0.30 (n=57, roi=+0.50) | Sports / Other sport / Tokyo Daily Lowest Temperature (n=49, roi=+0.26)","Sports / price=0.10-0.30 (n=57, roi=+0.50) | Sports / Other sport / price=0.10-0.30 (n=57, roi=+0.50)"
0x1ba75514fa9dcd48d5eea3a2ae7c1fb990353d88,mahmed-abula-ibn-mahmud,-0.0072,False,t<2.0;concurrency_p95>8;low_liquidity;drawdown,2404,1157,1145,12,134.3,0.1,0.0122,-0.0449,0.48,0.644,0.0178,0.0115,0.0216,0.0027,0.0436,30.07,39.0,48,34.36,0.003,0.0,0.096,8791,0.003,0.013,0.001,0.0,0.021,0.0,0.0122,-0.0113,-0.0034,False,Sports,"Sports / price=0.10-0.30 (n=56, roi=+0.27) | Sports / Other sport / price=0.10-0.30 (n=56, roi=+0.27) | Sports / Other sport / Paris Daily Weather (n=23, roi=+0.37)",
0x4343bf61fc3d5d3f233e6b79c5c5c43cf81f8dea,sky886,-0.0073,False,t<2.0;concurrency_p95>8;low_liquidity;drawdown;unstable_halves,2082,768,756,12,141.8,0.0,0.0223,-0.0602,0.73,0.724,0.0446,-0.0301,-0.015,0.0597,0.0106,15.76,18.0,27,18.12,0.044,0.003,0.793,11391,0.348,0.042,0.225,0.003,0.023,0.038,0.0194,-0.0436,0.0492,False,Sports,"Sports / price=0.10-0.30 (n=56, roi=+0.34) | Sports / Other sport / price=0.10-0.30 (n=56, roi=+0.34) | Sports / Other sport / Hong Kong Daily Lowest Temperature (n=207, roi=+0.06)",
0x1be743680b3688b1265d9bb81654ad74bf7fa6e3,2829,-0.0073,False,t<2.0;concurrency_p95>8;drawdown;unstable_halves,2720,861,804,57,130.1,0.2,0.0147,-0.1516,0.29,0.459,0.0238,-0.0109,-0.0737,0.103,0.1996,51.97,60.0,68,3.93,0.021,0.0,0.453,141684,0.014,0.088,0.005,0.024,0.028,0.0,-0.0126,-0.0343,-0.0092,False,Sports,"Sports / American Football / pre (n=50, roi=+0.47) | Sports / American Football (n=78, roi=+0.31) | Sports / American Football / CFB 2026 (n=44, roi=+0.32)","Sports / price=0.50-0.70 (n=253, roi=+0.09) | Sports / American Football / price=0.50-0.70 (n=34, roi=+0.17)"
0xd93ba55778150f95ee0b04dac26336a9c6fecd48,nibnibinibi,-0.0073,False,t<2.0;concurrency_p95>8;drawdown;unstable_halves,2954,1530,1506,23,268.6,0.0,0.0156,-0.0787,0.56,0.495,0.0221,0.0146,-0.0081,0.0392,0.1746,28.38,33.0,40,6.53,0.035,0.002,0.278,37552,0.013,0.015,0.002,0.0,0.016,0.059,0.0094,-0.0234,-0.1055,False,Sports,"Sports / Soccer / FIFA World Cup (n=46, roi=+0.35) | Esports / Esports / Dota 2 (n=75, roi=+0.26) | Esports / price=0.30-0.50 (n=197, roi=+0.14)",
0x82d2e4dbb0a849ff8e2f5380719769145648beea,lma0o0o0o,-0.0073,False,concurrency_p95>8;drawdown,5298,1897,1705,189,293.3,0.2,0.072,-0.008,2.75,0.54,0.0522,0.0473,0.0434,0.1006,0.1395,20.76,189.0,198,2.45,0.025,0.0,0.734,69098,0.028,0.006,0.003,0.007,0.019,0.001,0.0261,0.0269,-0.0222,False,Esports,"Esports / Esports / Counter Strike (n=1007, roi=+0.09) | Esports / price=0.10-0.30 (n=90, roi=+0.22) | Esports / Esports / price=0.10-0.30 (n=90, roi=+0.22)","Esports / Esports / Counter Strike (n=1007, roi=+0.09) | Esports / price=0.70-0.90 (n=114, roi=+0.09) | Esports / Esports / price=0.70-0.90 (n=114, roi=+0.09) | Sports / price=0.70-0.90 (n=34, roi=+0.12)"
0x7b1036b62136cad4ac4b86668c3dcb9e84e2acab,unknowngambler,-0.0076,False,concurrency_p95>8;drawdown,1453,987,981,5,358.3,0.1,0.1971,-0.0078,2.93,0.576,0.1967,0.189,0.2777,0.1167,0.213,22.88,12.0,21,3.02,0.018,0.0,0.661,208550,0.04,0.037,0.018,0.036,0.034,0.001,0.0476,0.0137,-0.112,False,Sports,"Sports / price=0.00-0.10 (n=36, roi=+1.29) | Sports / Basketball / price=0.00-0.10 (n=21, roi=+1.51) | Sports / Basketball / live (n=180, roi=+0.49)","Sports (n=976, roi=+0.20) | Sports / price=0.10-0.30 (n=107, roi=+0.44) | Sports / Soccer / live (n=166, roi=+0.27) | Sports / Soccer (n=249, roi=+0.21) | Sports / price=0.30-0.50 (n=261, roi=+0.18) | Sports / Soccer / FIFA World Cup (n=192, roi=+0.21)"
0x7ba5b5b21c2d4bab224ca5ad446cc31c776faaf1,omarlittle,-0.0078,False,t<2.0;drawdown,2979,1295,1293,2,794.4,0.1,0.0093,-0.0708,0.33,0.473,0.0178,0.0002,0.0002,0.0185,0.1692,41.44,8.0,22,3.43,0.059,0.0,0.721,470074,0.008,0.027,0.001,0.0,0.036,0.001,0.0053,-0.0181,-0.1041,False,Sports,"Sports / price=0.10-0.30 (n=112, roi=+0.17) | Sports / Basketball / price=0.30-0.50 (n=120, roi=+0.12) | Sports / American Football / type=binary (n=69, roi=+0.16)",
0xa73a1952f1f0d94aeb396ffdaf7e111a8eab656a,oneheadedlebron,-0.0079,False,t<2.0;concurrency_p95>8;both_sides;drawdown,10500,1835,1832,3,198.2,0.0,0.0085,-0.0744,0.32,0.521,0.0085,-0.081,0.0071,0.01,-0.2391,28.28,24.0,61,5.18,0.477,0.0,0.389,487978,0.032,0.026,0.012,0.024,0.032,0.0,0.0109,-0.0046,0.2479,True,Sports,"Sports / Baseball / price=0.30-0.50 (n=625, roi=+0.08) | Sports / price=0.30-0.50 (n=705, roi=+0.06) | Sports / Baseball / pre (n=1029, roi=+0.04)",
0x342c086bf1a800b568f2bf24130d39057220de11,0x342C086bF1A800B568f2BF24130d39057220De11-1772034467143,-0.008,False,t<2.0;low_liquidity;hold<1h;short_crypto;drawdown;unstable_halves,3217,1146,1142,4,218.7,0.0,0.0171,-0.0918,0.52,0.609,0.0128,-0.0817,-0.0349,0.0692,0.2314,33.83,5.0,10,0.06,0.068,0.09,0.64,17530,0.182,0.069,0.047,0.053,0.026,0.566,-0.0025,0.0094,0.2595,False,Crypto,"Sports / Other sport / Madrid Daily Weather (n=388, roi=+0.18) | Sports (n=493, roi=+0.08) | Sports / Other sport (n=493, roi=+0.08)","Sports / Other sport / Madrid Daily Weather (n=388, roi=+0.18)"
0x4ba85a821951d6893bf23c673e5334fb576d90a3,periwins,-0.0081,False,t<2.0;concurrency_p95>8;drawdown,1140,949,893,56,335.3,0.1,0.0338,-0.0254,0.96,0.542,0.0343,0.0345,0.0061,0.0615,0.2827,23.47,46.0,56,13.74,0.007,0.0,0.096,283523,0.003,0.004,0.0,0.004,0.007,0.006,0.0137,-0.0059,0.0589,False,Sports,"Sports / Soccer / type=moneyline (n=82, roi=+0.21) | Sports / Soccer / pre (n=115, roi=+0.13) | Sports / Tennis / WTA (n=198, roi=+0.10)","Sports / Soccer / type=moneyline (n=82, roi=+0.21)"
0xf928b243eab36df5a6c0e30fcfb0235866902da3,CJason28,-0.0082,False,t<2.0;concurrency_p95>8;low_liquidity;both_sides;drawdown;unstable_halves;history<90d,6214,2253,2242,11,39.1,0.1,0.0136,-0.1047,0.47,0.607,-0.0021,-0.0102,0.0769,-0.0498,0.0234,65.45,297.0,349,25.3,0.119,0.0,0.433,8000,0.186,0.032,0.264,0.033,0.034,0.001,-0.0041,0.0223,0.0907,False,Sports,"Sports / Other sport / price=0.00-0.10 (n=56, roi=+0.70) | Sports / Other sport / Guangzhou Daily Weather (n=44, roi=+0.70) | Sports / Soccer / Liga MX 2025 (n=24, roi=+0.78)","Sports / Other sport / Chongqing Daily Weather (n=40, roi=+0.26)"
0x8db93952da2a967197bf39a3b7de908ee81fe4d6,0x8dB93952da2a967197Bf39a3b7dE908ee81Fe4D6-1772117146332,-0.0084,False,t<2.0;concurrency_p95>8;low_liquidity;drawdown;unstable_halves,1122,985,978,7,218.3,0.1,0.0306,-0.0688,0.73,0.426,0.0332,0.0297,-0.0468,0.1079,-0.1366,33.76,26.0,36,3.59,0.058,0.009,0.668,18376,0.029,0.015,0.006,0.0,0.053,0.158,0.0167,-0.075,-0.1186,False,Sports,"Sports / Soccer / Europa Conference League (n=41, roi=+0.52) | Sports / Soccer / price=0.30-0.50 (n=306, roi=+0.15) | Sports / Soccer / MLS 2025 (n=45, roi=+0.33)","Sports / Soccer / Europa Conference League (n=41, roi=+0.52) | Sports / Soccer / price=0.30-0.50 (n=306, roi=+0.15)"
0x73a42de112f1105a31ddaea93f8b9d8ae9746692,0x73A42dE112F1105A31DDaea93f8B9D8ae9746692-1774627936100,-0.0085,False,t<2.0;concurrency_p95>8;drawdown;unstable_halves,4976,2040,1987,52,176.8,0.0,0.0109,-0.13,0.39,0.417,0.0757,0.01,-0.0501,0.0717,-0.0416,58.71,157.0,187,4.63,0.031,0.002,0.378,244127,0.093,0.062,0.006,0.059,0.063,0.036,0.0079,-0.1257,0.0104,False,Sports,"Esports / price=0.00-0.10 (n=19, roi=+0.66) | Esports / Esports / price=0.00-0.10 (n=19, roi=+0.66) | Sports / price=0.10-0.30 (n=221, roi=+0.15)",
0xbc43c8bfbc4d77c2fc9011adad38ba43b88996d3,0xBc43c8bfBC4d77c2FC9011adaD38Ba43b88996d3-1765231687816,-0.0087,False,t<2.0;concurrency_p95>8;drawdown,1055,475,464,11,251.0,0.2,0.0515,-0.0256,1.02,0.532,0.0515,0.0436,0.0505,0.0525,0.2398,20.98,18.0,29,11.47,0.058,0.0,0.136,211253,0.0,0.009,0.0,0.0,0.118,0.0,0.0376,,-0.208,False,Sports,"Sports / Tennis / pre (n=159, roi=+0.16) | Sports / Tennis (n=162, roi=+0.15) | Sports / Tennis / type=moneyline (n=162, roi=+0.15)","Sports / Tennis / pre (n=159, roi=+0.16)"
0x04edac2e1b006ccae26d41f56cfed64ad48f8809,13gibs,-0.0087,False,concurrency_p95>8;low_liquidity;entries>=0.90;drawdown,10500,9126,9114,12,134.4,0.0,0.0277,-0.0087,4.17,0.804,0.0309,0.0268,0.0317,0.0237,-0.0938,25.45,52.0,78,10.35,0.022,0.0,1.0,8821,0.553,0.003,0.113,0.012,0.008,0.0,0.0147,-0.0254,0.0218,True,Sports,"Sports / price=0.10-0.30 (n=302, roi=+0.31) | Sports / Other sport / price=0.10-0.30 (n=302, roi=+0.31) | Sports / price=0.30-0.50 (n=518, roi=+0.12)","Sports / price=0.10-0.30 (n=302, roi=+0.31) | Sports / Other sport / price=0.10-0.30 (n=302, roi=+0.31) | Sports / price=0.30-0.50 (n=518, roi=+0.12) | Sports / Other sport / price=0.30-0.50 (n=518, roi=+0.12) | Sports (n=9114, roi=+0.03) | Sports / Other sport (n=9114, roi=+0.03)"
0x4d064064c89ad62f1866a7ed4e85f6c5d885b2ea,RootWoot,-0.0088,False,t<2.0;concurrency_p95>8;low_liquidity;drawdown;unstable_halves,2524,1517,1504,12,161.4,0.0,0.0128,-0.1259,0.42,0.627,-0.0124,-0.0163,0.0265,-0.0009,0.1202,36.84,96.0,110,21.6,0.082,0.019,0.7,23938,0.277,0.033,0.121,0.015,0.054,0.084,-0.0175,0.0675,-0.005,False,Sports,"Sports / Other sport / price=0.00-0.10 (n=29, roi=+0.69) | Sports / Other sport / Elon Tweets 48H (n=94, roi=+0.29) | Sports / price=0.00-0.10 (n=43, roi=+0.35)",
0x85fa3df111ddcf885b40db383484127f570ed3ae,NamikErcan,-0.0089,False,t<2.0;concurrency_p95>8;both_sides;drawdown,1507,874,863,11,249.0,0.0,0.0164,-0.0493,0.54,0.636,0.0258,-0.0262,0.0259,0.007,0.1201,18.01,16.0,24,3.65,0.156,0.013,0.214,65373,0.057,0.007,0.049,0.002,0.031,0.386,0.0138,-0.0454,0.1111,False,Sports,"Sports / Soccer / UEFA Champions League 2025 (n=35, roi=+0.16) | Sports / Soccer / type=first_half_totals (n=44, roi=+0.09) | Sports / Soccer / live (n=52, roi=+0.08)",
0x193b76967952d0713c5912cb4a9be23c7806f6ec,tycheStream,-0.0089,False,t<2.0;concurrency_p95>8;drawdown;history<90d,1247,1047,1030,16,84.4,0.0,0.0555,-0.0164,1.63,0.493,0.0664,0.0556,0.0923,0.0186,0.0384,23.82,56.0,67,4.54,0.04,0.0,0.36,262536,0.0,0.0,0.0,0.0,0.012,0.0,0.0272,-0.0648,0.0085,False,Sports,"Sports (n=755, roi=+0.09) | Sports / Soccer / price=0.10-0.30 (n=16, roi=+0.56) | Sports / price=0.50-0.70 (n=335, roi=+0.11)","Sports (n=755, roi=+0.09) | Sports / price=0.50-0.70 (n=335, roi=+0.11) | Sports / Basketball / price=0.50-0.70 (n=44, roi=+0.24)"
0x4c48e79c441db833e630257a7f09c652af591c17,myfirstd,-0.0089,False,t<2.0;concurrency_p95>8;low_liquidity;drawdown,1609,931,929,2,147.7,0.2,0.0109,-0.0703,0.38,0.684,-0.0026,0.0105,0.019,0.0028,0.1895,20.23,14.0,22,15.51,0.012,0.0,0.577,19844,0.214,0.032,0.119,0.001,0.031,0.0,0.0061,0.047,0.0525,False,Sports,"Sports / price=0.30-0.50 (n=110, roi=+0.17) | Sports / Other sport / price=0.30-0.50 (n=87, roi=+0.16) | Sports / price=0.10-0.30 (n=79, roi=+0.15)","Sports / Soccer / type=spreads (n=41, roi=+0.15)"
0x2fbccc3918a358ef674854dbd4bbd89b896ef944,Popeyesfriedchicken,-0.009,False,t<2.0;concurrency_p95>8;both_sides;drawdown;unstable_halves,5879,3365,3349,14,415.7,0.0,0.0107,-0.1075,0.5,0.713,0.0038,-0.049,0.0508,-0.0293,0.0897,86.81,24.0,34,2.74,0.212,0.0,0.975,537635,0.324,0.037,0.115,0.014,0.014,0.001,0.0075,0.1261,0.1719,False,Esports,"Sports / price=0.00-0.10 (n=27, roi=+0.54) | Sports / Baseball / price=0.00-0.10 (n=5, roi=+1.10) | Sports / Other sport (n=23, roi=+0.45)",
0x9d87b29c77e3424f16f3b0709c46e19a948da82b,white.L,-0.009,False,t<2.0;concurrency_p95>8;drawdown;unstable_halves,166,90,79,11,208.1,0.1,0.109,-0.0986,0.55,0.43,0.0985,0.0945,0.3678,-0.1433,-0.2589,12.0,11.0,15,5.63,0.034,0.0,0.395,163715,0.0,0.038,0.0,0.194,0.194,0.0,0.0062,0.2069,0.045,False,Esports,"Esports / Esports (n=38, roi=+0.34) | Esports (n=41, roi=+0.28) | Esports / Esports / Counter Strike (n=33, roi=+0.31)",
0xba76808965f5ef9927d16b84ea2c20677817e0d7,Polyplayer14,-0.0091,False,t<2.0;concurrency_p95>8,385,283,280,3,132.0,0.1,0.0365,-0.0375,0.73,0.718,0.0181,0.0362,0.0507,0.0222,0.1872,8.49,9.0,13,2.78,0.022,0.0,0.591,260471,0.261,0.007,0.119,0.0,0.085,0.004,0.0072,0.1227,-0.0243,False,Sports,"Sports / price=0.30-0.50 (n=41, roi=+0.17) | Sports / Soccer / price=0.30-0.50 (n=25, roi=+0.22) | Sports (n=261, roi=+0.05)",
0x7112d3461bb535c71b9a78264944949f1ee36d11,CV.UNTUNG.RAYA.MAKMUR.ABADI,-0.0092,False,t<2.0;concurrency_p95>8;low_liquidity;drawdown;unstable_halves,3960,976,975,1,235.8,0.1,0.1371,-0.0467,1.18,0.697,0.1257,0.1356,0.2838,-0.0093,-0.0975,24.99,9.0,16,12.08,0.01,0.0,0.902,11268,0.087,0.036,0.053,0.092,0.05,0.0,0.0082,0.0187,-0.2154,False,Sports,"Weather / Recurring / Seoul Daily Weather (n=17, roi=+3.44) | Weather / price=0.00-0.10 (n=8, roi=+4.61) | Weather / Recurring / price=0.00-0.10 (n=8, roi=+4.61)",
0x62fcc1961e90e9454536cc0c6835b4ea277fd8cc,melonfisher,-0.0092,False,t<2.0;concurrency_p95>8;low_liquidity;drawdown;history<90d,2622,1275,1257,17,83.6,0.0,0.0134,-0.0466,0.59,0.719,0.0133,-0.0275,0.0196,0.0073,-0.0212,14.13,32.0,45,12.45,0.087,0.002,0.449,8494,0.253,0.002,0.089,0.077,0.077,0.031,-0.0036,0.0033,0.0662,False,Sports,"Sports / Other sport / type=binary (n=776, roi=+0.05) | Sports / Other sport / Manila Daily Weather (n=60, roi=+0.15) | Sports / price=0.10-0.30 (n=62, roi=+0.14)",
0x46a80bc23ac1c76c12a7aead602da46d02260589,0x46A80bc23aC1c76C12a7Aead602dA46d02260589-1760310091425,-0.0092,False,t<2.0;concurrency_p95>8;drawdown;unstable_halves,151,86,79,7,355.1,0.1,0.0849,-0.1261,0.44,0.456,-0.1376,0.082,-0.1646,0.3283,0.3713,13.28,18.0,21,384.62,0.036,0.0,0.2,2285048,0.038,0.165,0.004,0.227,0.179,0.0,-0.0102,0.9767,-0.386,False,Politics,"Politics (n=34, roi=+0.22) | Politics / Geopolitics (n=4, roi=+0.59) | Politics / Geopolitics / ? (n=4, roi=+0.59)",
0x69f033ce27733d8717d7d168a3eb8a91610a1121,Yansan2505,-0.0094,False,t<2.0;concurrency_p95>8;drawdown,1297,973,849,124,338.6,0.1,0.0176,-0.0553,0.51,0.591,0.0027,0.0117,0.0286,0.0066,-0.1685,21.97,110.0,130,7.1,0.029,0.0,0.22,843397,0.045,0.013,0.076,0.005,0.043,0.0,0.01,-0.0089,0.0169,False,Sports,"Other (n=6, roi=+0.55) | Other / ? (n=6, roi=+0.55) | Other / ? / ? (n=6, roi=+0.55)","Sports / price=0.70-0.90 (n=201, roi=+0.06)"
0x6e4653a4ebd06353baac3ce0681346ea985b60d6,nemesis18,-0.0095,False,t<2.0;concurrency_p95>8;drawdown,1483,857,777,80,245.0,0.0,0.0374,-0.0306,0.93,0.571,0.0504,0.0474,0.0111,0.0635,0.0404,27.62,63.0,81,3.48,0.008,0.0,0.586,126921,0.033,0.003,0.024,0.002,0.016,0.001,-0.0018,-0.0287,-0.0349,False,Sports,"Sports / Soccer / FA Cup (n=11, roi=+0.70) | Sports / price=0.10-0.30 (n=30, roi=+0.27) | Sports / price=0.00-0.10 (n=2, roi=+0.96)",
0x35fc2761f60ab64855a2a99ccd134f44d665ac54,0x35fc2761f60ab64855A2A99CcD134f44D665ac54-1780763484342,-0.0095,False,t<2.0;concurrency_p95>8;low_liquidity;drawdown;unstable_halves,6895,2027,2025,2,133.3,0.0,0.0099,-0.2198,0.26,0.38,0.0891,-0.0234,0.0338,-0.0139,-0.0971,72.54,18.0,28,2.99,0.039,0.002,0.84,14767,0.013,0.201,0.006,0.089,0.015,0.162,0.0311,-0.1192,0.1598,False,Sports,"Sports / Other sport / Tokyo Daily Weather (n=102, roi=+0.48) | Sports / Other sport / Busan Daily Weather (n=82, roi=+0.38) | Sports / Other sport / price=0.10-0.30 (n=565, roi=+0.11)","Sports / Other sport / price=0.30-0.50 (n=236, roi=+0.13) | Sports / price=0.30-0.50 (n=266, roi=+0.12)"
0x17d8670d11c51215a05a5e7d4f483339be230023,,-0.0097,False,t<2.0;concurrency_p95>8;drawdown;unstable_halves,10500,1424,1419,4,166.2,0.0,0.0429,-0.0764,0.76,0.495,0.0005,0.0279,0.0972,-0.0114,-0.051,41.18,9.0,13,2.99,0.062,0.0,0.882,671021,0.027,0.009,0.002,0.048,0.048,0.0,0.008,0.1196,-0.0478,True,Esports,"Esports / price=0.00-0.10 (n=10, roi=+2.21) | Esports / Esports / price=0.00-0.10 (n=9, roi=+2.21) | Esports / Esports / League of Legends (n=555, roi=+0.13)",
0xfb20c7b499b536121fc3cbe8aa6256cbf2ca3b5c,Erickaguilar,-0.0097,False,t<2.0;concurrency_p95>8;drawdown,7769,4326,4278,48,314.5,0.1,0.0067,-0.0471,0.62,0.743,-0.0007,0.0105,0.0103,0.0031,-0.0417,26.72,42.0,49,2.81,0.011,0.088,0.811,78161,0.332,0.003,0.045,0.0,0.018,0.183,-0.0043,0.0062,0.0005,False,Sports,"Sports / Soccer / price=0.10-0.30 (n=222, roi=+0.15) | Other (n=26, roi=+0.37) | Other / ? (n=21, roi=+0.40)",
0xe70ce7a94ee228d75c97b0bdbf2a5eb0e3e11512,666CosmicOwl,-0.0097,segment,segment_only:t<2.0;segment_only:drawdown,1304,807,803,4,108.2,0.0,0.0162,-0.0631,0.46,0.608,0.0265,0.0135,0.0124,0.0201,-0.0503,22.0,7.0,9,1.27,0.039,0.002,0.857,122004,0.082,0.014,0.03,0.004,0.03,0.357,0.0106,-0.0218,-0.049,False,Crypto,"Crypto / price=0.10-0.30 (n=40, roi=+0.27) | Crypto / Up/Down short / price=0.10-0.30 (n=40, roi=+0.27) | Sports / Tennis (n=109, roi=+0.11)","Sports / Tennis (n=109, roi=+0.11) | Sports / Tennis / type=moneyline (n=104, roi=+0.11)"
0x15ac9d4fb9c30fca4fec2fdecde3fdace721f3ba,toireK,-0.0098,False,concurrency_p95>8;low_liquidity;entries>=0.90;drawdown,10500,7400,7393,7,216.1,0.1,0.0516,-0.0139,2.11,0.899,0.0517,0.0508,0.0255,0.0777,-0.1061,74.31,44.0,91,2.14,0.027,0.0,0.957,680,0.797,0.027,0.315,0.009,0.016,0.049,0.0159,-0.0051,-0.0985,True,Sports,"Sports / Soccer / price=0.00-0.10 (n=84, roi=+1.76) | Sports / price=0.00-0.10 (n=177, roi=+0.97) | Sports / Soccer / type=soccer_second_half_team_totals (n=98, roi=+1.11)","Sports / price=0.10-0.30 (n=79, roi=+0.82) | Sports / Soccer / price=0.10-0.30 (n=49, roi=+1.04) | Sports / Soccer / type=spreads (n=86, roi=+0.68) | Sports / Soccer / live (n=2871, roi=+0.11) | Sports / Soccer (n=2939, roi=+0.10) | Sports (n=6944, roi=+0.06)"
0xb1a0b051ce3007469becf74d020828cc9992fb89,buzaiyouyu,-0.0101,False,t<2.0;concurrency_p95>8;hold<1h;drawdown;unstable_halves,1796,781,772,9,186.9,0.0,0.0363,-0.1321,0.46,0.452,0.0759,0.0394,0.1273,-0.0547,0.0516,39.05,10.0,12,0.65,0.057,0.009,0.885,126320,0.04,0.035,0.01,0.013,0.024,0.396,0.0025,-0.0664,-0.1576,False,Sports,"Sports / Other sport / type=binary (n=29, roi=+1.22) | Sports / Other sport / Elon Tweets (n=14, roi=+1.69) | Sports / Other sport / live (n=43, roi=+0.82)",
0xa8d96f74506e349d3f4db2745df0e5a51ecaf950,Prashan23,-0.0104,False,t<2.0;concurrency_p95>8;drawdown;unstable_halves,195,143,143,0,589.0,0.1,0.0715,-0.1136,0.55,0.399,-0.0158,0.0777,-0.0756,0.2164,0.0287,11.0,13.0,15,4.13,0.007,0.0,0.835,419826,0.0,0.028,0.0,0.033,0.082,0.021,-0.0385,0.2835,-0.3597,False,Sports,"Sports / price=0.10-0.30 (n=40, roi=+0.49) | Sports / Basketball / price=0.10-0.30 (n=33, roi=+0.48) | Sports / Basketball / type=moneyline (n=72, roi=+0.28)",
0x12082135bdeab5384b248951b1fc3caca49f0160,Auro8,-0.0105,False,t<2.0;concurrency_p95>8;both_sides;drawdown;unstable_halves;history<90d,10500,1956,1879,76,70.0,0.0,0.0152,-0.1659,0.38,0.443,-0.0004,-0.1164,-0.0649,0.0952,-0.0167,86.46,70.0,83,1.6,0.126,0.001,0.915,303057,0.016,0.036,0.005,0.054,0.035,0.106,-0.0075,0.0237,0.3262,True,Sports,"Sports / price=0.00-0.10 (n=63, roi=+0.64) | Sports / Tennis / price=0.00-0.10 (n=38, roi=+0.74) | Esports / Esports / League of Legends (n=212, roi=+0.10)",
0xab035443c014f07b22cbc83cad027ae69c13358b,0xshuai,-0.0105,False,t<2.0;concurrency_p95>8;both_sides;drawdown;unstable_halves,5117,2133,2085,46,218.8,0.2,0.0185,-0.1053,0.6,0.647,0.0118,-0.01,0.0428,-0.0059,0.3,45.44,177.0,199,8.26,0.101,0.003,0.736,324286,0.197,0.067,0.051,0.104,0.053,0.055,0.0065,0.0123,0.0235,False,Sports,"Politics / price=0.00-0.10 (n=42, roi=+0.75) | Politics / Geopolitics / ? (n=50, roi=+0.54) | Politics / Geopolitics / price=0.00-0.10 (n=6, roi=+1.55)",
0x43670feb10084f60417938adfba2506801e2e904,solaenge,-0.0106,False,t<2.0;concurrency_p95>8;drawdown;unstable_halves,1214,496,472,23,784.7,0.2,0.2247,-0.0605,1.05,0.551,0.2323,0.1549,-0.0013,0.4507,-0.1385,19.27,35.0,42,10.46,0.01,0.0,0.116,93198,0.011,0.015,0.006,0.03,0.043,0.0,0.0252,-0.0105,-0.462,False,Esports,"Sports / Soccer / pre (n=73, roi=+1.17) | Sports / Soccer (n=74, roi=+1.16) | Sports / Soccer / type=moneyline (n=74, roi=+1.16)",
0xabb3969895db9944686e20a56ba38f7d3a7ff5b0,rigorousmon,-0.0107,False,concurrency_p95>8;both_sides;drawdown,1784,1434,1433,1,119.8,0.0,0.1248,-0.0107,3.53,0.59,0.1248,0.0917,0.1305,0.1191,0.5064,13.22,9.0,21,1.3,0.15,0.0,0.98,251334,0.061,0.013,0.02,0.002,0.04,0.0,0.0499,,0.0331,False,Sports,"Sports (n=1433, roi=+0.12) | Sports / Soccer / live (n=120, roi=+0.35) | Sports / Soccer (n=122, roi=+0.34)","Sports (n=1433, roi=+0.12) | Sports / Soccer / live (n=120, roi=+0.35) | Sports / Soccer (n=122, roi=+0.34) | Sports / Tennis (n=1245, roi=+0.10) | Sports / Tennis / type=moneyline (n=1245, roi=+0.10) | Sports / Tennis / live (n=1218, roi=+0.10)"
0x5e6e2c3f06686f2607b86c90e35f536e81a1be00,0xA0b86991c6218b36c1d19D4a29Eb0cE3606eB4,-0.0109,False,t<2.0;concurrency_p95>8;drawdown,824,541,536,5,304.9,0.0,0.0716,-0.0241,1.36,0.517,0.0816,0.0668,0.0941,0.0491,-0.0121,18.88,10.0,15,7.93,0.019,0.0,0.12,454208,0.006,0.015,0.004,0.006,0.16,0.0,0.0377,-0.2433,-0.0608,False,Sports,"Sports / Basketball / NBA 2026 (n=220, roi=+0.14) | Sports / Basketball (n=223, roi=+0.13) | Sports (n=318, roi=+0.11)","Sports / Basketball / NBA 2026 (n=220, roi=+0.14) | Sports / Basketball (n=223, roi=+0.13)"
0x803a112b5eb1404eea463b26a2318cfcb3b9219e,mgxsx,-0.0112,False,concurrency_p95>8;low_liquidity;drawdown,7630,2006,2000,6,245.6,0.0,0.0417,-0.0143,2.34,0.71,0.0406,-0.0306,0.0029,0.0806,-0.1377,40.54,24.0,38,11.79,0.094,0.005,0.814,13663,0.314,0.022,0.173,0.002,0.017,0.06,0.02,0.0033,0.2506,False,Sports,"Sports / Other sport / price=0.10-0.30 (n=74, roi=+0.41) | Sports / price=0.10-0.30 (n=95, roi=+0.35) | Sports / Other sport / live (n=1244, roi=+0.08)","Sports / Other sport / live (n=1244, roi=+0.08) | Sports / Other sport (n=1431, roi=+0.08) | Sports / Other sport / type=binary (n=1431, roi=+0.08) | Sports / Other sport / Busan Daily Weather (n=633, roi=+0.11) | Sports (n=1640, roi=+0.06) | Sports / Other sport / price=0.30-0.50 (n=101, roi=+0.20)"
0x58e8375623d848b1c154a073d084d1e1951bff0f,0x58e8375623D848b1C154A073d084d1E1951bFF0f-1764873072103,-0.0113,False,t<2.0;concurrency_p95>8;low_liquidity;drawdown,605,469,466,3,212.3,0.1,0.043,-0.0366,0.93,0.545,0.0267,0.0415,0.008,0.0781,0.07,24.66,25.0,32,3.7,0.009,0.0,0.616,2284,0.013,0.013,0.005,0.0,0.036,0.002,0.0126,0.1412,0.05,False,Sports,"Sports / price=0.10-0.30 (n=49, roi=+0.24) | Sports / Soccer / live (n=62, roi=+0.18) | Sports / Basketball / price=0.30-0.50 (n=53, roi=+0.16)",
0x3a72cd78a3aee51c2d31c3dc2a733103f189fc7a,Plutoski.,-0.0115,False,concurrency_p95>8;drawdown,3929,1929,1587,339,289.1,0.0,0.0717,-0.0119,2.91,0.464,0.021,0.0664,0.0133,0.13,0.7473,29.12,311.0,342,5.0,0.066,0.0,0.385,546090,0.014,0.017,0.01,0.016,0.024,0.035,0.0066,-0.0329,-0.0936,False,Sports,"Other / ? (n=140, roi=+0.76) | Other / ? / ? (n=140, roi=+0.76) | Other / ? / type=binary (n=140, roi=+0.76)","Other / ? (n=140, roi=+0.76) | Other / ? / ? (n=140, roi=+0.76) | Other / ? / type=binary (n=140, roi=+0.76) | Other (n=143, roi=+0.73) | Other / ? / price=0.10-0.30 (n=41, roi=+0.85) | Other / price=0.10-0.30 (n=42, roi=+0.82)"
0x7bbe0987962a6cd2728d1656e0465e7fa8cab95e,plm15,-0.0115,False,concurrency_p95>8;low_liquidity;drawdown,4245,2158,2142,16,131.8,0.0,0.1127,-0.0115,4.4,0.621,0.1402,0.0968,0.1095,0.1158,0.2012,23.18,20.0,35,10.36,0.04,0.0,1.0,9946,0.022,0.021,0.007,0.008,0.012,0.0,0.0596,-0.035,-0.0201,False,Sports,"Sports (n=2142, roi=+0.11) | Sports / Other sport (n=2142, roi=+0.11) | Sports / Other sport / type=binary (n=2142, roi=+0.11)","Sports (n=2142, roi=+0.11) | Sports / Other sport (n=2142, roi=+0.11) | Sports / Other sport / type=binary (n=2142, roi=+0.11) | Sports / Other sport / live (n=2142, roi=+0.11) | Sports / Other sport / Taipei Daily Weather (n=71, roi=+0.48) | Sports / Other sport / Tokyo Daily Weather (n=64, roi=+0.46)"
0x1365c510da0eb01ed1bbfb32a83c1c4741f4dc99,Carp912,-0.0115,False,t<2.0;drawdown;unstable_halves,146,114,111,3,205.4,0.1,0.0544,-0.2164,0.32,0.432,0.0445,0.0792,0.2543,-0.1419,-0.1162,14.57,4.0,4,2.55,0.0,0.0,0.929,71366,0.0,0.063,0.0,0.245,0.245,0.225,-0.0155,0.0366,-0.1798,False,Sports,"Crypto (n=25, roi=+0.40) | Crypto / Up/Down short (n=25, roi=+0.40) | Crypto / Up/Down short / BTC Up or Down 5m (n=25, roi=+0.40)",
0xb0f6dfdd6cbda54d27cec465310af422b9bfa31c,SoloXIA,-0.0118,False,t<2.0;concurrency_p95>8;both_sides;drawdown;unstable_halves,1550,724,718,6,351.7,0.2,0.048,-0.0669,1.06,0.549,0.0354,-0.0202,-0.047,0.143,-0.302,25.14,15.0,21,5.09,0.128,0.0,0.574,572942,0.079,0.035,0.028,0.021,0.077,0.0,0.0021,0.0556,0.066,False,Esports,"Esports / Esports / live (n=289, roi=+0.21) | Esports / Esports / price=0.10-0.30 (n=67, roi=+0.37) | Esports / Esports / League of Legends (n=341, roi=+0.15)","Esports / Esports / live (n=289, roi=+0.21) | Sports / Basketball / NCAA CBB (n=38, roi=+0.27)"
0x88394534c6d050ac528964a2df5928dc5935ddb5,ZhouYi-talk,-0.0121,False,t<2.0;concurrency_p95>8;low_liquidity;drawdown,3543,718,714,4,206.8,0.1,0.0353,-0.0275,1.32,0.651,0.0409,-0.0114,0.0309,0.0397,0.0537,12.19,10.0,13,25.05,0.078,0.0,0.37,23171,0.218,0.032,0.052,0.0,0.027,0.007,0.0323,-0.0091,0.113,False,Sports,"Sports / Other sport / price=0.10-0.30 (n=50, roi=+0.32) | Sports / price=0.10-0.30 (n=51, roi=+0.30) | Sports / price=0.70-0.90 (n=270, roi=+0.07)","Sports / price=0.70-0.90 (n=270, roi=+0.07) | Sports / Other sport / price=0.70-0.90 (n=270, roi=+0.07)"
0xfc6bcced1c288d7348988696f293bfed4ea8d720,George.Costanza,-0.0121,False,t<2.0;concurrency_p95>8;drawdown;unstable_halves,1390,884,876,8,362.0,0.1,0.0684,-0.0544,1.34,0.497,0.0205,0.0656,-0.0114,0.1482,0.1897,36.98,15.0,21,5.58,0.002,0.0,0.351,599492,0.006,0.033,0.0,0.027,0.019,0.0,0.0136,0.2788,-0.0658,False,Sports,"Esports / price=0.00-0.10 (n=8, roi=+1.38) | Esports / Esports / price=0.00-0.10 (n=7, roi=+1.46) | Esports / Esports / League of Legends (n=125, roi=+0.30)","Sports / Baseball / price=0.50-0.70 (n=56, roi=+0.20)"
0xddf1a93675da40758d20daebd0183384b8f8d4ae,ukresport,-0.0122,False,t<2.0;concurrency_p95>8;low_liquidity;drawdown,651,288,275,13,226.6,0.0,0.0969,-0.027,1.36,0.607,0.1047,0.0848,0.011,0.1823,0.2077,11.9,12.0,14,10.36,0.0,0.0,0.125,8167,0.069,0.011,0.003,0.0,0.106,0.0,0.0471,-0.0527,-0.0351,False,Esports,"Esports / Esports / pre (n=186, roi=+0.18) | Esports / Esports (n=212, roi=+0.16) | Esports (n=214, roi=+0.16)","Esports / Esports / pre (n=186, roi=+0.18) | Esports / price=0.70-0.90 (n=44, roi=+0.17) | Esports / Esports / price=0.70-0.90 (n=43, roi=+0.17)"
0xd960d48b04cbc034f500afd77107c6ba149d57ae,,-0.0122,False,t<2.0;concurrency_p95>8;both_sides;unstable_halves,153,124,118,6,135.4,0.1,0.0991,-0.1223,0.6,0.534,0.1339,0.1008,0.2418,-0.0435,-0.1474,7.01,9.0,11,4.51,0.117,0.0,0.206,234220,0.0,0.076,0.0,0.206,0.171,0.0,-0.0047,-0.2564,-0.2314,False,Sports,"Sports / Tennis / pre (n=69, roi=+0.18) | Sports / price=0.00-0.10 (n=9, roi=+0.41) | Sports / US Open / price=0.00-0.10 (n=4, roi=+0.59)",
0x0fe50ebcaeb2a5bdbe6a2d65290b4e6fa16891aa,PenniesDozer,-0.0123,False,t<2.0;concurrency_p95>8;low_liquidity;drawdown,4634,1862,1840,22,338.0,0.0,0.0113,-0.1947,0.19,0.629,0.1003,0.0027,0.0215,0.0012,-0.1278,101.49,41.0,49,13.05,0.013,0.0,0.861,11267,0.273,0.124,0.202,0.053,0.039,0.003,0.0137,-0.1402,-0.0294,False,Sports,"Sports / Other sport / Milan Daily Weather (n=12, roi=+2.63) | Finance (n=50, roi=+0.76) | Finance / Hide From New (n=8, roi=+1.85)","Politics / price=0.70-0.90 (n=39, roi=+0.07)"
0xb904beba0d36b9a116500c6b45336ca112093ef8,metro12,-0.0124,False,t<2.0;concurrency_p95>8;drawdown;history<90d,2460,1730,1452,278,68.5,0.0,0.0246,-0.04,0.93,0.523,0.0186,0.016,0.0323,0.017,-0.0616,29.13,273.0,283,2.91,0.016,0.0,0.443,37193,0.01,0.007,0.008,0.0,0.023,0.0,0.0068,0.0148,0.0571,False,Sports,"Sports / price=0.10-0.30 (n=57, roi=+0.31) | Sports / Soccer / Leagues Cup (n=25, roi=+0.33) | Sports / Soccer / price=0.10-0.30 (n=21, roi=+0.36)",
0xa4b7b1814b0da33f2b61be4939976898aa476008,midwicket72,-0.0126,False,t<2.0;concurrency_p95>8;both_sides;drawdown;unstable_halves,8110,1026,1005,13,169.6,0.0,0.0267,-0.1199,0.63,0.506,0.0267,-0.1286,0.0645,-0.011,0.202,34.61,24.0,30,5.66,0.842,0.0,0.702,86540,0.05,0.041,0.01,0.0,0.058,0.0,0.0157,,0.3597,False,Sports,"Sports / price=0.30-0.50 (n=294, roi=+0.17) | Sports / Cricket / price=0.30-0.50 (n=146, roi=+0.18) | Sports / Cricket / Major League Cricket (n=48, roi=+0.22)","Sports / price=0.30-0.50 (n=294, roi=+0.17)"
0xb5f8ec43b7f79518600a7c7b485690b97aed8e32,bigbang7,-0.0127,False,t<2.0;concurrency_p95>8;low_liquidity;drawdown;unstable_halves,4658,1439,1432,7,291.0,0.2,0.0493,-0.0915,0.83,0.696,0.0594,-0.0062,-0.0206,0.1191,-0.0498,39.96,16.0,23,10.87,0.029,0.0,0.713,13713,0.483,0.068,0.392,0.059,0.038,0.045,0.0193,-0.0313,0.0532,False,Sports,"Sports / Other sport / price=0.00-0.10 (n=86, roi=+0.56) | Sports / price=0.00-0.10 (n=88, roi=+0.55) | Sports / Other sport / Tokyo Daily Weather (n=301, roi=+0.23)","Sports / Other sport / price=0.50-0.70 (n=83, roi=+0.21) | Sports / price=0.50-0.70 (n=85, roi=+0.21)"
0x8dbc6da0c3a1e1156d29076e305e194fd98a766c,rayfound,-0.0129,False,t<2.0;concurrency_p95>8;low_liquidity;drawdown;unstable_halves,915,313,299,14,221.7,0.0,0.0592,-0.093,0.83,0.421,0.8986,0.0415,-0.1739,0.2907,-0.1416,32.92,11.0,15,18.8,0.014,0.0,0.317,13158,0.047,0.177,0.01,0.29,0.061,0.1,-0.008,-1.1255,-0.2376,False,Sports,"Sports / price=0.00-0.10 (n=48, roi=+0.67) | Sports / Other sport / price=0.00-0.10 (n=48, roi=+0.67) | Sports / Other sport / Taipei Daily Weather (n=25, roi=+0.62)","Sports / price=0.00-0.10 (n=48, roi=+0.67) | Sports / Other sport / price=0.00-0.10 (n=48, roi=+0.67)"
0xd5c31674b99ccd38c64c259b4a76ad82359613e5,keatle,-0.0131,False,t<2.0;concurrency_p95>8;drawdown,1308,933,872,60,348.8,0.1,0.0301,-0.0437,0.9,0.555,0.0292,0.028,0.0357,0.0244,-0.0335,26.39,55.0,61,3.12,0.034,0.0,0.677,661414,0.042,0.032,0.011,0.0,0.029,0.0,0.0194,0.0119,-0.0512,False,Sports,"Esports / price=0.10-0.30 (n=20, roi=+0.37) | Esports / Esports / price=0.10-0.30 (n=20, roi=+0.37) | Sports / price=0.50-0.70 (n=238, roi=+0.10)",
0x9453a389c73df7991249d9f2c6e2c854157b1a48,Arman2,-0.0132,False,t<2.0;concurrency_p95>8;both_sides;drawdown;unstable_halves,3798,770,753,17,264.9,0.1,0.04,-0.1018,0.78,0.55,-0.0312,-0.0521,-0.0928,0.1725,0.274,36.93,61.0,68,47.64,0.139,0.003,0.439,192367,0.135,0.09,0.028,0.063,0.03,0.007,-0.0007,0.0987,0.2106,False,Politics,"Sports / Other sport / pre (n=28, roi=+0.64) | Sports / Other sport / type=binary (n=43, roi=+0.48) | Sports / Other sport (n=44, roi=+0.47)",
0x91044115736d94321e7a38529c2b6d23a81ac269,LOOTLE,-0.0134,False,t<2.0;both_sides,726,265,264,1,141.6,0.0,0.0937,-0.0369,1.09,0.61,0.1128,0.062,0.1261,0.0613,-0.1048,8.26,7.0,11,3.75,0.151,0.0,0.783,79358,0.136,0.023,0.005,0.007,0.068,0.004,0.0197,-0.0925,-0.1238,False,Sports,"Sports / price=0.00-0.10 (n=6, roi=+0.96) | Sports / Cricket / International Cricket (n=63, roi=+0.29) | Sports / Cricket / price=0.00-0.10 (n=5, roi=+0.98)","Sports / Cricket / type=cricket_toss_winner (n=34, roi=+0.07)"
0xa07c39ac29cc1bfc632db9dd6017483e43b411a0,workingonstuff,-0.0136,False,t<2.0;concurrency_p95>8;drawdown;unstable_halves,1257,539,519,20,314.5,0.1,0.0347,-0.1569,0.52,0.42,0.0427,0.0548,-0.0817,0.1506,0.0764,27.9,15.0,21,3.84,0.025,0.002,0.499,1378886,0.006,0.058,0.0,0.026,0.108,0.154,0.0006,-0.0252,-0.0198,False,Sports,"Sports / Basketball / price=0.10-0.30 (n=36, roi=+0.30) | Sports / price=0.10-0.30 (n=91, roi=+0.18) | Sports / Basketball / type=moneyline (n=204, roi=+0.11)",
0xdeff55f3132a313985035c34539e94da7b9178f8,,-0.014,False,t<2.0;drawdown;unstable_halves,1322,692,687,5,252.5,0.0,0.1016,-0.138,0.61,0.477,0.3116,0.0984,0.2642,-0.0606,0.061,42.6,8.0,13,3.21,0.004,0.0,0.474,369021,0.0,0.015,0.0,0.017,0.021,0.0,-0.0078,-0.6299,-0.2247,False,Sports,"Sports / price=0.00-0.10 (n=10, roi=+3.47) | Sports / Tennis / price=0.00-0.10 (n=9, roi=+3.63) | Sports / Tennis / live (n=256, roi=+0.40)",
0x3a01dc75a904043f93f89bce183b45846ed5bc5e,reversefoil,-0.0142,False,concurrency_p95>8;both_sides;drawdown;history<90d,1717,1111,1110,1,79.9,0.0,0.0725,-0.0194,2.19,0.559,0.0725,0.0484,0.0667,0.0782,0.1049,16.61,11.0,20,3.1,0.306,0.0,0.991,177881,0.001,0.0,0.0,0.0,0.044,0.0,0.0387,,0.0762,False,Esports,"Esports / Esports / live (n=1059, roi=+0.07) | Esports (n=1068, roi=+0.07) | Esports / Esports (n=1068, roi=+0.07)","Esports / Esports / live (n=1059, roi=+0.07) | Esports (n=1068, roi=+0.07) | Esports / Esports (n=1068, roi=+0.07) | Esports / price=0.50-0.70 (n=393, roi=+0.09) | Esports / Esports / price=0.50-0.70 (n=393, roi=+0.09)"
0x482943e8126e83a63695cebde33a9498ee7497eb,AlexD87,-0.0145,False,t<2.0;concurrency_p95>8;low_liquidity;drawdown;unstable_halves,7473,2939,2935,4,259.9,0.0,0.0319,-0.0459,1.9,0.736,0.0642,0.0148,-0.0024,0.0663,0.1866,53.53,20.0,29,9.58,0.067,0.026,0.924,14845,0.455,0.029,0.163,0.028,0.012,0.195,0.0199,-0.0466,-0.0076,False,Sports,"Sports / Other sport / Helsinki Daily Weather (n=284, roi=+0.13) | Sports / Other sport / Amsterdam Daily Weather (n=114, roi=+0.18) | Sports / Other sport / price=0.10-0.30 (n=139, roi=+0.15)","Sports / Soccer / pre (n=33, roi=+0.23)"
0xb341ba2981305703de87e7ab996258f7c074bb28,AnswerJJMoreMoney,-0.0145,False,t<2.0;concurrency_p95>8;drawdown;unstable_halves,335,204,201,3,97.5,0.1,0.1074,-0.0843,1.03,0.507,0.0779,0.1074,0.2372,-0.021,0.1754,21.19,23.0,28,5.63,0.015,0.0,0.209,74547,0.065,0.045,0.024,0.006,0.091,0.0,0.0078,0.495,-0.1811,False,Sports,"Sports / Soccer / Fifa Friendly (n=28, roi=+0.50) | Sports / price=0.10-0.30 (n=50, roi=+0.33) | Sports / Soccer / price=0.10-0.30 (n=50, roi=+0.33)",
0x1367f4355f91a764d652118c86dbb33060819a3a,,-0.0146,False,t<2.0;concurrency_p95>8;both_sides;drawdown;unstable_halves,8371,2215,2197,16,149.5,0.0,0.0245,-0.1993,0.44,0.512,0.0247,-0.0098,0.1023,-0.0533,0.064,88.87,67.0,104,2.15,0.301,0.0,0.928,44914,0.097,0.086,0.013,0.075,0.035,0.0,0.0011,-0.2421,0.0486,False,Sports,"Sports / Baseball / type=spreads (n=46, roi=+1.54) | Sports / Baseball / price=0.00-0.10 (n=18, roi=+2.17) | Sports / Baseball / live (n=212, roi=+0.37)",
0xbab2fe3ac77ddf543cd6be37864d02a345bd9dec,dancedancer,-0.0146,False,both_sides;drawdown,1233,1015,1012,2,95.9,0.0,0.1179,-0.0149,2.93,0.576,0.1179,0.0853,0.1174,0.1185,0.0579,15.29,6.0,10,1.24,0.142,0.0,0.991,287393,0.042,0.019,0.017,0.01,0.042,0.0,0.0536,,0.0389,False,Sports,"Sports (n=1012, roi=+0.12) | Sports / Soccer (n=63, roi=+0.35) | Sports / Soccer / live (n=63, roi=+0.35)","Sports (n=1012, roi=+0.12) | Sports / Soccer (n=63, roi=+0.35) | Sports / Soccer / live (n=63, roi=+0.35) | Sports / price=0.30-0.50 (n=285, roi=+0.16) | Sports / Soccer / type=moneyline (n=59, roi=+0.35) | Sports / Tennis / live (n=874, roi=+0.09)"
0x3e69375f65f77f2923b5fa3b1f7c9e1367b77a30,Yanis2603,-0.0147,False,roi_copy<=0;t<2.0;concurrency_p95>8;sniping;entries>=0.90;drawdown;unstable_halves,10500,7249,7073,176,165.5,0.0,-0.0092,0.0247,-3.57,0.906,-0.0079,-0.0092,-0.0146,-0.0038,-0.041,69.07,144.0,177,1.22,0.001,0.284,0.939,49473,0.932,0.0,0.764,0.0,0.011,0.327,-0.0064,-0.0034,0.0143,True,Sports,"Esports / Esports / Dota 2 (n=74, roi=+0.02) | Sports / Soccer / type=soccer_player_goals (n=45, roi=+0.02) | Sports / Tennis / Wimbledon (n=121, roi=+0.01)","Esports / Esports / Dota 2 (n=74, roi=+0.02) | Sports / Soccer / type=soccer_player_goals (n=45, roi=+0.02)"
0x0b8cf0871066cbaffecc0579afaf3d44b94ac944,Robertdancce,-0.0147,False,t<2.0;concurrency_p95>8;both_sides;drawdown;unstable_halves;history<90d,3410,1683,1675,8,31.7,0.0,0.0177,-0.2258,0.39,0.485,0.0177,-0.0501,-0.0272,0.0625,0.2137,77.3,25.0,37,2.12,0.253,0.0,0.994,163000,0.067,0.101,0.031,0.047,0.015,0.001,0.0026,-0.0227,0.1624,False,Sports,"Sports / Soccer / price=0.10-0.30 (n=99, roi=+0.64) | Sports / price=0.10-0.30 (n=163, roi=+0.41) | Sports / Soccer / live (n=512, roi=+0.21)","Sports / Soccer / price=0.10-0.30 (n=99, roi=+0.64) | Sports / price=0.10-0.30 (n=163, roi=+0.41) | Sports / Soccer / live (n=512, roi=+0.21) | Sports / Soccer (n=513, roi=+0.20)"
0x9459f20d2c21d40c9ebcb5dda768f4a2c792deea,,-0.015,False,t<2.0;both_sides,1388,299,297,2,167.4,0.1,0.0961,-0.044,1.02,0.455,0.111,0.0858,0.1363,0.0562,0.0454,9.85,5.0,7,1.55,0.295,0.0,0.953,368932,0.013,0.02,0.002,0.016,0.1,0.0,0.0341,-0.0303,-0.2678,False,Sports,"Sports / Tennis / WTA (n=93, roi=+0.26) | Sports / price=0.00-0.10 (n=6, roi=+0.80) | Sports / Tennis / price=0.00-0.10 (n=5, roi=+0.88)",
0x4ecfe7345a1e829329e0ca7816c1e927cacf75d2,copim,-0.0151,False,t<2.0;concurrency_p95>8;drawdown;unstable_halves,1554,763,738,25,122.5,0.0,0.0422,-0.1259,0.72,0.472,0.0342,0.0428,0.1062,-0.0218,-0.1099,37.47,34.0,40,4.23,0.022,0.005,0.587,78525,0.062,0.087,0.02,0.013,0.128,0.144,-0.007,0.0089,-0.0215,False,Sports,"Sports / Soccer / FIFA World Cup (n=123, roi=+0.42) | Sports / Soccer / live (n=144, roi=+0.34) | Sports / Soccer / price=0.00-0.10 (n=16, roi=+0.82)",
0x60b8f673ae6baeba664b21c0d01e5c484493d47d,ZinedineZywoo,-0.0151,False,t<2.0;concurrency_p95>8;drawdown,3978,1719,1705,14,287.2,0.0,0.0184,-0.0667,0.68,0.564,-0.0003,-0.0165,0.0295,0.0073,-0.1173,25.93,31.0,38,4.3,0.089,0.003,0.602,98936,0.066,0.022,0.032,0.005,0.034,0.1,-0.008,0.0358,0.0159,False,Esports,"Politics / Tweet Markets (n=111, roi=+0.42) | Politics / Tweet Markets / type=negrisk (n=111, roi=+0.42) | Politics / Tweet Markets / Elon Tweets (n=65, roi=+0.52)",
0xeab5d85881c77428fef9b4d85ff493ecbe97c3ce,0xeaB5d85881c77428Fef9B4D85fF493eCBE97C3CE-1775099947593,-0.0153,False,t<2.0;concurrency_p95>8;drawdown;unstable_halves,1712,1467,1064,403,184.0,0.1,0.0252,-0.2129,0.43,0.335,-0.0021,0.0251,-0.0243,0.0748,0.8542,45.97,352.0,403,4.69,0.001,0.0,0.374,142642,0.0,0.068,0.0,0.099,0.029,0.001,0.0033,0.0104,0.0728,False,Sports,"Other (n=5, roi=+1.09) | Other / ? (n=5, roi=+1.09) | Other / ? / ? (n=5, roi=+1.09)",
0xb66ab85be6e5b9ee2da77e2d090a23b5b874b156,Rocky32,-0.0154,False,t<2.0;drawdown;unstable_halves;history<90d,163,109,108,1,40.6,0.1,0.1485,-0.1362,0.68,0.556,0.1607,0.1257,0.3579,-0.061,-0.0345,12.38,6.0,7,2.84,0.058,0.0,1.0,92178,0.102,0.056,0.053,0.152,0.152,0.0,0.032,-0.4421,0.5765,False,Sports,"Sports / Soccer / Bundesliga 2025 (n=4, roi=+0.98) | Sports / price=0.00-0.10 (n=6, roi=+0.70) | Sports / Soccer / price=0.00-0.10 (n=6, roi=+0.70)",
0xb21bcc4615f7e0e15030c415def696d5936988f9,,-0.0155,False,t<2.0;concurrency_p95>8;drawdown,4122,1170,1107,62,108.1,0.1,0.0616,-0.0256,1.82,0.53,0.0616,0.0632,0.0427,0.0805,-0.0315,26.65,69.0,83,18.05,0.014,0.0,0.0,57552,0.0,0.0,0.0,0.0,0.013,0.0,0.0293,,0.0734,False,Sports,"Esports (n=541, roi=+0.11) | Esports / Esports (n=541, roi=+0.11) | Esports / Esports / Counter Strike (n=541, roi=+0.11)","Esports (n=541, roi=+0.11) | Esports / Esports (n=541, roi=+0.11) | Esports / Esports / Counter Strike (n=541, roi=+0.11) | Esports / Esports / type=moneyline (n=541, roi=+0.11) | Esports / Esports / pre (n=541, roi=+0.11) | Esports / price=0.50-0.70 (n=193, roi=+0.12)"
0x3ccaa6056db28529df8e5f4fc4c266a7d43ac831,LUD0MAN1AC,-0.0156,False,t<2.0;concurrency_p95>8;drawdown;unstable_halves,1564,748,724,24,350.2,0.1,0.0283,-0.2288,0.41,0.36,0.0552,-0.0061,-0.0871,0.1436,-0.375,44.17,25.0,30,26.5,0.008,0.0,0.867,606172,0.0,0.225,0.0,0.298,0.055,0.028,-0.0074,-0.0509,0.1309,False,Politics,"Sports / price=0.00-0.10 (n=78, roi=+0.61) | Sports / Other sport / price=0.00-0.10 (n=64, roi=+0.60) | Sports / Other sport (n=213, roi=+0.28)","Politics / Tweet Markets / Elon Tweets 48H (n=91, roi=+0.24)"
0x1851cc2a59239f189b52c51df00d3e1e4b537016,impaul,-0.0158,False,t<2.0;concurrency_p95>8;drawdown;unstable_halves,853,445,371,74,211.9,0.0,0.0884,-0.1101,0.86,0.633,0.0843,0.0308,0.1786,-0.0013,-0.3538,20.18,54.0,74,10.75,0.018,0.0,0.516,117495,0.129,0.03,0.141,0.042,0.035,0.019,0.0064,0.0249,-0.4138,False,Sports,"Other (n=27, roi=+0.74) | Other / tanker (n=4, roi=+1.42) | Other / tanker / ships transit the Strait of Hormuz (n=4, roi=+1.42)",
0xd4878968fbc71361b5a4c80e67442f09c1405f32,Youtec,-0.0159,False,t<2.0;concurrency_p95>8;low_liquidity;drawdown;unstable_halves,1170,503,496,7,122.5,0.2,0.0372,-0.2513,0.38,0.413,0.002,0.0003,-0.0449,0.1194,-0.3102,27.87,13.0,19,13.93,0.031,0.006,0.703,14884,0.04,0.151,0.018,0.146,0.066,0.101,0.0003,0.0577,0.0222,False,Sports,"Sports / Other sport / Amsterdam Daily Weather (n=48, roi=+0.67) | Sports / price=0.00-0.10 (n=71, roi=+0.34) | Sports / Other sport / price=0.00-0.10 (n=71, roi=+0.34)",
0x948f67a0d66c1c196491b149923bcd4fa2510b98,0x948f67A0D66C1C196491B149923BCd4fa2510b98-1776679190697,-0.0159,False,t<2.0;concurrency_p95>8;low_liquidity;drawdown,5789,2988,2969,18,159.7,0.0,0.5371,-0.03,1.59,0.73,0.5105,0.1082,0.2095,0.8646,-0.2995,46.28,35.0,54,11.56,0.079,0.0,0.968,7541,0.309,0.048,0.117,0.079,0.016,0.003,0.0425,0.0819,0.7888,False,Sports,"Sports / Other sport / Madrid Daily Lowest Temperature (n=18, roi=+26.43) | Sports / Other sport / price=0.00-0.10 (n=131, roi=+8.80) | Sports / price=0.00-0.10 (n=140, roi=+8.37)","Sports / Other sport / Cape Town Daily Weather (n=273, roi=+0.36) | Sports / price=0.10-0.30 (n=332, roi=+0.32) | Sports / Other sport / price=0.10-0.30 (n=317, roi=+0.30) | Sports / Other sport / Seoul Daily Weather (n=274, roi=+0.27) | Sports / Other sport / Miami Daily Lowest Temperature (n=94, roi=+0.33) | Sports / Other sport / NYC Daily Lowest Temperature (n=191, roi=+0.20)"
0x8c5671a5aeb5028731151992d6b67b89eeae3ba4,hjw195299,-0.0163,False,t<2.0;concurrency_p95>8;low_liquidity;entries>=0.90;profit_from<0.10;top1_concentration;drawdown;unstable_halves,846,402,402,0,94.6,0.0,0.2378,-0.1462,0.67,0.667,0.2172,0.2372,-0.0296,0.5052,-0.3053,39.27,35.0,40,20.66,0.015,0.0,0.394,7547,0.555,0.097,0.102,0.314,0.354,0.0,-0.0219,0.034,-0.5596,False,Sports,"Sports / Other sport / Milan Daily Weather (n=11, roi=+4.68) | Sports / price=0.00-0.10 (n=39, roi=+2.03) | Sports / Other sport / price=0.00-0.10 (n=39, roi=+2.03)",
0x8944890ebd9ec5fc4a6e4d2a12c25174a5e5da4b,hfgdzb,-0.0164,False,t<2.0;both_sides;drawdown;unstable_halves;history<90d,3779,848,848,0,85.3,0.1,0.0779,-0.0895,1.1,0.529,-0.0361,0.0444,0.1592,-0.0034,0.0441,20.67,7.0,12,1.02,0.183,0.0,1.0,139781,0.104,0.081,0.034,0.023,0.042,0.0,0.0154,0.1609,-0.1077,False,Sports,"Sports / Other sport / price=0.00-0.10 (n=10, roi=+1.76) | Sports / Other sport / Chinese Super League (n=75, roi=+0.63) | Sports / price=0.00-0.10 (n=69, roi=+0.63)","Sports / Other sport / price=0.30-0.50 (n=41, roi=+0.20) | Sports / price=0.70-0.90 (n=165, roi=+0.06)"
0xc176b3f2c1e2af38e4ae1ea9d1fcaa18a6515d01,Kaeselos5687,-0.0165,False,t<2.0;concurrency_p95>8;low_liquidity;both_sides;drawdown;unstable_halves,5148,1688,1681,6,143.2,0.1,0.0404,-0.0803,1.23,0.543,0.0129,-0.018,-0.0066,0.0873,0.0359,26.88,23.0,34,13.07,0.116,0.0,0.917,14428,0.094,0.101,0.077,0.069,0.018,0.036,0.0005,0.0312,0.1349,False,Sports,"Sports / Other sport / Seoul Daily Weather (n=536, roi=+0.13) | Sports / Other sport / price=0.10-0.30 (n=282, roi=+0.16) | Sports / price=0.10-0.30 (n=290, roi=+0.14)","Sports / Other sport / price=0.10-0.30 (n=282, roi=+0.16)"
0x1e1ec8225ed54f699529eb2aef2edf3ea8d7cbfb,mauricebishop,-0.0166,False,concurrency_p95>8;both_sides;drawdown;history<90d,1029,909,908,1,65.5,0.1,0.0989,-0.0207,2.41,0.562,0.0989,0.0785,0.0849,0.113,0.2259,21.51,9.0,14,1.36,0.119,0.0,0.993,200160,0.041,0.01,0.019,0.0,0.061,0.0,0.0421,,-0.1322,False,Sports,"Sports (n=908, roi=+0.10) | Sports / Soccer (n=59, roi=+0.31) | Sports / Soccer / live (n=59, roi=+0.31)","Sports (n=908, roi=+0.10)"
0x62d377f10f1f1479c295b9fb932a36f41bd6e694,f00000,-0.017,False,t<2.0;concurrency_p95>8;low_liquidity;entries>=0.90;drawdown,2920,1160,1157,3,236.9,0.0,0.0517,-0.03,1.7,0.811,0.0323,-0.0102,0.0194,0.0839,0.2288,14.91,12.0,18,10.78,0.059,0.014,0.875,11517,0.599,0.034,0.402,0.008,0.02,0.049,0.0134,0.0935,0.1507,False,Sports,"Sports / Other sport / price=0.10-0.30 (n=54, roi=+0.31) | Sports / price=0.10-0.30 (n=55, roi=+0.30) | Sports / Other sport (n=1084, roi=+0.06)",
0x15463d7c82ad6df69260a9def5e19c8ff838778b,ssstarboyyy,-0.0174,False,t<2.0;low_liquidity;drawdown;unstable_halves,2036,816,812,3,201.8,0.0,0.046,-0.1771,0.59,0.658,0.0004,-0.0202,-0.0021,0.0941,-0.2693,36.22,8.0,19,12.06,0.041,0.0,0.963,17309,0.483,0.148,0.298,0.067,0.047,0.0,-0.0065,0.1707,0.0063,False,Sports,"Sports / price=0.00-0.10 (n=120, roi=+0.44) | Sports / Other sport / price=0.00-0.10 (n=120, roi=+0.44) | Sports / Other sport / Guangzhou Daily Weather (n=57, roi=+0.45)",
0x2ae382f354b9b7b682d035ec31086c176226372a,0x2aE382F354B9B7B682D035ec31086C176226372A-1779299982327,-0.0177,False,t<2.0;concurrency_p95>8;low_liquidity;drawdown,5423,2158,2144,14,133.9,0.0,0.0111,-0.1328,0.4,0.572,0.0501,-0.0242,0.0099,0.0124,-0.0547,40.52,30.0,41,13.27,0.073,0.003,0.946,11946,0.258,0.139,0.121,0.089,0.03,0.024,0.0121,-0.0523,0.0698,False,Sports,"Sports / Other sport / Milan Daily Weather (n=133, roi=+0.33) | Sports / Other sport / Qingdao Daily Weather (n=153, roi=+0.17) | Sports / Other sport / Hong Kong Daily Weather (n=37, roi=+0.22)","Sports / price=0.70-0.90 (n=501, roi=+0.03) | Sports / Other sport / price=0.70-0.90 (n=483, roi=+0.03)"
0x43e2edf8d9b5acc69e419f660b265c5c94535fbd,krisxxi,-0.0178,False,t<2.0;concurrency_p95>8;drawdown;unstable_halves,4628,1293,1288,5,277.5,0.1,0.7566,-0.1102,0.97,0.377,0.8866,0.7405,1.5349,-0.0217,0.0135,27.76,24.0,28,8.71,0.076,0.001,0.581,778330,0.071,0.125,0.097,0.147,0.112,0.077,-0.0051,-0.0946,-1.4696,False,Politics,"Politics / Tweet Markets / price=0.00-0.10 (n=39, roi=+17.73) | Politics / price=0.00-0.10 (n=82, roi=+10.22) | Politics / Tweet Markets / Elon Tweets (n=119, roi=+7.39)",
0x02de038c93d8f7f5f2d98da982087f0180ae812b,,-0.0183,False,t<2.0;concurrency_p95>8;drawdown,4131,1104,1100,4,138.0,0.0,0.0678,-0.028,1.96,0.499,0.0823,0.0662,0.1018,0.0338,-0.1728,25.38,10.0,13,2.96,0.096,0.0,0.857,661168,0.005,0.004,0.002,0.0,0.012,0.002,0.0378,-0.033,0.0059,False,Esports,"Esports / Esports / type=child_moneyline (n=672, roi=+0.10) | Esports / Esports / live (n=854, roi=+0.08) | Esports / Esports / price=0.10-0.30 (n=138, roi=+0.19)","Esports / Esports / type=child_moneyline (n=672, roi=+0.10) | Esports / Esports / live (n=854, roi=+0.08) | Esports / Esports / Counter Strike (n=154, roi=+0.17) | Sports / price=0.50-0.70 (n=44, roi=+0.20)"
0x1fb7053bb490c6ec05a78fe2ed383af48526fb66,Arcus-AI,-0.0191,False,t<2.0;concurrency_p95>8;both_sides;drawdown;unstable_halves,10500,1886,1864,21,223.1,0.0,0.1197,-0.0897,1.28,0.524,0.1119,0.0679,-0.0064,0.2457,-0.0416,29.15,42.0,66,1.22,0.285,0.0,0.872,326596,0.048,0.041,0.034,0.01,0.043,0.001,0.0034,0.0162,-0.0958,True,Sports,"Sports / Tennis / price=0.00-0.10 (n=67, roi=+2.33) | Sports / price=0.00-0.10 (n=75, roi=+2.04) | Sports / Tennis / live (n=1344, roi=+0.17)",
0xc0e4eac75334ce2686391feeeb1df182ae7e4ec7,Mewpa,-0.0197,False,t<2.0;concurrency_p95>8;drawdown;unstable_halves,835,403,400,3,472.7,0.0,0.0721,-0.116,1.02,0.642,0.0846,0.0521,0.2435,-0.0993,-0.364,42.66,11.0,17,19.99,0.005,0.0,0.739,208792,0.287,0.022,0.073,0.156,0.082,0.158,-0.015,-0.0504,-0.1829,False,Crypto,"Crypto / price=0.10-0.30 (n=29, roi=+0.47) | Crypto / price=0.00-0.10 (n=3, roi=+1.10) | Crypto / Bitcoin / price=0.00-0.10 (n=2, roi=+1.20)",
0xeaa47d114cffe990a671bdad1199e6bebb0a5c82,NAMPHO,-0.02,False,t<2.0;concurrency_p95>8;low_liquidity;drawdown;unstable_halves,1283,737,734,3,198.1,0.0,0.0397,-0.3081,0.39,0.365,-0.0155,0.0294,0.2117,-0.1324,-0.3223,63.93,16.0,22,11.45,0.027,0.0,0.894,17916,0.027,0.279,0.022,0.076,0.036,0.004,0.0058,0.1762,0.108,False,Sports,"Sports / Other sport / Beijing Daily Weather (n=56, roi=+0.74) | Sports / price=0.30-0.50 (n=98, roi=+0.21) | Sports / Other sport / price=0.30-0.50 (n=91, roi=+0.21)","Sports / price=0.30-0.50 (n=98, roi=+0.21)"
0xb6f850412b2f2dc622b26830cbeb2d2f926ddf87,nzxj,-0.02,False,concurrency_p95>8;both_sides;drawdown;history<90d,1028,880,877,2,65.5,0.0,0.0943,-0.0262,2.29,0.558,0.0943,0.0754,0.058,0.1306,-0.2632,25.86,9.0,13,1.33,0.117,0.0,0.991,213720,0.036,0.011,0.007,0.0,0.043,0.0,0.0393,,-0.0452,False,Sports,"Sports / Soccer (n=59, roi=+0.57) | Sports / Soccer / live (n=59, roi=+0.57) | Sports / Soccer / type=moneyline (n=54, roi=+0.50)","Sports / Soccer (n=59, roi=+0.57) | Sports / Soccer / live (n=59, roi=+0.57) | Sports / Soccer / type=moneyline (n=54, roi=+0.50) | Sports (n=877, roi=+0.09)"
0x4bb5507d7f8d44a6b5732502d47ab8b3d920dfca,Xiaomao2006,-0.0203,False,t<2.0;concurrency_p95>8;low_liquidity,3274,873,863,10,132.1,0.0,0.0497,-0.0383,1.59,0.654,0.0147,0.0033,0.0823,0.0172,0.0798,9.89,20.0,30,14.16,0.014,0.0,0.624,8661,0.146,0.029,0.061,0.006,0.023,0.0,0.0084,0.0999,0.0608,False,Sports,"Sports / Other sport / Shanghai Daily Lowest Temperature (n=95, roi=+0.21) | Sports / Other sport / Chengdu Daily Weather (n=55, roi=+0.25) | Sports / Other sport / live (n=525, roi=+0.08)",
0x85d503a289539c69de13567721a8346813a51ae3,michael498265826,-0.0204,False,t<2.0;concurrency_p95>8,209,148,145,3,134.3,0.0,0.0668,-0.1094,0.56,0.414,0.0938,0.0705,0.0622,0.0713,-0.0003,8.85,14.0,16,3.77,0.007,0.0,0.472,290154,0.007,0.021,0.0,0.0,0.165,0.007,0.0175,-0.1058,-0.3992,False,Sports,"Sports / price=0.10-0.30 (n=35, roi=+0.35) | Sports / Tennis / price=0.10-0.30 (n=27, roi=+0.35) | Sports / Tennis / ATP (n=60, roi=+0.23)",
0xe6a9d2301ed7e1222002d04e9463c5f521d9e35a,Eddd1x,-0.0206,False,t<2.0;concurrency_p95>8;drawdown,882,471,460,11,267.6,0.1,0.0583,-0.0584,1.06,0.504,0.0373,0.0524,0.0251,0.0914,0.368,22.18,13.0,15,2.61,0.078,0.002,0.844,1004508,0.017,0.015,0.002,0.0,0.037,0.028,0.0142,0.0396,0.0262,False,Sports,"Esports / Esports / type=child_moneyline (n=68, roi=+0.23) | Esports / price=0.10-0.30 (n=19, roi=+0.36) | Esports / Esports / price=0.10-0.30 (n=19, roi=+0.36)",
0x20b80ebb96e2051540e1d475e4ce122fc282aa04,tes21sa,-0.0207,False,t<2.0;drawdown,219,137,137,0,97.3,0.2,0.1166,-0.0767,0.81,0.387,0.1714,0.126,0.2208,0.014,0.2612,10.18,7.0,12,2.62,0.015,0.0,0.481,266155,0.0,0.073,0.0,0.0,0.21,0.044,0.0629,-0.6249,0.0099,False,Sports,"Sports (n=131, roi=+0.11) | Sports / price=0.10-0.30 (n=63, roi=+0.16) | Sports / Soccer (n=118, roi=+0.11)",
0x0d233076c4dac74786a165e0337732d89437251c,,-0.0208,False,t<2.0;concurrency_p95>8;both_sides;drawdown;history<90d,1506,627,623,4,66.4,0.0,0.0375,-0.0801,0.78,0.501,0.0375,0.0279,0.068,0.0071,-0.1403,18.01,129.0,139,5.36,0.122,0.0,0.393,108384,0.003,0.002,0.0,0.0,0.022,0.0,0.0174,,-0.0577,False,Sports,"Sports / Baseball / price=0.10-0.30 (n=26, roi=+0.45) | Sports / Tennis / pre (n=26, roi=+0.27) | Sports / Baseball (n=279, roi=+0.08)",
0x12d3cbfc0b5e095d03cb2a04f0676e46615d16c5,,-0.0212,segment,segment_only:t<2.0;segment_only:drawdown,279,259,251,8,245.3,0.2,0.1217,-0.0534,1.19,0.685,0.1127,0.1252,0.1397,0.1038,0.0161,10.25,8.0,10,4.34,0.012,0.008,0.538,522243,0.251,0.048,0.115,0.046,0.052,0.06,0.0247,0.204,-0.0693,False,Sports,"Crypto (n=33, roi=+0.41) | Crypto / price=0.00-0.10 (n=8, roi=+0.65) | Crypto / Ethereum (n=6, roi=+0.64)","Sports / price=0.70-0.90 (n=36, roi=+0.14)"
0x3679e05be57e5d3e3c9f7a83a7d30d10670f492e,twentys,-0.0213,False,t<2.0;both_sides;drawdown;unstable_halves,1281,1067,1064,3,93.0,0.0,0.0768,-0.0655,1.95,0.548,0.0768,0.0489,0.1977,-0.0441,0.1783,63.06,7.0,14,1.31,0.111,0.0,0.987,264534,0.039,0.017,0.014,0.002,0.042,0.0,0.0302,,0.0226,False,Sports,"Sports / price=0.10-0.30 (n=185, roi=+0.28) | Sports / Soccer / price=0.10-0.30 (n=13, roi=+0.92) | Sports / Soccer (n=53, roi=+0.34)","Sports / price=0.70-0.90 (n=199, roi=+0.07)"
0x43fe17cf68eb58be1d40514be0e52674b71d26ee,0x43fE17Cf68EB58BE1d40514Be0e52674B71d26eE-1768993726139,-0.0213,segment,segment_only:t<2.0;segment_only:drawdown,2071,995,986,7,253.8,0.0,0.0561,-0.0376,1.7,0.588,0.0571,0.0578,0.024,0.0881,0.4922,24.03,8.0,15,3.12,0.092,0.0,0.87,112333,0.057,0.032,0.01,0.009,0.047,0.09,0.0262,-0.0011,0.0925,False,Sports,"Sports / price=0.10-0.30 (n=85, roi=+0.21) | Sports / Basketball / price=0.30-0.50 (n=42, roi=+0.27) | Sports / Basketball / live (n=161, roi=+0.13)","Sports / Basketball / price=0.30-0.50 (n=42, roi=+0.27) | Sports / Cricket / price=0.50-0.70 (n=149, roi=+0.13)"
0x0b6ae8445f1518784687c1df63403b7889bc710d,,-0.0215,False,t<2.0;concurrency_p95>8;both_sides;drawdown;history<90d,4742,1542,1537,4,54.6,0.0,0.0254,-0.0708,0.91,0.596,0.0254,-0.0358,0.001,0.0497,0.2648,16.59,23.0,30,1.91,0.438,0.0,0.954,427515,0.11,0.003,0.01,0.007,0.016,0.0,0.0039,,0.1514,False,Sports,"Sports / American Football (n=93, roi=+0.17) | Sports / American Football / live (n=93, roi=+0.17) | Sports / American Football / NFL 2026 (n=88, roi=+0.17)",
0xb57418c347ad249e0617471bf528de105336f7af,0x57A7c9eE02D18413EBb38de39Cc211152F588523-1777643863411,-0.0216,False,t<2.0;concurrency_p95>8;low_liquidity;drawdown;unstable_halves,548,519,516,3,133.9,0.0,0.056,-0.1621,0.8,0.45,0.0608,0.056,0.1497,-0.0376,-0.0618,26.17,34.0,43,14.96,0.018,0.004,0.951,11420,0.033,0.039,0.002,0.064,0.052,0.085,0.0044,-0.123,-0.0837,False,Sports,"Sports / Other sport / Lucknow Daily Weather (n=72, roi=+0.36) | Sports / Other sport / price=0.10-0.30 (n=118, roi=+0.27) | Sports / price=0.10-0.30 (n=119, roi=+0.27)",
0x5e40ba72c60c6fe4f970161818200bb5263cf89c,pigmermer,-0.0221,False,low_liquidity;drawdown,2962,1187,1184,2,228.5,0.0,0.1396,-0.0221,3.9,0.562,0.1887,0.1081,0.2213,0.058,0.2267,20.53,7.0,11,1.2,0.026,0.003,0.969,14024,0.175,0.089,0.162,0.014,0.053,0.035,0.0721,-0.0737,-0.0057,False,Sports,"Sports / price=0.10-0.30 (n=215, roi=+0.53) | Sports / Other sport / price=0.10-0.30 (n=215, roi=+0.53) | Sports / Other sport / live (n=1054, roi=+0.16)","Sports / price=0.10-0.30 (n=215, roi=+0.53) | Sports / Other sport / price=0.10-0.30 (n=215, roi=+0.53) | Sports / Other sport / live (n=1054, roi=+0.16) | Sports (n=1088, roi=+0.15) | Sports / Other sport (n=1088, roi=+0.15) | Sports / Other sport / type=binary (n=1088, roi=+0.15)"
0xbfaf09d5828091665a27efab1b0a5a1325941c2f,yousefbu50,-0.0221,False,t<2.0;concurrency_p95>8,193,93,90,3,123.3,0.1,0.2211,-0.0664,1.0,0.511,0.2164,0.2218,0.375,0.0673,0.0259,7.23,17.0,19,9.53,0.011,0.0,0.358,277570,0.211,0.078,0.017,0.097,0.207,0.011,-0.0152,0.1487,-0.1834,False,Sports,"Sports / price=0.10-0.30 (n=17, roi=+0.43) | Crypto (n=3, roi=+0.83) | Sports / Other sport / pre (n=11, roi=+0.37)",
0x038bca073c9aebb694028d70eec94116ed4bafc4,triple-purple,-0.0222,False,t<2.0;concurrency_p95>8;drawdown;unstable_halves,2083,868,857,11,466.6,0.1,0.0405,-0.2615,0.51,0.343,0.0895,-0.0263,-0.1839,0.2645,-0.2556,87.86,42.0,51,26.4,0.037,0.0,0.804,330038,0.009,0.233,0.004,0.088,0.031,0.071,-0.003,-0.0809,-0.0384,False,Politics,"Sports / Other sport / price=0.00-0.10 (n=49, roi=+1.12) | Sports / price=0.00-0.10 (n=55, roi=+0.95) | Sports / Other sport / live (n=216, roi=+0.31)",
0x0a8d1c58728e869865fd581926e153ca59c6f956,Roachclipper,-0.0222,False,t<2.0;drawdown;unstable_halves,95,67,65,2,116.1,0.2,0.1991,-0.2152,0.62,0.323,0.2025,0.2241,-0.1698,0.5567,0.7124,12.43,7.0,9,4.18,0.0,0.0,0.5,563205,0.0,0.108,0.0,0.078,0.199,0.0,-0.002,,-0.017,False,Sports,"Sports / MMA/Boxing / pre (n=27, roi=+0.47) | Sports / MMA/Boxing (n=53, roi=+0.26) | Sports / MMA/Boxing / UFC (n=53, roi=+0.26)",
0x59d1a994f00f6032503e06e7f0d51536faa8cdc7,momoskil,-0.0222,False,t<2.0;concurrency_p95>8;low_liquidity;drawdown,938,796,793,3,181.2,0.2,0.0274,-0.136,0.49,0.39,-0.0086,0.0287,0.0532,0.0015,-0.0426,22.5,19.0,25,38.36,0.0,0.0,0.342,12169,0.001,0.073,0.0,0.045,0.028,0.0,0.0095,0.2713,0.0476,False,Sports,"Sports / Other sport / Tel Aviv Daily Weather (n=88, roi=+0.25) | Sports / Other sport / pre (n=521, roi=+0.08) | Sports / Other sport / Madrid Daily Weather (n=75, roi=+0.16)",
0xb4fc3b8dfa7e5966df6d7ed8932e87eb46aaa926,endlesssss,-0.0223,False,t<2.0;concurrency_p95>8;both_sides;drawdown;unstable_halves,2895,1037,1027,10,343.6,0.1,0.0637,-0.1538,0.87,0.457,0.0769,-0.0521,-0.0209,0.1481,-0.5366,51.07,24.0,31,9.12,0.102,0.0,0.873,675635,0.077,0.077,0.071,0.035,0.038,0.006,0.0052,-0.0197,0.0637,False,Crypto,"Culture (n=25, roi=+2.29) | Culture / gaming (n=10, roi=+3.41) | Culture / gaming / ? (n=10, roi=+3.41)",
0x5d5db930389105ecc1927de972696a4e52ba6be6,afaus,-0.0223,False,t<2.0;concurrency_p95>8;drawdown,1777,481,479,2,706.6,0.2,0.0754,-0.0432,1.55,0.664,0.1036,0.0452,0.0413,0.1093,0.2424,10.57,13.0,17,61.97,0.09,0.0,0.574,752386,0.315,0.081,0.122,0.014,0.249,0.0,0.0387,-0.0365,0.0645,False,Politics,"Crypto (n=79, roi=+0.18) | Crypto / Crypto Prices (n=25, roi=+0.30) | Crypto / Crypto Prices / type=binary (n=25, roi=+0.30)","Crypto / price=0.70-0.90 (n=30, roi=+0.09)"
0x722dfd019714c0eeb137bdca45a4b88406f589b9,0x722DFD019714c0eEb137bdcA45A4b88406F589B9-1777920679643,-0.0223,False,t<2.0;concurrency_p95>8;both_sides;drawdown;unstable_halves,621,430,423,7,146.5,0.1,0.0756,-0.2232,0.6,0.385,0.0582,0.085,-0.0987,0.2491,-0.3147,38.9,11.0,14,2.89,0.151,0.0,0.779,94820,0.0,0.118,0.0,0.127,0.101,0.336,-0.006,0.0453,-0.1574,False,Sports,"Sports / Motorsport / price=0.00-0.10 (n=15, roi=+1.28) | Sports / Motorsport (n=34, roi=+0.81) | Sports / Motorsport / ? (n=34, roi=+0.81)",
0xdeb6368f6b09f9e131f263ceb152c0db611632b5,karotin,-0.0224,False,both_sides;drawdown,1316,1078,1077,1,95.9,0.0,0.0856,-0.0281,2.39,0.578,0.0856,0.0431,0.081,0.0901,0.1648,22.95,6.0,11,1.27,0.128,0.0,0.983,285122,0.057,0.011,0.022,0.0,0.042,0.0,0.0453,,0.0886,False,Sports,"Sports (n=1077, roi=+0.09) | Sports / Tennis (n=942, roi=+0.08) | Sports / Tennis / type=moneyline (n=942, roi=+0.08)","Sports (n=1077, roi=+0.09) | Sports / Tennis / price=0.70-0.90 (n=184, roi=+0.07)"
0x34eb4f778a5f5de9c895e4a9487b6ce5cc0cf39d,Corleone2312,-0.0227,False,t<2.0;concurrency_p95>8,467,274,272,2,696.9,0.2,0.1589,-0.0586,1.16,0.507,0.0592,0.1569,0.0518,0.266,-0.1792,9.69,10.0,13,3.61,0.027,0.004,0.478,178469,0.004,0.062,0.0,0.245,0.239,0.353,-0.0002,0.1695,0.262,False,Sports,"Politics / Tweet Markets (n=39, roi=+0.66) | Politics / Tweet Markets / type=negrisk (n=39, roi=+0.66) | Politics (n=48, roi=+0.54)",
0xba60a0fc13a50387c6c739af6e2e0a4972e8f461,deklanggg,-0.023,False,t<2.0;concurrency_p95>8;drawdown,348,242,230,12,203.0,0.1,0.1012,-0.0704,0.98,0.496,0.0483,0.1016,0.1249,0.0775,0.2857,14.57,10.0,12,9.51,0.004,0.004,0.275,32785,0.017,0.022,0.007,0.174,0.112,0.109,0.0053,0.1255,0.2011,False,Sports,"Sports / Soccer / live (n=24, roi=+0.63) | Sports / Soccer / type=moneyline (n=67, roi=+0.31) | Sports / Soccer (n=113, roi=+0.23)",
0xe1d3e9a9a5f95c537b44fdd44f2c461f9e69b8de,0xE1d3E9a9A5f95c537B44fdD44F2c461f9E69b8De-1773463215618,-0.0232,False,concurrency_p95>8;drawdown,2501,1177,1167,10,202.9,0.0,0.094,-0.0273,2.55,0.528,0.0869,0.1066,0.0681,0.1198,0.1909,31.24,13.0,17,3.92,0.026,0.0,0.66,228905,0.0,0.034,0.0,0.007,0.03,0.0,0.0442,0.0301,0.0606,False,Esports,"Sports (n=549, roi=+0.21) | Sports / price=0.30-0.50 (n=165, roi=+0.33) | Sports / Soccer / Dota 2 (n=325, roi=+0.22)","Sports (n=549, roi=+0.21) | Sports / price=0.30-0.50 (n=165, roi=+0.33) | Sports / Soccer / Dota 2 (n=325, roi=+0.22) | Sports / Soccer / type=moneyline (n=346, roi=+0.21) | Sports / Soccer (n=365, roi=+0.20) | Sports / Soccer / price=0.30-0.50 (n=106, roi=+0.33)"
0x7d426104ca59f6909ae0581bd34a61433a0ba046,onewan,-0.0232,False,t<2.0;concurrency_p95>8;low_liquidity;drawdown;unstable_halves,1707,1226,1226,0,165.7,0.1,0.0273,-0.3573,0.39,0.477,0.0192,0.0327,0.1859,-0.1312,-0.4353,137.09,25.0,41,13.79,0.033,0.0,0.976,9973,0.235,0.22,0.065,0.218,0.024,0.0,-0.0008,0.0589,-0.0537,False,Sports,"Sports / Other sport / Panama Daily Weather (n=24, roi=+0.84) | Sports / Other sport / Beijing Daily Weather (n=50, roi=+0.38) | Sports / Other sport / Sao Paulo Daily Weather (n=36, roi=+0.41)",
0x233bacfb515aad6871027b95c5e4c6166f5c1f2c,0x233BACFB515aaD,-0.0234,False,t<2.0;concurrency_p95>8;drawdown,2286,923,822,92,203.6,0.0,0.0671,-0.0376,1.87,0.637,0.0638,0.0292,0.0328,0.1013,0.3894,18.75,114.0,134,27.07,0.099,0.0,0.421,44410,0.255,0.028,0.019,0.159,0.081,0.111,0.0084,0.0063,0.0711,False,Politics,"Politics / price=0.00-0.10 (n=12, roi=+1.04) | Politics (n=461, roi=+0.12) | Politics / Iran / price=0.00-0.10 (n=4, roi=+1.01)","Politics (n=461, roi=+0.12) | Politics / price=0.30-0.50 (n=53, roi=+0.25)"
0x25bf42fe847ca0d55db331103a11d0496202ef3d,seek333,-0.0237,False,t<2.0;concurrency_p95>8;both_sides;drawdown;history<90d,10500,1091,1075,10,10.8,0.0,0.0208,-0.142,0.5,0.541,0.0208,-0.1552,0.039,0.0026,-0.0946,26.47,26.0,33,1.78,0.552,0.0,0.941,157354,0.036,0.046,0.017,0.012,0.024,0.0,0.0153,,0.3621,True,Sports,"Sports / Tennis / pre (n=62, roi=+0.10) | Sports / Tennis / WTA (n=315, roi=+0.04) | Sports / Soccer / live (n=52, roi=+0.10)",
0xd4b659f0cc516b7867bfae41c517b9117c385858,0x1Ce0a8A3f3C55f88B0938566508239c47Db24EB4-1762670205967,-0.0239,False,t<2.0;concurrency_p95>8;drawdown;unstable_halves,1263,543,531,11,117.8,0.0,0.0479,-0.2518,0.57,0.324,0.0605,0.0639,0.1712,-0.075,-0.5552,37.46,14.0,18,1.72,0.007,0.0,0.911,190359,0.002,0.143,0.0,0.075,0.059,0.0,0.0246,-0.0309,0.0938,False,Sports,"Esports / Esports / live (n=81, roi=+0.45) | Esports (n=82, roi=+0.44) | Esports / Esports (n=82, roi=+0.44)","Esports / Esports / live (n=81, roi=+0.45) | Esports (n=82, roi=+0.44) | Esports / Esports (n=82, roi=+0.44) | Esports / Esports / League of Legends (n=54, roi=+0.51) | Esports / price=0.10-0.30 (n=35, roi=+0.61) | Esports / Esports / price=0.10-0.30 (n=35, roi=+0.61)"
0x332e652e3b86434a9feead1ea1e18c67dc9ddf71,cx1134,-0.024,False,t<2.0;concurrency_p95>8;drawdown;unstable_halves,1377,664,635,28,176.7,0.1,0.0782,-0.2324,0.62,0.402,-0.032,0.074,0.1886,-0.0319,-0.0603,54.76,25.0,30,4.3,0.012,0.0,0.483,447800,0.003,0.063,0.0,0.02,0.027,0.0,-0.0354,-0.1409,-0.3255,False,Sports,"Sports / price=0.00-0.10 (n=39, roi=+1.99) | Sports / Tennis / price=0.00-0.10 (n=22, roi=+2.28) | Sports / Tennis / type=tennis_set_handicap (n=12, roi=+1.92)",
0xd11c96ea0a79877eef73e18c4bbfb2b74485ff7d,ggily611a,-0.024,False,t<2.0;low_liquidity;drawdown,3239,939,937,2,653.0,0.1,0.0523,-0.0429,1.68,0.739,0.0402,0.0215,0.0097,0.0948,0.0997,32.01,7.0,11,9.04,0.028,0.0,0.901,10713,0.416,0.072,0.236,0.028,0.016,0.044,0.0476,0.029,0.0554,False,Sports,"Sports / Other sport / live (n=673, roi=+0.10) | Sports / Other sport (n=740, roi=+0.09) | Sports / Other sport / type=binary (n=740, roi=+0.09)","Sports / Other sport / live (n=673, roi=+0.10) | Sports / Other sport (n=740, roi=+0.09) | Sports / Other sport / type=binary (n=740, roi=+0.09) | Sports (n=752, roi=+0.08) | Sports / Other sport / Wuhan Daily Weather (n=79, roi=+0.24) | Sports / price=0.50-0.70 (n=68, roi=+0.26)"
0xcfd744dcc3051610e03c1822c6c6dce251b9dfe9,Artur24818408,-0.0245,False,t<2.0;concurrency_p95>8;low_liquidity;drawdown;unstable_halves,1119,451,445,6,180.2,0.1,0.0557,-0.2539,0.58,0.319,-0.0155,0.0599,0.1601,-0.0482,0.3536,33.16,9.0,13,24.94,0.002,0.0,0.398,12608,0.0,0.265,0.0,0.058,0.036,0.0,0.0282,0.2247,0.0962,False,Sports,"Sports / Other sport / pre (n=263, roi=+0.19) | Sports / Other sport / Madrid Daily Weather (n=119, roi=+0.27) | Sports / price=0.10-0.30 (n=194, roi=+0.15)",
0x1a36cc8feb64c8c7b790b77e20b250c2eac7f270,drunkshark123,-0.0246,False,t<2.0;concurrency_p95>8;low_liquidity;drawdown;unstable_halves,1157,429,426,3,235.7,0.0,0.0879,-0.1405,1.05,0.42,0.1607,0.0765,0.2704,-0.0945,-0.0841,34.37,16.0,22,24.98,0.005,0.007,0.318,14071,0.026,0.141,0.005,0.124,0.091,0.127,0.0349,-0.1455,0.1633,False,Sports,"Sports / Other sport / pre (n=237, roi=+0.26) | Sports / price=0.10-0.30 (n=219, roi=+0.15) | Sports / Other sport / price=0.10-0.30 (n=213, roi=+0.15)",
0xd072f1416328f999d530d99d9c1bf708aad295e8,cancan32,-0.025,False,both_sides;drawdown,1221,1007,1002,4,96.0,0.0,0.146,-0.0255,2.94,0.558,0.146,0.1148,0.0486,0.2434,0.2346,17.35,8.0,13,1.35,0.107,0.0,0.981,257208,0.054,0.014,0.032,0.011,0.048,0.0,0.0411,,-0.123,False,Sports,"Sports / Soccer (n=87, roi=+0.85) | Sports / Soccer / live (n=87, roi=+0.85) | Sports / Soccer / type=moneyline (n=80, roi=+0.74)","Sports / Soccer (n=87, roi=+0.85) | Sports / Soccer / live (n=87, roi=+0.85) | Sports / Soccer / type=moneyline (n=80, roi=+0.74) | Sports / price=0.10-0.30 (n=165, roi=+0.42) | Sports (n=1002, roi=+0.15)"
0x2d24b04a80a62b4a4e8c91443ab45d4dd156f379,semamtr,-0.0256,False,both_sides;drawdown,1378,1109,1109,0,96.9,0.1,0.0997,-0.0288,2.67,0.568,0.0997,0.0672,0.0881,0.1113,0.2123,16.45,7.0,12,1.27,0.132,0.0,0.985,272987,0.058,0.02,0.022,0.009,0.036,0.0,0.0413,,0.1098,False,Sports,"Sports / price=0.10-0.30 (n=167, roi=+0.31) | Sports / Tennis / price=0.10-0.30 (n=146, roi=+0.29) | Sports (n=1109, roi=+0.10)","Sports / price=0.10-0.30 (n=167, roi=+0.31) | Sports (n=1109, roi=+0.10) | Sports / Tennis / WTA (n=236, roi=+0.21) | Sports / Tennis (n=978, roi=+0.09) | Sports / Tennis / type=moneyline (n=978, roi=+0.09)"
0x1d7a8b97c80bb564a268448352b241e70220b846,Ineedmoneyh,-0.0258,False,t<2.0;concurrency_p95>8;drawdown,3076,643,640,3,326.8,0.0,0.0789,-0.0408,1.9,0.473,0.0197,-0.0248,0.0751,0.0826,0.1362,14.02,11.0,14,10.65,0.07,0.003,0.848,44948,0.109,0.066,0.033,0.058,0.054,0.034,0.0147,0.0776,0.2553,False,Culture,"Culture / MrBeast / MrBeast views day 1 (n=148, roi=+0.18) | Culture / MrBeast / type=negrisk (n=218, roi=+0.14) | Culture / MrBeast (n=239, roi=+0.12)",
0x6d6fe44eea77ecbad29909900873194e212e7135,Lebranjit,-0.0261,False,t<2.0;drawdown,1217,475,472,3,204.4,0.1,0.0587,-0.0776,1.01,0.593,0.0921,0.0138,0.039,0.0784,0.0596,12.45,4.0,6,1.91,0.047,0.0,0.826,173856,0.129,0.032,0.026,0.052,0.028,0.0,0.0026,-0.0579,0.0914,False,Sports,"Sports / Tennis / live (n=216, roi=+0.15) | Sports / price=0.00-0.10 (n=15, roi=+0.57) | Sports / Tennis / price=0.00-0.10 (n=7, roi=+0.79)",
0x313178466b7e7a0c186e0b486946fa50560a91cd,albumista,-0.0262,False,both_sides;drawdown,1319,1073,1072,1,95.0,0.1,0.0892,-0.0323,2.43,0.565,0.0892,0.0489,0.0465,0.1319,0.2649,18.96,7.0,12,1.3,0.135,0.0,0.99,281072,0.055,0.011,0.017,0.0,0.058,0.0,0.0328,,0.0737,False,Sports,"Sports / Tennis / price=0.10-0.30 (n=145, roi=+0.32) | Sports / price=0.10-0.30 (n=166, roi=+0.30) | Sports (n=1072, roi=+0.09)","Sports / Tennis / price=0.10-0.30 (n=145, roi=+0.32) | Sports (n=1072, roi=+0.09)"
0x4be1fa92e6ceaf886aac0bbec3be6c527133aa70,Eztennis,-0.0263,False,t<2.0;drawdown,1611,338,336,2,264.3,0.0,0.1049,-0.0576,1.37,0.503,0.1144,0.0772,0.1331,0.0767,-0.1426,11.33,6.0,12,2.8,0.018,0.0,0.742,1197134,0.086,0.009,0.002,0.0,0.085,0.018,0.0134,-0.0355,0.0649,False,Sports,"Esports / Esports / live (n=37, roi=+0.41) | Esports (n=49, roi=+0.33) | Esports / Esports (n=49, roi=+0.33)",
0xf58b9908a55a3d73b5bfd870dc71b795cff538b2,SaucyPopcorn,-0.027,False,t<2.0;concurrency_p95>8;drawdown;unstable_halves,631,436,414,21,725.3,0.1,0.5341,-0.1843,0.88,0.495,0.5681,0.5255,1.1169,-0.0486,-0.2122,26.11,27.0,31,14.67,0.016,0.0,0.283,638588,0.087,0.077,0.128,0.065,0.089,0.01,-0.0032,-0.1558,-1.066,False,Sports,"Sports / price=0.00-0.10 (n=19, roi=+6.57) | Sports / Basketball / live (n=35, roi=+4.55) | Sports / Basketball / NBA (n=78, roi=+2.46)",
0x797bf9767e480ab52ddf309151138b3ac72e26d2,peidaleite123,-0.0277,False,t<2.0;concurrency_p95>8;drawdown;history<90d,2000,1081,1048,32,49.0,0.2,0.0451,-0.0717,1.16,0.525,0.0445,0.0306,0.0528,0.0373,0.3461,27.84,32.0,40,2.87,0.039,0.0,0.773,155193,0.005,0.01,0.001,0.006,0.013,0.0,0.011,0.0138,-0.0774,False,Esports,"Esports / price=0.00-0.10 (n=10, roi=+0.72) | Esports / Esports / price=0.00-0.10 (n=10, roi=+0.72) | Esports (n=914, roi=+0.06)",
0x4ec30a1c1d754913cc9b537cee9483655fb534a7,MonkeyDLuffy1337,-0.0281,False,t<2.0;concurrency_p95>8;both_sides;drawdown,10500,2142,2140,2,146.3,0.1,0.0232,-0.0906,0.93,0.532,0.0342,-0.0568,0.0109,0.0354,0.194,34.48,36.0,47,3.03,0.428,0.0,0.957,252971,0.043,0.01,0.013,0.001,0.015,0.0,0.01,-0.0439,0.1122,True,Esports,"Sports / Tennis / type=moneyline (n=170, roi=+0.20) | Sports / Tennis / Wimbledon (n=164, roi=+0.20) | Sports / Tennis / price=0.10-0.30 (n=34, roi=+0.39)",
0x033cb53526acbf5a530464645fa3a1f5c590bafe,averagejoetraders,-0.0284,False,t<2.0;concurrency_p95>8;both_sides;drawdown;history<90d,1396,775,773,1,47.5,0.0,0.0477,-0.0774,1.1,0.543,0.0477,-0.012,0.0536,0.0419,0.1532,12.77,18.0,24,2.1,0.449,0.0,1.0,430483,0.023,0.03,0.002,0.0,0.129,0.0,0.0408,,0.2771,False,Sports,"Sports / price=0.30-0.50 (n=215, roi=+0.14) | Sports / Baseball / price=0.30-0.50 (n=158, roi=+0.14) | Sports / price=0.50-0.70 (n=215, roi=+0.09)","Sports / Baseball / price=0.70-0.90 (n=91, roi=+0.10)"
0xec1479f27044ba1c49979e19a495f7e8439a7faf,PuckYou,-0.0284,False,t<2.0;concurrency_p95>8;drawdown,1802,1197,1096,101,340.2,0.1,0.0459,-0.0818,1.04,0.447,0.0351,0.081,0.0555,0.0364,0.1269,29.84,51.0,102,4.59,0.004,0.0,0.371,554436,0.0,0.04,0.0,0.037,0.015,0.008,0.0124,0.0285,-0.1438,False,Sports,"Sports / price=0.00-0.10 (n=37, roi=+0.77) | Sports / Hockey / live (n=194, roi=+0.25) | Sports / Hockey / price=0.00-0.10 (n=17, roi=+0.83)",
0x6716e30f6d23bf42f4f965e4a0ceb19f3b346450,jinerwa,-0.029,False,t<2.0;low_liquidity,1302,274,271,2,96.2,0.0,0.091,-0.079,1.1,0.627,0.0038,0.0585,0.1139,0.0683,0.2979,9.11,6.0,9,9.45,0.065,0.0,0.742,8850,0.339,0.114,0.322,0.047,0.132,0.0,0.0304,0.1072,-0.1098,False,Sports,"Sports / price=0.00-0.10 (n=31, roi=+0.37) | Sports / Other sport / price=0.00-0.10 (n=31, roi=+0.37) | Sports / Other sport / live (n=201, roi=+0.13)",
0x51bbb878dd8ea084f96b1c778e7a6a6fe132f625,gintama24,-0.0296,False,t<2.0;concurrency_p95>8;drawdown;unstable_halves,1986,1239,1103,136,455.5,0.0,0.0488,-0.176,1.01,0.447,-0.0219,0.0582,-0.0832,0.1805,-0.0675,57.6,128.0,141,4.29,0.041,0.0,0.641,653941,0.012,0.078,0.01,0.028,0.034,0.0,-0.0069,-0.0333,-0.081,False,Esports,"Other (n=39, roi=+1.62) | Other / ? (n=39, roi=+1.62) | Other / ? / ? (n=39, roi=+1.62)","Other (n=39, roi=+1.62) | Other / ? (n=39, roi=+1.62) | Other / ? / ? (n=39, roi=+1.62) | Other / ? / type=binary (n=39, roi=+1.62)"
0xf1ff40f082633619cd012bb96affb4ac7a645b03,ithinkthisisgod,-0.03,False,t<2.0;concurrency_p95>8;drawdown;unstable_halves,3631,1128,1049,79,296.6,0.0,0.0563,-0.237,0.76,0.385,0.0938,-0.0595,-0.1026,0.2149,0.2085,79.91,85.0,93,20.33,0.094,0.001,0.578,251536,0.077,0.276,0.025,0.204,0.144,0.097,0.014,-0.0675,0.4096,False,Politics,"Sports / Other sport / pre (n=32, roi=+1.69) | Sports / Other sport / ? (n=38, roi=+1.52) | Sports / Other sport / price=0.00-0.10 (n=20, roi=+1.70)","Crypto / price=0.30-0.50 (n=48, roi=+0.26)"
0xe766364c3bb0bcf1cf0de44ba1a4a617ed867843,0xe766364c3BB0bCF1cF0DE44Ba1A4A617eD867843-1779288286040,-0.0301,False,t<2.0;hold<1h;both_sides;drawdown,6745,1562,1557,3,132.5,0.0,0.0416,-0.0468,1.93,0.463,0.0807,0.0071,0.0326,0.0507,-0.0538,26.93,6.0,9,0.48,0.262,0.0,0.981,318349,0.079,0.033,0.025,0.001,0.074,0.0,0.0324,-0.0531,0.2191,False,Sports,"Sports / price=0.10-0.30 (n=213, roi=+0.31) | Sports / MMA/Boxing / price=0.10-0.30 (n=34, roi=+0.42) | Sports (n=1320, roi=+0.07)","Sports / price=0.10-0.30 (n=213, roi=+0.31) | Sports (n=1320, roi=+0.07) | Sports / Soccer / FIFA World Cup (n=309, roi=+0.10) | Sports / Tennis / type=moneyline (n=481, roi=+0.07) | Sports / price=0.50-0.70 (n=329, roi=+0.07) | Sports / MMA/Boxing / price=0.50-0.70 (n=32, roi=+0.15)"
0x26f8af9d49328e5fdae2c24e62e5c523bebd3452,Mr.Ape,-0.0303,False,t<2.0;concurrency_p95>8;drawdown,2605,1287,1273,14,276.0,0.2,0.0717,-0.0576,1.58,0.568,0.0749,0.071,0.1309,0.0125,-0.1769,21.79,15.0,16,2.08,0.014,0.001,0.975,286309,0.042,0.024,0.007,0.011,0.035,0.073,0.023,-0.0105,0.019,False,Sports,"Esports / price=0.00-0.10 (n=14, roi=+0.99) | Esports / Esports / price=0.00-0.10 (n=14, roi=+0.99) | Sports / price=0.30-0.50 (n=165, roi=+0.15)","Sports / Other sport (n=35, roi=+0.23) | Sports / Other sport / live (n=35, roi=+0.23) | Sports / Other sport / type=moneyline (n=32, roi=+0.24) | Sports / Tennis / price=0.50-0.70 (n=32, roi=+0.22)"
0x9006751a04d629f45cc0c15b26c5685a0e309fb8,rouba,-0.0305,False,t<2.0;concurrency_p95>8;low_liquidity;drawdown;unstable_halves,2476,1329,1327,2,310.8,0.0,0.0467,-0.2505,0.73,0.4,-0.031,0.0005,-0.0467,0.14,-0.2561,95.68,11.0,25,2.23,0.033,0.005,0.834,24253,0.029,0.185,0.005,0.13,0.03,0.45,0.0102,0.2168,0.3618,False,Sports,"Sports / Other sport / live (n=506, roi=+0.23) | Sports / Other sport / Beijing Daily Weather (n=133, roi=+0.44) | Sports / Other sport / Chongqing Daily Weather (n=57, roi=+0.64)","Sports / Other sport / price=0.30-0.50 (n=104, roi=+0.24) | Sports / price=0.30-0.50 (n=105, roi=+0.24) | Crypto / price=0.70-0.90 (n=60, roi=+0.09)"
0x928d4703efb4aaef724d91667374fd22e459c482,kazikss,-0.0313,False,concurrency_p95>8;drawdown,2380,1336,1320,16,175.5,0.0,0.0576,-0.0453,2.07,0.512,0.0735,0.0436,0.0562,0.0589,-0.1875,30.3,25.0,35,2.14,0.065,0.0,0.967,285531,0.132,0.016,0.128,0.002,0.043,0.0,0.0279,-0.0372,-0.0567,False,Sports,"Sports / Hockey (n=81, roi=+0.28) | Sports / Hockey / NHL 2026 (n=81, roi=+0.28) | Sports / Hockey / type=moneyline (n=81, roi=+0.28)","Sports / Hockey (n=81, roi=+0.28) | Sports / Hockey / NHL 2026 (n=81, roi=+0.28) | Sports / Hockey / type=moneyline (n=81, roi=+0.28) | Sports / price=0.30-0.50 (n=222, roi=+0.17) | Sports / Hockey / live (n=79, roi=+0.27) | Sports (n=1166, roi=+0.06)"
0x6e32312760e4604d45a8ae69cede9ef9a0b8ab65,am100,-0.0319,False,concurrency_p95>8;drawdown,3791,1955,1945,10,246.5,0.1,0.062,-0.0396,2.42,0.564,0.0608,0.0595,0.0409,0.083,0.2877,37.04,25.0,36,12.13,0.002,0.0,0.012,62120,0.008,0.007,0.002,0.008,0.008,0.0,0.0286,0.4648,-0.0318,False,Esports,"Esports / Esports / type=child_moneyline (n=484, roi=+0.15) | Esports / Esports / pre (n=1754, roi=+0.07) | Esports (n=1776, roi=+0.06)","Esports / Esports / type=child_moneyline (n=484, roi=+0.15) | Esports / Esports / pre (n=1754, roi=+0.07) | Esports (n=1776, roi=+0.06) | Esports / Esports (n=1776, roi=+0.06) | Esports / Esports / League of Legends (n=1776, roi=+0.06) | Esports / price=0.70-0.90 (n=340, roi=+0.05)"
0xd13ec1256ed70df549aeb4c8e542d7869fdbed01,tenenze,-0.0329,False,both_sides;drawdown,1397,1129,1125,3,96.0,0.0,0.1018,-0.0366,2.7,0.572,0.1018,0.0612,0.0905,0.1131,-0.1162,15.16,6.0,10,1.31,0.12,0.0,0.988,263154,0.052,0.014,0.017,0.0,0.039,0.0,0.0404,,0.0772,False,Sports,"Sports / price=0.10-0.30 (n=177, roi=+0.31) | Sports / Tennis / price=0.10-0.30 (n=154, roi=+0.29) | Sports (n=1125, roi=+0.10)","Sports (n=1125, roi=+0.10) | Sports / Tennis (n=984, roi=+0.09) | Sports / Tennis / type=moneyline (n=984, roi=+0.09) | Sports / Tennis / live (n=970, roi=+0.08)"
0x1a94ff77cdc335af43ca58939cc851a6ae6b78b6,Terfa,-0.0329,False,t<2.0;concurrency_p95>8;drawdown,1077,772,761,11,1053.7,0.2,0.0388,-0.1266,0.78,0.432,0.0884,0.0267,0.005,0.0725,-0.0324,35.91,16.0,23,7.81,0.017,0.0,0.352,43243,0.02,0.091,0.015,0.085,0.095,0.355,0.0187,-0.2671,-0.0478,False,Crypto,"Politics / Trump (n=89, roi=+0.44) | Politics / Trump / type=binary (n=89, roi=+0.44) | Politics / Trump / price=0.10-0.30 (n=30, roi=+0.65)","Politics / Trump (n=89, roi=+0.44) | Politics / Trump / type=binary (n=89, roi=+0.44) | Politics / Trump / price=0.10-0.30 (n=30, roi=+0.65)"
0xe055828289b8a4534f70d7d8e33feeb252e53157,,-0.0332,False,t<2.0;concurrency_p95>8;drawdown,675,520,512,8,158.8,0.0,0.1197,-0.089,1.12,0.473,0.1217,0.1188,0.1579,0.0815,0.5236,30.06,15.0,20,7.11,0.04,0.0,0.387,267743,0.002,0.09,0.0,0.015,0.052,0.0,0.0251,-0.0115,-0.2593,False,Sports,"Sports / Other sport / Wellington Daily Weather (n=35, roi=+0.93) | Sports / price=0.00-0.10 (n=34, roi=+0.82) | Sports / Other sport / live (n=84, roi=+0.44)",
0xebdbdcd227fe09308f41ed3745e2bb6fc4ad5ac4,LongTry,-0.0335,False,t<2.0;concurrency_p95>8;low_liquidity;entries>=0.90;drawdown,6699,2420,2412,8,197.7,0.0,0.033,-0.0784,1.28,0.769,0.0311,0.0324,0.0652,0.0008,-0.0199,42.62,22.0,32,12.37,0.012,0.0,0.906,9571,0.543,0.058,0.094,0.055,0.019,0.001,0.0091,0.0116,-0.005,False,Sports,"Sports / price=0.00-0.10 (n=135, roi=+0.29) | Sports / Other sport / price=0.00-0.10 (n=135, roi=+0.29) | Sports / Other sport / Busan Daily Weather (n=32, roi=+0.41)",
0x9b035813e14533b8e29155ad82425cbab689d5cd,0x9B035813e14533B8e29155aD82425cbaB689D5cD-1780555773899,-0.0335,False,t<2.0;drawdown,426,418,413,5,118.9,0.0,0.1245,-0.0669,1.5,0.375,0.1245,0.1239,0.2429,0.0067,-0.0884,30.05,8.0,11,8.01,0.0,0.0,0.034,255608,0.0,0.027,0.0,0.158,0.088,0.0,0.0302,,-0.1293,False,Esports,"Esports / Esports / Counter Strike (n=86, roi=+0.36) | Esports / Esports / pre (n=309, roi=+0.17) | Esports (n=321, roi=+0.14)",
0xaba769c25074421233df52d9a0da018332be8ff1,PrabowoSubianto,-0.0336,False,t<2.0;concurrency_p95>8;low_liquidity;drawdown;unstable_halves,1838,1195,1188,7,363.6,0.0,0.1653,-0.2217,0.91,0.455,0.1746,0.145,-0.0627,0.3933,0.8798,84.1,37.0,52,13.28,0.015,0.091,0.739,20981,0.127,0.101,0.083,0.051,0.02,0.263,-0.002,-0.0421,-0.2623,False,Sports,"Sports / Other sport / price=0.00-0.10 (n=66, roi=+2.87) | Sports / Other sport / NYC Daily Weather (n=16, roi=+5.73) | Sports / price=0.00-0.10 (n=75, roi=+2.52)",
0xdb02411775c7e9f3b9ba7a7aa562e932d42e0f88,optionking,-0.034,False,t<2.0;concurrency_p95>8;both_sides;drawdown;unstable_halves,4641,1433,1423,10,508.6,0.0,0.0527,-0.1852,1.1,0.531,0.0722,0.0281,-0.0247,0.1299,-0.2349,58.71,25.0,37,4.46,0.135,0.0,0.593,129326,0.138,0.084,0.032,0.039,0.104,0.006,0.0127,-0.2183,0.0276,False,Sports,"Crypto / price=0.00-0.10 (n=20, roi=+1.03) | Sports / American Football / type=totals (n=64, roi=+0.51) | Crypto / XRP (n=6, roi=+1.65)",
0x7e3a1f95c558f39a51ff334d789e3e039b553246,KaneAnalytics,-0.0343,segment,segment_only:t<2.0;segment_only:drawdown,790,548,547,1,268.1,0.2,0.1105,-0.0557,1.85,0.525,0.1102,0.0983,0.1131,0.1079,0.0746,18.19,8.0,12,3.94,0.032,0.0,0.969,118710,0.04,0.024,0.005,0.0,0.068,0.0,0.0373,0.0969,0.042,False,Sports,"Sports / price=0.10-0.30 (n=92, roi=+0.41) | Sports / Basketball / live (n=367, roi=+0.15) | Sports (n=547, roi=+0.11)","Sports / Basketball / live (n=367, roi=+0.15)"
0x43d7e43e7b5feb51b9b6afa6a6d16df110b0c453,gozel12,-0.035,False,concurrency_p95>8;both_sides;drawdown,9549,1815,1808,7,338.4,0.1,0.0998,-0.0486,2.16,0.516,0.1215,0.0423,0.1881,0.0116,-0.026,24.23,17.0,22,5.22,0.162,0.0,0.856,484267,0.012,0.128,0.007,0.139,0.028,0.001,0.01,-0.0288,0.1011,False,Sports,"Politics / price=0.00-0.10 (n=148, roi=+0.90) | Politics / Tweet Markets / price=0.00-0.10 (n=148, roi=+0.90) | Politics / Tweet Markets (n=687, roi=+0.28)","Politics / Tweet Markets (n=687, roi=+0.28) | Politics / Tweet Markets / type=negrisk (n=687, roi=+0.28) | Politics (n=700, roi=+0.27) | Politics / Tweet Markets / Elon Tweets (n=549, roi=+0.27) | Politics / price=0.30-0.50 (n=88, roi=+0.17) | Politics / Tweet Markets / price=0.30-0.50 (n=83, roi=+0.17)"
0x13464aabec792c36b062316f474713e681330448,Winnertraders,-0.0353,False,t<2.0;concurrency_p95>8;drawdown,5635,1955,1948,6,259.9,0.0,0.0407,-0.1536,0.69,0.505,0.0897,0.0505,0.0599,0.0214,0.0422,71.15,17.0,32,2.86,0.044,0.0,0.854,45763,0.04,0.077,0.026,0.026,0.158,0.003,0.0007,-0.1116,-0.1343,False,Sports,"Sports / Basketball / NCAA CBB (n=21, roi=+2.26) | Sports / Basketball / price=0.00-0.10 (n=31, roi=+1.72) | Sports / Basketball / type=moneyline (n=87, roi=+0.83)",
0x9a8a4d15dc5249bd309f1458c186cddf2d135af6,Snoopie,-0.0354,False,t<2.0;concurrency_p95>8;drawdown;unstable_halves,1246,516,514,2,375.1,0.1,0.2727,-0.2237,0.95,0.35,0.2873,0.1101,-0.1383,0.6837,-0.3026,52.91,30.0,47,12.71,0.023,0.0,0.133,35365,0.004,0.198,0.001,0.155,0.199,0.115,-0.0059,-0.0276,-0.4543,False,Politics,"Culture / gaming (n=7, roi=+6.21) | Culture / gaming / ? (n=7, roi=+6.21) | Culture / price=0.00-0.10 (n=25, roi=+3.28)",
0xc3cf86ccbb1659b4cd413ba4fb4e6c4ce40c51d2,amy888,-0.0354,False,t<2.0;concurrency_p95>8;drawdown;unstable_halves,2362,635,628,6,355.5,0.2,0.0961,-0.2467,0.86,0.409,0.1409,0.0267,0.2017,-0.0094,-0.1943,28.38,23.0,28,26.63,0.043,0.002,0.538,432489,0.218,0.167,0.044,0.109,0.103,0.014,0.003,-0.1016,0.0128,False,Sports,"Sports / Other sport / price=0.00-0.10 (n=70, roi=+1.04) | Sports / price=0.00-0.10 (n=90, roi=+0.78) | Sports / Other sport / live (n=274, roi=+0.31)",
0xb0b9b8bca0e469939c2b2d88361d8234eae1df0c,5BTCPUZZLE,-0.0358,False,t<2.0;concurrency_p95>8;drawdown,2511,861,858,3,238.8,0.0,0.0539,-0.088,1.22,0.552,0.0241,0.0219,0.0999,0.0079,-0.0601,20.97,28.0,38,2.32,0.087,0.028,0.955,81948,0.115,0.059,0.006,0.005,0.085,0.089,-0.002,0.0629,-0.0188,False,Esports,"Sports / price=0.00-0.10 (n=20, roi=+0.67) | Sports / Other sport / Seattle Daily Weather (n=9, roi=+0.83) | Sports / Soccer / Premier League 2025 (n=14, roi=+0.65)",
0x1a11c4e9d41451111650457598a63e480f50e55d,HotWeatherGirl,-0.0363,False,t<2.0;concurrency_p95>8;low_liquidity;drawdown;unstable_halves,1571,885,872,13,139.4,0.0,0.1209,-0.1913,1.14,0.453,0.11,0.0425,-0.0499,0.2917,-0.0027,40.93,48.0,56,12.54,0.017,0.0,0.631,10102,0.094,0.13,0.042,0.263,0.109,0.057,0.0113,0.0216,0.2353,False,Sports,"Sports / price=0.00-0.10 (n=104, roi=+0.74) | Sports / Other sport / price=0.00-0.10 (n=104, roi=+0.74) | Sports / Other sport / Austin Daily Weather (n=63, roi=+0.88)","Sports / price=0.50-0.70 (n=98, roi=+0.22) | Sports / Other sport / price=0.50-0.70 (n=98, roi=+0.22)"
0xc31fdeab99cc3a1ff67f42cf5dbdde35dce0f04a,ForeverAlone69,-0.0365,False,t<2.0;concurrency_p95>8;low_liquidity;drawdown;unstable_halves;history<90d,2151,696,686,10,54.9,0.0,0.2584,-0.2128,1.03,0.526,0.293,0.0364,0.6411,-0.1243,-0.009,77.25,17.0,37,10.42,0.004,0.0,0.999,7656,0.073,0.239,0.019,0.114,0.089,0.0,0.0931,-0.0757,0.8731,False,Sports,"Sports / Other sport / Atlanta Daily Lowest Temperature (n=1, roi=+8.13) | Sports (n=681, roi=+0.26) | Sports / Other sport / type=binary (n=632, roi=+0.27)","Sports / price=0.50-0.70 (n=136, roi=+0.27) | Sports / Other sport / price=0.50-0.70 (n=125, roi=+0.28) | Sports / price=0.30-0.50 (n=57, roi=+0.35) | Sports / price=0.70-0.90 (n=167, roi=+0.17) | Sports / Other sport / price=0.70-0.90 (n=164, roi=+0.17) | Sports / Other sport / price=0.30-0.50 (n=43, roi=+0.32)"
0xe558bb7b02ea489d772bd34f14cc845e391fdcd2,User1244322,-0.0366,False,t<2.0;concurrency_p95>8;both_sides;drawdown;unstable_halves,1421,875,872,3,290.5,0.0,0.1625,-0.205,1.07,0.554,0.1636,0.0338,0.3678,-0.0429,0.1672,57.8,24.0,56,2.75,0.115,0.0,0.735,272316,0.165,0.155,0.049,0.035,0.034,0.0,0.0302,-0.2048,0.2916,False,Sports,"Sports / PGA / price=0.00-0.10 (n=30, roi=+1.69) | Sports / PGA (n=59, roi=+1.08) | Sports / PGA / ? (n=59, roi=+1.08)","Sports / Baseball / price=0.50-0.70 (n=39, roi=+0.26) | Sports / Baseball / price=0.70-0.90 (n=30, roi=+0.20)"
0x6f394e129df43b23e213b4f9b6f8f7711253e279,Trote,-0.0369,False,t<2.0;concurrency_p95>8;both_sides;drawdown,3566,1248,1244,4,134.3,0.1,0.0462,-0.0807,1.37,0.476,0.0696,0.0123,0.0896,0.0027,-0.0818,19.48,9.0,14,1.41,0.167,0.0,0.99,70513,0.118,0.066,0.025,0.012,0.034,0.0,0.0336,-0.0412,0.0787,False,Sports,"Sports / Soccer / Primera A (n=77, roi=+0.33) | Sports / price=0.30-0.50 (n=268, roi=+0.16) | Sports / Other sport / price=0.10-0.30 (n=32, roi=+0.38)","Sports / price=0.30-0.50 (n=268, roi=+0.16) | Sports / Soccer / price=0.30-0.50 (n=238, roi=+0.13)"
0xd9281dfa6027fbae422a234e4a1dc3e38414705f,highbloo,-0.0373,False,both_sides;drawdown,1405,1145,1139,6,95.9,0.0,0.1196,-0.0435,2.57,0.572,0.1196,0.0777,0.0805,0.1586,0.206,18.98,7.0,14,1.32,0.131,0.0,0.986,284006,0.06,0.011,0.029,0.012,0.041,0.0,0.032,,-0.0044,False,Sports,"Sports / Soccer (n=92, roi=+0.67) | Sports / Soccer / live (n=92, roi=+0.67) | Sports / Soccer / type=moneyline (n=83, roi=+0.49)","Sports / Soccer (n=92, roi=+0.67) | Sports / Soccer / live (n=92, roi=+0.67) | Sports (n=1139, roi=+0.12)"
0xaca23974e2b8131efbafaa1fe03ea9595ea0b9a1,ellio8989,-0.0374,False,t<2.0;concurrency_p95>8;drawdown;unstable_halves,3717,1772,1748,24,696.4,0.2,0.1455,-0.204,1.1,0.374,0.1746,0.1364,0.329,-0.038,0.1039,74.32,22.0,29,5.72,0.01,0.0,0.512,147431,0.001,0.128,0.0,0.011,0.022,0.086,0.0017,-0.1638,-0.3513,False,Sports,"Sports / Soccer / ? (n=13, roi=+6.57) | Sports / Soccer / price=0.00-0.10 (n=26, roi=+4.57) | Sports / Soccer / type=binary (n=9, roi=+7.54)","Politics / price=0.30-0.50 (n=66, roi=+0.28) | Sports / Basketball / type=spreads (n=185, roi=+0.16)"
0x43839b041c8da4de0f3ed8d1238714c4f8b2dbdd,0x43839B041C8dA4De0f3ed8D1238714c4F8b2DBDD-1777627840708,-0.0374,False,t<2.0;concurrency_p95>8;drawdown,2875,2215,2172,43,154.0,0.0,0.0319,-0.1515,0.74,0.483,0.0331,0.0355,0.0157,0.0482,0.2732,50.04,44.0,52,4.83,0.001,0.0,0.174,31717,0.0,0.052,0.0,0.051,0.014,0.001,-0.0012,-0.005,-0.1287,False,Sports,"Sports / Soccer / price=0.00-0.10 (n=93, roi=+0.86) | Sports / Soccer / type=soccer_exact_score (n=170, roi=+0.58) | Sports / price=0.00-0.10 (n=110, roi=+0.64)",
0x6db568e61e5e3de7d87f831431b673f38ce2e279,,-0.0382,False,both_sides;drawdown,6153,658,658,0,168.4,0.1,0.1143,-0.0565,2.03,0.532,0.115,-0.1412,0.0442,0.1844,0.0491,11.07,8.0,13,2.46,0.768,0.0,0.956,606845,0.033,0.038,0.002,0.155,0.155,0.0,0.0333,,0.4401,False,Sports,"Sports / price=0.10-0.30 (n=112, roi=+0.43) | Sports (n=655, roi=+0.12) | Sports / MMA/Boxing (n=63, roi=+0.29)","Sports / price=0.10-0.30 (n=112, roi=+0.43) | Sports (n=655, roi=+0.12) | Sports / Baseball / price=0.70-0.90 (n=42, roi=+0.14)"
0x888824859775ecef0215a44f083faaee541f3d5c,slinky5,-0.0382,False,both_sides;drawdown,1241,1024,1021,3,94.6,0.0,0.0899,-0.0503,2.28,0.56,0.0899,0.0744,0.0504,0.1294,0.3103,23.97,6.0,9,1.25,0.142,0.0,0.99,286635,0.053,0.013,0.019,0.0,0.041,0.0,0.0348,,0.0968,False,Sports,"Sports / price=0.10-0.30 (n=173, roi=+0.27) | Sports (n=1021, roi=+0.09) | Sports / Soccer / MLS 2025 (n=13, roi=+0.72)","Sports (n=1021, roi=+0.09) | Sports / Tennis / ITF (n=117, roi=+0.23)"
0x63835d2726f2de0ebd571ed36465b025f8d66e28,,-0.0382,False,t<2.0;concurrency_p95>8;both_sides;drawdown,3043,1768,1766,2,136.2,0.2,0.0438,-0.075,1.53,0.545,0.0438,0.0178,0.0527,0.0349,-0.0709,36.95,31.0,51,2.34,0.136,0.0,0.802,98954,0.019,0.007,0.001,0.0,0.022,0.0,0.0021,,0.053,False,Sports,"Sports / price=0.10-0.30 (n=160, roi=+0.27) | Sports / Baseball / price=0.10-0.30 (n=102, roi=+0.31) | Esports / Esports / pre (n=60, roi=+0.34)",
0xd372b7468864233aa6d33aa2dda181511c7804be,0xD372b7468864233AA6D33aA2dDa181511c7804BE-1772427041432,-0.0387,False,low_liquidity;drawdown,2872,1087,1086,1,215.0,0.1,0.1557,-0.0512,2.27,0.685,0.1915,0.1195,0.0055,0.3058,-0.1236,12.6,7.0,12,8.63,0.049,0.0,0.966,14216,0.42,0.093,0.282,0.122,0.087,0.002,0.0385,-0.0857,-0.1515,False,Sports,"Sports / price=0.00-0.10 (n=100, roi=+0.70) | Sports / Other sport / price=0.00-0.10 (n=100, roi=+0.70) | Sports / Other sport / live (n=1040, roi=+0.17)","Sports / Other sport / live (n=1040, roi=+0.17) | Sports (n=1077, roi=+0.16) | Sports / Other sport (n=1077, roi=+0.16) | Sports / Other sport / type=binary (n=1077, roi=+0.16) | Sports / price=0.30-0.50 (n=113, roi=+0.34) | Sports / Other sport / price=0.30-0.50 (n=113, roi=+0.34)"
0x6a9715400a037e29b2b847e08bad312b2e2ddb95,aplstrade,-0.039,False,t<2.0;both_sides;drawdown,1410,1141,1138,3,95.9,0.0,0.0735,-0.061,1.92,0.559,0.0735,0.0385,0.063,0.0841,0.1983,17.94,7.0,10,1.35,0.127,0.0,0.985,283857,0.047,0.011,0.019,0.035,0.069,0.0,0.0269,,-0.0172,False,Sports,"Sports (n=1138, roi=+0.07) | Sports / Tennis (n=985, roi=+0.07) | Sports / Tennis / type=moneyline (n=985, roi=+0.07)",
0xd1780c09a7c3622958c568ca96d10d9cd4ba6703,sinestia,-0.0403,False,t<2.0;concurrency_p95>8;drawdown,1592,856,836,20,698.3,0.2,0.0697,-0.1287,0.94,0.549,0.0617,0.0592,0.0561,0.0833,-0.1085,28.13,20.0,23,4.48,0.007,0.023,0.445,330422,0.054,0.026,0.006,0.001,0.031,0.111,-0.0036,0.0402,-0.1364,False,Sports,"Sports / price=0.00-0.10 (n=20, roi=+1.82) | Sports / EPL (n=2, roi=+2.32) | Sports / EPL / ? (n=2, roi=+2.32)",
0x6e9a6afde1e8bd4a0c7bf2809cf87fe14c00f3bb,Maple7,-0.0406,False,t<2.0;concurrency_p95>8;both_sides;sniping;drawdown,3573,888,842,41,317.7,0.1,0.0717,-0.0951,1.28,0.614,0.1824,-0.0292,0.1227,0.0207,-0.0069,27.82,44.0,52,6.0,0.123,0.114,0.675,608439,0.318,0.112,0.041,0.063,0.116,0.163,0.0303,-0.2301,0.2271,False,Politics,"Politics / Iran / price=0.00-0.10 (n=13, roi=+1.21) | Sports / Other sport / pre (n=27, roi=+0.77) | Politics / Iran / type=binary (n=73, roi=+0.44)","Politics / price=0.70-0.90 (n=63, roi=+0.09)"
0xb4cecbca7b4a1b2b08f7284027c914f00fae49e0,fxckkrdog,-0.0409,False,t<2.0;concurrency_p95>8;low_liquidity;drawdown,3277,1110,1101,9,135.0,0.0,0.1798,-0.0743,1.65,0.445,0.2125,0.1271,0.0876,0.2718,-0.1829,21.3,13.0,17,4.45,0.058,0.0,0.922,18183,0.012,0.099,0.008,0.051,0.021,0.0,0.0308,-0.0473,0.0094,False,Sports,"Sports / price=0.00-0.10 (n=106, roi=+0.86) | Sports / Other sport / price=0.00-0.10 (n=106, roi=+0.86) | Sports / Other sport / Guangzhou Daily Weather (n=310, roi=+0.46)","Sports / price=0.30-0.50 (n=268, roi=+0.23) | Sports / Other sport / price=0.30-0.50 (n=261, roi=+0.23) | Sports / Other sport / Chongqing Daily Weather (n=64, roi=+0.36)"
0xa06f9a56bce870d358fd48534628543b27c6cbad,KM377,-0.0411,False,t<2.0;concurrency_p95>8;drawdown,2572,1254,1082,172,163.4,0.0,0.051,-0.0986,1.25,0.423,0.0255,0.049,0.0109,0.0911,-0.2261,41.98,184.0,199,5.8,0.019,0.001,0.38,45263,0.022,0.045,0.014,0.007,0.05,0.023,0.0242,-0.044,0.0179,False,Sports,"Other (n=43, roi=+0.80) | Other / ? (n=43, roi=+0.80) | Other / ? / ? (n=43, roi=+0.80)","Other (n=43, roi=+0.80) | Other / ? (n=43, roi=+0.80) | Other / ? / ? (n=43, roi=+0.80) | Other / ? / type=binary (n=43, roi=+0.80)"
0x4980930da4ad1194d4f0fd5e29f17b70a42e5709,gregbeast,-0.0414,False,t<2.0;concurrency_p95>8;drawdown,3429,633,628,5,686.5,0.2,0.0529,-0.1516,0.82,0.366,0.0741,0.0746,0.0169,0.089,-0.3568,41.79,9.0,13,3.82,0.038,0.0,0.351,90281,0.0,0.115,0.0,0.0,0.059,0.28,0.0456,-0.0561,0.3253,False,Esports,"Esports / price=0.30-0.50 (n=174, roi=+0.24) | Esports / Esports / price=0.30-0.50 (n=171, roi=+0.23) | Esports / Esports / pre (n=249, roi=+0.16)","Esports / price=0.30-0.50 (n=174, roi=+0.24) | Esports / Esports / price=0.30-0.50 (n=171, roi=+0.23)"
0x8867341a9baf6fbabbe166c88e289cedcd877683,securebet2,-0.0417,False,concurrency_p95>8;low_liquidity;drawdown,760,318,296,22,106.7,0.0,0.3146,-0.0582,2.15,0.429,0.2454,0.3001,0.4497,0.1795,0.0282,16.39,27.0,30,12.27,0.01,0.0,0.837,8626,0.014,0.287,0.013,0.127,0.09,0.003,0.0858,0.1476,0.0806,False,Sports,"Sports (n=294, roi=+0.31) | Sports / Other sport (n=290, roi=+0.31) | Sports / Other sport / type=binary (n=290, roi=+0.31)","Sports (n=294, roi=+0.31) | Sports / Other sport (n=290, roi=+0.31) | Sports / Other sport / type=binary (n=290, roi=+0.31) | Sports / Other sport / live (n=242, roi=+0.34) | Sports / price=0.10-0.30 (n=124, roi=+0.34) | Sports / Other sport / price=0.10-0.30 (n=121, roi=+0.34)"
0xeb4efd30fe320d938e511a1298c751fe10c7c3c3,TheShortLong,-0.0417,False,t<2.0;concurrency_p95>8;drawdown,873,339,339,0,383.3,0.1,0.1213,-0.0907,1.38,0.419,0.1037,0.082,0.1706,0.0723,0.0863,14.02,24.0,27,5.11,0.054,0.0,0.505,562042,0.0,0.124,0.0,0.049,0.03,0.0,0.0378,0.0469,0.08,False,Sports,"Sports / Hockey / NHL 2026 (n=235, roi=+0.24) | Sports / Hockey / live (n=138, roi=+0.32) | Sports / Hockey / type=moneyline (n=236, roi=+0.24)","Sports / Hockey / NHL 2026 (n=235, roi=+0.24) | Sports / Hockey / type=moneyline (n=236, roi=+0.24) | Sports / Hockey (n=256, roi=+0.22)"
0xe960d22a2bbd5640b06de26f350ee44f312fa1f2,,-0.0419,False,t<2.0;concurrency_p95>8;both_sides;drawdown,6409,4809,4799,10,184.1,0.2,0.0268,-0.0898,1.4,0.585,0.0283,0.0208,0.0249,0.0286,-0.2177,53.47,160.0,174,5.1,0.144,0.0,0.523,40630,0.053,0.018,0.009,0.031,0.017,0.0,0.0128,-0.0963,0.0262,False,Sports,"Sports / price=0.00-0.10 (n=86, roi=+0.47) | Sports / Baseball / price=0.00-0.10 (n=9, roi=+1.43) | Sports / Baseball / type=moneyline (n=205, roi=+0.22)","Sports / Other sport / type=both_teams_to_score (n=33, roi=+0.24)"
0xc52a3824f4639e7de020a228164a7ac7be3841d2,Captainvictor,-0.042,False,t<2.0;concurrency_p95>8;drawdown,488,326,316,10,468.6,0.1,0.1196,-0.1116,1.13,0.563,0.0595,0.1119,0.098,0.1413,0.2977,17.19,20.0,24,12.98,0.025,0.025,0.216,516061,0.079,0.089,0.047,0.164,0.067,0.253,0.0253,0.03,-0.2672,False,Sports,"Crypto / Up/Down short (n=80, roi=+0.24) | Crypto / Up/Down short / type=updown (n=80, roi=+0.24) | Sports / Basketball (n=44, roi=+0.31)","Sports / Basketball (n=44, roi=+0.31)"
0xbf9cbd0cca1cc321dad5f72662c74a99be123648,,-0.0445,False,t<2.0;concurrency_p95>8;both_sides;drawdown,7534,4197,4183,14,184.4,0.0,0.0263,-0.114,1.17,0.497,0.0251,0.0114,0.0291,0.0236,-0.2388,56.49,186.0,231,2.76,0.152,0.0,0.741,104331,0.025,0.014,0.001,0.01,0.009,0.0,0.0077,0.0253,0.0493,False,Sports,"Sports / Baseball / price=0.00-0.10 (n=27, roi=+0.77) | Sports / price=0.00-0.10 (n=59, roi=+0.37) | Sports / Baseball / type=moneyline (n=1064, roi=+0.08)",
0xb284cabf4ab41ba04e51f9da6baca4bfdbb6b1fb,patfer,-0.0447,False,t<2.0;concurrency_p95>8;both_sides;drawdown;history<90d,10500,2884,2864,18,13.2,0.0,0.0463,-0.0737,1.82,0.616,0.0463,-0.0488,0.0768,0.0158,0.0275,26.05,56.0,75,2.2,0.328,0.0,0.979,105020,0.13,0.008,0.01,0.009,0.039,0.0,0.0102,,0.1837,True,Sports,"Sports / price=0.00-0.10 (n=18, roi=+1.40) | Sports / Soccer / price=0.00-0.10 (n=12, roi=+1.53) | Sports / Soccer / Concacaf Nations League (n=27, roi=+0.92)","Sports (n=1843, roi=+0.07) | Sports / price=0.30-0.50 (n=356, roi=+0.14) | Esports / price=0.50-0.70 (n=322, roi=+0.11) | Esports / Esports / price=0.50-0.70 (n=322, roi=+0.11)"
0x8a99d310f364ff69b5d15e7be2cc103c1df01362,0x481d360A7fB328DEf316d399e4037CDc397C84dd-1768226499264,-0.0455,False,concurrency_p95>8;drawdown,4952,3851,1445,2405,103.2,0.0,0.0781,-0.0606,2.25,0.619,0.0127,0.0672,0.1531,0.0032,-0.3087,29.67,2401.0,2407,2.05,0.019,0.0,0.754,180194,0.057,0.012,0.023,0.062,0.036,0.006,0.013,0.1025,-0.0361,False,Sports,"Other (n=55, roi=+1.15) | Other / ? (n=55, roi=+1.15) | Other / ? / ? (n=55, roi=+1.15)","Other (n=55, roi=+1.15) | Other / ? (n=55, roi=+1.15) | Other / ? / ? (n=55, roi=+1.15) | Other / ? / type=binary (n=55, roi=+1.15) | Sports / price=0.70-0.90 (n=359, roi=+0.05) | Sports / Tennis / price=0.70-0.90 (n=347, roi=+0.05)"
0x7e25f3dbd55afd690302c4abcd8c3fb182d39712,Novatan,-0.0459,False,t<2.0;concurrency_p95>8;both_sides;top1_concentration;drawdown,499,158,151,7,95.8,0.1,0.2142,-0.1085,1.27,0.523,0.2013,0.0479,0.1804,0.2475,-0.0642,10.48,21.0,24,49.03,0.109,0.0,0.9,44892,0.199,0.212,0.019,0.04,0.322,0.0,0.0306,0.0428,-0.594,False,Culture,"Politics (n=30, roi=+0.74) | Politics / price=0.10-0.30 (n=10, roi=+0.96) | Culture / price=0.00-0.10 (n=18, roi=+0.37)",
0xc950f8f17a5e6429617ff56c737fcc39d7f89420,wszqd,-0.0468,False,t<2.0;concurrency_p95>8;low_liquidity;drawdown;unstable_halves,5046,2722,2711,11,222.0,0.1,0.0546,-0.3743,0.75,0.261,0.0613,0.0206,0.1323,-0.023,-0.3257,146.93,32.0,49,13.69,0.039,0.0,0.767,14002,0.0,0.266,0.0,0.186,0.017,0.027,0.0085,-0.0259,0.097,False,Sports,"Sports / Other sport / Busan Daily Weather (n=226, roi=+0.58) | Sports / Other sport / Paris Daily Lowest Temperature (n=199, roi=+0.59) | Sports / price=0.00-0.10 (n=689, roi=+0.19)","Sports / price=0.30-0.50 (n=550, roi=+0.14) | Sports / Other sport / price=0.30-0.50 (n=545, roi=+0.14)"
0x2b46bb71681777202368d095196f266944a1684d,betdge,-0.0469,False,concurrency_p95>8;low_liquidity;both_sides;drawdown,8462,3927,3916,9,241.5,0.1,0.089,-0.0584,2.41,0.53,0.0885,0.0529,0.0251,0.1529,-0.1819,29.44,66.0,91,3.89,0.114,0.0,0.954,8936,0.059,0.022,0.008,0.021,0.039,0.0,0.0246,,0.0262,False,Sports,"Sports / price=0.00-0.10 (n=86, roi=+1.46) | Sports / Soccer / PGA Tour (n=39, roi=+1.82) | Sports / Soccer / price=0.00-0.10 (n=10, roi=+3.43)","Sports (n=3915, roi=+0.09) | Sports / Basketball (n=2596, roi=+0.06) | Sports / Basketball / NBA 2026 (n=2288, roi=+0.06) | Sports / Basketball / type=spreads (n=655, roi=+0.10) | Sports / American Football / type=spreads (n=300, roi=+0.14) | Sports / price=0.30-0.50 (n=1547, roi=+0.06)"
0x0a9230bb04e4625c7adf50384c70defd6f7d6b00,0x4f3,-0.0474,False,both_sides;drawdown,1738,1395,1393,2,116.7,0.0,0.0893,-0.0608,2.34,0.562,0.0893,0.0504,0.0808,0.0978,-0.0989,20.39,8.0,17,1.31,0.139,0.0,0.984,263443,0.062,0.011,0.022,0.004,0.034,0.0,0.0267,,-0.0515,False,Sports,"Sports / Soccer (n=145, roi=+0.43) | Sports / Soccer / live (n=145, roi=+0.43) | Sports / Soccer / type=moneyline (n=127, roi=+0.37)","Sports / Soccer (n=145, roi=+0.43) | Sports / Soccer / live (n=145, roi=+0.43) | Sports (n=1393, roi=+0.09) | Sports / Soccer / price=0.30-0.50 (n=37, roi=+0.38)"
0x2b407c1091b0e0de5fa5e6d96a2edda2cee3ced4,smallyua,-0.0477,False,t<2.0;low_liquidity;drawdown;unstable_halves,8314,2677,2677,0,350.1,0.1,0.1049,-0.1538,1.86,0.444,0.0383,0.0717,0.2376,-0.0278,0.0266,83.54,8.0,14,2.42,0.083,0.0,0.977,17775,0.059,0.155,0.027,0.074,0.015,0.002,0.0168,0.097,0.0763,False,Sports,"Sports / Other sport / Singapore Daily Weather (n=342, roi=+0.44) | Weather (n=49, roi=+0.77) | Weather / Recurring (n=49, roi=+0.77)","Sports / Other sport / Tokyo Daily Weather (n=377, roi=+0.24) | Sports / Other sport / Wellington Daily Weather (n=326, roi=+0.21) | Sports / price=0.30-0.50 (n=493, roi=+0.15) | Sports / Other sport / price=0.30-0.50 (n=493, roi=+0.15) | Sports / price=0.70-0.90 (n=430, roi=+0.06) | Sports / Other sport / price=0.70-0.90 (n=430, roi=+0.06)"
0x3cb7d74d7af046f396897ed2a8548d41cd8d1a88,0x3Cb7D74d7AF046f396897ed2A8548d41Cd8D1A88-1766420265370,-0.0482,False,t<2.0;concurrency_p95>8;low_liquidity;drawdown,3161,1702,1699,3,216.8,0.0,0.0533,-0.0887,1.63,0.486,0.0815,0.0516,0.1011,0.0056,-0.0641,38.88,11.0,15,10.01,0.016,0.0,0.969,11543,0.047,0.026,0.053,0.024,0.014,0.0,0.018,-0.0669,-0.1079,False,Sports,"Sports / Other sport / Singapore Daily Weather (n=40, roi=+0.61) | Sports / price=0.00-0.10 (n=41, roi=+0.56) | Sports / Other sport / price=0.00-0.10 (n=37, roi=+0.46)","Sports / Other sport / Singapore Daily Weather (n=40, roi=+0.61) | Weather / price=0.30-0.50 (n=45, roi=+0.30) | Weather / Recurring / price=0.30-0.50 (n=45, roi=+0.30) | Sports / Other sport / Tel Aviv Daily Weather (n=57, roi=+0.25)"
0x84c68a4407d3b974ac3e8a47442c045753de0c95,GrapeFlavoredDrinkMix,-0.0483,False,t<2.0;concurrency_p95>8;top1_concentration;drawdown,436,189,185,4,729.7,0.2,0.1209,-0.1934,0.75,0.341,-0.063,0.0862,0.003,0.2374,-0.1618,14.87,26.0,32,66.88,0.022,0.0,0.4,233825,0.011,0.211,0.0,0.045,0.33,0.016,0.0039,0.3064,-0.2348,False,Politics,"Politics / Trump Cabinet (n=6, roi=+0.98) | Politics / price=0.00-0.10 (n=24, roi=+0.47) | Politics (n=106, roi=+0.19)",
0x2ca106778b11724d0e14c96be3529fe753d7fc25,n552,-0.0494,False,t<2.0;concurrency_p95>8;both_sides;drawdown;history<90d,3882,1241,1227,14,47.8,0.0,0.0582,-0.1194,1.24,0.523,0.0623,0.0056,0.0879,0.0285,0.1928,47.3,93.0,107,2.19,0.148,0.0,0.769,66810,0.067,0.051,0.021,0.054,0.042,0.0,0.0109,-0.0537,-0.0216,False,Sports,"Sports / Other sport / price=0.10-0.30 (n=41, roi=+0.68) | Sports / Tennis / price=0.00-0.10 (n=15, roi=+0.96) | Sports / price=0.10-0.30 (n=151, roi=+0.30)","Sports / Other sport / price=0.10-0.30 (n=41, roi=+0.68)"
0xb120679099d26b0af04811c26c6077c587f9f2ff,JarheadLXXI,-0.0496,False,t<2.0;concurrency_p95>8;drawdown,1856,467,453,13,349.9,0.1,0.0721,-0.1882,0.79,0.415,0.1365,-0.0654,0.123,0.0213,-0.3332,31.83,42.0,46,84.65,0.062,0.0,0.319,128587,0.018,0.13,0.012,0.087,0.061,0.068,0.0176,-0.1038,0.2218,False,Tech,"Sports / price=0.00-0.10 (n=9, roi=+1.24) | Sports (n=109, roi=+0.27) | Sports / NFL (All) (n=6, roi=+1.14)",
0xc878c6a7ba8ad896a897fe82e48b93fb66dfa6f3,ZEEBRA-KY,-0.0509,False,concurrency_p95>8;low_liquidity;both_sides;drawdown,3911,884,877,6,177.0,0.0,0.2127,-0.0583,2.62,0.496,0.1398,0.0443,0.3983,0.0274,-0.0004,18.64,11.0,18,17.32,0.213,0.0,0.563,8900,0.091,0.1,0.051,0.021,0.033,0.006,0.0189,0.1491,-0.0914,False,Sports,"Sports / Other sport / Taipei Daily Weather (n=829, roi=+0.22) | Sports / price=0.00-0.10 (n=87, roi=+0.68) | Sports / Other sport / price=0.00-0.10 (n=87, roi=+0.68)","Sports / Other sport / Taipei Daily Weather (n=829, roi=+0.22) | Sports (n=871, roi=+0.21) | Sports / Other sport (n=871, roi=+0.21) | Sports / Other sport / type=binary (n=871, roi=+0.21) | Sports / Other sport / pre (n=381, roi=+0.32) | Sports / price=0.10-0.30 (n=288, roi=+0.27)"
0xf0ac5725f74f44cd80f5e65c7f9fc5b3e5d24ec7,FierceMeadow250,-0.0536,False,t<2.0;concurrency_p95>8;low_liquidity;drawdown;unstable_halves,10500,9251,9184,65,168.1,0.0,0.0247,-0.2871,1.12,0.318,0.0247,0.0005,-0.0043,0.0537,0.6579,174.91,68.0,147,1.91,0.091,0.0,0.968,28409,0.0,0.143,0.0,0.103,0.023,0.0,0.0154,,0.0873,True,Sports,"Sports / Basketball / type=totals (n=309, roi=+0.35) | Sports / Basketball / price=0.10-0.30 (n=327, roi=+0.32) | Sports / Basketball / WNBA (n=344, roi=+0.24)","Sports / Basketball / type=totals (n=309, roi=+0.35) | Sports / Basketball / price=0.10-0.30 (n=327, roi=+0.32) | Esports / price=0.30-0.50 (n=1398, roi=+0.08) | Esports / Esports / price=0.30-0.50 (n=1398, roi=+0.08) | Esports / Esports / type=map_handicap (n=465, roi=+0.14) | Esports / price=0.50-0.70 (n=608, roi=+0.10)"
0x4502bb5e2d93ce227dff6067b46ac99842ce9eed,Estiquelapise,-0.0539,False,concurrency_p95>8;hold<1h;both_sides;drawdown,6297,2620,2615,5,217.1,0.2,0.1663,-0.0539,3.14,0.589,0.1154,0.097,0.2752,0.0575,-0.0889,17.37,11.0,15,0.45,0.122,0.004,0.985,62240,0.168,0.081,0.064,0.037,0.024,0.114,0.0234,0.0836,-0.0841,False,Sports,"Sports / price=0.00-0.10 (n=200, roi=+1.11) | Sports / Other sport / price=0.00-0.10 (n=33, roi=+2.33) | Sports / Other sport / Chinese Super League (n=59, roi=+1.47)","Sports (n=2315, roi=+0.18) | Sports / Soccer / live (n=1833, roi=+0.14) | Sports / Soccer (n=1866, roi=+0.13) | Sports / Soccer / type=totals (n=997, roi=+0.18) | Sports / price=0.10-0.30 (n=367, roi=+0.22) | Sports / Soccer / price=0.10-0.30 (n=304, roi=+0.19)"
0x6d82f7d183c7f0d44968b012a2fd9ce83d7b9e66,WeatherOnly2,-0.0546,False,concurrency_p95>8;low_liquidity;drawdown,895,268,266,2,109.0,0.1,0.2683,-0.0819,2.0,0.53,0.2311,0.0384,0.3851,0.1516,-0.1205,23.17,13.0,17,11.39,0.015,0.0,0.951,12785,0.045,0.218,0.008,0.161,0.106,0.0,0.0662,0.0981,0.7735,False,Sports,"Sports / Other sport / Amsterdam Daily Weather (n=27, roi=+1.02) | Sports / Other sport / live (n=240, roi=+0.33) | Sports / Other sport (n=249, roi=+0.30)","Sports / Other sport / live (n=240, roi=+0.33) | Sports / Other sport (n=249, roi=+0.30) | Sports / Other sport / type=binary (n=249, roi=+0.30) | Sports (n=260, roi=+0.29) | Sports / price=0.70-0.90 (n=50, roi=+0.18) | Sports / Other sport / price=0.70-0.90 (n=49, roi=+0.18)"
0xb430600a1765e3b438a4a53eaa62e0270dc3efc9,ui1iy485dmz2,-0.055,False,t<2.0;concurrency_p95>8;low_liquidity;drawdown,4437,2107,2094,13,103.0,0.1,0.068,-0.0949,1.74,0.478,0.0965,0.0598,0.0845,0.0516,-0.0268,47.26,62.0,75,24.18,0.012,0.0,0.413,12660,0.046,0.064,0.004,0.129,0.032,0.01,0.0282,-0.0752,-0.1422,False,Sports,"Sports / Other sport / London Daily Weather (n=44, roi=+0.78) | Sports / Other sport / pre (n=984, roi=+0.15) | Sports / Other sport / price=0.00-0.10 (n=129, roi=+0.40)","Sports / Other sport / pre (n=984, roi=+0.15) | Sports / Other sport (n=1593, roi=+0.11) | Sports / Other sport / type=binary (n=1589, roi=+0.11) | Sports / Other sport / price=0.30-0.50 (n=716, roi=+0.15) | Sports / price=0.30-0.50 (n=841, roi=+0.13)"
0xebf5b4b8feaafe8ac7bf7844ff5fa6a5a643b1d0,0xEbF5B4b8FEaAfe8Ac7Bf7844fF5fa6a5A643B1D0-1770392082219,-0.0551,False,t<2.0;concurrency_p95>8;drawdown,8797,3066,3046,20,232.5,0.0,0.0875,-0.0865,1.91,0.515,0.1175,0.0647,0.0568,0.1181,-0.3425,60.17,31.0,51,2.85,0.083,0.0,0.849,102129,0.033,0.007,0.004,0.005,0.022,0.0,0.0149,-0.5119,-0.077,False,Esports,"Esports / price=0.00-0.10 (n=13, roi=+4.34) | Esports / Esports / price=0.00-0.10 (n=13, roi=+4.34) | Sports / price=0.00-0.10 (n=9, roi=+2.72)","Esports / Esports / Valorant (n=269, roi=+0.17) | Sports / Basketball / price=0.30-0.50 (n=32, roi=+0.42) | Esports / price=0.50-0.70 (n=627, roi=+0.07) | Esports / Esports / price=0.50-0.70 (n=627, roi=+0.07) | Sports / Baseball / price=0.70-0.90 (n=34, roi=+0.17)"
0x943875ece784dc0d7c5bd136d363275616bbad81,DDD1988,-0.0562,False,t<2.0;concurrency_p95>8;both_sides;drawdown,4271,968,959,9,268.3,0.1,0.0535,-0.281,0.6,0.452,-0.1639,-0.0105,0.0067,0.1002,1.5086,83.1,15.0,19,1.32,0.301,0.0,0.988,1171704,0.199,0.384,0.123,0.228,0.06,0.0,0.0004,0.3442,0.1532,False,Sports,"Sports / Basketball / WNBA (n=298, roi=+0.20) | Sports / Basketball / live (n=869, roi=+0.09) | Sports / Basketball (n=873, roi=+0.08)","Sports / Basketball / price=0.50-0.70 (n=64, roi=+0.12) | Sports / price=0.50-0.70 (n=71, roi=+0.11)"
0x9ee61d9ae507ef34fa729838f4218e0483e4b119,OneNightinSeoul,-0.0596,False,t<2.0;concurrency_p95>8;both_sides;drawdown;history<90d,1715,981,972,7,50.8,0.0,0.0592,-0.1626,1.1,0.525,0.0598,0.0234,0.0317,0.0868,0.269,42.66,18.0,24,2.13,0.183,0.0,0.992,187503,0.078,0.081,0.029,0.042,0.018,0.001,0.0292,-0.294,0.0759,False,Sports,"Sports (n=767, roi=+0.10) | Sports / Soccer / Fifa Friendly (n=17, roi=+0.61) | Sports / Soccer / type=moneyline (n=426, roi=+0.11)","Esports / price=0.50-0.70 (n=50, roi=+0.24) | Esports / Esports / price=0.50-0.70 (n=50, roi=+0.24) | Sports / price=0.70-0.90 (n=160, roi=+0.07)"
0x69328b074d80bfc9da925e8773bd2f839e286878,matt308,-0.0602,False,t<2.0;concurrency_p95>8;drawdown,1197,654,642,12,252.1,0.0,0.085,-0.1599,1.13,0.372,0.0939,0.0863,0.0943,0.0758,-0.2607,28.78,16.0,22,6.01,0.014,0.0,0.104,32166,0.002,0.073,0.001,0.098,0.043,0.0,0.0176,-0.0688,0.0603,False,Sports,"Sports / price=0.00-0.10 (n=44, roi=+0.60) | Sports / Tennis / ATP (n=96, roi=+0.34) | Sports / Tennis (n=188, roi=+0.23)","Sports / Basketball / NBA 2026 (n=50, roi=+0.27)"
0xcc09af8b0f479ad33f6897b2dc77393b090388ed,RKSI,-0.062,False,t<2.0;concurrency_p95>8;low_liquidity;drawdown;unstable_halves,5236,1048,1046,2,247.6,0.0,0.1396,-0.2954,1.26,0.288,0.1396,-0.1274,0.331,-0.0517,-0.195,51.46,9.0,15,14.92,0.025,0.0,0.589,25120,0.023,0.287,0.004,0.1,0.028,0.0,0.0198,-0.0,0.9583,False,Sports,"Weather / Recurring / Buenos Aires Daily Weather (n=13, roi=+1.22) | Sports / Other sport / Seoul Daily Weather (n=772, roi=+0.14) | Sports / Other sport / live (n=474, roi=+0.18)",
0xff34c2cc46e7624310f3549ea355540d57a4694b,,-0.0622,False,concurrency_p95>8;low_liquidity;hold<1h;both_sides;drawdown;history<90d,10500,4594,4579,11,49.4,0.0,0.0588,-0.0622,3.2,0.529,0.0588,0.004,0.0738,0.0437,-0.1639,49.64,30.0,45,0.35,0.296,0.003,0.978,5929,0.019,0.007,0.003,0.0,0.014,0.499,0.023,,0.0889,True,Crypto,"Sports / price=0.10-0.30 (n=142, roi=+0.39) | Sports / Tennis / type=tennis_set_handicap (n=196, roi=+0.23) | Crypto / price=0.00-0.10 (n=26, roi=+0.57)","Sports / price=0.10-0.30 (n=142, roi=+0.39) | Sports / Tennis / type=tennis_set_handicap (n=196, roi=+0.23) | Sports (n=1434, roi=+0.07) | Crypto / price=0.70-0.90 (n=437, roi=+0.05)"
0xdf804b17329a461425116c9e0f599e248b443259,gaclfz,-0.0636,False,concurrency_p95>8;both_sides;drawdown,4067,1582,1570,11,149.3,0.1,0.2503,-0.0802,2.38,0.69,0.2508,0.0857,0.2913,0.2093,1.4498,25.95,12.0,17,2.18,0.229,0.001,0.994,231001,0.289,0.06,0.031,0.086,0.059,0.004,0.0348,-0.2663,0.0851,False,Sports,"Sports / price=0.00-0.10 (n=88, roi=+3.17) | Sports / Soccer / price=0.00-0.10 (n=83, roi=+3.21) | Sports / Soccer / live (n=1047, roi=+0.35)","Sports / price=0.00-0.10 (n=88, roi=+3.17) | Sports / Soccer / price=0.00-0.10 (n=83, roi=+3.21) | Sports / Soccer / live (n=1047, roi=+0.35) | Sports / Soccer (n=1062, roi=+0.34) | Sports (n=1267, roi=+0.30) | Sports / Soccer / price=0.50-0.70 (n=185, roi=+0.14)"
0x214039968998abdcdbd998d15d699296f3570e12,q136084,-0.0646,False,t<2.0;concurrency_p95>8;drawdown,7318,3195,3075,117,106.7,0.1,0.0575,-0.1435,1.35,0.455,0.0697,0.0402,0.0588,0.0562,-0.004,47.84,132.0,145,8.19,0.045,0.002,0.157,33928,0.01,0.017,0.003,0.006,0.023,0.011,0.0025,-0.1052,-0.1635,False,Esports,"Esports / price=0.00-0.10 (n=32, roi=+2.63) | Esports / Esports / price=0.00-0.10 (n=32, roi=+2.63) | Esports / Esports / Honor of Kings (n=92, roi=+1.18)","Sports / Tennis / price=0.50-0.70 (n=53, roi=+0.20)"
0x0c99d9f172fc4c25fd2aa92f9fc272da5f020c88,DCAAA,-0.0667,False,concurrency_p95>8;both_sides;drawdown;history<90d,10500,6971,6956,14,46.4,0.0,0.0692,-0.0667,4.34,0.478,0.0691,0.0396,0.0758,0.0627,0.2068,34.37,49.0,86,1.85,0.185,0.0,0.956,55399,0.004,0.005,0.001,0.003,0.004,0.0,0.0233,0.1813,0.0534,True,Sports,"Esports / price=0.10-0.30 (n=375, roi=+0.26) | Esports / Esports / price=0.10-0.30 (n=375, roi=+0.26) | Esports (n=1941, roi=+0.10)","Esports / price=0.10-0.30 (n=375, roi=+0.26) | Esports / Esports / price=0.10-0.30 (n=375, roi=+0.26) | Esports (n=1941, roi=+0.10) | Esports / Esports (n=1941, roi=+0.10) | Sports (n=5015, roi=+0.06) | Esports / Esports / live (n=1917, roi=+0.09)"
0x2375550d3b98ce364476c81f663a0b878cb0691f,0x234,-0.0668,False,t<2.0;concurrency_p95>8;low_liquidity;both_sides;drawdown,10500,1261,1258,2,187.3,0.1,0.0991,-0.1095,1.83,0.587,0.0749,0.045,0.1468,0.0515,0.0734,33.56,95.0,118,30.83,0.188,0.0,0.928,6303,0.133,0.095,0.044,0.205,0.172,0.0,0.035,0.0585,0.2616,True,Politics,"Politics (n=580, roi=+0.19) | Culture / Music / price=0.00-0.10 (n=6, roi=+1.71) | Culture / Music / type=negrisk (n=6, roi=+1.69)","Politics (n=580, roi=+0.19) | Politics / Trump (n=349, roi=+0.19) | Politics / Trump / type=binary (n=340, roi=+0.19) | Politics / Trump / ? (n=338, roi=+0.18) | Politics / price=0.30-0.50 (n=99, roi=+0.28) | Politics / price=0.50-0.70 (n=124, roi=+0.16)"
0x0a08b794ba7a2ecf0b99d9368de98fdd912f2e25,63483,-0.0669,False,t<2.0;concurrency_p95>8;low_liquidity;profit_from<0.10;drawdown,1330,631,626,5,587.3,0.2,0.2837,-0.1238,1.62,0.447,0.456,0.1163,0.1654,0.402,0.2876,24.89,28.0,32,18.22,0.02,0.0,0.755,21153,0.019,0.16,0.001,0.346,0.132,0.0,0.061,-0.5515,0.3094,False,Politics,"Politics / price=0.00-0.10 (n=26, roi=+2.31) | Politics (n=330, roi=+0.47) | Politics / Iran (n=3, roi=+4.66)","Politics / price=0.50-0.70 (n=82, roi=+0.20)"
0x3e4bca0d874f7065bdfe7a337154e7a1587b48bd,chaorenD,-0.0673,False,t<2.0;low_liquidity;drawdown;unstable_halves,681,426,423,3,210.5,0.1,0.2019,-0.5766,0.7,0.163,0.1817,0.2068,0.5513,-0.1458,-0.5599,71.65,7.0,10,13.08,0.002,0.0,0.981,16636,0.0,0.456,0.0,0.161,0.05,0.005,0.0021,0.1083,-0.5045,False,Sports,"Sports / Other sport / Amsterdam Daily Weather (n=176, roi=+0.36) | Sports / Other sport / live (n=412, roi=+0.22) | Sports (n=420, roi=+0.21)",
0xe7123a5454f9be0a197d5909d2720a4d473c9a10,alexbita,-0.072,False,t<2.0;concurrency_p95>8;low_liquidity;drawdown,8870,2987,2983,4,257.7,0.0,0.0383,-0.1601,1.35,0.566,0.0285,-0.0051,0.0303,0.0462,-0.0555,51.44,42.0,58,13.3,0.059,0.0,0.652,9508,0.198,0.124,0.054,0.056,0.009,0.006,0.0268,0.0361,0.167,False,Sports,"Esports / Esports / League of Legends (n=9, roi=+1.11) | Esports (n=21, roi=+0.70) | Esports / Esports (n=21, roi=+0.70)","Sports / price=0.30-0.50 (n=330, roi=+0.17) | Sports / Other sport / price=0.30-0.50 (n=330, roi=+0.17) | Sports / price=0.50-0.70 (n=288, roi=+0.12) | Sports / Other sport / price=0.50-0.70 (n=288, roi=+0.12) | Sports / price=0.70-0.90 (n=752, roi=+0.04) | Sports / Other sport / price=0.70-0.90 (n=752, roi=+0.04)"
0x5011c2dc45f77fb322154c6771371e10ac4b94b4,VILKAVICTORA,-0.0725,False,t<2.0;concurrency_p95>8;low_liquidity;drawdown,1054,719,707,12,182.6,0.0,0.3195,-0.1459,1.49,0.603,0.3297,0.3175,0.5217,0.118,-0.1322,26.86,13.0,22,3.12,0.021,0.007,0.735,8306,0.27,0.047,0.007,0.153,0.152,0.001,0.002,-0.0849,-0.0964,False,Esports,"Esports / price=0.00-0.10 (n=25, roi=+5.59) | Esports / Esports / price=0.00-0.10 (n=25, roi=+5.59) | Esports / Esports (n=585, roi=+0.40)",
0x497be4bc10a6ccf5f443ddec0ff420e32468a32a,0x610c40ff4c122046a,-0.0739,False,concurrency_p95>8;low_liquidity;both_sides;drawdown,4635,916,904,11,453.8,0.0,0.1368,-0.0976,2.27,0.483,-0.011,-0.0276,0.1098,0.1638,0.1799,20.27,11.0,21,12.79,0.126,0.0,0.753,9547,0.117,0.199,0.036,0.085,0.039,0.0,0.0145,0.2224,0.3983,False,Sports,"Sports / Other sport / live (n=651, roi=+0.22) | Sports / Other sport (n=843, roi=+0.16) | Sports / Other sport / type=binary (n=843, roi=+0.16)","Sports / Other sport / live (n=651, roi=+0.22) | Sports / Other sport (n=843, roi=+0.16) | Sports / Other sport / type=binary (n=843, roi=+0.16) | Sports (n=890, roi=+0.14) | Sports / Other sport / Guangzhou Daily Weather (n=745, roi=+0.15) | Sports / Other sport / price=0.10-0.30 (n=257, roi=+0.22)"
0x1df3f772700b970aab865c893cf07e4e0b899ac3,blimp123,-0.074,False,concurrency_p95>8;both_sides;drawdown;history<90d,7641,2350,2345,4,89.5,0.0,0.078,-0.0807,2.75,0.506,0.078,-0.0648,0.1435,0.0124,-0.1876,19.44,23.0,36,3.03,0.581,0.0,0.984,74116,0.008,0.002,0.001,0.002,0.012,0.0,0.0241,,0.4562,False,Esports,"Esports / Esports / League of Legends (n=1565, roi=+0.11) | Esports / price=0.10-0.30 (n=472, roi=+0.19) | Esports / Esports / price=0.10-0.30 (n=472, roi=+0.19)","Esports / Esports / League of Legends (n=1565, roi=+0.11) | Esports (n=2144, roi=+0.08) | Esports / Esports (n=2144, roi=+0.08) | Esports / Esports / live (n=2107, roi=+0.08) | Esports / Esports / type=child_moneyline (n=1796, roi=+0.08) | Esports / price=0.50-0.70 (n=616, roi=+0.07)"
0x0df758f3a438f88d9b98da42ab76cd585a101ec1,SpliffGang,-0.0829,False,concurrency_p95>8;both_sides;drawdown;history<90d,10500,5304,5290,10,68.6,0.0,0.1627,-0.0829,4.54,0.547,0.1627,0.0846,0.1678,0.1576,0.0327,50.5,29.0,57,1.95,0.334,0.0,0.974,203591,0.054,0.035,0.012,0.017,0.011,0.0,0.0323,0.1212,0.1246,True,Sports,"Sports / price=0.00-0.10 (n=184, roi=+1.93) | Sports (n=5290, roi=+0.16) | Sports / Other sport / UAE Pro League (n=16, roi=+2.83)","Sports / price=0.00-0.10 (n=184, roi=+1.93) | Sports (n=5290, roi=+0.16) | Sports / Soccer / price=0.10-0.30 (n=258, roi=+0.53) | Sports / Soccer (n=1360, roi=+0.21) | Sports / Soccer / type=moneyline (n=1360, roi=+0.21) | Sports / Soccer / live (n=1360, roi=+0.21)"
0x91feec8af2b517f024d91564ee108d707cc0c1c6,NordhavenCap,-0.0867,False,concurrency_p95>8;low_liquidity;both_sides;drawdown,9742,3692,3692,0,91.8,0.0,0.2516,-0.0867,5.84,0.541,0.2459,0.1699,0.1382,0.3651,-0.1393,152.61,101.0,145,2.62,0.171,0.0,0.721,18667,0.066,0.083,0.015,0.091,0.025,0.0,0.0485,0.0888,0.1901,False,Sports,"Sports / Soccer / price=0.00-0.10 (n=296, roi=+1.31) | Sports / price=0.00-0.10 (n=305, roi=+1.25) | Sports / Soccer / live (n=2539, roi=+0.43)","Sports / Soccer / price=0.00-0.10 (n=296, roi=+1.31) | Sports / price=0.00-0.10 (n=305, roi=+1.25) | Sports / Soccer / live (n=2539, roi=+0.43) | Sports / Soccer (n=3551, roi=+0.26) | Sports (n=3692, roi=+0.25) | Sports / Soccer / Liga MX 2025 (n=169, roi=+0.88)"
0x7e3392a6c04e7db3931425b9f9a35d106ae673e7,0x7e3392a6c04e7dB3931425B9f9a35D106ae673E7-1772216962793,-0.0868,False,t<2.0;concurrency_p95>8;drawdown,771,572,493,79,217.3,0.0,0.1184,-0.2503,1.04,0.323,0.0869,0.1151,0.0091,0.2272,0.3982,25.79,71.0,80,3.35,0.0,0.0,0.537,346379,0.002,0.065,0.0,0.079,0.032,0.018,-0.0068,0.0098,-0.1231,False,Sports,"Sports / Soccer / pre (n=132, roi=+0.54) | Sports / Soccer / FIFA World Cup (n=143, roi=+0.46) | Sports / Soccer / type=soccer_exact_score (n=119, roi=+0.48)","Sports / Tennis / price=0.50-0.70 (n=40, roi=+0.25)"
0x1941ca5d7f587827da004b1b1551b0bd6429deea,0x8e7a1d1N2KdE17a0e8fH31F8b0F56B8dFa08E,-0.0873,False,concurrency_p95>8;low_liquidity;drawdown,10500,2929,2922,7,165.0,0.0,0.9229,-0.106,2.47,0.533,0.9864,0.2464,0.768,1.0777,0.3537,36.43,26.0,39,9.71,0.081,0.0,0.756,9912,0.26,0.283,0.171,0.209,0.026,0.012,0.0426,-0.0779,-0.0772,True,Sports,"Sports / Other sport / Shanghai Daily Lowest Temperature (n=290, roi=+4.89) | Sports / Other sport / price=0.00-0.10 (n=822, roi=+2.90) | Sports / price=0.00-0.10 (n=823, roi=+2.89)","Sports / Other sport / price=0.00-0.10 (n=822, roi=+2.90) | Sports / price=0.00-0.10 (n=823, roi=+2.89) | Sports / Other sport (n=2868, roi=+0.94) | Sports / Other sport / type=binary (n=2868, roi=+0.94) | Sports (n=2870, roi=+0.94) | Sports / Other sport / live (n=2168, roi=+0.73)"
0x36d8cbf698826ca74d9e444df634e303de4cc7c7,0x36D8cBf698826Ca74d9e444Df634e303de4cC7C7-1774411370400,-0.0946,False,t<2.0;concurrency_p95>8;both_sides;drawdown,10500,4695,4638,54,183.5,0.0,0.0472,-0.1669,1.7,0.437,0.0474,-0.004,0.0614,0.033,-0.2223,80.07,65.0,90,4.41,0.248,0.0,0.739,213431,0.01,0.056,0.004,0.01,0.009,0.0,0.0131,-0.0017,0.0762,True,Sports,"Sports / Baseball / price=0.00-0.10 (n=64, roi=+0.71) | Sports / Basketball / price=0.10-0.30 (n=73, roi=+0.49) | Sports / Baseball / KBO (n=78, roi=+0.47)",
0x8806a6f1a847ba4360599ce0f54ce96167712e83,spendingmoney,-0.0999,False,profit_from<0.10;drawdown,2631,1055,1052,3,130.3,0.1,0.3836,-0.1238,2.42,0.629,0.3462,0.1361,0.3279,0.4392,1.7391,26.46,8.0,13,2.02,0.063,0.0,0.99,106392,0.273,0.15,0.054,0.306,0.154,0.0,0.0386,0.1836,0.0721,False,Sports,"Sports / Soccer / price=0.00-0.10 (n=151, roi=+1.73) | Sports / price=0.00-0.10 (n=158, roi=+1.62) | Sports / Soccer / live (n=964, roi=+0.39)","Sports / Soccer / live (n=964, roi=+0.39) | Sports (n=1050, roi=+0.37) | Sports / Soccer (n=975, roi=+0.39)"
0xe30172a60cda439db2b15b7c2cffe801ade38654,Syrrok,-0.1055,False,concurrency_p95>8;both_sides;drawdown,5615,2246,2239,5,119.7,0.1,0.1954,-0.1388,2.28,0.63,0.1784,0.0747,0.1987,0.192,0.5728,30.52,15.0,24,2.15,0.101,0.0,0.993,38980,0.32,0.121,0.062,0.059,0.078,0.0,0.0305,0.0934,-0.0845,False,Sports,"Sports / price=0.00-0.10 (n=270, roi=+0.92) | Sports / Other sport / price=0.00-0.10 (n=72, roi=+1.40) | Sports / Other sport / Poland Ekstraklasa (n=22, roi=+2.52)","Sports (n=2239, roi=+0.20) | Sports / price=0.10-0.30 (n=295, roi=+0.38) | Sports / Soccer / price=0.10-0.30 (n=230, roi=+0.42)"
0xe343e1d50291f2f9d8e4de0138d93c21f3ea23fd,Badekarret,-0.107,False,t<2.0;concurrency_p95>8;drawdown,2476,1171,1163,8,585.7,0.0,0.109,-0.5943,0.54,0.276,0.1893,0.1641,0.0946,0.1234,-0.4702,219.1,17.0,25,25.94,0.062,0.001,0.887,312767,0.12,0.623,0.164,0.082,0.133,0.092,0.0022,-0.2556,-0.4251,False,Politics,"Sports / Other sport / live (n=383, roi=+0.38) | Sports (n=432, roi=+0.32) | Sports / Other sport (n=432, roi=+0.32)","Sports / price=0.10-0.30 (n=35, roi=+0.39) | Sports / Other sport / price=0.10-0.30 (n=35, roi=+0.39)"
0xc547a1d8d09a3d0ce75e904ffbf034bf5024c570,gavnol,-0.1084,False,t<2.0;concurrency_p95>8;both_sides;drawdown,5005,4390,4364,25,168.7,0.0,0.047,-0.1936,1.68,0.364,0.047,0.0171,0.0616,0.0325,0.372,83.35,32.0,78,2.3,0.134,0.0,0.984,62161,0.0,0.088,0.0,0.041,0.01,0.0,0.0161,,0.0527,False,Sports,"Sports / price=0.30-0.50 (n=1571, roi=+0.09) | Sports / Tennis / price=0.30-0.50 (n=809, roi=+0.12) | Sports / Tennis / ATP (n=1225, roi=+0.08)","Sports / price=0.30-0.50 (n=1571, roi=+0.09) | Sports / Tennis / price=0.30-0.50 (n=809, roi=+0.12) | Sports / Soccer / price=0.50-0.70 (n=31, roi=+0.25)"
0xc60bb547dbdf59c8d1746bc8a754accc3809d9f7,limitless00,-0.1106,False,concurrency_p95>8;low_liquidity;drawdown,2428,1077,686,391,231.0,0.0,0.2275,-0.1551,2.14,0.402,0.1958,0.0481,0.0631,0.3919,-0.1017,23.08,371.0,393,18.22,0.006,0.0,0.611,16268,0.02,0.133,0.006,0.093,0.041,0.114,0.012,0.1176,0.1294,False,Sports,"Sports / Other sport / price=0.00-0.10 (n=86, roi=+1.08) | Sports / Other sport / Shenzhen Daily Weather (n=30, roi=+1.79) | Sports / price=0.00-0.10 (n=90, roi=+1.00)","Sports / Other sport (n=403, roi=+0.47) | Sports / Other sport / type=binary (n=403, roi=+0.47) | Sports / Other sport / live (n=298, roi=+0.53) | Sports (n=597, roi=+0.28) | Sports / Other sport / price=0.10-0.30 (n=141, roi=+0.41) | Sports / price=0.10-0.30 (n=153, roi=+0.37)"
0xaa7a74b8c754e8aacc1ac2dedb699af0a3224d23,securebet,-0.1184,False,concurrency_p95>8;low_liquidity;drawdown,3860,1339,1330,9,798.1,0.0,0.3361,-0.1184,3.27,0.414,0.3595,0.2844,0.0217,0.6505,-0.1615,43.7,14.0,23,16.7,0.013,0.0,0.775,15732,0.019,0.216,0.018,0.157,0.036,0.005,0.0475,-0.0668,0.1515,False,Weather,"Weather / Recurring / price=0.00-0.10 (n=40, roi=+3.58) | Weather / price=0.00-0.10 (n=91, roi=+1.92) | Weather / Recurring (n=340, roi=+0.81)","Weather / Recurring (n=340, roi=+0.81) | Weather / Recurring / type=negrisk (n=340, roi=+0.81) | Weather (n=593, roi=+0.57) | Weather / Recurring / NYC Daily Weather (n=212, roi=+0.59) | Weather / price=0.10-0.30 (n=181, roi=+0.63) | Sports / Other sport (n=413, roi=+0.37)"
0xa1cb98ab339d38fe0f8de14e5dae7c2f5cc7af17,0xa1cb98aB339D38fe0F8de14E5dae7C2f5Cc7aF17-1774727888985,-0.1195,False,t<2.0;concurrency_p95>8;low_liquidity;profit_from<0.10;drawdown,3250,1316,1302,14,186.9,0.0,0.0774,-0.3117,1.15,0.341,0.1684,0.0354,0.025,0.1297,-0.1634,58.69,33.0,43,12.01,0.059,0.0,0.98,13528,0.053,0.346,0.008,0.319,0.036,0.0,0.0231,-0.2129,0.0385,False,Sports,"Sports / Other sport / price=0.10-0.30 (n=429, roi=+0.17) | Sports / price=0.10-0.30 (n=434, roi=+0.16) | Sports / Other sport / live (n=1217, roi=+0.10)","Sports / Other sport / price=0.30-0.50 (n=115, roi=+0.20) | Sports / price=0.30-0.50 (n=122, roi=+0.17)"
0xad5057e6947081649c263a538d58899117e63122,moon11188,-0.1204,False,t<2.0;concurrency_p95>8;low_liquidity;drawdown,3918,1280,1265,15,271.8,0.1,0.7541,-0.1881,1.92,0.392,0.6692,0.1005,0.7043,0.8038,-0.1717,36.15,27.0,41,24.86,0.076,0.0,0.638,29086,0.102,0.31,0.063,0.176,0.028,0.001,0.0145,0.1671,1.1899,False,Sports,"Sports / Other sport / price=0.00-0.10 (n=351, roi=+2.10) | Sports / price=0.00-0.10 (n=365, roi=+2.00) | Sports / Other sport / live (n=751, roi=+1.24)","Sports / price=0.10-0.30 (n=346, roi=+0.47) | Sports / Other sport / price=0.10-0.30 (n=334, roi=+0.47)"
0xa466841143753310fa0f4448526595fa65641c77,suitcase6628,-0.1424,False,concurrency_p95>8;both_sides;drawdown;history<90d,10500,3540,3538,1,24.1,0.1,0.0717,-0.1834,2.33,0.541,0.0717,-0.0449,0.0694,0.0741,0.5722,49.43,107.0,173,2.04,0.32,0.0,0.998,78891,0.152,0.099,0.062,0.044,0.023,0.0,0.0185,0.0651,0.1886,True,Sports,"Sports / price=0.00-0.10 (n=330, roi=+0.30) | Sports / American Football / price=0.00-0.10 (n=43, roi=+0.73) | Sports (n=3314, roi=+0.07)","Sports (n=3314, roi=+0.07) | Sports / Baseball / price=0.30-0.50 (n=91, roi=+0.30) | Sports / American Football / price=0.50-0.70 (n=287, roi=+0.11)"
0x96e60b753df1367cb3ee81fbb02df92bc61afece,SuperMatrix,-0.1447,False,concurrency_p95>8;low_liquidity;drawdown,1846,1546,1542,4,680.9,0.0,0.1687,-0.1689,2.57,0.433,0.1783,0.1767,0.2979,0.0394,0.3468,44.77,12.0,19,11.8,0.013,0.002,0.994,10823,0.02,0.127,0.003,0.153,0.03,0.145,0.0422,-0.0687,-0.1876,False,Sports,"Sports / price=0.00-0.10 (n=141, roi=+0.80) | Sports (n=1263, roi=+0.23) | Sports / Other sport (n=1255, roi=+0.19)","Sports (n=1263, roi=+0.23) | Sports / Other sport (n=1255, roi=+0.19) | Sports / Other sport / type=binary (n=1255, roi=+0.19) | Sports / Other sport / live (n=1251, roi=+0.19) | Sports / Other sport / price=0.30-0.50 (n=322, roi=+0.24) | Sports / price=0.30-0.50 (n=323, roi=+0.23)"
0x18a0e748f547787c49b36345132971a89e21dea8,oxhrvnqpslitnzajurflmxkduvbnweu,-0.1456,False,concurrency_p95>8;profit_from<0.10;drawdown,7186,428,424,4,199.5,0.0,0.5109,-0.1461,2.99,0.311,0.5519,0.4038,0.2467,0.7751,-0.8622,29.68,11.0,14,31.86,0.022,0.0,1.0,483224,0.0,0.627,0.0,0.607,0.106,0.0,0.0507,-0.0784,0.3032,False,Sports,"Sports (n=332, roi=+0.64) | Sports / Other sport (n=332, roi=+0.64) | Sports / Other sport / type=binary (n=332, roi=+0.64)","Sports (n=332, roi=+0.64) | Sports / Other sport (n=332, roi=+0.64) | Sports / Other sport / type=binary (n=332, roi=+0.64) | Sports / Other sport / live (n=332, roi=+0.64) | Sports / Other sport / Elon Tweets 48H (n=83, roi=+1.13) | Sports / price=0.00-0.10 (n=215, roi=+0.66)"
0x9cefe51ca5380e8d66d25f9463900581a4ff8fa3,xiaoyamama,-0.1512,False,concurrency_p95>8;low_liquidity;drawdown,7955,2138,2136,2,158.7,0.0,0.1901,-0.1512,3.66,0.343,0.1997,0.1153,0.2548,0.1255,-0.2187,48.99,18.0,29,11.17,0.03,0.0,0.963,12687,0.004,0.292,0.003,0.171,0.02,0.0,0.0332,-0.0092,0.0004,False,Sports,"Sports (n=2136, roi=+0.19) | Sports / Other sport (n=2136, roi=+0.19) | Sports / Other sport / type=binary (n=2136, roi=+0.19)","Sports (n=2136, roi=+0.19) | Sports / Other sport (n=2136, roi=+0.19) | Sports / Other sport / type=binary (n=2136, roi=+0.19) | Sports / Other sport / live (n=2058, roi=+0.19) | Sports / price=0.00-0.10 (n=623, roi=+0.32) | Sports / Other sport / price=0.00-0.10 (n=623, roi=+0.32)"
0x71200ff742dde7f1ada753d2e9b0a8b50c717c4e,BIAVN,-0.1537,False,t<2.0;both_sides;drawdown,3702,748,748,0,194.7,0.1,0.3104,-0.2465,1.87,0.496,0.3113,-0.0248,0.1851,0.4356,-0.0499,38.31,5.0,7,2.19,0.716,0.0,0.997,208587,0.176,0.194,0.036,0.189,0.049,0.0,0.0148,-0.365,0.4983,False,Sports,"Sports / price=0.00-0.10 (n=145, roi=+1.31) | Sports / Basketball / price=0.00-0.10 (n=119, roi=+1.39) | Sports / Basketball / WNBA (n=300, roi=+0.58)",
0x1a81418ae297c76d7c67eabe4c3f790be0bc6cf9,donothackmeee,-0.1546,False,t<2.0;concurrency_p95>8;low_liquidity;drawdown,1259,656,652,4,107.2,0.2,0.1643,-0.3771,1.23,0.278,0.1361,0.0737,0.2308,0.0978,0.5027,80.55,33.0,41,23.95,0.011,0.0,0.518,12440,0.003,0.362,0.0,0.019,0.064,0.0,0.0312,0.1224,0.2579,False,Sports,"Sports / Other sport / Madrid Daily Weather (n=47, roi=+1.06) | Sports / Other sport / Munich Daily Weather (n=89, roi=+0.58) | Sports (n=650, roi=+0.17)","Sports / price=0.30-0.50 (n=136, roi=+0.20) | Sports / Other sport / price=0.30-0.50 (n=136, roi=+0.20)"
0x4989bfed5900ba096b08ba1f9b718464527c983e,macao.weather,-0.1878,False,t<2.0;concurrency_p95>8;low_liquidity;drawdown,3715,870,857,13,115.4,0.1,0.52,-0.3658,1.54,0.306,0.6175,-0.1404,0.4379,0.6018,-0.2094,67.76,29.0,36,35.01,0.047,0.0,0.437,15614,0.05,0.379,0.005,0.161,0.076,0.0,0.0177,-0.1759,1.592,False,Sports,"Sports / price=0.00-0.10 (n=319, roi=+1.03) | Sports / Other sport / price=0.00-0.10 (n=319, roi=+1.03) | Sports / Other sport / Hong Kong Daily Lowest Temperature (n=370, roi=+0.91)","Sports / price=0.10-0.30 (n=234, roi=+0.41) | Sports / Other sport / price=0.10-0.30 (n=234, roi=+0.41)"
0x3df9ce05e878f7da1e1d99d92ba9474d31c62bdd,iamjustcurious,-0.1879,False,t<2.0;concurrency_p95>8;low_liquidity;drawdown,2425,1810,1801,9,259.5,0.0,0.0876,-0.5421,1.04,0.229,0.1062,0.086,0.076,0.0993,-0.2512,87.64,32.0,39,11.78,0.014,0.0,0.914,9483,0.039,0.489,0.018,0.275,0.02,0.001,0.0082,-0.1974,-0.1514,False,Sports,"Sports / Other sport / Seoul Daily Weather (n=34, roi=+1.19) | Sports / Other sport / Dallas Daily Weather (n=28, roi=+1.17) | Sports / Other sport / live (n=1405, roi=+0.14)",
0x108a7782120894a58eb308e61da5c01c242d8159,Cuccuc2026,-0.2213,False,t<2.0;concurrency_p95>8;low_liquidity;drawdown,10500,3514,3507,7,187.0,0.1,0.1881,-0.386,1.72,0.26,0.1745,0.163,0.3378,0.0385,-0.4369,100.89,25.0,42,10.99,0.036,0.0,0.805,7117,0.007,0.468,0.006,0.281,0.026,0.0,0.0169,0.0195,-0.0528,True,Sports,"Sports / Other sport / Cape Town Daily Weather (n=391, roi=+1.03) | Sports / price=0.00-0.10 (n=1640, roi=+0.30) | Sports / Other sport / price=0.00-0.10 (n=1640, roi=+0.30)","Sports / price=0.10-0.30 (n=1012, roi=+0.12) | Sports / Other sport / price=0.10-0.30 (n=1009, roi=+0.11)"
0x67bf4b0a08295c7683dab13bfbbd235b8e44f983,friginirick,-0.2372,False,hold<1h;profit_from<0.10;drawdown,2173,915,911,4,128.1,0.1,0.4231,-0.2769,2.57,0.333,0.4425,0.3641,0.5984,0.2481,-0.1542,35.53,5.0,9,0.78,0.059,0.0,0.992,147353,0.014,0.336,0.003,0.377,0.048,0.001,0.0365,-0.04,0.0287,False,Sports,"Sports / price=0.00-0.10 (n=306, roi=+1.00) | Sports / Soccer / FIFA World Cup (n=254, roi=+0.98) | Sports / Soccer / price=0.00-0.10 (n=280, roi=+0.92)","Sports / price=0.00-0.10 (n=306, roi=+1.00) | Sports / Soccer / FIFA World Cup (n=254, roi=+0.98) | Sports (n=909, roi=+0.42) | Sports / Soccer / live (n=770, roi=+0.43) | Sports / Soccer (n=785, roi=+0.42)"
0xbfeceb4126b34e7e194c3d02cc107125785f4c6c,Gasplant,-0.25,False,concurrency_p95>8;low_liquidity;drawdown,2630,1788,1771,16,258.3,0.0,0.4955,-0.25,3.07,0.434,0.5475,0.4833,0.5006,0.4905,0.1208,69.24,32.0,58,2.13,0.013,0.0,0.93,8860,0.104,0.241,0.04,0.168,0.053,0.081,0.0482,-0.4406,-0.3274,False,Sports,"Sports / price=0.00-0.10 (n=407, roi=+1.65) | Sports (n=1468, roi=+0.61) | Sports / Soccer / price=0.00-0.10 (n=281, roi=+1.38)","Sports / price=0.00-0.10 (n=407, roi=+1.65) | Sports (n=1468, roi=+0.61) | Sports / Soccer / live (n=851, roi=+0.63) | Sports / Soccer (n=905, roi=+0.60) | Sports / price=0.10-0.30 (n=300, roi=+0.41) | Sports / Soccer / price=0.10-0.30 (n=197, roi=+0.49)"
0xaa930fdc4caa3c0f6067404a7bd7899ca45f0bc7,Lex-tang,-0.3157,False,concurrency_p95>8;low_liquidity;drawdown,8188,3199,3189,10,662.6,0.0,0.3282,-0.3289,2.88,0.259,0.3163,0.2135,0.1958,0.4606,0.0634,111.05,24.0,32,15.56,0.007,0.0,0.645,11331,0.011,0.304,0.003,0.212,0.026,0.001,0.0157,0.0386,0.1389,False,Sports,"Sports / Other sport / Chicago Daily Weather (n=33, roi=+4.96) | Sports / price=0.00-0.10 (n=812, roi=+0.95) | Sports / Other sport / price=0.00-0.10 (n=801, roi=+0.95)","Sports / price=0.00-0.10 (n=812, roi=+0.95) | Sports / Other sport / price=0.00-0.10 (n=801, roi=+0.95) | Sports / Other sport (n=2380, roi=+0.41) | Sports / Other sport / type=binary (n=2380, roi=+0.41) | Sports (n=2501, roi=+0.39) | Sports / Other sport / live (n=1525, roi=+0.46)"
